role,adzuna_id,employer,title,reason,kept_id,query_variant
Software Engineer,5902987731,MyCareernet,Software Engineer - Scala Developer_103936,exact_id_duplicate,5902987731,software developer
Software Engineer,5902987631,Amazon,"Software Development Engineer II, Enterprise Engineering",exact_id_duplicate,5902987631,software developer
Software Engineer,5902920655,Wolters Kluwer,Enterprise Software Engineer (Python Developer  AI),exact_id_duplicate,5902920655,software developer
Software Engineer,5902919461,JioStar,Software Development Engineer II,exact_id_duplicate,5902919461,software developer
Software Engineer,5902914386,Scientific Games,"Software Engineer - C#, .Net Developer",exact_id_duplicate,5902914386,software developer
Software Engineer,5902914126,Jobgether,Senior Software Development Engineer ( Labs),exact_id_duplicate,5902914126,software developer
Software Engineer,5902913935,JioStar,Staff Software Development Engineer,exact_id_duplicate,5902913935,software developer
Software Engineer,5902913391,JioStar,Staff Software Development Engineer,exact_id_duplicate,5902913391,software developer
Software Engineer,5902911665,JioStar,Staff Software Development Engineer,exact_id_duplicate,5902911665,software developer
Software Engineer,5902741321,ADCI HYD 13 SEZ,"Software Development Engineer II, Timehub Pay Extract",exact_id_duplicate,5902741321,software developer
Software Engineer,5902729915,SCIENTIFIC GAMES,"Software Engineer - C#, .Net Developer",exact_id_duplicate,5902729915,software developer
Software Engineer,5902729833,MyCareernet,Software Engineer - Python Developer_104070,exact_id_duplicate,5902729833,software developer
Software Engineer,5902729740,Morningstar,Lead Software Development Engineer,exact_id_duplicate,5902729740,software developer
Software Engineer,5902729608,Zscaler,Staff Software Development Engineer,exact_id_duplicate,5902729608,software developer
Software Engineer,5902594507,Ford Motor Company,Software Development Engineer,exact_id_duplicate,5902594507,software developer
Software Engineer,5902583450,Amazon,"Software Development Engineer, Inventory Authority Platform (IAP)",exact_id_duplicate,5902583450,software developer
Software Engineer,5902287405,Smytten,Software Development Engineer Intern – Backend,exact_id_duplicate,5902287405,software developer
Software Engineer,5901873366,Arminus,Senior Software Developer (Senior Java Engineer)_8 yrs_Hyderabad (Hybrid),exact_id_duplicate,5901873366,software developer
Software Engineer,5901762432,Amazon,"Software Development Engineer II, Timehub Experience",exact_id_duplicate,5901762432,software developer
Software Engineer,5901710929,Amazon,"Software Development Engineer II, Timehub Experience",exact_id_duplicate,5901710929,software developer
Software Engineer,5901696341,Amazon,"Software Development Engineer, Time & Pay Innovation",exact_id_duplicate,5901696341,software developer
Software Engineer,5901481024,Amazon,"Software Development Engineer, Time & Pay Innovation",exact_id_duplicate,5901481024,software developer
Software Engineer,5901253654,Mastercard,Senior Software Engineer (Database Developer),exact_id_duplicate,5901253654,software developer
Software Engineer,5901252837,Amazon,Software Development Engineer II,exact_id_duplicate,5901252837,software developer
Software Engineer,5901252777,Amazon,"Software Development Engineer II - FinTech, FinTech",exact_id_duplicate,5901252777,software developer
Software Engineer,5900751464,Ford Motor,Software Development Engineer,exact_id_duplicate,5900751464,software developer
Software Engineer,5900741488,Cashfree Payments India,Software Development Engineer 3,exact_id_duplicate,5900741488,software developer
Software Engineer,5900738572,JioStar,Software Development Engineer II,exact_id_duplicate,5900738572,software developer
Software Engineer,5900737465,F5 Networks,Software Development Engineer II,exact_id_duplicate,5900737465,software developer
Software Engineer,5900724272,HighLevel,Senior Software Development Engineer ( Labs),exact_id_duplicate,5900724272,software developer
Software Engineer,5900719110,Amazon,Software Development Engineer II,exact_id_duplicate,5900719110,software developer
Software Engineer,5900567937,ADCI - Karnataka,"Software Development Engineer II, Amazon Now",exact_id_duplicate,5900567937,software developer
Software Engineer,5900550682,Amazon Dev Center India - Hyderabad,"Software Development Engineer, Time & Pay Innovation",exact_id_duplicate,5900550682,software developer
Software Engineer,5900550666,ADCI HYD 13 SEZ,"Software Development Engineer II, Timehub Experience",exact_id_duplicate,5900550666,software developer
Software Engineer,5900529926,Weekday AI,Software Development Engineer,exact_id_duplicate,5900529926,software developer
Software Engineer,5900354791,"Caterpillar, Inc.",Software Engineer - Digital Twin & React Web Development,exact_id_duplicate,5900354791,software developer
Software Engineer,5900354466,Amazon,"Software Development Engineer, Seller and AM GenAI Tools",exact_id_duplicate,5900354466,software developer
Software Engineer,5900354477,Amazon,"Software Development Engineer, Alexa for Shopping",exact_id_duplicate,5900354477,software developer
Software Engineer,5900354454,Amazon,"Software Development Engineer, Seller and AM GenAI Tools",exact_id_duplicate,5900354454,software developer
Software Engineer,5900354453,Amazon,"Software Development Engineer II, Seller Partner Services Tech",exact_id_duplicate,5900354453,software developer
Software Engineer,5900354449,Amazon,"Software Development Engineer II, FBA Capacity and Inventory Health Management",exact_id_duplicate,5900354449,software developer
Software Engineer,5900354463,Amazon,"Software Development Engineer II, FBA Capacity and Inventory Health Management",exact_id_duplicate,5900354463,software developer
Software Engineer,5900354375,Amazon,"Software Development Engineer, Ads Campaign Management",exact_id_duplicate,5900354375,software developer
Software Engineer,5900354360,Amazon,"Software Development Engineer, Amazon Time & Pay Innovation",exact_id_duplicate,5900354360,software developer
Software Engineer,5900354347,Amazon,Software Development Engineer II,exact_id_duplicate,5900354347,software developer
Software Engineer,5900191546,Kuoni Tumlare,Senior Software Engineer (Backend Developer),exact_id_duplicate,5900191546,software developer
Software Engineer,5899870577,3i Infotech Limited,Engineer - Software Developer,exact_id_duplicate,5899870577,software developer
Software Engineer,5899869755,Sigmoid,Software Development Engineer II - Frontend,exact_id_duplicate,5899869755,software developer
Software Engineer,5899868480,Cashfree Payments India,Software Development Engineer 2,exact_id_duplicate,5899868480,software developer
Software Engineer,5899863107,Clearwater Analytics,Staff Software Development Engineer,exact_id_duplicate,5899863107,software developer
Software Engineer,5899861706,Foxit,Software Development Engineer,exact_id_duplicate,5899861706,software developer
Software Engineer,5899859614,Amazon,"Software Development Engineer II, Seller Partner Services Tech",exact_id_duplicate,5899859614,software developer
Software Engineer,5902987731,MyCareernet,Software Engineer - Scala Developer_103936,exact_id_duplicate,5902987731,software development engineer
Software Engineer,5902987631,Amazon,"Software Development Engineer II, Enterprise Engineering",exact_id_duplicate,5902987631,software development engineer
Software Engineer,5902920655,Wolters Kluwer,Enterprise Software Engineer (Python Developer  AI),exact_id_duplicate,5902920655,software development engineer
Software Engineer,5902919461,JioStar,Software Development Engineer II,exact_id_duplicate,5902919461,software development engineer
Software Engineer,5902914386,Scientific Games,"Software Engineer - C#, .Net Developer",exact_id_duplicate,5902914386,software development engineer
Software Engineer,5902914126,Jobgether,Senior Software Development Engineer ( Labs),exact_id_duplicate,5902914126,software development engineer
Software Engineer,5902913935,JioStar,Staff Software Development Engineer,exact_id_duplicate,5902913935,software development engineer
Software Engineer,5902913391,JioStar,Staff Software Development Engineer,exact_id_duplicate,5902913391,software development engineer
Software Engineer,5902911665,JioStar,Staff Software Development Engineer,exact_id_duplicate,5902911665,software development engineer
Software Engineer,5902741321,ADCI HYD 13 SEZ,"Software Development Engineer II, Timehub Pay Extract",exact_id_duplicate,5902741321,software development engineer
Software Engineer,5902729915,SCIENTIFIC GAMES,"Software Engineer - C#, .Net Developer",exact_id_duplicate,5902729915,software development engineer
Software Engineer,5902729833,MyCareernet,Software Engineer - Python Developer_104070,exact_id_duplicate,5902729833,software development engineer
Software Engineer,5902729740,Morningstar,Lead Software Development Engineer,exact_id_duplicate,5902729740,software development engineer
Software Engineer,5902729608,Zscaler,Staff Software Development Engineer,exact_id_duplicate,5902729608,software development engineer
Software Engineer,5902594507,Ford Motor Company,Software Development Engineer,exact_id_duplicate,5902594507,software development engineer
Software Engineer,5902583450,Amazon,"Software Development Engineer, Inventory Authority Platform (IAP)",exact_id_duplicate,5902583450,software development engineer
Software Engineer,5902287405,Smytten,Software Development Engineer Intern – Backend,exact_id_duplicate,5902287405,software development engineer
Software Engineer,5901873366,Arminus,Senior Software Developer (Senior Java Engineer)_8 yrs_Hyderabad (Hybrid),exact_id_duplicate,5901873366,software development engineer
Software Engineer,5901762432,Amazon,"Software Development Engineer II, Timehub Experience",exact_id_duplicate,5901762432,software development engineer
Software Engineer,5901710929,Amazon,"Software Development Engineer II, Timehub Experience",exact_id_duplicate,5901710929,software development engineer
Software Engineer,5901696341,Amazon,"Software Development Engineer, Time & Pay Innovation",exact_id_duplicate,5901696341,software development engineer
Software Engineer,5901481024,Amazon,"Software Development Engineer, Time & Pay Innovation",exact_id_duplicate,5901481024,software development engineer
Software Engineer,5901253654,Mastercard,Senior Software Engineer (Database Developer),exact_id_duplicate,5901253654,software development engineer
Software Engineer,5901252837,Amazon,Software Development Engineer II,exact_id_duplicate,5901252837,software development engineer
Software Engineer,5901252777,Amazon,"Software Development Engineer II - FinTech, FinTech",exact_id_duplicate,5901252777,software development engineer
Software Engineer,5900751464,Ford Motor,Software Development Engineer,exact_id_duplicate,5900751464,software development engineer
Software Engineer,5900741488,Cashfree Payments India,Software Development Engineer 3,exact_id_duplicate,5900741488,software development engineer
Software Engineer,5900738572,JioStar,Software Development Engineer II,exact_id_duplicate,5900738572,software development engineer
Software Engineer,5900737465,F5 Networks,Software Development Engineer II,exact_id_duplicate,5900737465,software development engineer
Software Engineer,5900724272,HighLevel,Senior Software Development Engineer ( Labs),exact_id_duplicate,5900724272,software development engineer
Software Engineer,5900719110,Amazon,Software Development Engineer II,exact_id_duplicate,5900719110,software development engineer
Software Engineer,5900567937,ADCI - Karnataka,"Software Development Engineer II, Amazon Now",exact_id_duplicate,5900567937,software development engineer
Software Engineer,5900550682,Amazon Dev Center India - Hyderabad,"Software Development Engineer, Time & Pay Innovation",exact_id_duplicate,5900550682,software development engineer
Software Engineer,5900550666,ADCI HYD 13 SEZ,"Software Development Engineer II, Timehub Experience",exact_id_duplicate,5900550666,software development engineer
Software Engineer,5900529926,Weekday AI,Software Development Engineer,exact_id_duplicate,5900529926,software development engineer
Software Engineer,5900354466,Amazon,"Software Development Engineer, Seller and AM GenAI Tools",exact_id_duplicate,5900354466,software development engineer
Software Engineer,5900354477,Amazon,"Software Development Engineer, Alexa for Shopping",exact_id_duplicate,5900354477,software development engineer
Software Engineer,5900354454,Amazon,"Software Development Engineer, Seller and AM GenAI Tools",exact_id_duplicate,5900354454,software development engineer
Software Engineer,5900354453,Amazon,"Software Development Engineer II, Seller Partner Services Tech",exact_id_duplicate,5900354453,software development engineer
Software Engineer,5900354449,Amazon,"Software Development Engineer II, FBA Capacity and Inventory Health Management",exact_id_duplicate,5900354449,software development engineer
Software Engineer,5900354463,Amazon,"Software Development Engineer II, FBA Capacity and Inventory Health Management",exact_id_duplicate,5900354463,software development engineer
Software Engineer,5900354375,Amazon,"Software Development Engineer, Ads Campaign Management",exact_id_duplicate,5900354375,software development engineer
Software Engineer,5900354360,Amazon,"Software Development Engineer, Amazon Time & Pay Innovation",exact_id_duplicate,5900354360,software development engineer
Software Engineer,5900354347,Amazon,Software Development Engineer II,exact_id_duplicate,5900354347,software development engineer
Software Engineer,5900191546,Kuoni Tumlare,Senior Software Engineer (Backend Developer),exact_id_duplicate,5900191546,software development engineer
Software Engineer,5899870577,3i Infotech Limited,Engineer - Software Developer,exact_id_duplicate,5899870577,software development engineer
Software Engineer,5899869755,Sigmoid,Software Development Engineer II - Frontend,exact_id_duplicate,5899869755,software development engineer
Software Engineer,5899868480,Cashfree Payments India,Software Development Engineer 2,exact_id_duplicate,5899868480,software development engineer
Software Engineer,5899863107,Clearwater Analytics,Staff Software Development Engineer,exact_id_duplicate,5899863107,software development engineer
Software Engineer,5899861706,Foxit,Software Development Engineer,exact_id_duplicate,5899861706,software development engineer
Software Engineer,5899859614,Amazon,"Software Development Engineer II, Seller Partner Services Tech",exact_id_duplicate,5899859614,software development engineer
Software Engineer,5899856389,DTCC,Software Engineer - Snowflake Developer,exact_id_duplicate,5899856389,software development engineer
Software Engineer,5899854326,Amazon Advertising,"Software Development Engineer, Ads Campaign Management",exact_id_duplicate,5899854326,software development engineer
Software Engineer,5899851936,Amazon,"Software Development Engineer, Alexa for Shopping",exact_id_duplicate,5899851936,software development engineer
Software Engineer,5899849610,Amazon,"Software Development Engineer, Seller and AM GenAI Tools",exact_id_duplicate,5899849610,software development engineer
Software Engineer,5899847319,Amazon,"Software Development Engineer, Amazon Time & Pay Innovation",exact_id_duplicate,5899847319,software development engineer
Software Engineer,5899845299,Amazon,"Software Development Engineer, Seller and AM GenAI Tools",exact_id_duplicate,5899845299,software development engineer
Software Engineer,5899840152,Esper,Software Development Engineer III - Platform,exact_id_duplicate,5899840152,software development engineer
Software Engineer,5899836479,Zscaler,Staff Software Development Engineer,exact_id_duplicate,5899836479,software development engineer
Software Engineer,5899836267,JioStar,Staff Software Development Engineer,exact_id_duplicate,5899836267,software development engineer
Software Engineer,5899834444,Zscaler,Staff Software Development Engineer,exact_id_duplicate,5899834444,software development engineer
Software Engineer,5899613990,ADCI - BLR 14 SEZ,"Software Development Engineer, Alexa Customers & Technology",exact_id_duplicate,5899613990,software development engineer
Software Engineer,5899549606,The Depository Trust & Clearing Corporation ,Software Engineer - Java Developer,exact_id_duplicate,5899549606,software development engineer
Software Engineer,5899330003,Zscaler,Staff Software Development Engineer,exact_id_duplicate,5899330003,software development engineer
Software Engineer,5899329999,Zscaler,Staff Software Development Engineer,exact_id_duplicate,5899329999,software development engineer
Software Engineer,5899327091,Grundfos,Lead Software Development Engineer - Embedded,exact_id_duplicate,5899327091,software development engineer
Software Engineer,5899326174,Amazon,"Software Development Engineer, WW Services Tech",exact_id_duplicate,5899326174,software development engineer
Software Engineer,5899326149,Amazon,"Software Development Engineer, Customer Experience and Business Trends",exact_id_duplicate,5899326149,software development engineer
Software Engineer,5899326156,Amazon,"Software Development Engineer, AFT External Fulfillment",exact_id_duplicate,5899326156,software development engineer
Software Engineer,5899326145,Amazon,"Software Development Engineer, AI Trust & Innovation",exact_id_duplicate,5899326145,software development engineer
Software Engineer,5899326160,Amazon,"Software Development Engineer, Tax Engine Services",exact_id_duplicate,5899326160,software development engineer
Software Engineer,5899325707,Amazon,"Software Development Engineer II, EU INTech - Prime and Marketing Tech",exact_id_duplicate,5899325707,software development engineer
Software Engineer,5899323060,CIBC India,Sr Software Development Engineer,exact_id_duplicate,5899323060,software development engineer
Software Engineer,5898599460,Amazon,"Software Development Engineer, Digital Acceleration",exact_id_duplicate,5898599460,software development engineer
Software Engineer,5898503981,CGI,Senior Software Engineer- Azure Databricks Developer,exact_id_duplicate,5898503981,software development engineer
Software Engineer,5898497675,Amazon,"Software Development Engineer II, FBA Capacity and Inventory Health Management",exact_id_duplicate,5898497675,software development engineer
Software Engineer,5898492001,Amazon,"Software Development Engineer, Tax Engine Services",exact_id_duplicate,5898492001,software development engineer
Software Engineer,5898489209,Kyndryl,Software Engineer - Full Stack Development,exact_id_duplicate,5898489209,software development engineer
Software Engineer,5898483651,Amazon,"WiFi Software Development Engineer, eero",exact_id_duplicate,5898483651,software development engineer
Software Engineer,5898476242,Amazon,"Software Development Engineer, WW Services Tech",exact_id_duplicate,5898476242,software development engineer
Software Engineer,5898473994,WEX,Software Development Engineer 3,exact_id_duplicate,5898473994,software development engineer
Software Engineer,5898473948,Icertis,"Senior Software Engineer, Development",exact_id_duplicate,5898473948,software development engineer
Software Engineer,5898470239,Warner Bros. Discovery,Senior Software Engineer_Golang Developer,exact_id_duplicate,5898470239,software development engineer
Software Engineer,5898469378,Amazon Lab126,Software Development Engineer II,exact_id_duplicate,5898469378,software development engineer
Software Engineer,5898466611,Amazon,"Software Development Engineer II, FBA Capacity and Inventory Health Management",exact_id_duplicate,5898466611,software development engineer
Software Engineer,5898466253,Amazon,"Software Development Engineer, Customer Experience and Business Trends",exact_id_duplicate,5898466253,software development engineer
Software Engineer,5898313421,Innovaccer Analytics,Software Development Engineer - III (Backend  AI),exact_id_duplicate,5898313421,software development engineer
Software Engineer,5898313386,Weekday AI,Software Development Engineer,exact_id_duplicate,5898313386,software development engineer
Software Engineer,5898215947,ADCI HYD 13 SEZ,"Software Development Engineer, Amazon Time & Pay Innovation",exact_id_duplicate,5898215947,software development engineer
Software Engineer,5898198182,ADCI - Karnataka,"Software Development Engineer, Ads Campaign Management",exact_id_duplicate,5898198182,software development engineer
Software Engineer,5898198164,ADCI - Karnataka,"Software Development Engineer, Alexa for Shopping",exact_id_duplicate,5898198164,software development engineer
Software Engineer,5898198162,ADCI - Karnataka,"Software Development Engineer II, Seller Partner Services Tech",exact_id_duplicate,5898198162,software development engineer
Software Engineer,5898178720,Medpace,ServiceNow Developer (Software Engineer),exact_id_duplicate,5898178720,software development engineer
Software Engineer,5898178722,Zscaler,Sr. Software Development Engineer,exact_id_duplicate,5898178722,software development engineer
Software Engineer,5898165844,Transak,"Software Development Engineer,III (Backend) - Fiat Payments",exact_id_duplicate,5898165844,software development engineer
Software Engineer,5898164924,Mellow Vault,Software Development Engineer â Intern / Fresher,exact_id_duplicate,5898164924,software development engineer
Software Engineer,5897954989,Warner Bros. Discovery,Senior Software Engineer_Golang Developer,exact_id_duplicate,5897954989,software development engineer
Software Engineer,5897949089,Amazon,Software Development Engineer,exact_id_duplicate,5897949089,software development engineer
Software Engineer,5897949052,Amazon,"Software Development Engineer II, Account Compliance Tech",exact_id_duplicate,5897949052,software development engineer
Software Engineer,5897259854,Skywings Advisors Pvt. Ltd.,Software Engineer - (Teamcenter Developer),exact_id_duplicate,5897259854,software development engineer
Software Engineer,5897259828,Trigent Software Private Limited,Custom Software Engineer - Java Full Stack Development,exact_id_duplicate,5897259828,software development engineer
Software Engineer,5897176794,Amazon,"Software Development Engineer -I, IESP Merchant Tech",exact_id_duplicate,5897176794,software development engineer
Software Engineer,5897068425,Amazon,"Software Development Engineer II, Alexa Connected Devices",exact_id_duplicate,5897068425,software development engineer
Software Engineer,5897067016,Amazon,Software Development Engineer III,exact_id_duplicate,5897067016,software development engineer
Software Engineer,5897066938,Amazon,"Software Development Engineer, AFT External Fulfillment",exact_id_duplicate,5897066938,software development engineer
Software Engineer,5897066015,Amazon,"Software Development Engineer, Prime Video Live Events - Sports Data Platform",exact_id_duplicate,5897066015,software development engineer
Software Engineer,5897063794,JioStar,Software Development Engineer II,exact_id_duplicate,5897063794,software development engineer
Software Engineer,5897062665,Amazon,"Software Development Engineer II, Amazon Payment Services",exact_id_duplicate,5897062665,software development engineer
Software Engineer,5897056772,Jobgether,Software Development Engineer II (SDE II) - Full Stack,exact_id_duplicate,5897056772,software development engineer
Software Engineer,5897056093,Carelon Global Solutions,ServiceNow Development - Software Engineer II- BF - 21598-30871-2- JR206306,exact_id_duplicate,5897056093,software development engineer
Software Engineer,5897051644,Delhi,Lead Software Development Engineer,exact_id_duplicate,5897051644,software development engineer
Software Engineer,5897050379,Quince,Software Development Engineer II (Mobile),exact_id_duplicate,5897050379,software development engineer
Software Engineer,5897048055,Candescent,Staff Software Engineer - React Native developer,exact_id_duplicate,5897048055,software development engineer
Software Engineer,5897045602,Quince,Software Development Engineer II (Mobile),exact_id_duplicate,5897045602,software development engineer
Software Engineer,5897041156,Amazon,Software Development Engineer II,exact_id_duplicate,5897041156,software development engineer
Software Engineer,5897039361,Amazon,Software Development Engineer II,exact_id_duplicate,5897039361,software development engineer
Software Engineer,5897029765,Amazon,"Software Development Engineer, AI Trust & Innovation",exact_id_duplicate,5897029765,software development engineer
Software Engineer,5897029550,Microsoft,Research Software Development Engineer-MSR,exact_id_duplicate,5897029550,software development engineer
Software Engineer,5896675747,ADCI HYD 13 SEZ,"Software Development Engineer, WW Services Tech",exact_id_duplicate,5896675747,software development engineer
Software Engineer,5896675725,ADCI - BLR 14 SEZ,Software Development Engineer II,exact_id_duplicate,5896675725,software development engineer
Software Engineer,5896675631,ADCI - Karnataka,"Software Development Engineer, Tax Engine Services",exact_id_duplicate,5896675631,software development engineer
Software Engineer,5896675570,ADCI - Karnataka,"Software Development Engineer II, FBA Capacity and Inventory Health Management",exact_id_duplicate,5896675570,software development engineer
Software Engineer,5896675600,ADCI - Karnataka,"Software Development Engineer, Customer Experience and Business Trends",exact_id_duplicate,5896675600,software development engineer
Software Engineer,5896675607,ADCI - Tamil Nadu,"WiFi Software Development Engineer, eero",exact_id_duplicate,5896675607,software development engineer
Software Engineer,5896675569,ADCI - Karnataka,"Software Development Engineer II, FBA Capacity and Inventory Health Management",exact_id_duplicate,5896675569,software development engineer
Software Engineer,5896657938,Prime Video & Amazon MGM Studios,"Software Development Engineer, Prime Video Live Events - Sports Data Platform",exact_id_duplicate,5896657938,software development engineer
Software Engineer,5896646228,Transak,"Software Development Engineer, Backend",exact_id_duplicate,5896646228,software development engineer
Software Engineer,5892855166,Rexroth,IN_Bosch Rexroth India_Engineer / Executive_Embedded Software Developer for Application Software Development and Customer Support,exact_id_duplicate,5892855166,application developer
Software Engineer,5891902390,Warner Bros. Discovery,Senior Software Engineer- Android Application Developer,exact_id_duplicate,5891902390,application developer
Software Engineer,5891406246,Warner Bros. Discovery,Senior Software Engineer- Android Application Developer,exact_id_duplicate,5891406246,application developer
Software Engineer,5890812847,Ingram Micro,"Sr Software Engineer, Application Development",exact_id_duplicate,5890812847,application developer
Software Engineer,5890810486,Universal Sompo General Insurance,Software Developer - Core Applications,exact_id_duplicate,5890810486,application developer
Software Engineer,5890780777,Ingram Micro,"Sr Software Engineer, Application Development",exact_id_duplicate,5890780777,application developer
Software Engineer,5900348852,Bridgenext,Senior Software Developer – Data Science / Machine Learning,exact_id_duplicate,5900348852,data scientist
Software Engineer,5899861992,Maropost,Senior Software Engineer (Machine Learning),exact_id_duplicate,5899861992,machine learning engineer
Software Engineer,5902915583,Blackstone,BXTI - VP – Axiom Data Technology - Senior Software Engineer,exact_id_duplicate,5902915583,data engineer
Software Engineer,5902779243,PlaySimple Games,Senior Software Engineer II - Data Engineering & Platform,exact_id_duplicate,5902779243,data engineer
Software Engineer,5901252980,ContiTech,Software Engineer - Data Platform,exact_id_duplicate,5901252980,data engineer
Software Engineer,5901252981,ContiTech,Senior Software Engineer - Data Platform (Tech Lead),exact_id_duplicate,5901252981,data engineer
Software Engineer,5901252982,ContiTech,Software Engineer - Data Platform,exact_id_duplicate,5901252982,data engineer
Software Engineer,5900732319,Caterpillar,Principal Software Engineer - Data Engineering,exact_id_duplicate,5900732319,data engineer
Software Engineer,5900410250,RemoteJobsOne,"Software Engineer, Data Platforms",exact_id_duplicate,5900410250,data engineer
Software Engineer,5901762219,SimCorp,Lead Software Engineer (AI and DevOps),exact_id_duplicate,5901762219,devops engineer
Software Engineer,5901481020,Nasuni,Principal Software Engineer - Cloud Services,exact_id_duplicate,5901481020,cloud engineer
Software Engineer,5897335721,Bosch Group,Sr. Software Engineer_Cloud_Devops,exact_id_duplicate,5897335721,cloud engineer
Software Engineer,5896657627,Amgen,Sr Associate Software Engineer Cloud Platform DevOps,exact_id_duplicate,5896657627,cloud engineer
Software Engineer,5895391190,Amgen,Sr Associate Software Engineer Cloud Platform DevOps,exact_id_duplicate,5895391190,cloud engineer
Software Engineer,5895347381,The Vanguard Group,Lead Software Engineer – Platform / Backend (Cloud & DevOps),exact_id_duplicate,5895347381,cloud engineer
Software Engineer,5891406045,"ServiceNow, Inc.",Sr Software Engineer - Cloud Platform-Kubernetes Development,exact_id_duplicate,5891406045,cloud engineer
Software Engineer,5890098394,ServiceNow,Sr Software Engineer - Cloud Platform—Kubernetes Development,exact_id_duplicate,5890098394,cloud engineer
Software Engineer,5888770734,Amazon,"Software Development Engineer, Sidewalk Cloud",exact_id_duplicate,5888770734,cloud engineer
Software Engineer,5861795578,COTIVITI,"Senior Software Engineer - Java,Cloud,Devops",exact_id_duplicate,5861795578,cloud engineer
Software Engineer,5902779243,PlaySimple Games,Senior Software Engineer II - Data Engineering & Platform,exact_id_duplicate,5902779243,platform engineer
Software Engineer,5902721102,Coinbase,"Senior Software Engineer, Backend - Overseer (Platform)",exact_id_duplicate,5902721102,platform engineer
Software Engineer,5902583450,Amazon,"Software Development Engineer, Inventory Authority Platform (IAP)",exact_id_duplicate,5902583450,platform engineer
Software Engineer,5901762189,Exotel,Software Engineer - 3 (Voice Platform),exact_id_duplicate,5901762189,platform engineer
Software Engineer,5901694956,Roku,Senior Software Engineer - Video Platform,exact_id_duplicate,5901694956,platform engineer
Software Engineer,5901252980,ContiTech,Software Engineer - Data Platform,exact_id_duplicate,5901252980,platform engineer
Software Engineer,5901252981,ContiTech,Senior Software Engineer - Data Platform (Tech Lead),exact_id_duplicate,5901252981,platform engineer
Software Engineer,5901252982,ContiTech,Software Engineer - Data Platform,exact_id_duplicate,5901252982,platform engineer
Software Engineer,5901209796,Puma,Software Engineer II - Core Commerce Platform,exact_id_duplicate,5901209796,platform engineer
Software Engineer,5900732295,Jobgether,Software Engineer - AI Platform,exact_id_duplicate,5900732295,platform engineer
Software Engineer,5900410226,RemoteJobsOne,"Software Engineer, Internal Platforms",exact_id_duplicate,5900410226,platform engineer
Software Engineer,5900410250,RemoteJobsOne,"Software Engineer, Data Platforms",exact_id_duplicate,5900410250,platform engineer
Software Engineer,5899840152,Esper,Software Development Engineer III - Platform,exact_id_duplicate,5899840152,platform engineer
Software Engineer,5898178981,CGI,Senior Software Engineer - Azure DevOps and Platform services Engineer,exact_id_duplicate,5898178981,platform engineer
Software Engineer,5896657627,Amgen,Sr Associate Software Engineer Cloud Platform DevOps,exact_id_duplicate,5896657627,platform engineer
Software Engineer,5896645839,TRM Labs,"Senior or Staff Software Engineer, Data Platform (Brazil)",exact_id_duplicate,5896645839,platform engineer
Software Engineer,5896368710,"ServiceNow, Inc.",Senior Staff Data Platform Software Engineer (Java Distributed Systems & Kafka),exact_id_duplicate,5896368710,platform engineer
Software Engineer,5895401455,Databricks,Senior Software Engineer - Data Platform,exact_id_duplicate,5895401455,platform engineer
Software Engineer,5895391190,Amgen,Sr Associate Software Engineer Cloud Platform DevOps,exact_id_duplicate,5895391190,platform engineer
Software Engineer,5895347381,The Vanguard Group,Lead Software Engineer – Platform / Backend (Cloud & DevOps),exact_id_duplicate,5895347381,platform engineer
Software Engineer,5891582078,Guidewire Software,Software Engineer II - Cloud Platform,exact_id_duplicate,5891582078,platform engineer
Software Engineer,5891406045,"ServiceNow, Inc.",Sr Software Engineer - Cloud Platform-Kubernetes Development,exact_id_duplicate,5891406045,platform engineer
Software Engineer,5890098394,ServiceNow,Sr Software Engineer - Cloud Platform—Kubernetes Development,exact_id_duplicate,5890098394,platform engineer
Software Engineer,5889501167,Hewlett Packard Enterprise,Systems/Software Engineer II (Platform diagnostics software development),exact_id_duplicate,5889501167,platform engineer
Software Engineer,5900741816,Jobgether,Security Software Engineer,exact_id_duplicate,5900741816,security engineer
Software Engineer,5890817299,eBay,Software Engineer 3 – Platform Security,exact_id_duplicate,5890817299,security engineer
Software Engineer,5876942217,Coinbase,"Staff Software Engineer, Security Platform",exact_id_duplicate,5876942217,security engineer
Software Engineer,5872130283,Icertis,"Senior Software Engineer, Information Security",exact_id_duplicate,5872130283,information security engineer
Software Engineer,5902917789,Accenture,Custom Software Engineer,near_duplicate(title+company+desc_prefix),5902918761,software engineer
Software Engineer,5902916840,Accenture,Custom Software Engineer,near_duplicate(title+company+desc_prefix),5902918761,software engineer
Software Engineer,5902915528,Accenture,Custom Software Engineer,near_duplicate(title+company+desc_prefix),5902918761,software engineer
Software Engineer,5902914848,Accenture,Custom Software Engineer,near_duplicate(title+company+desc_prefix),5902918761,software engineer
Software Engineer,5902914803,Accenture,Custom Software Engineer,near_duplicate(title+company+desc_prefix),5902916050,software engineer
Software Engineer,5902914400,Accenture,Custom Software Engineer,near_duplicate(title+company+desc_prefix),5902918761,software engineer
Software Engineer,5902914296,Accenture,Custom Software Engineer,near_duplicate(title+company+desc_prefix),5902918761,software engineer
Software Engineer,5902913347,Accenture,Custom Software Engineer,near_duplicate(title+company+desc_prefix),5902916982,software engineer
Software Engineer,5902911155,Accenture,Custom Software Engineer,near_duplicate(title+company+desc_prefix),5902916050,software engineer
Software Engineer,5902910351,Accenture,Custom Software Engineer,near_duplicate(title+company+desc_prefix),5902918761,software engineer
Software Engineer,5902729915,SCIENTIFIC GAMES,"Software Engineer - C#, .Net Developer",near_duplicate(title+company+desc_prefix),5902914386,software engineer
Software Engineer,5902729598,Red Hat,Principal Software Engineer,near_duplicate(title+company+desc_prefix),5902909470,software engineer
Software Engineer,5902580317,Ferguson,Senior Software Engineer,near_duplicate(title+company+desc_prefix),5902580426,software engineer
Software Engineer,5902168835,Securonix,Software Engineer - Back-End & Agentic AI,near_duplicate(title+company+desc_prefix),5902911364,software engineer
Software Engineer,5901872695,Trigent Software Private Limited,Custom Software Engineer - Python (Programming Language),near_duplicate(title+company+desc_prefix),5901872681,software engineer
Software Engineer,5901872318,Tekwissen India,Software Engineer (III) - Core Engineer II,near_duplicate(title+company+desc_prefix),5901872321,software engineer
Software Engineer,5901711199,Accenture,Custom Software Engineer,near_duplicate(title+company+desc_prefix),5902918761,software engineer
Software Engineer,5901709837,Accenture,Custom Software Engineer,near_duplicate(title+company+desc_prefix),5902918761,software engineer
Software Engineer,5901705341,Accenture,Custom Software Engineer,near_duplicate(title+company+desc_prefix),5902918761,software engineer
Software Engineer,5901695945,Accenture,Custom Software Engineer,near_duplicate(title+company+desc_prefix),5902918761,software engineer
Software Engineer,5901254068,U.S. Bank,Senior Software Engineer,near_duplicate(title+company+desc_prefix),5901762222,software engineer
Software Engineer,5901254016,"ServiceNow, Inc.",Staff Software Engineer,near_duplicate(title+company+desc_prefix),5901254021,software engineer
Software Engineer,5901253673,Microsoft Corporation,Senior Software Engineer,near_duplicate(title+company+desc_prefix),5901253675,software engineer
Software Engineer,5901253676,Microsoft Corporation,Senior Software Engineer,near_duplicate(title+company+desc_prefix),5901253675,software engineer
Software Engineer,5901252982,ContiTech,Software Engineer - Data Platform,near_duplicate(title+company+desc_prefix),5901252980,software engineer
Software Engineer,5900752700,Accenture,Custom Software Engineer,near_duplicate(title+company+desc_prefix),5902918761,software engineer
Software Engineer,5900752178,Accenture,Custom Software Engineer,near_duplicate(title+company+desc_prefix),5902916050,software engineer
Software Engineer,5900749732,Accenture,Custom Software Engineer,near_duplicate(title+company+desc_prefix),5902916050,software engineer
Software Engineer,5900749687,Accenture,Custom Software Engineer,near_duplicate(title+company+desc_prefix),5902916050,software engineer
Software Engineer,5900748451,Accenture,Custom Software Engineer,near_duplicate(title+company+desc_prefix),5902918761,software engineer
Software Engineer,5900747623,Accenture,Custom Software Engineer,near_duplicate(title+company+desc_prefix),5902918761,software engineer
Software Engineer,5900739689,Accenture,Custom Software Engineer,near_duplicate(title+company+desc_prefix),5902913200,software engineer
Software Engineer,5900737284,Accenture,Custom Software Engineer,near_duplicate(title+company+desc_prefix),5902916982,software engineer
Software Engineer,5900736556,Linde,Software Engineer - AI Hub,near_duplicate(title+company+desc_prefix),5900737140,software engineer
Software Engineer,5900735741,Accenture,Custom Software Engineer,near_duplicate(title+company+desc_prefix),5902918525,software engineer
Software Engineer,5900735182,Accenture,Custom Software Engineer,near_duplicate(title+company+desc_prefix),5902916050,software engineer
Software Engineer,5900734985,Accenture,Custom Software Engineer,near_duplicate(title+company+desc_prefix),5902916050,software engineer
Software Engineer,5900734539,Accenture,Custom Software Engineer,near_duplicate(title+company+desc_prefix),5902916050,software engineer
Software Engineer,5900730895,Accenture,Custom Software Engineer,near_duplicate(title+company+desc_prefix),5902918761,software engineer
Software Engineer,5900730383,Accenture,Custom Software Engineer,near_duplicate(title+company+desc_prefix),5902918761,software engineer
Software Engineer,5900728507,Accenture,Custom Software Engineer,near_duplicate(title+company+desc_prefix),5902918761,software engineer
Software Engineer,5900727699,Accenture,Custom Software Engineer,near_duplicate(title+company+desc_prefix),5902916982,software engineer
Software Engineer,5900725273,CGI,Ab Initio Software Engineer,near_duplicate(title+company+desc_prefix),5902918987,software engineer
Software Engineer,5900724214,Accenture,Custom Software Engineer,near_duplicate(title+company+desc_prefix),5902916982,software engineer
Software Engineer,5900720213,Accenture,Custom Software Engineer,near_duplicate(title+company+desc_prefix),5902918761,software engineer
Software Engineer,5900718415,Accenture,Custom Software Engineer,near_duplicate(title+company+desc_prefix),5902918761,software engineer
Software Engineer,5900718145,Accenture,Custom Software Engineer,near_duplicate(title+company+desc_prefix),5902918761,software engineer
Software Engineer,5900717737,Linde,Software Engineer - AI Hub,near_duplicate(title+company+desc_prefix),5900737140,software engineer
Software Engineer,5900717050,Accenture,Custom Software Engineer,near_duplicate(title+company+desc_prefix),5902918761,software engineer
Software Engineer,5900715773,Natwest Group,"Software Engineer, AVP",near_duplicate(title+company+desc_prefix),5901699576,software engineer
Software Engineer,5900714239,Accenture,Custom Software Engineer,near_duplicate(title+company+desc_prefix),5902916050,software engineer
Software Engineer,5900709917,Accenture,Custom Software Engineer,near_duplicate(title+company+desc_prefix),5902918761,software engineer
Software Engineer,5900708724,Accenture,Custom Software Engineer,near_duplicate(title+company+desc_prefix),5902918761,software engineer
Software Engineer,5900356904,"ServiceNow, Inc.",Sr Staff Software Engineer,near_duplicate(title+company+desc_prefix),5900356903,software engineer
Software Engineer,5900356846,American Express,Software Engineer II,near_duplicate(title+company+desc_prefix),5900356858,software engineer
Software Engineer,5900356212,RELX INC,Software Engineer III,near_duplicate(title+company+desc_prefix),5900356214,software engineer
Software Engineer,5900355277,GE Vernova,Engineer 1 - Software Engineer,near_duplicate(title+company+desc_prefix),5900723100,software engineer
Software Engineer,5900354553,Bank of America,Software Engineer III - GBS IND,near_duplicate(title+company+desc_prefix),5900354549,software engineer
Software Engineer,5900354454,Amazon,"Software Development Engineer, Seller and AM GenAI Tools",near_duplicate(title+company+desc_prefix),5900354466,software engineer
Software Engineer,5900354463,Amazon,"Software Development Engineer II, FBA Capacity and Inventory Health Management",near_duplicate(title+company+desc_prefix),5900354449,software engineer
Software Engineer,5899924953,CGI,Ab Initio Software Engineer,near_duplicate(title+company+desc_prefix),5902918987,software engineer
Software Engineer,5899870753,Accenture,Custom Software Engineer,near_duplicate(title+company+desc_prefix),5902918761,software engineer
Software Engineer,5899865527,Accenture,Custom Software Engineer,near_duplicate(title+company+desc_prefix),5902918761,software engineer
Software Engineer,5899864742,MongoDB,Software Engineer 3,near_duplicate(title+company+desc_prefix),5900355917,software engineer
Software Engineer,5899863570,Accenture,Custom Software Engineer,near_duplicate(title+company+desc_prefix),5902918761,software engineer
Software Engineer,5899862920,Accenture,Custom Software Engineer,near_duplicate(title+company+desc_prefix),5902918761,software engineer
Software Engineer,5899862817,Accenture,Custom Software Engineer,near_duplicate(title+company+desc_prefix),5902916982,software engineer
Software Engineer,5899862021,Accenture,Custom Software Engineer,near_duplicate(title+company+desc_prefix),5902916050,software engineer
Software Engineer,5899861843,Accenture,Custom Software Engineer,near_duplicate(title+company+desc_prefix),5902918761,software engineer
Software Engineer,5899857521,U.S. Bank,Senior Software Engineer,near_duplicate(title+company+desc_prefix),5901762222,software engineer
Software Engineer,5899857274,Accenture,Custom Software Engineer,near_duplicate(title+company+desc_prefix),5902916050,software engineer
Software Engineer,5899845299,Amazon,"Software Development Engineer, Seller and AM GenAI Tools",near_duplicate(title+company+desc_prefix),5899849610,software developer
Software Engineer,5899836479,Zscaler,Staff Software Development Engineer,near_duplicate(title+company+desc_prefix),5902729608,software developer
Software Engineer,5899834444,Zscaler,Staff Software Development Engineer,near_duplicate(title+company+desc_prefix),5902729608,software developer
Software Engineer,5899330003,Zscaler,Staff Software Development Engineer,near_duplicate(title+company+desc_prefix),5902729608,software developer
Software Engineer,5899329999,Zscaler,Staff Software Development Engineer,near_duplicate(title+company+desc_prefix),5902729608,software developer
Software Engineer,5898466611,Amazon,"Software Development Engineer II, FBA Capacity and Inventory Health Management",near_duplicate(title+company+desc_prefix),5898497675,software developer
Software Engineer,5898313386,Weekday AI,Software Development Engineer,near_duplicate(title+company+desc_prefix),5900529926,software developer
Software Engineer,5897954989,Warner Bros. Discovery,Senior Software Engineer_Golang Developer,near_duplicate(title+company+desc_prefix),5898470239,software developer
Software Engineer,5897039361,Amazon,Software Development Engineer II,near_duplicate(title+company+desc_prefix),5900719110,software developer
Software Engineer,5896675569,ADCI - Karnataka,"Software Development Engineer II, FBA Capacity and Inventory Health Management",near_duplicate(title+company+desc_prefix),5896675570,software developer
Software Engineer,5896369631,Zscaler,Staff Software Development Engineer,near_duplicate(title+company+desc_prefix),5902729608,software developer
Software Engineer,5896366439,Amazon,Software Development Engineer II,near_duplicate(title+company+desc_prefix),5901252837,software developer
Software Engineer,5896366304,Amazon,"Software Development Engineer, Seller and AM GenAI Tools",near_duplicate(title+company+desc_prefix),5900354466,software developer
Software Engineer,5896366349,Amazon,"Software Development Engineer II, FBA Capacity and Inventory Health Management",near_duplicate(title+company+desc_prefix),5900354449,software developer
Software Engineer,5896366311,Amazon,Software Development Engineer,near_duplicate(title+company+desc_prefix),5896366325,software developer
Software Engineer,5895390055,Amazon,"Software Development Engineer, Seller and AM GenAI Tools",near_duplicate(title+company+desc_prefix),5899849610,software developer
Software Engineer,5895382965,Zscaler,Staff Software Development Engineer,near_duplicate(title+company+desc_prefix),5902729608,software developer
Software Engineer,5895367311,Amazon,Software Development Engineer,near_duplicate(title+company+desc_prefix),5895372389,software developer
Software Engineer,5895065799,Amazon,"Software Development Engineer, RBS Tech",near_duplicate(title+company+desc_prefix),5896366336,software developer
Software Engineer,5894590256,Amazon,"Software Development Engineer II, FBA Capacity and Inventory Health Management",near_duplicate(title+company+desc_prefix),5900354449,software developer
Software Engineer,5894179663,Amazon,"Software Development Engineer, Seller and AM GenAI Tools",near_duplicate(title+company+desc_prefix),5900354466,software developer
Software Engineer,5894113107,Amazon,"Software Development Engineer II, FBA Capacity and Inventory Health Management",near_duplicate(title+company+desc_prefix),5898497675,software developer
Software Engineer,5892705345,ADCI - Karnataka,"Software Development Engineer II, FBA Capacity and Inventory Health Management",near_duplicate(title+company+desc_prefix),5896675570,software developer
Software Engineer,5891914060,Kyndryl,Software Engineer - Full Stack Development,near_duplicate(title+company+desc_prefix),5898489209,software developer
Software Engineer,5891406246,Warner Bros. Discovery,Senior Software Engineer- Android Application Developer,near_duplicate(title+company+desc_prefix),5891902390,software developer
Software Engineer,5891404625,Kyndryl,Senior Software Engineer - Full Stack Development,near_duplicate(title+company+desc_prefix),5891404592,software developer
Software Engineer,5891404619,Kyndryl,Senior Software Engineer - Full Stack Development,near_duplicate(title+company+desc_prefix),5891404592,software developer
Software Engineer,5891404622,Kyndryl,Senior Software Engineer - Full Stack Development,near_duplicate(title+company+desc_prefix),5891404592,software developer
Software Engineer,5891404532,Kyndryl,Software Engineer - Full Stack Development,near_duplicate(title+company+desc_prefix),5891404534,software developer
Software Engineer,5891404535,Kyndryl,Software Engineer - Full Stack Development,near_duplicate(title+company+desc_prefix),5891404534,software developer
Software Engineer,5891404537,Kyndryl,Software Engineer - Full Stack Development,near_duplicate(title+company+desc_prefix),5891404534,software developer
Software Engineer,5891404538,Kyndryl,Software Engineer - Full Stack Development,near_duplicate(title+company+desc_prefix),5891404534,software developer
Software Engineer,5890243703,Zscaler,Principal Software Development Engineer - Agentic Systems,near_duplicate(title+company+desc_prefix),5890804402,software developer
Software Engineer,5889563179,Amazon,"Software Development Engineer, Amazon",near_duplicate(title+company+desc_prefix),5894126441,software developer
Software Engineer,5889204361,Botsync,Software Development Engineer - II (Integrator),near_duplicate(title+company+desc_prefix),5891582163,software developer
Software Engineer,5888935228,Botsync,Software Development Engineer - I (Integrations),near_duplicate(title+company+desc_prefix),5890487522,software developer
Software Engineer,5888771193,"Caterpillar, Inc.",Senior Software Developer - D365 CE,near_duplicate(title+company+desc_prefix),5888771191,software developer
Software Engineer,5888770793,Amazon,"Software Development Engineer, Amazon",near_duplicate(title+company+desc_prefix),5896366309,software developer
Software Engineer,5901704037,Accenture,Application Developer,near_duplicate(title+company+desc_prefix),5902914196,application developer
Software Engineer,5901695321,Accenture,Application Developer,near_duplicate(title+company+desc_prefix),5902914196,application developer
Software Engineer,5899839331,Accenture,Application Developer,near_duplicate(title+company+desc_prefix),5902914196,application developer
Software Engineer,5899051548,Schneider Electric,Sr Edge Application Developer,near_duplicate(title+company+desc_prefix),5899051544,application developer
Software Engineer,5898500713,Accenture,Application Developer,near_duplicate(title+company+desc_prefix),5902914196,application developer
Software Engineer,5898492283,Accenture,Application Developer,near_duplicate(title+company+desc_prefix),5902914196,application developer
Software Engineer,5898466610,Accenture,Application Developer,near_duplicate(title+company+desc_prefix),5902914196,application developer
Software Engineer,5898465264,Accenture,Application Developer,near_duplicate(title+company+desc_prefix),5902914196,application developer
Software Engineer,5897951828,Kyndryl,Mainframe Application Developer,near_duplicate(title+company+desc_prefix),5897951863,application developer
Software Engineer,5897951832,Kyndryl,Mainframe Application Developer,near_duplicate(title+company+desc_prefix),5897951863,application developer
Software Engineer,5897951792,Kyndryl,Mainframe Application Developer,near_duplicate(title+company+desc_prefix),5897951863,application developer
Software Engineer,5897951789,Kyndryl,Mainframe Application Developer,near_duplicate(title+company+desc_prefix),5897951863,application developer
Software Engineer,5897951799,Kyndryl,Mainframe Application Developer,near_duplicate(title+company+desc_prefix),5897951863,application developer
Software Engineer,5895352866,Accenture,Application Developer,near_duplicate(title+company+desc_prefix),5902914196,application developer
Software Engineer,5894078467,PricewaterhouseCoopers,Web GIS Application Developer - Senior Associate,near_duplicate(title+company+desc_prefix),5900725477,application developer
Software Engineer,5891926540,Accenture,Application Developer,near_duplicate(title+company+desc_prefix),5902914196,application developer
Software Engineer,5890785885,Accenture,Application Developer,near_duplicate(title+company+desc_prefix),5902914196,application developer
Software Engineer,5890074020,IBM,Application Developer-Real Estate & Facilities,near_duplicate(title+company+desc_prefix),5894639162,application developer
Software Engineer,5889506024,Accenture,Application Developer,near_duplicate(title+company+desc_prefix),5902914196,application developer
Software Engineer,5889503926,Accenture,Application Developer,near_duplicate(title+company+desc_prefix),5902914196,application developer
Software Engineer,5888772239,IBM,Application Developer-AWS Cloud FullStack,near_duplicate(title+company+desc_prefix),5893467146,application developer
Software Engineer,5888551521,IBM,Application Developer-AWS Cloud FullStack,near_duplicate(title+company+desc_prefix),5893467146,application developer
Software Engineer,5888551539,IBM,Application Developer-AWS Cloud FullStack,near_duplicate(title+company+desc_prefix),5893467146,application developer
Software Engineer,5888551532,IBM,Application Developer-Cloud FullStack,near_duplicate(title+company+desc_prefix),5894639202,application developer
Software Engineer,5887225888,IBM,Application Developer-Real Estate & Facilities,near_duplicate(title+company+desc_prefix),5894639162,application developer
Software Engineer,5882275385,IBM,Application Developer-AWS Cloud FullStack,near_duplicate(title+company+desc_prefix),5893467146,application developer
Software Engineer,5880673396,Trane Technologies,Lead Application Developer,near_duplicate(title+company+desc_prefix),5881164039,application developer
Software Engineer,5879925830,Accenture,Application Developer,near_duplicate(title+company+desc_prefix),5902914196,application developer
Software Engineer,5879923735,Accenture,Application Developer,near_duplicate(title+company+desc_prefix),5902914196,application developer
Software Engineer,5877258872,Accenture,Application Developer,near_duplicate(title+company+desc_prefix),5902914196,application developer
Software Engineer,5873194157,Accenture,Application Developer,near_duplicate(title+company+desc_prefix),5902914196,application developer
Software Engineer,5873160192,Accenture,Application Developer,near_duplicate(title+company+desc_prefix),5902914196,application developer
Software Engineer,5873156716,Accenture,Application Developer,near_duplicate(title+company+desc_prefix),5902914196,application developer
Software Engineer,5870122855,UPS,"Intermediate Application Developer - Java, Full Stack",near_duplicate(title+company+desc_prefix),5874225976,application developer
Software Engineer,5869814272,Advent Global Solutions INC,Application Developer,near_duplicate(title+company+desc_prefix),5869817661,application developer
Software Engineer,5869814275,Advent Global Solutions INC,Application Developer,near_duplicate(title+company+desc_prefix),5869817661,application developer
Software Engineer,5868418840,IBM,Application Developer-Cloud FullStack,near_duplicate(title+company+desc_prefix),5894639202,application developer
Software Engineer,5866608029,IBM,Application Developer-AWS Cloud FullStack,near_duplicate(title+company+desc_prefix),5893467146,application developer
Software Engineer,5863702520,IBM,Application Developer-AWS Cloud FullStack,near_duplicate(title+company+desc_prefix),5893467146,application developer
Software Engineer,5863702535,IBM,Application Developer-AWS Cloud FullStack,near_duplicate(title+company+desc_prefix),5893467146,application developer
Software Engineer,5862885275,Capgemini,FBS Application Developer III,near_duplicate(title+company+desc_prefix),5862885280,application developer
Software Engineer,5862381477,Capgemini,FBS Application Developer III,near_duplicate(title+company+desc_prefix),5862885280,application developer
Software Engineer,5861219563,Accenture,Application Developer,near_duplicate(title+company+desc_prefix),5902914196,application developer
Software Engineer,5859432209,IBM,Application Developer-AWS Cloud FullStack,near_duplicate(title+company+desc_prefix),5893467146,application developer
Software Engineer,5859432185,IBM,Application Developer-AWS Cloud FullStack,near_duplicate(title+company+desc_prefix),5893467146,application developer
Software Engineer,5857956213,IBM,Application Developer-Cloud FullStack,near_duplicate(title+company+desc_prefix),5894639202,application developer
Software Engineer,5855494747,Accenture,Application Developer,near_duplicate(title+company+desc_prefix),5902914196,application developer
Software Engineer,5851137730,Accenture,Application Developer,near_duplicate(title+company+desc_prefix),5902914196,application developer
Software Engineer,5850632091,IBM,Application Developer-AWS Cloud FullStack,near_duplicate(title+company+desc_prefix),5893467146,application developer
Software Engineer,5850377040,Vichara Technologies,Software Developer  Azure Web Applications,near_duplicate(title+company+desc_prefix),5850377177,application developer
Software Engineer,5850377047,Vichara Technologies,Software Developer  Azure Web Applications,near_duplicate(title+company+desc_prefix),5850377177,application developer
Software Engineer,5847850852,IBM,Application Developer-AWS Cloud FullStack,near_duplicate(title+company+desc_prefix),5893467146,application developer
Software Engineer,5845249163,Accenture,Application Developer,near_duplicate(title+company+desc_prefix),5902914196,application developer
Software Engineer,5844310560,Accenture,Application Developer,near_duplicate(title+company+desc_prefix),5902914196,application developer
Software Engineer,5844296527,Accenture,Application Developer,near_duplicate(title+company+desc_prefix),5902914196,application developer
Software Engineer,5843175279,Accenture,Application Developer,near_duplicate(title+company+desc_prefix),5902914196,application developer
Software Engineer,5840391016,Accenture,Application Developer,near_duplicate(title+company+desc_prefix),5902914196,application developer
Software Engineer,5836872335,Accenture,Application Developer,near_duplicate(title+company+desc_prefix),5902914196,application developer
Software Engineer,5836841186,Accenture,Application Developer,near_duplicate(title+company+desc_prefix),5902914196,application developer
Software Engineer,5835759902,UPS,Senior Application Developer - .Net Full Stack,near_duplicate(title+company+desc_prefix),5892689770,application developer
Software Engineer,5835314993,IBM,Application developer-Cloud fullstack,near_duplicate(title+company+desc_prefix),5894639202,application developer
Software Engineer,5834747643,UPS,Senior Application Developer,near_duplicate(title+company+desc_prefix),5835764017,application developer
Software Engineer,5834744958,UPS,Lead Application Developer,near_duplicate(title+company+desc_prefix),5834760342,application developer
Software Engineer,5830103340,IBM,Application Developer-Cloud FullStack,near_duplicate(title+company+desc_prefix),5894639202,application developer
Software Engineer,5830102425,IBM,Application Developer-AWS Cloud FullStack,near_duplicate(title+company+desc_prefix),5893467146,application developer
Software Engineer,5823370773,UPS,Intermediate Application Developer,near_duplicate(title+company+desc_prefix),5834758247,application developer
Software Engineer,5802320936,UPS,"Application Developer - Java, Angular, Oracle",near_duplicate(title+company+desc_prefix),5834761668,application developer
Software Engineer,5801787585,Accenture,Application Developer,near_duplicate(title+company+desc_prefix),5902914196,application developer
Software Engineer,5797366568,Accenture,Application Developer,near_duplicate(title+company+desc_prefix),5902914196,application developer
Software Engineer,5797313432,Accenture,Application Developer,near_duplicate(title+company+desc_prefix),5902914196,application developer
Software Engineer,5899326294,"Caterpillar, Inc.",Principal Software Engineer - Data Engineering,near_duplicate(title+company+desc_prefix),5899326291,data engineer
Software Engineer,5831405420,Extreme Networks,Senior Software Engineer-Generative AI-Big Data,near_duplicate(title+company+desc_prefix),5831405410,big data engineer
Software Engineer,5868424858,Zscaler,Staff Software Development Engineer - DevOps,near_duplicate(title+company+desc_prefix),5869171304,devops engineer
Software Engineer,5867224686,Scientific Games,Senior Software Engineer - DevOps,near_duplicate(title+company+desc_prefix),5896030102,devops engineer
Software Engineer,5897047062,Nike,"Senior Software Engineer-Cloud Integration, ITC",near_duplicate(title+company+desc_prefix),5897952301,cloud engineer
Software Engineer,5897043494,Nike,"Software Engineer II - Cloud Integration, ITC",near_duplicate(title+company+desc_prefix),5897952304,cloud engineer
Software Engineer,5894179488,Maropost,Software Engineer (ROR) - Commerce Cloud,near_duplicate(title+company+desc_prefix),5895348890,cloud engineer
Software Engineer,5878058302,Cisco,"Software Engineer-Golang, Microservices, Cloud, 4-8 Yrs, Bangalore",near_duplicate(title+company+desc_prefix),5878709840,cloud engineer
Software Engineer,5876717615,Cisco,Senior Software Engineer - Golang | Kubernetes | Cloud | Distributed Systems | Splunk Enterprise Security (8 - 12 Years)),near_duplicate(title+company+desc_prefix),5876949198,cloud engineer
Software Engineer,5871787956,EPAM Systems,Senior Java Software Engineer - Cloud AWS,near_duplicate(title+company+desc_prefix),5871788153,cloud engineer
Software Engineer,5871788006,EPAM Systems,Senior Software Engineer - Java & AWS Cloud Services,near_duplicate(title+company+desc_prefix),5871788057,cloud engineer
Software Engineer,5879938304,Nike,"Lead Software Engineer, Platform Engineering, ITC",near_duplicate(title+company+desc_prefix),5882275710,platform engineer
Software Engineer,5879540995,Block,"Staff Software Engineer, Financial Platform - Issuing",near_duplicate(title+company+desc_prefix),5879541474,platform engineer
Software Engineer,5882765418,Cisco,"Senior Software Engineer – Java, Security & SD-WAN Platform from 8 Years",near_duplicate(title+company+desc_prefix),5883489751,security engineer
Software Engineer,5882274245,Cisco,"Senior Software Engineer - Java, Security & SD-WAN Platform from 8 Years",near_duplicate(title+company+desc_prefix),5883489751,security engineer
Software Engineer,5869818718,Talent Aspire,Senior Windows Software Engineer – Biometric & Security Auth,near_duplicate(title+company+desc_prefix),5869818720,security engineer
Software Engineer,5897029765,Amazon,"Software Development Engineer, AI Trust & Innovation",employer_cap(>46 per employer),,software developer
Software Engineer,5896366402,Amazon,Software Development Engineer II,employer_cap(>46 per employer),,software developer
Software Engineer,5896366368,Amazon,"Software Development Engineer, Prime Video Live Events - Sports Data Platform",employer_cap(>46 per employer),,software developer
Software Engineer,5896366395,Amazon,"Software Development Engineer, AI Runtime",employer_cap(>46 per employer),,software developer
Software Engineer,5896366369,Amazon,Software Development Engineer II,employer_cap(>46 per employer),,software developer
Software Engineer,5896366388,Amazon,Software Development Engineer II,employer_cap(>46 per employer),,software developer
Software Engineer,5896366420,Amazon,Software Development Engineer III,employer_cap(>46 per employer),,software developer
Software Engineer,5896366320,Amazon,Sr. Software Development Engineer,employer_cap(>46 per employer),,software developer
Software Engineer,5896366336,Amazon,"Software Development Engineer, RBS Tech",employer_cap(>46 per employer),,software developer
Software Engineer,5896366325,Amazon,Software Development Engineer,employer_cap(>46 per employer),,software developer
Software Engineer,5896366309,Amazon,"Software Development Engineer, Amazon",employer_cap(>46 per employer),,software developer
Software Engineer,5896366337,Amazon,"Software Development Engineer, AI Business Automation, AI Business Automation, Prime Video",employer_cap(>46 per employer),,software developer
Software Engineer,5896366352,Amazon,"Software Development Engineer III, Seller and AM GenAI Tools",employer_cap(>46 per employer),,software developer
Software Engineer,5896366219,Amazon,"Software Development Engineer II, Alexa Connected Devices",employer_cap(>46 per employer),,software developer
Software Engineer,5895389794,Amazon,Sr. Software Development Engineer,employer_cap(>46 per employer),,software developer
Software Engineer,5895389592,Amazon,"Software Development Engineer, AI Business Automation, AI Business Automation, Prime Video",employer_cap(>46 per employer),,software developer
Software Engineer,5895382993,Amazon,Software Development Engineer II,employer_cap(>46 per employer),,software developer
Software Engineer,5895381563,Amazon,"Software Development Engineer III, Seller and AM GenAI Tools",employer_cap(>46 per employer),,software developer
Software Engineer,5895372389,Amazon,Software Development Engineer,employer_cap(>46 per employer),,software developer
Software Engineer,5895354441,Amazon,Software Development Engineer II,employer_cap(>46 per employer),,software developer
Software Engineer,5895354252,Amazon,"Software Development Engineer, AI Runtime",employer_cap(>46 per employer),,software developer
Software Engineer,5894828943,Amazon,"Software Development Engineer II, FinTech",employer_cap(>46 per employer),,software developer
Software Engineer,5894126441,Amazon,"Software Development Engineer, Amazon",employer_cap(>46 per employer),,software developer
Software Engineer,5894078557,Amazon,"Software Development Engineer, RBS Tech",employer_cap(>46 per employer),,software developer
Software Engineer,5893618776,Amazon,"Software Development Engineer II, Alexa Smart Home Cameras",employer_cap(>46 per employer),,software developer
Software Engineer,5892381676,Amazon,"Software Development Engineer II, Amazon Finance Technology",employer_cap(>46 per employer),,software developer
Software Engineer,5891906501,Amazon,"Software Development Engineer II, Alexa Smart Home Cameras",employer_cap(>46 per employer),,software developer
Software Engineer,5891403693,Amazon,Software Development Engineer II,employer_cap(>46 per employer),,software developer
Software Engineer,5891403661,Amazon,"Software Development Engineer II, Amazon Pharmacy",employer_cap(>46 per employer),,software developer
Software Engineer,5891403662,Amazon,"Software Development Engineer, Buyer Fraud Prevention",employer_cap(>46 per employer),,software developer
Software Engineer,5891403713,Amazon,"Software Development Engineer II, AWS OpenSearch",employer_cap(>46 per employer),,software developer
Software Engineer,5891403474,Amazon,"Software Development Engineer II, WW Returns and ReCommerce",employer_cap(>46 per employer),,software developer
Software Engineer,5890813125,Amazon,"Software Development Engineer II, AWS OpenSearch",employer_cap(>46 per employer),,software developer
Software Engineer,5890812154,Amazon,"Software Development Engineer II, Amazon Pharmacy",employer_cap(>46 per employer),,software developer
Software Engineer,5890808976,Amazon,"Software Development Engineer, Buyer Fraud Prevention",employer_cap(>46 per employer),,software developer
Software Engineer,5890803978,Amazon,Software Development Engineer II,employer_cap(>46 per employer),,software developer
Software Engineer,5890789204,Amazon,"Software Development Engineer I, IESP Merchant Tech",employer_cap(>46 per employer),,software developer
Software Engineer,5890769015,Amazon,"Software Development Engineer II, WW Returns and ReCommerce",employer_cap(>46 per employer),,software developer
Software Engineer,5889558043,Amazon,"Software Development Engineer II, India HealthCare",employer_cap(>46 per employer),,software developer
Software Engineer,5889085244,Amazon,"Software Development Engineer, Amazon International Seller Services",employer_cap(>46 per employer),,software developer
Software Engineer,5888770782,Amazon,"Software Development Engineer II, India HealthCare",employer_cap(>46 per employer),,software developer
Software Engineer,5888770734,Amazon,"Software Development Engineer, Sidewalk Cloud",employer_cap(>46 per employer),,software developer
Software Engineer,5888770749,Amazon,"Software Development Engineer, Amazon OpenSearch Service - Plugins and Security",employer_cap(>46 per employer),,software developer
Software Engineer,5888770551,Amazon,"Software Development Engineer II , Risk and Compliance Solutions (RCS)",employer_cap(>46 per employer),,software developer
Software Engineer,5878711950,Amazon,"Software Development Engineer - II, FinTech - Machine Learning",employer_cap(>46 per employer),,machine learning engineer
Software Engineer,5784970696,Amazon,"Software Development Engineer - II, FinTech - Machine Learning",employer_cap(>46 per employer),,machine learning engineer
Software Engineer,5878640961,Amazon,"Principal Software Engineer, Device Cloud Core Services",employer_cap(>46 per employer),,cloud engineer
Software Engineer,5878684281,Amazon,"Software Development Engineer, Inventory Authority Platform (IAP)",employer_cap(>46 per employer),,platform engineer
Data Analyst,5899843917,JPMorganChase,"Data Analyst - Tableau, Power BI - Associate",exact_id_duplicate,5899843917,bi analyst
Data Analyst,5887958374,Hitachi,Power BI Specialist/Data analyst,exact_id_duplicate,5887958374,bi analyst
Data Analyst,5887521034,Unison Group,"Senior Data Analyst - SQL, BI Reporting & SAP BW",exact_id_duplicate,5887521034,bi analyst
Data Analyst,5887521051,Unison Group,"Senior Data Analyst - SQL, BI Reporting & SAP BW",exact_id_duplicate,5887521051,bi analyst
Data Analyst,5902729265,FairMoney,BI - Business Intelligence Analyst,exact_id_duplicate,5902729265,business intelligence analyst
Data Analyst,5901777130,FairMoney,BI - Business Intelligence Analyst,exact_id_duplicate,5901777130,business intelligence analyst
Data Analyst,5890494495,Aanet Talent Global Solutions,Business Intelligence and Data Analyst,exact_id_duplicate,5890494495,business intelligence analyst
Data Analyst,5899868943,Brillio,Lead Data Analyst (US Regulatory Reporting) - R01571259,exact_id_duplicate,5899868943,reporting analyst
Data Analyst,5899536745,Kraken,"Data Analyst, Regulatory Analytics and Reporting",exact_id_duplicate,5899536745,reporting analyst
Data Analyst,5887521034,Unison Group,"Senior Data Analyst - SQL, BI Reporting & SAP BW",exact_id_duplicate,5887521034,reporting analyst
Data Analyst,5887521051,Unison Group,"Senior Data Analyst - SQL, BI Reporting & SAP BW",exact_id_duplicate,5887521051,reporting analyst
Data Analyst,5895239259,SCG,Data Analyst/Engineer – SCG India,exact_id_duplicate,5895239259,data engineer
Data Analyst,5902920370,NTT Global Data Centers,Senior Business Intelligence Analyst,exact_id_duplicate,5902920370,business analyst
Data Analyst,5902729265,FairMoney,BI - Business Intelligence Analyst,exact_id_duplicate,5902729265,business analyst
Data Analyst,5901777130,FairMoney,BI - Business Intelligence Analyst,exact_id_duplicate,5901777130,business analyst
Data Analyst,5901762283,Infineon Technologies,Staff Specialist Business Data Analyst,exact_id_duplicate,5901762283,business analyst
Data Analyst,5899869790,Pure Storage,Business Intelligence Analyst,exact_id_duplicate,5899869790,business analyst
Data Analyst,5898500753,Southwest Airlines,Business Data Analyst - Analytics & AI,exact_id_duplicate,5898500753,business analyst
Data Analyst,5898127468,MyCareernet,Business Intelligence Analyst_97046,exact_id_duplicate,5898127468,business analyst
Data Analyst,5897952954,"NTT America, Inc.",Business and Data analyst,exact_id_duplicate,5897952954,business analyst
Data Analyst,5897024196,Southwest Airlines,Sr Business Data Analyst - AI & Analytics,exact_id_duplicate,5897024196,business analyst
Data Analyst,5896366844,Emerson,Business Intelligence Analyst,exact_id_duplicate,5896366844,business analyst
Data Analyst,5895381342,Jobgether,People Business Intelligence Analyst,exact_id_duplicate,5895381342,business analyst
Data Analyst,5894807447,Hirestar job Bank,Group Finance Business Intelligence Analyst,exact_id_duplicate,5894807447,business analyst
Data Analyst,5894130072,GoDaddy,People Business Intelligence Analyst,exact_id_duplicate,5894130072,business analyst
Data Analyst,5894081728,Emerson,Business Intelligence Analyst,exact_id_duplicate,5894081728,business analyst
Data Analyst,5893913372,Unison Group,"Senior Business Data Analyst - (DataBricks, SAP, Azure)",exact_id_duplicate,5893913372,business analyst
Data Analyst,5890803974,Red Hat,Business/Data Analyst - Training & Certification,exact_id_duplicate,5890803974,business analyst
Data Analyst,5890494495,Aanet Talent Global Solutions,Business Intelligence and Data Analyst,exact_id_duplicate,5890494495,business analyst
Data Analyst,5890241030,Red Hat,Business/Data Analyst - Training & Certification,exact_id_duplicate,5890241030,business analyst
Data Analyst,5890098297,"Turnitin, LLC","Business Intelligence Analyst, Revenue Operations (India Remote) - Hours 1-9pm IST",exact_id_duplicate,5890098297,business analyst
Data Analyst,5889535164,Workplace Options,Business Intelligence Analyst,exact_id_duplicate,5889535164,business analyst
Data Analyst,5883279308,The Hartford,IND Senior Business Data Analyst,exact_id_duplicate,5883279308,business analyst
Data Analyst,5881161261,The Hartford,IND Senior Business Data Analyst,exact_id_duplicate,5881161261,business analyst
Data Analyst,5879665881,Omnicom Global Solutions,Business Intelligence Analyst,exact_id_duplicate,5879665881,business analyst
Data Analyst,5877582847,Eastman,Business Intelligence Analyst - II,exact_id_duplicate,5877582847,business analyst
Data Analyst,5877386679,Workplace Options,Business Intelligence Analyst,exact_id_duplicate,5877386679,business analyst
Data Analyst,5889516776,WLEN WorldJobs LLP,Salesforce Functional Data Analyst JobID JC0015827,exact_id_duplicate,5889516776,functional analyst
Data Analyst,5900744967,Pure Storage,Senior MDM Product Data Analyst,exact_id_duplicate,5900744967,product analyst
Data Analyst,5896262135,PVH,End to End Product Data Analyst,exact_id_duplicate,5896262135,product analyst
Data Analyst,5887225917,PVH Corp.,End to End Product Data Analyst,exact_id_duplicate,5887225917,product analyst
Data Analyst,5877293918,PVH,End to End Product Data Analyst,exact_id_duplicate,5877293918,product analyst
Data Analyst,5832801225,Dozee,Business Intelligence Analyst - Product,exact_id_duplicate,5832801225,product analyst
Data Analyst,5898167951,Stripe,"Financial Data Analyst Intern, Technical Operations",exact_id_duplicate,5898167951,financial analyst
Data Analyst,5894807447,Hirestar job Bank,Group Finance Business Intelligence Analyst,exact_id_duplicate,5894807447,financial analyst
Data Analyst,5879541006,Coinhako,Data Analyst Intern (Finance) - January to May 2027,exact_id_duplicate,5879541006,financial analyst
Data Analyst,5876944778,WhiteBIT,Middle Financial BI Analyst,exact_id_duplicate,5876944778,financial analyst
Data Analyst,5874261915,Handshake,"Data Analyst, Finance and Payments",exact_id_duplicate,5874261915,financial analyst
Data Analyst,5869224495,Ares Operations,"Associate, Finance Technology Data Analyst",exact_id_duplicate,5869224495,financial analyst
Data Analyst,5898167951,Stripe,"Financial Data Analyst Intern, Technical Operations",exact_id_duplicate,5898167951,finance analyst
Data Analyst,5894807447,Hirestar job Bank,Group Finance Business Intelligence Analyst,exact_id_duplicate,5894807447,finance analyst
Data Analyst,5879541006,Coinhako,Data Analyst Intern (Finance) - January to May 2027,exact_id_duplicate,5879541006,finance analyst
Data Analyst,5876944778,WhiteBIT,Middle Financial BI Analyst,exact_id_duplicate,5876944778,finance analyst
Data Analyst,5874261915,Handshake,"Data Analyst, Finance and Payments",exact_id_duplicate,5874261915,finance analyst
Data Analyst,5869224495,Ares Operations,"Associate, Finance Technology Data Analyst",exact_id_duplicate,5869224495,finance analyst
Data Analyst,5844301375,SimCorp,Financial Data Analyst (Reference Data/Financial Instruments),exact_id_duplicate,5844301375,finance analyst
Data Analyst,5891897081,Genpact,Data Analyst 5B,near_duplicate(title+company+desc_prefix),5892976847,data analyst
Data Analyst,5891404249,GE Vernova,Data Analyst,near_duplicate(title+company+desc_prefix),5891876431,data analyst
Data Analyst,5890793026,Nike,"Lead Cyber Defense Data Analyst, ITC",near_duplicate(title+company+desc_prefix),5891404710,data analyst
Data Analyst,5887521051,Unison Group,"Senior Data Analyst - SQL, BI Reporting & SAP BW",near_duplicate(title+company+desc_prefix),5887521034,data analyst
Data Analyst,5881161261,The Hartford,IND Senior Business Data Analyst,near_duplicate(title+company+desc_prefix),5883279308,data analyst
Data Analyst,5876718084,Cornerstone onDemand,Data Analyst,near_duplicate(title+company+desc_prefix),5876718085,data analyst
Data Analyst,5875288726,Epsilon,Senior Data Analyst Data Analytics,near_duplicate(title+company+desc_prefix),5876949177,data analyst
Data Analyst,5875235773,Unison Group,"Senior Data Analyst - SAP BW/ECC, Databricks & BI",near_duplicate(title+company+desc_prefix),5876949340,data analyst
Data Analyst,5872786182,Kyndryl,Data Analyst / Engineer,near_duplicate(title+company+desc_prefix),5872786172,data analyst
Data Analyst,5870122609,S&P Global,Lead Data Analyst - Data Operations,near_duplicate(title+company+desc_prefix),5870122610,data analyst
Data Analyst,5901777130,FairMoney,BI - Business Intelligence Analyst,near_duplicate(title+company+desc_prefix),5902729265,bi analyst
Data Analyst,5877386679,Workplace Options,Business Intelligence Analyst,near_duplicate(title+company+desc_prefix),5889535164,business intelligence analyst
Data Analyst,5825361230,Applied Materials,Business Intelligence Analyst,near_duplicate(title+company+desc_prefix),5826674517,business intelligence analyst
Data Analyst,5785803419,Eastman,Business Intelligence Analyst II,near_duplicate(title+company+desc_prefix),5877582847,business intelligence analyst
Data Scientist,5896368986,United Airlines,Analyst - Data Scientist Machine Learning,exact_id_duplicate,5896368986,data scientist
Data Scientist,5900720585,PricewaterhouseCoopers,IN_Senior Associate_ AI Data Scientist Engineer_GCC_Advisory_Bangalore,exact_id_duplicate,5900720585,data engineer
Data Scientist,5900355279,GE Vernova,"Senior Data Scientist, Blades Fleet Engineering",exact_id_duplicate,5900355279,data engineer
Data Scientist,5898481081,Airbus,Data Scientist/Digitalization Engineer – System Standard Parts (m/f/d),exact_id_duplicate,5898481081,data engineer
Data Scientist,5897064231,PricewaterhouseCoopers,Data Scientist - AI/ML - Engineer - Senior Associate,exact_id_duplicate,5897064231,data engineer
Data Scientist,5897040700,Roche,Full-Stack AI Engineer / Data Scientist – Agentic Systems,exact_id_duplicate,5897040700,data engineer
Data Scientist,5896367804,Roche,Full-Stack AI Engineer / Data Scientist - Agentic Systems,exact_id_duplicate,5896367804,data engineer
Data Scientist,5895374010,PricewaterhouseCoopers,IN_Associate_ AI Data Scientist Engineer_GCC_Advisory_Bangalore,exact_id_duplicate,5895374010,data engineer
Data Scientist,5895353592,PricewaterhouseCoopers,IN_Senior Associate_ AI Data Scientist Engineer_GCC_Advisory_Bangalore,exact_id_duplicate,5895353592,data engineer
Data Scientist,5894127115,Morgan Stanley,Data Scientist - Director - Data & Analytics Engineering,exact_id_duplicate,5894127115,analytics engineer
Data Scientist,5871788151,Polestar Analytics,Polestar Analytics - Machine Learning Engineer,exact_id_duplicate,5871788151,analytics engineer
Data Scientist,5902722335,Stripe,"Machine Learning Engineer, Growth Platform",exact_id_duplicate,5902722335,platform engineer
Data Scientist,5892683576,Robinhood,"Staff Machine Learning Engineer, AI Platform & Agentic Apps",exact_id_duplicate,5892683576,platform engineer
Data Scientist,5891575852,Coinbase,Staff Machine Learning Engineer(Platform - Identity),exact_id_duplicate,5891575852,platform engineer
Data Scientist,5887909289,Warner Bros. Discovery,Staff Machine Learning Engineer - (Data & Audience Platform),exact_id_duplicate,5887909289,platform engineer
Data Scientist,5887229420,Warner Bros. Discovery,Staff Machine Learning Engineer - (Data & Audience Platform),exact_id_duplicate,5887229420,platform engineer
Data Scientist,5902583936,Amazon,"Machine Learning Engineer, Amazon Music - Catalog Quality",exact_id_duplicate,5902583936,quality engineer
Data Scientist,5883489679,Amazon Music,"Machine Learning Engineer, Amazon Music - Catalog Quality",exact_id_duplicate,5883489679,quality engineer
Data Scientist,5864860405,Amazon,"Machine Learning Engineer, Amazon Music - Catalog Quality",exact_id_duplicate,5864860405,quality engineer
Data Scientist,5834769082,UPS,Senior Applications Developer- Data Scientist,near_duplicate(title+company+desc_prefix),5835319964,application developer
Data Scientist,5900718157,Linde,Senior Data Scientist Industrial AI & Optimization - AI Hub,near_duplicate(title+company+desc_prefix),5900738357,data scientist
Data Scientist,5900357000,UnitedHealth Group,Associate Data Scientist,near_duplicate(title+company+desc_prefix),5900357018,data scientist
Data Scientist,5898483425,Datamatics Technologies,Data Scientist,near_duplicate(title+company+desc_prefix),5898497143,data scientist
Data Scientist,5898482601,Datamatics Technologies,Data Scientist,near_duplicate(title+company+desc_prefix),5898497143,data scientist
Data Scientist,5898473292,Datamatics Technologies,Data Scientist,near_duplicate(title+company+desc_prefix),5898497143,data scientist
Data Scientist,5897054423,Warner Bros. Discovery,Senior Data Scientist - Hyderabad,near_duplicate(title+company+desc_prefix),5897954993,data scientist
Data Scientist,5897040554,Warner Bros. Discovery,"Data Scientist II, Hyderabad",near_duplicate(title+company+desc_prefix),5897954988,data scientist
Data Scientist,5896367826,Roche,Senior Data Scientist,near_duplicate(title+company+desc_prefix),5897049179,data scientist
Data Scientist,5896367818,Roche,Senior Data Scientist,near_duplicate(title+company+desc_prefix),5897049179,data scientist
Data Scientist,5896367804,Roche,Full-Stack AI Engineer / Data Scientist - Agentic Systems,near_duplicate(title+company+desc_prefix),5897040700,data scientist
Data Scientist,5895354461,Elanco,Principal Data Scientist,near_duplicate(title+company+desc_prefix),5896110903,data scientist
Data Scientist,5895353592,PricewaterhouseCoopers,IN_Senior Associate_ AI Data Scientist Engineer_GCC_Advisory_Bangalore,near_duplicate(title+company+desc_prefix),5900720585,data scientist
Data Scientist,5894103775,Roche,Full-Stack AI Engineer / Data Scientist – Agentic Systems,near_duplicate(title+company+desc_prefix),5897040700,data scientist
Data Scientist,5893623857,Roche,Full-Stack AI Engineer / Data Scientist - Agentic Systems,near_duplicate(title+company+desc_prefix),5897040700,data scientist
Data Scientist,5892386799,Unilever,Data Scientist,near_duplicate(title+company+desc_prefix),5892979833,data scientist
Data Scientist,5891892122,Genpact,Sr. Data Scientist 4B,near_duplicate(title+company+desc_prefix),5899852556,data scientist
Data Scientist,5891404639,Mastercard,Senior Data Scientist,near_duplicate(title+company+desc_prefix),5897952025,data scientist
Data Scientist,5890240634,Cytel,Principal Data Scientist,near_duplicate(title+company+desc_prefix),5890240637,data scientist
Data Scientist,5889682066,Tata Consultancy Services,Data Scientist,near_duplicate(title+company+desc_prefix),5889682515,data scientist
Data Scientist,5888774763,TIAA,Senior Associate - Data Scientist,near_duplicate(title+company+desc_prefix),5888774765,data scientist
Data Scientist,5888772164,IBM,Data Scientist-Artificial Intelligence,near_duplicate(title+company+desc_prefix),5888772254,data scientist
Data Scientist,5887907000,eBay,Data Scientist,near_duplicate(title+company+desc_prefix),5890800514,data scientist
Data Scientist,5887225905,IBM,Data Scientist-Artificial Intelligence,near_duplicate(title+company+desc_prefix),5888772254,data scientist
Data Scientist,5885969078,Ripple,Senior Data Scientist,near_duplicate(title+company+desc_prefix),5902721400,data scientist
Data Scientist,5882275122,GE HealthCare,Staff Data Scientist,near_duplicate(title+company+desc_prefix),5882764814,data scientist
Data Scientist,5878712010,Genpact,Data Scientist 4A,near_duplicate(title+company+desc_prefix),5883711782,data scientist
Data Scientist,5878377233,Funding Societies | Modalku Group,Senior Data Scientist - Credit Risk,near_duplicate(title+company+desc_prefix),5879552361,data scientist
Data Scientist,5878060504,Teradata,Staff Data Scientist,near_duplicate(title+company+desc_prefix),5879368754,data scientist
Data Scientist,5877847611,Tvs Credit Services Ltd,Data Scientist,near_duplicate(title+company+desc_prefix),5877847645,data scientist
Data Scientist,5876650497,GoTymeX,Credit Data Scientist (Credit Analytics) - Bengaluru,near_duplicate(title+company+desc_prefix),5878284918,data scientist
Data Scientist,5899870572,Palo Alto Networks,Principal Machine Learning Engineer (Prisma AIRS) - NetSec,near_duplicate(title+company+desc_prefix),5900356110,machine learning engineer
Data Scientist,5899329495,UnitedHealth Group,"Senior AI/ML Engineer - Machine learning, Agentic AI, LangGraph",near_duplicate(title+company+desc_prefix),5899329497,machine learning engineer
Data Scientist,5897056647,Warner Bros. Discovery,"Machine Learning Engineer II, Hyderabad",near_duplicate(title+company+desc_prefix),5897954990,machine learning engineer
Data Scientist,5897044364,Nike,"Principal Machine Learning Engineer, ITC",near_duplicate(title+company+desc_prefix),5897952273,machine learning engineer
Data Scientist,5895065911,Quantiphi,Senior Machine Learning Engineer - Traditional,near_duplicate(title+company+desc_prefix),5895352387,machine learning engineer
Data Scientist,5894129222,Quantiphi,Senior Machine Learning Engineer,near_duplicate(title+company+desc_prefix),5895382354,machine learning engineer
Data Scientist,5893913388,Weekday AI,Lead Machine Learning Engineer,near_duplicate(title+company+desc_prefix),5895065476,machine learning engineer
Data Scientist,5893733505,Weekday AI,Staff Machine Learning Engineer,near_duplicate(title+company+desc_prefix),5895065968,machine learning engineer
Data Scientist,5887229420,Warner Bros. Discovery,Staff Machine Learning Engineer - (Data & Audience Platform),near_duplicate(title+company+desc_prefix),5887909289,machine learning engineer
Data Scientist,5885693130,SAP,Senior Machine Learning Engineer-Office of the CTO,near_duplicate(title+company+desc_prefix),5888774077,machine learning engineer
Data Scientist,5877238208,Quantiphi,Senior Machine Learning Engineer,near_duplicate(title+company+desc_prefix),5895382354,machine learning engineer
Data Scientist,5873186683,Palo Alto Networks,Staff Machine Learning Engineer,near_duplicate(title+company+desc_prefix),5873770624,machine learning engineer
Data Scientist,5872112013,Quantiphi,Senior Machine Learning Engineer,near_duplicate(title+company+desc_prefix),5895382354,machine learning engineer
Data Scientist,5859122227,Tiger Analytics,Machine Learning Engineer - MLOps,near_duplicate(title+company+desc_prefix),5859122231,machine learning engineer
Data Scientist,5859122228,Tiger Analytics,Machine Learning Engineer - MLOps,near_duplicate(title+company+desc_prefix),5859122231,machine learning engineer
Data Scientist,5854445892,Amazon,"Machine Learning Engineer, Amazon Music - Catalog Quality",near_duplicate(title+company+desc_prefix),5864860405,machine learning engineer
Data Scientist,5850636104,S&P Global,Senior Machine Learning Engineer,near_duplicate(title+company+desc_prefix),5850636106,machine learning engineer
Data Scientist,5849315350,SAP,"Senior Machine Learning Engineer, SAP Application AI Team",near_duplicate(title+company+desc_prefix),5850634468,machine learning engineer
Data Scientist,5848363833,S&P Global,Senior Machine Learning Engineer,near_duplicate(title+company+desc_prefix),5850636106,machine learning engineer
Data Scientist,5832089526,Ciklum,Senior Artificial Intelligence/Machine Learning Engineer,near_duplicate(title+company+desc_prefix),5838473803,machine learning engineer
Data Scientist,5832082352,Warner Bros. Discovery,"Senior Machine Learning Engineer, Hyderabad",near_duplicate(title+company+desc_prefix),5833032594,machine learning engineer
Data Scientist,5832080138,Ciklum,Senior Artificial Intelligence/Machine Learning Engineer,near_duplicate(title+company+desc_prefix),5838473803,machine learning engineer
Data Scientist,5832073435,Ciklum,Senior Artificial Intelligence/Machine Learning Engineer,near_duplicate(title+company+desc_prefix),5838473803,machine learning engineer
Data Scientist,5820791797,Amazon,"Machine Learning Engineer, Amazon Music - Catalog Quality",near_duplicate(title+company+desc_prefix),5902583936,machine learning engineer
Data Scientist,5783496362,Simeio,"Lead Machine Learning Engineer (Python, GenAI, MLOps)",near_duplicate(title+company+desc_prefix),5787208866,machine learning engineer
Data Scientist,5898996729,Amazon,"Applied Scientist II, Cross Border Science and Analytics",near_duplicate(title+company+desc_prefix),5900354473,applied scientist
Data Scientist,5896030071,Microsoft,Senior Applied Scientist,near_duplicate(title+company+desc_prefix),5897050278,applied scientist
Data Scientist,5890486916,Amazon,"Sr. Applied Scientist, Last Mile Science",near_duplicate(title+company+desc_prefix),5891403726,applied scientist
Data Scientist,5883272806,Amazon,"Applied Scientist II, Amazon Search",near_duplicate(title+company+desc_prefix),5898181000,applied scientist
Data Scientist,5882272445,Amazon,"Sr Applied Scientist, Amazon Shipping",near_duplicate(title+company+desc_prefix),5901252795,applied scientist
Data Scientist,5882272426,Amazon,"Applied Scientist II, Amazon Shipping",near_duplicate(title+company+desc_prefix),5882272428,applied scientist
Data Scientist,5878710901,Amazon,"Sr. Applied Scientist, Last Mile Science",near_duplicate(title+company+desc_prefix),5890815551,applied scientist
Data Scientist,5876716479,Amazon,"Applied Scientist, CMT",near_duplicate(title+company+desc_prefix),5876716502,applied scientist
Data Scientist,5875447789,Amazon,"Applied Scientist, CMT",near_duplicate(title+company+desc_prefix),5876716502,applied scientist
Data Scientist,5871529984,Amazon,"Applied Scientist, SSG Science",near_duplicate(title+company+desc_prefix),5871529969,applied scientist
Data Scientist,5868701958,Amazon,"Sr. Applied Scientist, SSG Science",near_duplicate(title+company+desc_prefix),5871529962,applied scientist
Data Scientist,5859418291,Amazon,"Applied Scientist II, Alexa Ads",near_duplicate(title+company+desc_prefix),5879551688,applied scientist
Data Scientist,5859418166,Amazon,"Applied Scientist II, Grocery, Retail & In-Store Experience (GRAISE)",near_duplicate(title+company+desc_prefix),5879551659,applied scientist
Data Scientist,5857941049,Amazon,"Senior Applied Scientist, International Machine Learning",near_duplicate(title+company+desc_prefix),5889085899,applied scientist
Data Scientist,5857940913,Amazon,"Applied Scientist II, Amazon Recommerce India",near_duplicate(title+company+desc_prefix),5887520808,applied scientist
Data Scientist,5856983373,Amazon,"Senior Applied Scientist, International Machine Learning",near_duplicate(title+company+desc_prefix),5878636809,applied scientist
Data Scientist,5853707950,Amazon Music,"Applied Scientist, Amazon Music - Catalog Quality",near_duplicate(title+company+desc_prefix),5878627480,applied scientist
Data Scientist,5843170887,Amazon,"Applied Scientist, Alexa Edge AI",near_duplicate(title+company+desc_prefix),5843185834,applied scientist
Data Scientist,5841936037,Amazon,"Applied Scientist II, FinAuto",near_duplicate(title+company+desc_prefix),5878628871,applied scientist
Data Scientist,5840369449,Amazon,"Applied Scientist, Alexa Edge AI",near_duplicate(title+company+desc_prefix),5843185834,applied scientist
Data Scientist,5822057595,Amazon,"Applied Scientist II, On Road Experience",near_duplicate(title+company+desc_prefix),5879551671,applied scientist
Data Scientist,5820791802,Amazon,"Applied Scientist, Amazon Music - Catalog Quality",near_duplicate(title+company+desc_prefix),5854202961,applied scientist
Data Scientist,5813413949,Amazon,"Sr Applied Scientist, Product Detail Page",near_duplicate(title+company+desc_prefix),5879552270,applied scientist
Data Scientist,5811916388,Amazon,"Senior Applied Scientist, International Machine Learning",near_duplicate(title+company+desc_prefix),5889085899,applied scientist
Data Scientist,5811916449,Amazon,"Senior Applied Scientist, International Machine Learning",near_duplicate(title+company+desc_prefix),5889085899,applied scientist
Data Scientist,5811916432,Amazon,"Senior Applied Scientist, International Machine Learning",near_duplicate(title+company+desc_prefix),5889085899,applied scientist
Data Scientist,5888551626,IBM,ML Engineer-Advanced Analytics,near_duplicate(title+company+desc_prefix),5901253523,analytics engineer
Data Scientist,5879551365,Amazon,"Data Scientist II, Forecasting, Demand Planning and Workforce Intelligence",employer_cap(>33 per employer),,data scientist
Data Scientist,5864860405,Amazon,"Machine Learning Engineer, Amazon Music - Catalog Quality",employer_cap(>33 per employer),,machine learning engineer
Data Scientist,5843191484,Amazon,"Machine Learning Engineer II, EU INTech - Exports, Emerging and Expansions",employer_cap(>33 per employer),,machine learning engineer
Data Scientist,5834359485,Amazon,"Machine Learning Engineer II, EU INTech - Exports, Emerging and Expansions",employer_cap(>33 per employer),,machine learning engineer
Data Scientist,5879551827,Amazon,"Applied Scientist II, Search Relevance International",employer_cap(>33 per employer),,applied scientist
Data Scientist,5879551688,Amazon,"Applied Scientist II, Alexa Ads",employer_cap(>33 per employer),,applied scientist
Data Scientist,5879551616,Amazon,"Applied Scientist II, HST Health Evaluation",employer_cap(>33 per employer),,applied scientist
Data Scientist,5879551659,Amazon,"Applied Scientist II, Grocery, Retail & In-Store Experience (GRAISE)",employer_cap(>33 per employer),,applied scientist
Data Scientist,5879551702,Amazon,"Sr. Applied Scientist, Alexa Excellence AI Ops, Alexa Excellence AI Ops",employer_cap(>33 per employer),,applied scientist
Data Scientist,5879551671,Amazon,"Applied Scientist II, On Road Experience",employer_cap(>33 per employer),,applied scientist
Data Scientist,5879551718,Amazon,"Senior Applied Scientist, Alexa Ads",employer_cap(>33 per employer),,applied scientist
Data Scientist,5879362927,Amazon,"Applied Scientist II, Translation Services",employer_cap(>33 per employer),,applied scientist
Data Scientist,5879362888,Amazon,"Senior Applied Scientist, Amazon Music - Search Science, Amazon Music - Search Science",employer_cap(>33 per employer),,applied scientist
Data Scientist,5879362886,Amazon,"Applied Scientist-II, Amazon Music - Search Science, Amazon Music - Search Science",employer_cap(>33 per employer),,applied scientist
Data Scientist,5878706885,Amazon,"Senior Applied Scientist, Alexa Smart Home",employer_cap(>33 per employer),,applied scientist
Data Scientist,5878704904,Amazon,"Senior Applied Scientist, FinAuto",employer_cap(>33 per employer),,applied scientist
Data Scientist,5878701175,Amazon,"Applied Scientist II, On Road Experience",employer_cap(>33 per employer),,applied scientist
Data Scientist,5878698187,Amazon,"Applied Scientist II, Worldwide Returns & Recommerce - Science",employer_cap(>33 per employer),,applied scientist
Data Scientist,5878693141,Amazon,"Senior Applied Scientist, Amazon Core Search",employer_cap(>33 per employer),,applied scientist
Data Scientist,5878678000,Amazon,"Applied Scientist II, Translation Services",employer_cap(>33 per employer),,applied scientist
Data Scientist,5878650415,Amazon,"Sr. Applied Scientist, Alexa Excellence AI Ops, Alexa Excellence AI Ops",employer_cap(>33 per employer),,applied scientist
Data Scientist,5878636809,Amazon,"Senior Applied Scientist, International Machine Learning",employer_cap(>33 per employer),,applied scientist
Data Scientist,5878629672,Amazon,"Applied Scientist II, Last Mile",employer_cap(>33 per employer),,applied scientist
Data Scientist,5878628871,Amazon,"Applied Scientist II, FinAuto",employer_cap(>33 per employer),,applied scientist
Data Scientist,5878627482,Amazon,"Senior Applied Scientist , Buyer Risk Prevention (BRP)",employer_cap(>33 per employer),,applied scientist
Data Scientist,5878626479,Amazon,"Applied Scientist II, Last Mile Science",employer_cap(>33 per employer),,applied scientist
Data Scientist,5877297160,Amazon,"Applied Scientist II, CMT",employer_cap(>33 per employer),,applied scientist
Data Scientist,5876716502,Amazon,"Applied Scientist, CMT",employer_cap(>33 per employer),,applied scientist
Data Scientist,5876716451,Amazon,"Applied Scientist II, CMT",employer_cap(>33 per employer),,applied scientist
Data Scientist,5873769492,Amazon,"Senior Applied Scientist, Data-Tech, Workplace Health & Safety",employer_cap(>33 per employer),,applied scientist
Data Scientist,5873162544,Amazon,"Senior Applied Scientist, Data-Tech, Workplace Health & Safety",employer_cap(>33 per employer),,applied scientist
Data Scientist,5871529962,Amazon,"Sr. Applied Scientist, SSG Science",employer_cap(>33 per employer),,applied scientist
Data Scientist,5871529969,Amazon,"Applied Scientist, SSG Science",employer_cap(>33 per employer),,applied scientist
Data Scientist,5867246044,Amazon,"Applied Scientist II, Amazon Smart Vehicles",employer_cap(>33 per employer),,applied scientist
Data Scientist,5862290342,Amazon,"Applied Scientist II, International Machine Learning",employer_cap(>33 per employer),,applied scientist
Data Scientist,5861951600,Amazon,"Senior Applied Scientist, Search Relevance International",employer_cap(>33 per employer),,applied scientist
Data Scientist,5861228081,Amazon,"Senior Applied Scientist, Search Relevance International",employer_cap(>33 per employer),,applied scientist
Data Scientist,5856969111,Amazon,"Applied Scientist II, Amazon Recommerce India",employer_cap(>33 per employer),,applied scientist
Data Scientist,5854202961,Amazon,"Applied Scientist, Amazon Music - Catalog Quality",employer_cap(>33 per employer),,applied scientist
Data Scientist,5850613264,Amazon,"Sr Applied Scientist, Amazon Recommerce India",employer_cap(>33 per employer),,applied scientist
Data Scientist,5849677525,Amazon,"Sr Applied Scientist, Amazon Recommerce India",employer_cap(>33 per employer),,applied scientist
Data Scientist,5844305876,Amazon,"Applied Scientist II, Sheriff Team- Payroll tech",employer_cap(>33 per employer),,applied scientist
Data Scientist,5844297480,Amazon,"Applied Scientist II, Grocery, Retail & In-Store Experience (GRAISE)",employer_cap(>33 per employer),,applied scientist
Data Scientist,5843188135,Amazon,"Senior Applied Scientist , RBS Tech",employer_cap(>33 per employer),,applied scientist
Data Scientist,5843185834,Amazon,"Applied Scientist, Alexa Edge AI",employer_cap(>33 per employer),,applied scientist
Data Scientist,5843168765,Amazon,"Applied Scientist, Trust CX Innovations&AI Policy",employer_cap(>33 per employer),,applied scientist
Data Scientist,5843162188,Amazon,"Sr. Applied Scientist, Seller Fee Science",employer_cap(>33 per employer),,applied scientist
Data Scientist,5843156154,Amazon,"Applied Scientist II, Detail Page",employer_cap(>33 per employer),,applied scientist
Data Scientist,5841944183,Amazon,"Senior Applied Scientist, Translation Services",employer_cap(>33 per employer),,applied scientist
Data Scientist,5839578825,Amazon,"Applied Scientist II, Amazon Smart Vehicles",employer_cap(>33 per employer),,applied scientist
Data Scientist,5839578817,Amazon,"Applied Scientist, Alexa Edge AI",employer_cap(>33 per employer),,applied scientist
Data Scientist,5830611823,Amazon,"Applied Scientist II, Alexa AI",employer_cap(>33 per employer),,applied scientist
Data Scientist,5828761360,Amazon,"Applied Scientist, Alexa International Tech",employer_cap(>33 per employer),,applied scientist
Data Scientist,5828761326,Amazon,"Applied Scientist II, Alexa International Tech",employer_cap(>33 per employer),,applied scientist
Data Scientist,5825361114,Amazon,"Applied Scientist II, IN SPS Tech",employer_cap(>33 per employer),,applied scientist
Data Scientist,5824123249,Amazon,"Applied Scientist II, IN SPS Tech",employer_cap(>33 per employer),,applied scientist
Data Scientist,5823359460,Amazon,"Senior Applied Scientist, Traffic Quality",employer_cap(>33 per employer),,applied scientist
Data Scientist,5818421030,Amazon,"Applied Scientist II, Vertical Search Relevance",employer_cap(>33 per employer),,applied scientist
Data Scientist,5812841002,Amazon,"Sr Applied Scientist, Product Detail Page",employer_cap(>33 per employer),,applied scientist
Data Scientist,5807873454,Amazon,"Senior Applied Scientist, Amazon Core Search",employer_cap(>33 per employer),,applied scientist
Data Scientist,5804445020,Amazon,"Senior Applied Scientist, Alexa Smart Home",employer_cap(>33 per employer),,applied scientist
Data Scientist,5804445048,Amazon,"Applied Scientist II, Worldwide Returns & Recommerce - Science",employer_cap(>33 per employer),,applied scientist
Data Engineer,5880062263,Kake,Senior Data Engineer (Analyst/Scientist) - Remote,exact_id_duplicate,5880062263,data scientist
Data Engineer,5900722205,Linde,Data Engineer Software Engineering - AI Hub,exact_id_duplicate,5900722205,data engineer
Data Engineer,5898127774,CloudLabs Inc,Senior Data Engineer/Analyst (India- Remote),exact_id_duplicate,5898127774,data engineer
Data Engineer,5899512278,AGAM Technologies Solutions Private Limited,Senior Data Engineer (ETL Developer),exact_id_duplicate,5899512278,etl developer
Data Engineer,5899510948,Nice Software Solutions Pvt. Ltd.,Big Data Engineer,exact_id_duplicate,5899510948,big data engineer
Data Engineer,5897949474,Citigroup,Java Spark Big Data Engineer - Assistant Vice President,exact_id_duplicate,5897949474,big data engineer
Data Engineer,5902917779,Revvity,Data Analytics Engineer,exact_id_duplicate,5902917779,analytics engineer
Data Engineer,5902911745,BSR & Co,Data & Analytics Engineer - AM,exact_id_duplicate,5902911745,analytics engineer
Data Engineer,5902910989,Revvity,Associate Data Analytics Engineer,exact_id_duplicate,5902910989,analytics engineer
Data Engineer,5902909666,JPMorganChase,Data Engineer III - Analytics Engineer (Databricks),exact_id_duplicate,5902909666,analytics engineer
Data Engineer,5902287182,Neev Pvt Ltd,Data Modeler / Analytics Engineer,exact_id_duplicate,5902287182,analytics engineer
Data Engineer,5899838666,PricewaterhouseCoopers,IN_Manager 2_Azure Data Engineer_OC-Data & Analytics_Advisory_Bhubaneswar,exact_id_duplicate,5899838666,analytics engineer
Data Engineer,5899328310,"NTT America, Inc.",Data Analytics Engineer (Microsoft Fabric & Power BI),exact_id_duplicate,5899328310,analytics engineer
Data Engineer,5898465435,BSR & Co,Data & Analytics Engineer - Consultant,exact_id_duplicate,5898465435,analytics engineer
Data Engineer,5897067407,Natwest Group,"Data Engineer, Analytics Engineering, VP",exact_id_duplicate,5897067407,analytics engineer
Data Engineer,5897044420,BSR & Co,Data & Analytics Engineer - Consultant,exact_id_duplicate,5897044420,analytics engineer
Data Engineer,5897042436,BSR & Co,Data & Analytics Engineer - AM,exact_id_duplicate,5897042436,analytics engineer
Data Engineer,5896122749,Infosys Limited,"Data Analytics Engineer(AI/ML, ETL, OSS, Telecom)",exact_id_duplicate,5896122749,analytics engineer
Data Engineer,5895349103,BMW TechWorks,Data Engineer-Customer Analytics AIML,exact_id_duplicate,5895349103,analytics engineer
Data Engineer,5887520561,DHL,Data Engineer & Analyst – Data Pipelines & Analytics (Backend),exact_id_duplicate,5887520561,analytics engineer
Data Engineer,5897060777,Synechron,"GCP Data Engineer – Cloud Architecture, Agile & Data Management",exact_id_duplicate,5897060777,cloud engineer
Data Engineer,5896368967,UnitedHealth Group,"Data Engineer - Cloud ETL, Azure, Data Bricks, Snowflake, Pyspark",exact_id_duplicate,5896368967,cloud engineer
Data Engineer,5901762204,IBM,Data Engineer-Data Platforms-Databricks,exact_id_duplicate,5901762204,platform engineer
Data Engineer,5901480984,IBM,Data Engineer-Data Platforms-SnowFlake,exact_id_duplicate,5901480984,platform engineer
Data Engineer,5901253539,IBM,Data Engineer-Data Platforms-Google,exact_id_duplicate,5901253539,platform engineer
Data Engineer,5900355689,IBM,Data Engineer-Data Platforms-Databricks,exact_id_duplicate,5900355689,platform engineer
Data Engineer,5900355715,IBM,Data Engineer-Data Platforms-SnowFlake,exact_id_duplicate,5900355715,platform engineer
Data Engineer,5900355711,IBM,Data Engineer-Data Platforms-AWS,exact_id_duplicate,5900355711,platform engineer
Data Engineer,5900355685,IBM,Data Engineer-Data Platforms-Azure,exact_id_duplicate,5900355685,platform engineer
Data Engineer,5899864392,Mitsubishi UFJ Financial Group,"Sr. Security Data Engineer & Developer, Security Data Platform",exact_id_duplicate,5899864392,platform engineer
Data Engineer,5899327499,IBM,Data Engineer-Data Platforms-SnowFlake,exact_id_duplicate,5899327499,platform engineer
Data Engineer,5899073099,IBM,Data Engineer-Data Platforms-AWS,exact_id_duplicate,5899073099,platform engineer
Data Engineer,5897031851,Mico,Senior Data Engineer (Data Platform),exact_id_duplicate,5897031851,platform engineer
Data Engineer,5899864392,Mitsubishi UFJ Financial Group,"Sr. Security Data Engineer & Developer, Security Data Platform",exact_id_duplicate,5899864392,security engineer
Data Engineer,5897060467,EXL,Healthcare Data Engineer - HEDIS & Quality (India),exact_id_duplicate,5897060467,quality engineer
Data Engineer,5902917729,Genpact,Sr. Data Engineer - Data Engineering 4B,near_duplicate(title+company+desc_prefix),5902919201,data engineer
Data Engineer,5902914599,Genpact,Sr. Data Engineer - Data Engineering 4B,near_duplicate(title+company+desc_prefix),5902919201,data engineer
Data Engineer,5902910251,Genpact,Sr. Data Engineer - Data Engineering 4B,near_duplicate(title+company+desc_prefix),5902919201,data engineer
Data Engineer,5902631722,Frontline Data Solutions,Azure Data Engineer,near_duplicate(title+company+desc_prefix),5902631717,data engineer
Data Engineer,5902631716,Frontline Data Solutions,Azure Data Engineer,near_duplicate(title+company+desc_prefix),5902631717,data engineer
Data Engineer,5902067810,AgileEngine,Data Engineer ID89384,near_duplicate(title+company+desc_prefix),5902067796,data engineer
Data Engineer,5902067778,AgileEngine,Data Engineer ID89384,near_duplicate(title+company+desc_prefix),5902067796,data engineer
Data Engineer,5902067791,AgileEngine,Data Engineer ID89384,near_duplicate(title+company+desc_prefix),5902067796,data engineer
Data Engineer,5902067793,AgileEngine,Data Engineer ID89384,near_duplicate(title+company+desc_prefix),5902067796,data engineer
Data Engineer,5902067758,AgileEngine,Data Engineer ID89384,near_duplicate(title+company+desc_prefix),5902067796,data engineer
Data Engineer,5902067784,AgileEngine,Data Engineer ID89384,near_duplicate(title+company+desc_prefix),5902067796,data engineer
Data Engineer,5902067764,AgileEngine,Data Engineer ID89384,near_duplicate(title+company+desc_prefix),5902067796,data engineer
Data Engineer,5902067794,AgileEngine,Data Engineer ID89384,near_duplicate(title+company+desc_prefix),5902067796,data engineer
Data Engineer,5902067792,AgileEngine,Data Engineer ID89384,near_duplicate(title+company+desc_prefix),5902067796,data engineer
Data Engineer,5902067807,AgileEngine,Data Engineer ID89384,near_duplicate(title+company+desc_prefix),5902067796,data engineer
Data Engineer,5902067799,AgileEngine,Data Engineer ID89384,near_duplicate(title+company+desc_prefix),5902067796,data engineer
Data Engineer,5902067801,AgileEngine,Data Engineer ID89384,near_duplicate(title+company+desc_prefix),5902067796,data engineer
Data Engineer,5902067739,AgileEngine,Data Engineer ID89384,near_duplicate(title+company+desc_prefix),5902067796,data engineer
Data Engineer,5902067752,AgileEngine,Data Engineer ID89384,near_duplicate(title+company+desc_prefix),5902067796,data engineer
Data Engineer,5902067757,AgileEngine,Data Engineer ID89384,near_duplicate(title+company+desc_prefix),5902067796,data engineer
Data Engineer,5901703375,Accenture,Data Engineer,near_duplicate(title+company+desc_prefix),5902918636,data engineer
Data Engineer,5901424872,Weekday AI,Senior Data Engineer,near_duplicate(title+company+desc_prefix),5902729986,data engineer
Data Engineer,5900749947,Genpact,Lead Data Engineer - Data Engineering 4C,near_duplicate(title+company+desc_prefix),5902916362,data engineer
Data Engineer,5900741150,Labcorp,DA Lead Data Engineer,near_duplicate(title+company+desc_prefix),5901253640,data engineer
Data Engineer,5900737600,Accenture,Data Engineer,near_duplicate(title+company+desc_prefix),5902918636,data engineer
Data Engineer,5900727611,Linde,Data Engineer,near_duplicate(title+company+desc_prefix),5900736535,data engineer
Data Engineer,5900713374,Accenture,Data Engineer,near_duplicate(title+company+desc_prefix),5902918636,data engineer
Data Engineer,5900355689,IBM,Data Engineer-Data Platforms-Databricks,near_duplicate(title+company+desc_prefix),5901762204,data engineer
Data Engineer,5900355715,IBM,Data Engineer-Data Platforms-SnowFlake,near_duplicate(title+company+desc_prefix),5901480984,data engineer
Data Engineer,5900354539,Bank of America,Data Engineer III GBS IND,near_duplicate(title+company+desc_prefix),5900354548,data engineer
Data Engineer,5900354545,Bank of America,Data Engineer III GBS IND,near_duplicate(title+company+desc_prefix),5900354548,data engineer
Data Engineer,5899836278,BlackRock,VP - Senior Data Engineer (Python/Snowflake/Apache Airflow),near_duplicate(title+company+desc_prefix),5902584629,data engineer
Data Engineer,5899327499,IBM,Data Engineer-Data Platforms-SnowFlake,near_duplicate(title+company+desc_prefix),5901480984,data engineer
Data Engineer,5899073099,IBM,Data Engineer-Data Platforms-AWS,near_duplicate(title+company+desc_prefix),5900355711,data engineer
Data Engineer,5898499914,Accenture,Data Engineer,near_duplicate(title+company+desc_prefix),5902918636,data engineer
Data Engineer,5898313378,Weekday AI,QA Data Engineer - P4,near_duplicate(title+company+desc_prefix),5900529958,data engineer
Data Engineer,5897176662,Ascendion,Data/ETL Engineer,near_duplicate(title+company+desc_prefix),5899073205,data engineer
Data Engineer,5897047822,Accenture,Data Engineer,near_duplicate(title+company+desc_prefix),5902918636,data engineer
Data Engineer,5897047451,Genpact,Sr. Data Engineer - Data Engineering 4B,near_duplicate(title+company+desc_prefix),5902919201,data engineer
Data Engineer,5897046105,Accenture,Data Engineer,near_duplicate(title+company+desc_prefix),5902918636,data engineer
Data Engineer,5897042966,Accenture,Data Engineer,near_duplicate(title+company+desc_prefix),5902918636,data engineer
Data Engineer,5897037657,Accenture,Data Engineer,near_duplicate(title+company+desc_prefix),5902918636,data engineer
Data Engineer,5896786066,Weekday AI,Data Engineer,near_duplicate(title+company+desc_prefix),5898178653,data engineer
Data Engineer,5895373582,Genpact,Lead Data Engineer - Data Engineering 4C,near_duplicate(title+company+desc_prefix),5902916362,data engineer
Data Engineer,5895347074,Accenture,Data Engineer,near_duplicate(title+company+desc_prefix),5902918636,data engineer
Data Engineer,5890422369,Vrinda International,Informatica ETL Developer,near_duplicate(title+company+desc_prefix),5892348745,etl developer
Data Engineer,5880950855,Capgemini,ETL Developer,near_duplicate(title+company+desc_prefix),5884587991,etl developer
Data Engineer,5869817232,Tudip Technologies,"Java , ETL Developer",near_duplicate(title+company+desc_prefix),5869817237,etl developer
Data Engineer,5868113571,Foray Software,Big Data Engineer - Xebia,near_duplicate(title+company+desc_prefix),5868113569,big data engineer
Data Engineer,5868113554,Foray Software,Big Data Engineer - Xebia,near_duplicate(title+company+desc_prefix),5868113569,big data engineer
Data Engineer,5839225599,Foray Software Private Limited,Big Data Engineer - Xebia,near_duplicate(title+company+desc_prefix),5839225593,big data engineer
Data Engineer,5839225596,Foray Software Private Limited,Big Data Engineer - Xebia,near_duplicate(title+company+desc_prefix),5839225593,big data engineer
Data Engineer,5839225578,Foray Software Private Limited,Big Data Engineer - Xebia,near_duplicate(title+company+desc_prefix),5839225593,big data engineer
Data Engineer,5890481796,Block,"Senior Analytics Engineer, AI & DX Analytics",near_duplicate(title+company+desc_prefix),5898167931,analytics engineer
Data Engineer,5882275145,GE Vernova,Sr Analytics Engineer,near_duplicate(title+company+desc_prefix),5882728464,analytics engineer
Data Engineer,5873769652,Amazon,"Data Engineer II, DSP Analytics",near_duplicate(title+company+desc_prefix),5891403645,analytics engineer
Data Engineer,5872124336,Amazon,"Data Engineer II, DSP Analytics",near_duplicate(title+company+desc_prefix),5889560814,analytics engineer
Data Engineer,5861965792,Warner Bros. Discovery,Senior Analytics Engineer,near_duplicate(title+company+desc_prefix),5862276058,analytics engineer
Data Engineer,5856196703,Infosys Limited,"Data Analytics Engineer(AI/ML, ETL, OSS, Telecom)",near_duplicate(title+company+desc_prefix),5896122749,analytics engineer
Data Engineer,5840384095,KBR,Senior BI Platform and Analytics Engineer,near_duplicate(title+company+desc_prefix),5841438423,analytics engineer
Data Engineer,5817363102,Digital Green,Senior Analytics Engineer I,near_duplicate(title+company+desc_prefix),5819883739,analytics engineer
Data Engineer,5892384216,IBM,Data Engineer-Data Platforms-Google,near_duplicate(title+company+desc_prefix),5901253539,platform engineer
Data Engineer,5892384145,IBM,Data Engineer-Data Platforms-Azure,near_duplicate(title+company+desc_prefix),5900355685,platform engineer
Data Engineer,5891404432,IBM,Data Engineer-Data Platforms-Databricks,near_duplicate(title+company+desc_prefix),5901762204,platform engineer
Data Engineer,5888551645,IBM,Data Engineer-Data Platforms-SnowFlake,near_duplicate(title+company+desc_prefix),5901480984,platform engineer
Data Engineer,5888551549,IBM,Data Engineer-Data Platforms-Databricks,near_duplicate(title+company+desc_prefix),5901762204,platform engineer
Data Engineer,5887225906,IBM,Data Engineer-Data Platforms-SnowFlake,near_duplicate(title+company+desc_prefix),5901480984,platform engineer
Data Engineer,5884173992,IBM,Data Engineer-Data Platforms-SnowFlake,near_duplicate(title+company+desc_prefix),5901480984,platform engineer
Data Engineer,5883120024,IBM,Data Engineer-Data Platforms-Databricks,near_duplicate(title+company+desc_prefix),5901762204,platform engineer
Data Engineer,5880670543,IBM,Data Engineer-Data Platforms-SnowFlake,near_duplicate(title+company+desc_prefix),5901480984,platform engineer
Data Engineer,5876949087,IBM,Data Engineer-Data Platforms-Google,near_duplicate(title+company+desc_prefix),5901253539,platform engineer
Data Engineer,5876486187,IBM,Data Engineer-Data Platforms-Azure,near_duplicate(title+company+desc_prefix),5900355685,platform engineer
Data Engineer,5872786051,IBM,Data Engineer-Data Platforms-Azure,near_duplicate(title+company+desc_prefix),5900355685,platform engineer
Data Engineer,5872785964,IBM,Data Engineer-Data Platforms-SnowFlake,near_duplicate(title+company+desc_prefix),5901480984,platform engineer
Data Engineer,5872785963,IBM,Data Engineer-Data Platforms-SnowFlake,near_duplicate(title+company+desc_prefix),5901480984,platform engineer
Data Engineer,5872591278,IBM,Data Engineer-Data Platforms-Google,near_duplicate(title+company+desc_prefix),5901253539,platform engineer
Data Engineer,5871531028,IBM,Data Engineer-Data Platforms-SnowFlake,near_duplicate(title+company+desc_prefix),5901480984,platform engineer
DevOps / Cloud Engineer,5901872729,Trigent Software Private Limited,Software Engineering - DevOps Engineer,exact_id_duplicate,5901872729,devops engineer
DevOps / Cloud Engineer,5862296470,Jefferies Financial Group,VP- Salesforce DevOps Engineer - IB Tech & CRM/ Analytics,exact_id_duplicate,5862296470,devops engineer
DevOps / Cloud Engineer,5900708559,Chevron,Lead Cloud Engineer - Data Hosting,exact_id_duplicate,5900708559,cloud engineer
DevOps / Cloud Engineer,5899028951,Eazy,Cloud & DevOps Engineer - Gurgaon,exact_id_duplicate,5899028951,cloud engineer
DevOps / Cloud Engineer,5897062191,Hexaware,CLOUD AMAZE - Devops Cloud Engineer (Practice),exact_id_duplicate,5897062191,cloud engineer
DevOps / Cloud Engineer,5897026412,Accenture,Cloud DevOps Engineer,exact_id_duplicate,5897026412,cloud engineer
DevOps / Cloud Engineer,5896657789,Blue Yonder,"Sr Technical Consultant - Azure Cloud, DevOps, Sql & Site Reliability Engineering(SRE)",exact_id_duplicate,5896657789,cloud engineer
DevOps / Cloud Engineer,5890824933,London Stock Exchange Group,Senior Cloud Devops Engineer,exact_id_duplicate,5890824933,cloud engineer
DevOps / Cloud Engineer,5890817058,Southwest Airlines,Cloud DevOps Engineer Global - DevOps Tooling & Pipelines,exact_id_duplicate,5890817058,cloud engineer
DevOps / Cloud Engineer,5890813715,Southwest Airlines,Sr Cloud DevOps Engineer Global - DevOps Tooling & Pipelines,exact_id_duplicate,5890813715,cloud engineer
DevOps / Cloud Engineer,5890802794,Southwest Airlines,Cloud DevOps Engineer - Data QA,exact_id_duplicate,5890802794,cloud engineer
DevOps / Cloud Engineer,5890795568,Southwest Airlines,Tech Lead Cloud DevOps Engineer Global - DevOps Tooling & Pipelines,exact_id_duplicate,5890795568,cloud engineer
DevOps / Cloud Engineer,5890781519,Southwest Airlines,Sr Cloud DevOps Engineer,exact_id_duplicate,5890781519,cloud engineer
DevOps / Cloud Engineer,5890481811,Binance,"DevOps Engineer, Cloud Infra",exact_id_duplicate,5890481811,cloud engineer
DevOps / Cloud Engineer,5890074058,Infosys Limited,Cloud Engineer (AWS/Azure/DevOps),exact_id_duplicate,5890074058,cloud engineer
DevOps / Cloud Engineer,5890074040,Infosys Limited,Lead Cloud Engineer(AWS/Azure/DevOps),exact_id_duplicate,5890074040,cloud engineer
DevOps / Cloud Engineer,5889533044,IBS Software,Cloud & Devops Engineer,exact_id_duplicate,5889533044,cloud engineer
DevOps / Cloud Engineer,5889219289,TechioSoft Systems,Senior DevOps Engineer (Noida)– Azure Cloud Transformation & AI Automation,exact_id_duplicate,5889219289,cloud engineer
DevOps / Cloud Engineer,5882499468,Global Payments Inc.,"Senior Devops AWS Cloud Engineer (Terraform, Ansible, Docker, Kubernetes)_7 Yrs_Bangalore",exact_id_duplicate,5882499468,cloud engineer
DevOps / Cloud Engineer,5881160268,Conviva,DevOps Engineer (Hybrid & Multi Cloud),exact_id_duplicate,5881160268,cloud engineer
DevOps / Cloud Engineer,5881144782,WSP,Senior Cloud and DevOps Engineer-Azure,exact_id_duplicate,5881144782,cloud engineer
DevOps / Cloud Engineer,5880674305,WSP USA,Senior Cloud and DevOps Engineer,exact_id_duplicate,5880674305,cloud engineer
DevOps / Cloud Engineer,5879562266,Mango Sciences,"SQL Developer & ETL, Python, Cloud Engineer - 5Years",exact_id_duplicate,5879562266,cloud engineer
DevOps / Cloud Engineer,5879144590,GlobalData Publications Inc,Senior Cloud DevOps Engineer job opening at GlobalData,exact_id_duplicate,5879144590,cloud engineer
DevOps / Cloud Engineer,5878711049,NewVison,Cloud Operations Lead - SRE / DevOps / Platform Engineering,exact_id_duplicate,5878711049,cloud engineer
DevOps / Cloud Engineer,5876946439,Bitdeer,Cloud Senior DevOps Engineer,exact_id_duplicate,5876946439,cloud engineer
DevOps / Cloud Engineer,5873987888,Annova Solutions,Senior DevOps/Cloud Platform Engineer (AWS| Kubernetes|AI Infrastructure),exact_id_duplicate,5873987888,cloud engineer
DevOps / Cloud Engineer,5869803420,Aarushi Infotech,DevOps / Cloud Engineer,exact_id_duplicate,5869803420,cloud engineer
DevOps / Cloud Engineer,5869204218,Blue Yonder,"Sr Technical Consultant - Azure Cloud, DevOps, Sql & Site Reliability Engineering(SRE)",exact_id_duplicate,5869204218,cloud engineer
DevOps / Cloud Engineer,5867446924,TALPRO INDIA PRIVATE LIMITED,Senior DevOps Engineer – Service Layer / QTC Cloud Platform,exact_id_duplicate,5867446924,cloud engineer
DevOps / Cloud Engineer,5866922766,EY,Oracle Cloud Infra Admin-IPaaS Devops Engineer-Senior,exact_id_duplicate,5866922766,cloud engineer
DevOps / Cloud Engineer,5861792870,transunion,DevOps Cloud Engineer - API Gateway,exact_id_duplicate,5861792870,cloud engineer
DevOps / Cloud Engineer,5860532941,Innominds Software Inc,Cloud DevOps Engineer,exact_id_duplicate,5860532941,cloud engineer
DevOps / Cloud Engineer,5900354508,Amgen,"Manager, Site Reliability Engineer - Data Platforms",exact_id_duplicate,5900354508,site reliability engineer
DevOps / Cloud Engineer,5900354511,Amgen,Site Reliability Engineer - Data Platforms,exact_id_duplicate,5900354511,site reliability engineer
DevOps / Cloud Engineer,5898482645,Amgen,"Manager, Site Reliability Engineer - Data Platforms",exact_id_duplicate,5898482645,site reliability engineer
DevOps / Cloud Engineer,5898479248,Amgen,Site Reliability Engineer – Data Platforms,exact_id_duplicate,5898479248,site reliability engineer
DevOps / Cloud Engineer,5896657789,Blue Yonder,"Sr Technical Consultant - Azure Cloud, DevOps, Sql & Site Reliability Engineering(SRE)",exact_id_duplicate,5896657789,site reliability engineer
DevOps / Cloud Engineer,5896287267,FyerX,DevOps / Site Reliability Engineer (SRE),exact_id_duplicate,5896287267,site reliability engineer
DevOps / Cloud Engineer,5889531545,Practice By Numbers,DevOps / Site Reliability Engineer – Engineering,exact_id_duplicate,5889531545,site reliability engineer
DevOps / Cloud Engineer,5888768280,Kestra,"Manager, DevOps & Site Reliability Engineering (SRE)",exact_id_duplicate,5888768280,site reliability engineer
DevOps / Cloud Engineer,5884512235,IBM,Staff Site Reliability Engineer - Confluent Cloud Infrastructure,exact_id_duplicate,5884512235,site reliability engineer
DevOps / Cloud Engineer,5882274729,Cisco,"Site Reliability Engineer - Devops, AWS, Python/GO - 4 to 8 years",exact_id_duplicate,5882274729,site reliability engineer
DevOps / Cloud Engineer,5881163752,Cisco,"Site Reliability Engineer - Devops, AWS, Python/GO - 4 to 8 years",exact_id_duplicate,5881163752,site reliability engineer
DevOps / Cloud Engineer,5877296462,JPMorganChase,Senior Lead Site Reliability Engineer - Cloud Data & Databricks,exact_id_duplicate,5877296462,site reliability engineer
DevOps / Cloud Engineer,5869961921,Qureos,DevOps & Site Reliability Engineer (GCP),exact_id_duplicate,5869961921,site reliability engineer
DevOps / Cloud Engineer,5869204218,Blue Yonder,"Sr Technical Consultant - Azure Cloud, DevOps, Sql & Site Reliability Engineering(SRE)",exact_id_duplicate,5869204218,site reliability engineer
DevOps / Cloud Engineer,5902730193,Gunvatta Kendrak Solutions Private Limited,DevOps / Platform Engineer (Remote/Hybrid – On-Prem IIS  Azure),exact_id_duplicate,5902730193,platform engineer
DevOps / Cloud Engineer,5902511237,Arting Digital Private Limited,Engineering Productivity Lead (DevOps Lead / Platform Engineer),exact_id_duplicate,5902511237,platform engineer
DevOps / Cloud Engineer,5901696117,Brennan IT Intranet,Azure Cloud Platform Engineer,exact_id_duplicate,5901696117,platform engineer
DevOps / Cloud Engineer,5901253323,Evolent,Platform Engineer - DevOps,exact_id_duplicate,5901253323,platform engineer
DevOps / Cloud Engineer,5900732739,Accenture,Cloud Platform Engineer,exact_id_duplicate,5900732739,platform engineer
DevOps / Cloud Engineer,5900534838,i2b Technologies Pvt Ltd,Data platform Engineer,exact_id_duplicate,5900534838,platform engineer
DevOps / Cloud Engineer,5900354508,Amgen,"Manager, Site Reliability Engineer - Data Platforms",exact_id_duplicate,5900354508,platform engineer
DevOps / Cloud Engineer,5900354511,Amgen,Site Reliability Engineer - Data Platforms,exact_id_duplicate,5900354511,platform engineer
DevOps / Cloud Engineer,5899863127,ABB,Senior Azure Cloud Platform Engineer,exact_id_duplicate,5899863127,platform engineer
DevOps / Cloud Engineer,5898485348,Accenture,Data Platform Engineer,exact_id_duplicate,5898485348,platform engineer
DevOps / Cloud Engineer,5898482645,Amgen,"Manager, Site Reliability Engineer - Data Platforms",exact_id_duplicate,5898482645,platform engineer
DevOps / Cloud Engineer,5898479248,Amgen,Site Reliability Engineer – Data Platforms,exact_id_duplicate,5898479248,platform engineer
DevOps / Cloud Engineer,5898473980,Accenture,Cloud Platform Engineer,exact_id_duplicate,5898473980,platform engineer
DevOps / Cloud Engineer,5898468210,Accenture,Data Platform Engineer,exact_id_duplicate,5898468210,platform engineer
DevOps / Cloud Engineer,5897065815,Weekday,Lead Site Reliability Engineer or Platform Engineer,exact_id_duplicate,5897065815,platform engineer
DevOps / Cloud Engineer,5897063148,Accenture,Data Platform Engineer,exact_id_duplicate,5897063148,platform engineer
DevOps / Cloud Engineer,5897062014,Evolent Health,Platform Engineer - DevOps,exact_id_duplicate,5897062014,platform engineer
DevOps / Cloud Engineer,5897042305,Accenture,Data Platform Engineer,exact_id_duplicate,5897042305,platform engineer
DevOps / Cloud Engineer,5897028507,Accenture,Data Platform Engineer,exact_id_duplicate,5897028507,platform engineer
DevOps / Cloud Engineer,5897028185,Zensar Technologies,Senior Platform Engineer - Cloud AWS,exact_id_duplicate,5897028185,platform engineer
DevOps / Cloud Engineer,5897027335,Accenture,Cloud Platform Engineer,exact_id_duplicate,5897027335,platform engineer
DevOps / Cloud Engineer,5896367696,AVEVA,Sr. Data Platform Engineer - Azure & Microsoft Fabric,exact_id_duplicate,5896367696,platform engineer
DevOps / Cloud Engineer,5895374156,Accenture,Cloud Platform Engineer,exact_id_duplicate,5895374156,platform engineer
DevOps / Cloud Engineer,5895365524,AVEVA,Sr. Data Platform Engineer – Azure & Microsoft Fabric,exact_id_duplicate,5895365524,platform engineer
DevOps / Cloud Engineer,5895354668,Accenture,Cloud Platform Engineer,exact_id_duplicate,5895354668,platform engineer
DevOps / Cloud Engineer,5895350147,State Street,"Cloud Platform Engineer, Officer",exact_id_duplicate,5895350147,platform engineer
DevOps / Cloud Engineer,5895347031,Accenture,Data Platform Engineer,exact_id_duplicate,5895347031,platform engineer
DevOps / Cloud Engineer,5895065475,Weekday AI,Lead Site Reliability Engineer or Platform Engineer,exact_id_duplicate,5895065475,platform engineer
DevOps / Cloud Engineer,5894127474,Accenture,Cloud Platform Engineer,exact_id_duplicate,5894127474,platform engineer
DevOps / Cloud Engineer,5893995769,Weekday AI,Lead Site Reliability Engineer or Platform Engineer,exact_id_duplicate,5893995769,platform engineer
DevOps / Cloud Engineer,5893825716,HyrHub,Senior Platform & Site Reliability Engineer,exact_id_duplicate,5893825716,platform engineer
DevOps / Cloud Engineer,5891914163,MSD,Senior Analytics Platform Engineer,exact_id_duplicate,5891914163,platform engineer
DevOps / Cloud Engineer,5890801711,SingleStore,Cloud Platform Engineer,exact_id_duplicate,5890801711,platform engineer
DevOps / Cloud Engineer,5890767739,Accenture,Cloud Platform Engineer,exact_id_duplicate,5890767739,platform engineer
DevOps / Cloud Engineer,5890481507,Coinbase,Senior Machine Learning Platform Engineer,exact_id_duplicate,5890481507,platform engineer
DevOps / Cloud Engineer,5889570494,Coupa Software,Cloud Platform Engineer,exact_id_duplicate,5889570494,platform engineer
DevOps / Cloud Engineer,5889085431,Docusign,Senior Cloud Platform Engineer,exact_id_duplicate,5889085431,platform engineer
DevOps / Cloud Engineer,5887953130,Accenture,Cloud Platform Engineer,exact_id_duplicate,5887953130,platform engineer
DevOps / Cloud Engineer,5887949280,Accenture,Cloud Platform Engineer,exact_id_duplicate,5887949280,platform engineer
DevOps / Cloud Engineer,5887945441,Accenture,Cloud Platform Engineer,exact_id_duplicate,5887945441,platform engineer
DevOps / Cloud Engineer,5882754118,Accenture,Cloud Platform Engineer,exact_id_duplicate,5882754118,platform engineer
DevOps / Cloud Engineer,5882744569,Accenture,Cloud Platform Engineer,exact_id_duplicate,5882744569,platform engineer
DevOps / Cloud Engineer,5881164104,Accenture,Cloud Platform Engineer,exact_id_duplicate,5881164104,platform engineer
DevOps / Cloud Engineer,5881153437,Accenture,Cloud Platform Engineer,exact_id_duplicate,5881153437,platform engineer
DevOps / Cloud Engineer,5881144233,Accenture,Cloud Platform Engineer,exact_id_duplicate,5881144233,platform engineer
DevOps / Cloud Engineer,5880151395,Vrinda International,TECHNOLOGY PLATFORM ENGINEER – ORACLE SUBSCRIPTION MANAGEMENT CLOUD,exact_id_duplicate,5880151395,platform engineer
DevOps / Cloud Engineer,5879937269,Candescent,Platform Engineer – Cloud & Observability,exact_id_duplicate,5879937269,platform engineer
DevOps / Cloud Engineer,5879360385,Costco,Cloud Database Platform Engineer,exact_id_duplicate,5879360385,platform engineer
DevOps / Cloud Engineer,5879336779,Kinaxis Inc.,"Senior Cloud Engineer, Cloud Platform",exact_id_duplicate,5879336779,platform engineer
DevOps / Cloud Engineer,5879129111,Team Geek Solutions,Senior DevOps Engineer/Platform Engineer,exact_id_duplicate,5879129111,platform engineer
DevOps / Cloud Engineer,5878711049,NewVison,Cloud Operations Lead - SRE / DevOps / Platform Engineering,exact_id_duplicate,5878711049,platform engineer
DevOps / Cloud Engineer,5878633302,Arrow,Senior Cloud Engineer/Lead – Multi-Cloud Platform,exact_id_duplicate,5878633302,platform engineer
DevOps / Cloud Engineer,5878058074,Arrow Electronics,Senior Cloud Engineer/Lead - Multi-Cloud Platform,exact_id_duplicate,5878058074,platform engineer
DevOps / Cloud Engineer,5877244882,HP,Cloud Automation & Platform Engineer,exact_id_duplicate,5877244882,platform engineer
DevOps / Cloud Engineer,5876480287,Red Hat,Site Reliability Engineer - IT AI Platforms,exact_id_duplicate,5876480287,platform engineer
DevOps / Cloud Engineer,5875448137,State Street,"Cloud Platform Engineer - AI, Officer",exact_id_duplicate,5875448137,platform engineer
DevOps / Cloud Engineer,5873987888,Annova Solutions,Senior DevOps/Cloud Platform Engineer (AWS| Kubernetes|AI Infrastructure),exact_id_duplicate,5873987888,platform engineer
DevOps / Cloud Engineer,5873200564,Accenture,Cloud Platform Engineer,exact_id_duplicate,5873200564,platform engineer
DevOps / Cloud Engineer,5873180808,Accenture,Cloud Platform Engineer,exact_id_duplicate,5873180808,platform engineer
DevOps / Cloud Engineer,5872117474,Forterro,IT Applications Developer- Netsuite Platform Engineer,exact_id_duplicate,5872117474,platform engineer
DevOps / Cloud Engineer,5871260134,S2V Automation Pvt Ltd,DevOps Platform Engineer,exact_id_duplicate,5871260134,platform engineer
DevOps / Cloud Engineer,5899328272,"NTT America, Inc.",Senior Associate Security Platform Engineer,exact_id_duplicate,5899328272,security engineer
DevOps / Cloud Engineer,5899328259,"NTT America, Inc.",Senior Associate Security Platform Engineer,exact_id_duplicate,5899328259,security engineer
DevOps / Cloud Engineer,5872133216,Maersk,Senior Security DevOps Engineer (SAP & AI Automation),exact_id_duplicate,5872133216,security engineer
DevOps / Cloud Engineer,5872078986,Esko,Senior AI Platform Engineer - Security,exact_id_duplicate,5872078986,security engineer
DevOps / Cloud Engineer,5871532524,Veralto,Senior AI Platform Engineer - Security,exact_id_duplicate,5871532524,security engineer
DevOps / Cloud Engineer,5880845468,Securite Technology,Platform Engineer (Cybersecurity Platform),exact_id_duplicate,5880845468,cybersecurity engineer
DevOps / Cloud Engineer,5898468210,Accenture,Data Platform Engineer,near_duplicate(title+company+desc_prefix),5898485348,data engineer
DevOps / Cloud Engineer,5897063148,Accenture,Data Platform Engineer,near_duplicate(title+company+desc_prefix),5898485348,data engineer
DevOps / Cloud Engineer,5897042305,Accenture,Data Platform Engineer,near_duplicate(title+company+desc_prefix),5898485348,data engineer
DevOps / Cloud Engineer,5897028507,Accenture,Data Platform Engineer,near_duplicate(title+company+desc_prefix),5898485348,data engineer
DevOps / Cloud Engineer,5895347031,Accenture,Data Platform Engineer,near_duplicate(title+company+desc_prefix),5898485348,data engineer
DevOps / Cloud Engineer,5900355072,Cornerstone onDemand,Senior DevOps Engineer,near_duplicate(title+company+desc_prefix),5900355071,devops engineer
DevOps / Cloud Engineer,5899328258,"NTT America, Inc.",DevOps Engineer,near_duplicate(title+company+desc_prefix),5899328251,devops engineer
DevOps / Cloud Engineer,5898069200,Weekday AI,DevOps Engineer,near_duplicate(title+company+desc_prefix),5899550130,devops engineer
DevOps / Cloud Engineer,5897068291,Nike,"Lead DevOps Engineer, ITC",near_duplicate(title+company+desc_prefix),5897952300,devops engineer
DevOps / Cloud Engineer,5894120431,Palo Alto Networks,Staff DevOps Engineer (Cortex),near_duplicate(title+company+desc_prefix),5894833349,devops engineer
DevOps / Cloud Engineer,5893831889,YouTrip,Senior DevOps Engineer,near_duplicate(title+company+desc_prefix),5893831988,devops engineer
DevOps / Cloud Engineer,5892758613,YouTrip,Senior DevOps Engineer,near_duplicate(title+company+desc_prefix),5893831988,devops engineer
DevOps / Cloud Engineer,5890783155,Palo Alto Networks,Staff DevOps Engineer,near_duplicate(title+company+desc_prefix),5891405026,devops engineer
DevOps / Cloud Engineer,5890487058,Palo Alto Networks,Staff DevOps Engineer,near_duplicate(title+company+desc_prefix),5891405026,devops engineer
DevOps / Cloud Engineer,5888773003,Kyndryl,DevOps Engineer,near_duplicate(title+company+desc_prefix),5888773002,devops engineer
DevOps / Cloud Engineer,5887920042,Accenture,DevOps Engineer,near_duplicate(title+company+desc_prefix),5887938256,devops engineer
DevOps / Cloud Engineer,5882759653,Accenture,DevOps Engineer,near_duplicate(title+company+desc_prefix),5887938256,devops engineer
DevOps / Cloud Engineer,5881163752,Cisco,"Site Reliability Engineer - Devops, AWS, Python/GO - 4 to 8 years",near_duplicate(title+company+desc_prefix),5882274729,devops engineer
DevOps / Cloud Engineer,5881163571,Cisco,"Software Engineering Technical Leader - Devops/SRE, AWS, Python/Go - 9 - 14 years",near_duplicate(title+company+desc_prefix),5882274767,devops engineer
DevOps / Cloud Engineer,5881162262,Accenture,DevOps Engineer,near_duplicate(title+company+desc_prefix),5887938256,devops engineer
DevOps / Cloud Engineer,5878000882,GSSTech Group,Senior DevOps / SRE Engineer,near_duplicate(title+company+desc_prefix),5879552294,devops engineer
DevOps / Cloud Engineer,5876797413,Accellor,Lead DevOps Engineer,near_duplicate(title+company+desc_prefix),5878284932,devops engineer
DevOps / Cloud Engineer,5876479984,Kla Tencor,DevOps Engineer,near_duplicate(title+company+desc_prefix),5876479986,devops engineer
DevOps / Cloud Engineer,5875711628,Accenture,DevOps Engineer,near_duplicate(title+company+desc_prefix),5887938256,devops engineer
DevOps / Cloud Engineer,5873214657,Accenture,DevOps Engineer,near_duplicate(title+company+desc_prefix),5887938256,devops engineer
DevOps / Cloud Engineer,5872079198,Accenture,DevOps Engineer,near_duplicate(title+company+desc_prefix),5887938256,devops engineer
DevOps / Cloud Engineer,5871787540,KLA,DevOps Engineer,near_duplicate(title+company+desc_prefix),5879897618,devops engineer
DevOps / Cloud Engineer,5869826217,Xebia IT Architects,Azure Devops Engineer,near_duplicate(title+company+desc_prefix),5869826195,devops engineer
DevOps / Cloud Engineer,5869826207,Xebia IT Architects,Azure Devops Engineer,near_duplicate(title+company+desc_prefix),5869826195,devops engineer
DevOps / Cloud Engineer,5869826146,Xebia IT Architects,Devops/SRE Engineer - Python/Terraform,near_duplicate(title+company+desc_prefix),5869826152,devops engineer
DevOps / Cloud Engineer,5869826144,Xebia IT Architects,Devops/SRE Engineer - Python/Terraform,near_duplicate(title+company+desc_prefix),5869826152,devops engineer
DevOps / Cloud Engineer,5869826139,Xebia IT Architects,GCP Devops Engineer,near_duplicate(title+company+desc_prefix),5869826145,devops engineer
DevOps / Cloud Engineer,5869204218,Blue Yonder,"Sr Technical Consultant - Azure Cloud, DevOps, Sql & Site Reliability Engineering(SRE)",near_duplicate(title+company+desc_prefix),5896657789,devops engineer
DevOps / Cloud Engineer,5868118723,Nisum,WSI - Senior DevOps Engineer,near_duplicate(title+company+desc_prefix),5868118756,devops engineer
DevOps / Cloud Engineer,5868118729,Nisum,WSI - Senior DevOps Engineer,near_duplicate(title+company+desc_prefix),5868118756,devops engineer
DevOps / Cloud Engineer,5866922556,Wipro,DEVOPS ENGINEER L3,near_duplicate(title+company+desc_prefix),5872936783,devops engineer
DevOps / Cloud Engineer,5864812643,Accenture,DevOps Engineer,near_duplicate(title+company+desc_prefix),5887938256,devops engineer
DevOps / Cloud Engineer,5864295193,Fortanix,DevOps Engineer - IND,near_duplicate(title+company+desc_prefix),5866922975,devops engineer
DevOps / Cloud Engineer,5899834270,The Vanguard Group,"Cloud Engineer, Specialist",near_duplicate(title+company+desc_prefix),5899869448,cloud engineer
DevOps / Cloud Engineer,5898473980,Accenture,Cloud Platform Engineer,near_duplicate(title+company+desc_prefix),5900732739,cloud engineer
DevOps / Cloud Engineer,5897302346,AgileEngine,GCP Cloud Engineer ID89421,near_duplicate(title+company+desc_prefix),5897302349,cloud engineer
DevOps / Cloud Engineer,5897302329,AgileEngine,GCP Cloud Engineer ID89421,near_duplicate(title+company+desc_prefix),5897302349,cloud engineer
DevOps / Cloud Engineer,5897302339,AgileEngine,GCP Cloud Engineer ID89421,near_duplicate(title+company+desc_prefix),5897302349,cloud engineer
DevOps / Cloud Engineer,5897302331,AgileEngine,GCP Cloud Engineer ID89421,near_duplicate(title+company+desc_prefix),5897302349,cloud engineer
DevOps / Cloud Engineer,5897302332,AgileEngine,GCP Cloud Engineer ID89421,near_duplicate(title+company+desc_prefix),5897302349,cloud engineer
DevOps / Cloud Engineer,5897302325,AgileEngine,GCP Cloud Engineer ID89421,near_duplicate(title+company+desc_prefix),5897302349,cloud engineer
DevOps / Cloud Engineer,5897302353,AgileEngine,GCP Cloud Engineer ID89421,near_duplicate(title+company+desc_prefix),5897302349,cloud engineer
DevOps / Cloud Engineer,5897302330,AgileEngine,GCP Cloud Engineer ID89421,near_duplicate(title+company+desc_prefix),5897302349,cloud engineer
DevOps / Cloud Engineer,5897302347,AgileEngine,GCP Cloud Engineer ID89421,near_duplicate(title+company+desc_prefix),5897302349,cloud engineer
DevOps / Cloud Engineer,5897302340,AgileEngine,GCP Cloud Engineer ID89421,near_duplicate(title+company+desc_prefix),5897302349,cloud engineer
DevOps / Cloud Engineer,5897302309,AgileEngine,GCP Cloud Engineer ID89421,near_duplicate(title+company+desc_prefix),5897302349,cloud engineer
DevOps / Cloud Engineer,5897302316,AgileEngine,GCP Cloud Engineer ID89421,near_duplicate(title+company+desc_prefix),5897302349,cloud engineer
DevOps / Cloud Engineer,5897302315,AgileEngine,GCP Cloud Engineer ID89421,near_duplicate(title+company+desc_prefix),5897302349,cloud engineer
DevOps / Cloud Engineer,5897302319,AgileEngine,GCP Cloud Engineer ID89421,near_duplicate(title+company+desc_prefix),5897302349,cloud engineer
DevOps / Cloud Engineer,5897302320,AgileEngine,GCP Cloud Engineer ID89421,near_duplicate(title+company+desc_prefix),5897302349,cloud engineer
DevOps / Cloud Engineer,5897027335,Accenture,Cloud Platform Engineer,near_duplicate(title+company+desc_prefix),5900732739,cloud engineer
DevOps / Cloud Engineer,5895374156,Accenture,Cloud Platform Engineer,near_duplicate(title+company+desc_prefix),5900732739,cloud engineer
DevOps / Cloud Engineer,5895354668,Accenture,Cloud Platform Engineer,near_duplicate(title+company+desc_prefix),5900732739,cloud engineer
DevOps / Cloud Engineer,5894127474,Accenture,Cloud Platform Engineer,near_duplicate(title+company+desc_prefix),5900732739,cloud engineer
DevOps / Cloud Engineer,5890767739,Accenture,Cloud Platform Engineer,near_duplicate(title+company+desc_prefix),5900732739,cloud engineer
DevOps / Cloud Engineer,5887953130,Accenture,Cloud Platform Engineer,near_duplicate(title+company+desc_prefix),5900732739,cloud engineer
DevOps / Cloud Engineer,5887949280,Accenture,Cloud Platform Engineer,near_duplicate(title+company+desc_prefix),5900732739,cloud engineer
DevOps / Cloud Engineer,5887945441,Accenture,Cloud Platform Engineer,near_duplicate(title+company+desc_prefix),5900732739,cloud engineer
DevOps / Cloud Engineer,5882754118,Accenture,Cloud Platform Engineer,near_duplicate(title+company+desc_prefix),5900732739,cloud engineer
DevOps / Cloud Engineer,5882744569,Accenture,Cloud Platform Engineer,near_duplicate(title+company+desc_prefix),5900732739,cloud engineer
DevOps / Cloud Engineer,5881164104,Accenture,Cloud Platform Engineer,near_duplicate(title+company+desc_prefix),5900732739,cloud engineer
DevOps / Cloud Engineer,5881153437,Accenture,Cloud Platform Engineer,near_duplicate(title+company+desc_prefix),5900732739,cloud engineer
DevOps / Cloud Engineer,5881144233,Accenture,Cloud Platform Engineer,near_duplicate(title+company+desc_prefix),5900732739,cloud engineer
DevOps / Cloud Engineer,5878059361,Kyndryl,Azure Cloud Engineer BST,near_duplicate(title+company+desc_prefix),5878059342,cloud engineer
DevOps / Cloud Engineer,5873576414,ascendion,Cloud Engineer/ Support Engineer - Cloud,near_duplicate(title+company+desc_prefix),5890074015,cloud engineer
DevOps / Cloud Engineer,5873200564,Accenture,Cloud Platform Engineer,near_duplicate(title+company+desc_prefix),5900732739,cloud engineer
DevOps / Cloud Engineer,5873180808,Accenture,Cloud Platform Engineer,near_duplicate(title+company+desc_prefix),5900732739,cloud engineer
DevOps / Cloud Engineer,5871278850,Yotta Infrastructure,Cloud Engineer,near_duplicate(title+company+desc_prefix),5871278855,cloud engineer
DevOps / Cloud Engineer,5869180830,Accenture,Cloud Platform Engineer,near_duplicate(title+company+desc_prefix),5900732739,cloud engineer
DevOps / Cloud Engineer,5869144445,Accenture,Cloud Platform Engineer,near_duplicate(title+company+desc_prefix),5900732739,cloud engineer
DevOps / Cloud Engineer,5867246548,Datamatics Technologies,Oracle Cloud Platform Engineer (OCI),near_duplicate(title+company+desc_prefix),5867253452,cloud engineer
DevOps / Cloud Engineer,5867237166,Datamatics Technologies,Oracle Cloud Platform Engineer (OCI),near_duplicate(title+company+desc_prefix),5867253452,cloud engineer
DevOps / Cloud Engineer,5862885373,Aptiv,Cloud Engineer (Golang / Python - Data Processing),near_duplicate(title+company+desc_prefix),5877276273,cloud engineer
DevOps / Cloud Engineer,5862875706,Datamatics Technologies,Oracle Cloud Platform Engineer (OCI),near_duplicate(title+company+desc_prefix),5867253452,cloud engineer
DevOps / Cloud Engineer,5862875705,Datamatics Technologies,Oracle Cloud Platform Engineer (OCI),near_duplicate(title+company+desc_prefix),5867253452,cloud engineer
DevOps / Cloud Engineer,5862875707,Datamatics Technologies,Oracle Cloud Platform Engineer (OCI),near_duplicate(title+company+desc_prefix),5867253452,cloud engineer
DevOps / Cloud Engineer,5900356042,"NTT America, Inc.",Site Reliability Engineer,near_duplicate(title+company+desc_prefix),5900356057,site reliability engineer
DevOps / Cloud Engineer,5894071904,Jobgether,Senior Site Reliability Engineer,near_duplicate(title+company+desc_prefix),5900726270,site reliability engineer
DevOps / Cloud Engineer,5893995769,Weekday AI,Lead Site Reliability Engineer or Platform Engineer,near_duplicate(title+company+desc_prefix),5895065475,site reliability engineer
DevOps / Cloud Engineer,5893473851,Tribute Technology,Site Reliability Engineer,near_duplicate(title+company+desc_prefix),5895348420,site reliability engineer
DevOps / Cloud Engineer,5890811382,Palo Alto Networks,Staff Site Reliability Engineer,near_duplicate(title+company+desc_prefix),5891405024,site reliability engineer
DevOps / Cloud Engineer,5882274740,Cisco,Site Reliability Engineer,near_duplicate(title+company+desc_prefix),5882730075,site reliability engineer
DevOps / Cloud Engineer,5878709492,Cisco,Site Reliability Engineer,near_duplicate(title+company+desc_prefix),5879363412,site reliability engineer
DevOps / Cloud Engineer,5876480284,Red Hat,Site Reliability Engineer - OpenShift,near_duplicate(title+company+desc_prefix),5876480312,site reliability engineer
DevOps / Cloud Engineer,5859768859,Veeam Software,Senior Site Reliability Engineer,near_duplicate(title+company+desc_prefix),5859771675,site reliability engineer
DevOps / Cloud Engineer,5859121513,Toppan Merrill,Site Reliability Engineer,near_duplicate(title+company+desc_prefix),5859121507,site reliability engineer
DevOps / Cloud Engineer,5856196702,Infosys Limited,Site Reliability Engineer,near_duplicate(title+company+desc_prefix),5856197029,site reliability engineer
DevOps / Cloud Engineer,5856196681,Infosys Limited,Site Reliability Engineer,near_duplicate(title+company+desc_prefix),5856197029,site reliability engineer
DevOps / Cloud Engineer,5854880454,Apex 2000,Site Reliability Engineer (SRE),near_duplicate(title+company+desc_prefix),5854880443,site reliability engineer
DevOps / Cloud Engineer,5854880452,Apex 2000,Site Reliability Engineer (SRE),near_duplicate(title+company+desc_prefix),5854880443,site reliability engineer
DevOps / Cloud Engineer,5850373117,NVIDIA,Senior Site Reliability Engineer - AI Research Clusters,near_duplicate(title+company+desc_prefix),5850373193,site reliability engineer
DevOps / Cloud Engineer,5850373007,NVIDIA,Senior Site Reliability Engineer - AI Research Clusters,near_duplicate(title+company+desc_prefix),5850373193,site reliability engineer
DevOps / Cloud Engineer,5850372964,NVIDIA,Senior Site Reliability Engineer - AI Research Clusters,near_duplicate(title+company+desc_prefix),5850373193,site reliability engineer
DevOps / Cloud Engineer,5850372998,NVIDIA,Senior Site Reliability Engineer - AI Research Clusters,near_duplicate(title+company+desc_prefix),5850373193,site reliability engineer
DevOps / Cloud Engineer,5849138942,Sentinelone,Staff Site Reliability Engineer,near_duplicate(title+company+desc_prefix),5849138939,site reliability engineer
DevOps / Cloud Engineer,5849138947,Sentinelone,Staff Site Reliability Engineer,near_duplicate(title+company+desc_prefix),5849138939,site reliability engineer
DevOps / Cloud Engineer,5846916582,BlackRock,"Site Reliability Engineer, Associate",near_duplicate(title+company+desc_prefix),5888771065,site reliability engineer
DevOps / Cloud Engineer,5833594540,SimCorp,Lead Site Reliability Engineer,near_duplicate(title+company+desc_prefix),5898481019,site reliability engineer
DevOps / Cloud Engineer,5819882017,Sumo Logic,Staff Site Reliability Engineer,near_duplicate(title+company+desc_prefix),5821226533,site reliability engineer
DevOps / Cloud Engineer,5818421438,Cisco,Senior Site Reliability Engineer,near_duplicate(title+company+desc_prefix),5819378910,site reliability engineer
DevOps / Cloud Engineer,5811917373,MongoDB,Senior Site Reliability Engineer,near_duplicate(title+company+desc_prefix),5812882736,site reliability engineer
DevOps / Cloud Engineer,5801030595,LogIQ Labs Pvt.Ltd.,Site Reliability Engineer,near_duplicate(title+company+desc_prefix),5801030596,site reliability engineer
DevOps / Cloud Engineer,5796582589,IBM,Staff Site Reliability Engineer - Confluent Cloud Infrastructure,near_duplicate(title+company+desc_prefix),5884512235,site reliability engineer
DevOps / Cloud Engineer,5902911667,Hewlett Packard Enterprise,Platform Engineer – Storage Product Platform Development,near_duplicate(title+company+desc_prefix),5902914232,platform engineer
DevOps / Cloud Engineer,5900727562,Accenture,Technology Platform Engineer,near_duplicate(title+company+desc_prefix),5901709631,platform engineer
DevOps / Cloud Engineer,5900713820,Accenture,Technology Platform Engineer,near_duplicate(title+company+desc_prefix),5901709631,platform engineer
DevOps / Cloud Engineer,5899328259,"NTT America, Inc.",Senior Associate Security Platform Engineer,near_duplicate(title+company+desc_prefix),5899328272,platform engineer
DevOps / Cloud Engineer,5898468006,Accenture,Technology Platform Engineer,near_duplicate(title+company+desc_prefix),5901709631,platform engineer
DevOps / Cloud Engineer,5895367181,Accenture,Technology Platform Engineer,near_duplicate(title+company+desc_prefix),5901709631,platform engineer
DevOps / Cloud Engineer,5894825940,SAP,Platform Engineer - Java Developer & Elastic Search,near_duplicate(title+company+desc_prefix),5897953537,platform engineer
DevOps / Cloud Engineer,5894085478,Accenture,Data Platform Engineer,near_duplicate(title+company+desc_prefix),5898485348,platform engineer
DevOps / Cloud Engineer,5892937046,Accenture,Data Platform Engineer,near_duplicate(title+company+desc_prefix),5898485348,platform engineer
DevOps / Cloud Engineer,5890487560,Numerator,Platform Engineer (Azure),near_duplicate(title+company+desc_prefix),5892690019,platform engineer
DevOps / Cloud Engineer,5889570517,Accenture,Data Platform Engineer,near_duplicate(title+company+desc_prefix),5898485348,platform engineer
DevOps / Cloud Engineer,5887966671,Accenture,Data Platform Engineer,near_duplicate(title+company+desc_prefix),5898485348,platform engineer
DevOps / Cloud Engineer,5887964264,Accenture,Technology Platform Engineer,near_duplicate(title+company+desc_prefix),5901709631,platform engineer
DevOps / Cloud Engineer,5887946918,Accenture,Technology Platform Engineer,near_duplicate(title+company+desc_prefix),5901709631,platform engineer
DevOps / Cloud Engineer,5887899698,Accenture,Technology Platform Engineer,near_duplicate(title+company+desc_prefix),5901709631,platform engineer
DevOps / Cloud Engineer,5887886851,Accenture,Technology Platform Engineer,near_duplicate(title+company+desc_prefix),5901709631,platform engineer
DevOps / Cloud Engineer,5886397938,Accenture,Technology Platform Engineer,near_duplicate(title+company+desc_prefix),5901709631,platform engineer
DevOps / Cloud Engineer,5882781091,Accenture,Data Platform Engineer,near_duplicate(title+company+desc_prefix),5898485348,platform engineer
DevOps / Cloud Engineer,5879146849,Tata Electronics Tepl,Platform Engineer,near_duplicate(title+company+desc_prefix),5879146839,platform engineer
DevOps / Cloud Engineer,5878054931,FM India,Sr Platform Engineer IND,near_duplicate(title+company+desc_prefix),5878055102,platform engineer
DevOps / Cloud Engineer,5871278902,Securonix Consultancy,Senior Platform Engineer,near_duplicate(title+company+desc_prefix),5871278947,platform engineer
Security Engineer,5902721900,Bitdeer,Senior Security Engineer - Privacy & Data Security,exact_id_duplicate,5902721900,security engineer
Security Engineer,5901693413,CGI,Senior Cloud Security Engineer,exact_id_duplicate,5901693413,security engineer
Security Engineer,5900808819,CGI,Senior Cloud Security Engineer,exact_id_duplicate,5900808819,security engineer
Security Engineer,5900740276,Harness,Security Engineer – Cloud & Infrastructure Security,exact_id_duplicate,5900740276,security engineer
Security Engineer,5899836683,Verizon,Infrastructure & Cloud Security Engineer,exact_id_duplicate,5899836683,security engineer
Security Engineer,5898475543,Apex Group,Senior Security Engineer – Platform,exact_id_duplicate,5898475543,security engineer
Security Engineer,5897047465,Workstreet,Cloud Security Engineer (Oracle Cloud Infrastructure - OCI),exact_id_duplicate,5897047465,security engineer
Security Engineer,5896630991,Alignity Solutions,"Cloud Security, CNAPP - Security Engineer",exact_id_duplicate,5896630991,security engineer
Security Engineer,5896367712,Palo Alto Networks,Senior Staff Cloud Security Engineer,exact_id_duplicate,5896367712,security engineer
Security Engineer,5895371846,Palo Alto Networks,Senior Staff Cloud Security Engineer,exact_id_duplicate,5895371846,security engineer
Security Engineer,5895239757,Edvak EHR,"Lead Security Engineer | AWS, Cloud & Application Security",exact_id_duplicate,5895239757,security engineer
Security Engineer,5889562469,Bazaarvoice,Senior Offensive Security Engineer(Cloud Operations),exact_id_duplicate,5889562469,security engineer
Security Engineer,5887515303,Phantom,Staff Platform Security Engineer (Security),exact_id_duplicate,5887515303,security engineer
Security Engineer,5887228739,Pegasystems,Cloud Security Engineer,exact_id_duplicate,5887228739,security engineer
Security Engineer,5884512371,Pegasystems,Senior Cloud Security Engineer,exact_id_duplicate,5884512371,security engineer
Security Engineer,5879660804,Portway Solutions India Private Limited,Cloud Security Engineer,exact_id_duplicate,5879660804,security engineer
Security Engineer,5876949136,Delta Exchange,Senior Cloud Security Engineer,exact_id_duplicate,5876949136,security engineer
Security Engineer,5870782804,Skylo Technologies,Senior Cloud Security Engineer,exact_id_duplicate,5870782804,security engineer
Security Engineer,5868707177,Appiness Interactive Pvt. Ltd.,Senior Cloud Security Engineer â AWS,exact_id_duplicate,5868707177,security engineer
Security Engineer,5859771465,Blackbaud,Senior Cloud Security Engineer,exact_id_duplicate,5859771465,security engineer
Security Engineer,5877842275,Technogen India Private Limited,Analyst Information Security / Security Engineer,exact_id_duplicate,5877842275,information security analyst
Security Engineer,5877842275,Technogen India Private Limited,Analyst Information Security / Security Engineer,exact_id_duplicate,5877842275,information security engineer
Security Engineer,5900808819,CGI,Senior Cloud Security Engineer,near_duplicate(title+company+desc_prefix),5901693413,cloud engineer
Security Engineer,5895371846,Palo Alto Networks,Senior Staff Cloud Security Engineer,near_duplicate(title+company+desc_prefix),5896367712,cloud engineer
Security Engineer,5900529881,Vultr,"Security Engineer, GIOC",near_duplicate(title+company+desc_prefix),5900738722,security engineer
Security Engineer,5900357030,UnitedHealth Group,Senior Manager Info Security Engineer - Cryptography & Certification Management,near_duplicate(title+company+desc_prefix),5900357037,security engineer
Security Engineer,5898501787,Rubrik,Security Engineer - Identity and Access,near_duplicate(title+company+desc_prefix),5899328575,security engineer
Security Engineer,5893733499,DeepSource Technologies,"Senior Network Security Engineer - Jeddah, KSA",near_duplicate(title+company+desc_prefix),5895065964,security engineer
Security Engineer,5891893266,Vultr,"Senior Security Engineer,GIOC",near_duplicate(title+company+desc_prefix),5892690201,security engineer
Security Engineer,5889219959,LTM,Network Security Engineer,near_duplicate(title+company+desc_prefix),5890074008,security engineer
Security Engineer,5879142440,Toast,Senior Product Security Engineer,near_duplicate(title+company+desc_prefix),5879142456,security engineer
Security Engineer,5873184745,Gruve,Senior Infrastructure Security Engineer-L3 (Palo Alto & NGFW),near_duplicate(title+company+desc_prefix),5898178921,security engineer
Security Engineer,5868418721,The Hartford,Security Engineer I - Palo Alto Technologies,near_duplicate(title+company+desc_prefix),5889517097,security engineer
Security Engineer,5868418722,The Hartford,Senior Security Engineer - Palo Alto Technologies,near_duplicate(title+company+desc_prefix),5869159662,security engineer
Security Engineer,5868418717,The Hartford,Security Engineer - Directory Services,near_duplicate(title+company+desc_prefix),5869219147,security engineer
Security Engineer,5864353195,Weekday AI,DevSecOps & Product Security Engineer,near_duplicate(title+company+desc_prefix),5893913383,security engineer
Security Engineer,5861793827,Happiest Minds Technologies,Application Security Engineer,near_duplicate(title+company+desc_prefix),5861793841,security engineer
Security Engineer,5861793826,Happiest Minds Technologies,Security Engineer,near_duplicate(title+company+desc_prefix),5861793822,security engineer
Security Engineer,5860543840,Microstrategy,Application Security Engineer,near_duplicate(title+company+desc_prefix),5860543797,security engineer
Information Security Analyst,5889542682,Nike,"Lead Information Security Analyst, ITC",near_duplicate(title+company+desc_prefix),5890241298,information security analyst
Information Security Analyst,5804445145,Applied Materials,Lead Information Security Analyst (Individual Contributor),near_duplicate(title+company+desc_prefix),5805303792,information security analyst
Information Security Analyst,5840379163,Equitas Small Finance Bank,Information Security Analyst,employer_cap(>1 per employer),,information security analyst
Information Security Analyst,5887935193,Nike,"Principal Information Security Analyst, ITC",employer_cap(>1 per employer),,information security analyst
Information Security Analyst,5887227114,Nike,"Principal Information Security Analyst, TRM, ITC",employer_cap(>1 per employer),,information security analyst
Cybersecurity Engineer,5901472803,Jane Street,Cybersecurity Engineer: Security Operations Center (SOC),exact_id_duplicate,5901472803,cybersecurity engineer
Cybersecurity Engineer,5887515360,Jane Street,Cybersecurity Engineer - Security Operations Center (SOC),exact_id_duplicate,5887515360,cybersecurity engineer
Cybersecurity Engineer,5897049450,Unisys,SOC Detection and Response - Engineer Cyber Security Engineer,near_duplicate(title+company+desc_prefix),5897062123,security engineer
Cybersecurity Engineer,5897039269,Unisys,SOC Detection and Response - Engineer Cyber Security Engineer,near_duplicate(title+company+desc_prefix),5897062123,security engineer
Cybersecurity Engineer,5891404242,GE Vernova,Cyber Security Engineer,near_duplicate(title+company+desc_prefix),5891404240,security engineer
Cybersecurity Engineer,5891404238,GE Vernova,Cyber Security Engineer,near_duplicate(title+company+desc_prefix),5891404240,security engineer
Cybersecurity Engineer,5890805487,GE Vernova,Cyber Security Engineer,near_duplicate(title+company+desc_prefix),5891404240,security engineer
Cybersecurity Engineer,5889560759,GE HealthCare,Sr. Cyber Security Engineer,near_duplicate(title+company+desc_prefix),5890240752,security engineer
Cybersecurity Engineer,5870120012,GE Vernova,Lead OT Cyber Security Engineer,near_duplicate(title+company+desc_prefix),5889504323,security engineer
Cybersecurity Engineer,5860801438,GE Vernova,Sr Cyber Security Engineer,near_duplicate(title+company+desc_prefix),5861227542,security engineer
Cybersecurity Engineer,5895347127,Ensemble Health Partners India,Sr. Cybersecurity Engineer,near_duplicate(title+company+desc_prefix),5895360145,cybersecurity engineer
Cybersecurity Engineer,5868422848,Trane Technologies,Cybersecurity Engineer - OT,near_duplicate(title+company+desc_prefix),5869184042,cybersecurity engineer
Cybersecurity Engineer,5823363673,Cornerstone onDemand,Senior Cybersecurity Engineer - India,near_duplicate(title+company+desc_prefix),5823363675,cybersecurity engineer
Cybersecurity Engineer,5889504323,GE Vernova,Lead OT Cyber Security Engineer,employer_cap(>2 per employer),,security engineer
Cybersecurity Engineer,5861227542,GE Vernova,Sr Cyber Security Engineer,employer_cap(>2 per employer),,security engineer
Information Security Engineer,5902917997,Nike,"Lead Information Security Engineer, ITC",exact_id_duplicate,5902917997,information security engineer
Information Security Engineer,5902912989,Nike,"Lead Information Security Engineer, ITC",exact_id_duplicate,5902912989,information security engineer
Information Security Engineer,5902909643,Nike,"Senior Information Security Engineer, ITC",exact_id_duplicate,5902909643,information security engineer
Information Security Engineer,5900876708,Optum,Senior Information Security Engineer Consultant,exact_id_duplicate,5900876708,information security engineer
Information Security Engineer,5900875378,Infosys,Senior Information Security Engineer,exact_id_duplicate,5900875378,information security engineer
Information Security Engineer,5900714936,Wells Fargo Bank,Lead Information Security Engineer-AppSec Champion,exact_id_duplicate,5900714936,information security engineer
Information Security Engineer,5900356466,Wells Fargo,Lead Information Security Engineer-AppSec Champion,exact_id_duplicate,5900356466,information security engineer
Information Security Engineer,5898488941,Nike,"Principal Information Security Engineer, ITC",exact_id_duplicate,5898488941,information security engineer
Information Security Engineer,5897952312,Nike,"Principal Information Security Engineer, ITC",exact_id_duplicate,5897952312,information security engineer
Information Security Engineer,5894836202,Wells Fargo,Lead Information Security Engineer- PAM,exact_id_duplicate,5894836202,information security engineer
Information Security Engineer,5890803238,NCR Voyix,Information Security Engineer (II),exact_id_duplicate,5890803238,information security engineer
Information Security Engineer,5890791860,First Citizens India,Lead Information Security Engineer - IAM (Java Full Stack Developer),exact_id_duplicate,5890791860,information security engineer
Information Security Engineer,5886382275,JLL,"Senior Information Security Engineer, Identity Security Engineering",exact_id_duplicate,5886382275,information security engineer
Information Security Engineer,5882781105,MoonPay,"Information Security Engineer, DLP & Insider Risk",exact_id_duplicate,5882781105,information security engineer
Information Security Engineer,5882770935,Wells Fargo Bank,Senior Information Security Engineer,exact_id_duplicate,5882770935,information security engineer
Information Security Engineer,5882276976,Synchrony,"AVP, Endpoint Information Security Engineer",exact_id_duplicate,5882276976,information security engineer
Information Security Engineer,5882275715,Nike,"Lead Information Security Engineer, ITC",exact_id_duplicate,5882275715,information security engineer
Information Security Engineer,5882275709,Nike,"Principal Information Security Engineer, ITC",exact_id_duplicate,5882275709,information security engineer
Information Security Engineer,5882275615,Mastercard,Information Security Engineer II,exact_id_duplicate,5882275615,information security engineer
Information Security Engineer,5881161584,Nike,"Lead Information Security Engineer, ITC",exact_id_duplicate,5881161584,information security engineer
Information Security Engineer,5881146971,Nike,"Principal Information Security Engineer, ITC",exact_id_duplicate,5881146971,information security engineer
Information Security Engineer,5881124519,Revantage,Information Security Engineer,exact_id_duplicate,5881124519,information security engineer
Information Security Engineer,5880842857,MoonPay,"Information Security Engineer, DLP & Insider Risk",exact_id_duplicate,5880842857,information security engineer
Information Security Engineer,5878060335,Procter & Gamble,Information Security Engineer,exact_id_duplicate,5878060335,information security engineer
Information Security Engineer,5877284412,IMC,Information Security Engineer,exact_id_duplicate,5877284412,information security engineer
Information Security Engineer,5876946623,Tangem,Senior Information Security Engineer,exact_id_duplicate,5876946623,information security engineer
Information Security Engineer,5875717029,P&G,Information Security Engineer,exact_id_duplicate,5875717029,information security engineer
Information Security Engineer,5872787553,UnitedHealth Group,Senior Information Security Engineer Consultant,exact_id_duplicate,5872787553,information security engineer
Information Security Engineer,5872133129,Fortive,Associate Information Security Engineer,exact_id_duplicate,5872133129,information security engineer
Information Security Engineer,5871530710,Fortive Corporation,Associate Information Security Engineer,exact_id_duplicate,5871530710,information security engineer
Information Security Engineer,5869559153,IRIS Centre of Excellence - India,Senior information security Engineer - Vulnerability Management,exact_id_duplicate,5869559153,information security engineer
Information Security Engineer,5866610708,Wells Fargo,Senior Information Security Engineer,exact_id_duplicate,5866610708,information security engineer
Information Security Engineer,5866610678,Wells Fargo,Senior Information Security Engineer,exact_id_duplicate,5866610678,information security engineer
Information Security Engineer,5866609085,Mastercard,Information Security Engineer II,exact_id_duplicate,5866609085,information security engineer
Information Security Engineer,5862787108,Wells Fargo,Senior Information Security Engineer,exact_id_duplicate,5862787108,information security engineer
Information Security Engineer,5861235308,Atlas Systems,P1-GP-Information Security Engineer (Generalist – AI & Automation Focus),exact_id_duplicate,5861235308,information security engineer
Information Security Engineer,5860543778,Microstrategy,Information Security Engineer,exact_id_duplicate,5860543778,information security engineer
Information Security Engineer,5902912989,Nike,"Lead Information Security Engineer, ITC",near_duplicate(title+company+desc_prefix),5902917997,security engineer
Information Security Engineer,5897952312,Nike,"Principal Information Security Engineer, ITC",near_duplicate(title+company+desc_prefix),5898488941,security engineer
Information Security Engineer,5881161584,Nike,"Lead Information Security Engineer, ITC",near_duplicate(title+company+desc_prefix),5882275715,security engineer
Information Security Engineer,5881146971,Nike,"Principal Information Security Engineer, ITC",near_duplicate(title+company+desc_prefix),5882275709,security engineer
Information Security Engineer,5880842857,MoonPay,"Information Security Engineer, DLP & Insider Risk",near_duplicate(title+company+desc_prefix),5882781105,security engineer
Information Security Engineer,5866609085,Mastercard,Information Security Engineer II,near_duplicate(title+company+desc_prefix),5882275615,security engineer
Information Security Engineer,5862787108,Wells Fargo,Senior Information Security Engineer,near_duplicate(title+company+desc_prefix),5866610678,security engineer
Information Security Engineer,5835718304,Wells Fargo Bank,Senior Information Security Engineer,near_duplicate(title+company+desc_prefix),5882770935,information security engineer
Information Security Engineer,5832798300,Gowra Bits & Bytes,Sr. Information Security Engineer,near_duplicate(title+company+desc_prefix),5832798310,information security engineer
Information Security Engineer,5832798287,Gowra Bits & Bytes,Sr. Information Security Engineer,near_duplicate(title+company+desc_prefix),5832798310,information security engineer
Information Security Engineer,5898488941,Nike,"Principal Information Security Engineer, ITC",employer_cap(>2 per employer),,security engineer
Information Security Engineer,5882275715,Nike,"Lead Information Security Engineer, ITC",employer_cap(>2 per employer),,security engineer
Information Security Engineer,5882275709,Nike,"Principal Information Security Engineer, ITC",employer_cap(>2 per employer),,security engineer
Information Security Engineer,5854444770,Wells Fargo Bank,Senior Information Security Engineer,employer_cap(>2 per employer),,information security engineer
Information Security Engineer,5866610708,Wells Fargo,Senior Information Security Engineer,employer_cap(>2 per employer),,security engineer
Information Security Engineer,5866610678,Wells Fargo,Senior Information Security Engineer,employer_cap(>2 per employer),,security engineer
Information Security Engineer,5804447336,UnitedHealth Group,Senior Information Security Engineer Consultant,employer_cap(>2 per employer),,information security engineer
Information Security Engineer,5787621711,UnitedHealth Group,Principal Information Security Engineer,employer_cap(>2 per employer),,information security engineer
Cybersecurity Analyst,5856978876,Roche,Senior Cybersecurity Analyst - Policy Based Access,near_duplicate(title+company+desc_prefix),5859436070,cybersecurity analyst
Cybersecurity Analyst,5796581910,Applied Materials,Cybersecurity Analyst - Attack Surface Management & Attack Path Analysis,near_duplicate(title+company+desc_prefix),5798270960,cybersecurity analyst
Business Analyst,5877845375,Nihilent,Data/BI/Business Analyst,exact_id_duplicate,5877845375,bi analyst
Business Analyst,5878622945,Amazon,"Business Analyst II, Ops Analytics & Data Engineering",exact_id_duplicate,5878622945,analytics engineer
Business Analyst,5876716519,Amazon,"Business Analyst II, Ops Analytics & Data Engineering",exact_id_duplicate,5876716519,analytics engineer
Business Analyst,5873994537,ADCI - BLR 14 SEZ - F07,"Business Analyst II, Ops Analytics & Data Engineering",exact_id_duplicate,5873994537,analytics engineer
Business Analyst,5902168817,Vantive,Master Data Management Business Analyst-3,exact_id_duplicate,5902168817,business analyst
Business Analyst,5901762218,Fresenius Medical Care,Senior Business Systems Analyst (AI / Data Products),exact_id_duplicate,5901762218,business analyst
Business Analyst,5901704753,Fresenius Medical Care,Senior Business Systems Analyst (AI / Data Products),exact_id_duplicate,5901704753,business analyst
Business Analyst,5899536082,Bean HR Consulting,Business Analyst - P&C Insurance Data,exact_id_duplicate,5899536082,business analyst
Business Analyst,5897949454,Citigroup,Data and Business Analyst,exact_id_duplicate,5897949454,business analyst
Business Analyst,5897302338,Multiplier AI Limited,Business Analyst – Life Sciences / G&A Data Platforms,exact_id_duplicate,5897302338,business analyst
Business Analyst,5895065973,Unison Group,"Data Business Analyst - (DataBricks, SAP, Azure)",exact_id_duplicate,5895065973,business analyst
Business Analyst,5895065974,Unison Group,"Data Business Analyst - (DataBricks, SAP, Azure)",exact_id_duplicate,5895065974,business analyst
Business Analyst,5889507285,CoverForce,"Business Analyst: Carrier Data, Integrations & Automation (Commercial Insurance)",exact_id_duplicate,5889507285,business analyst
Business Analyst,5886007102,ADCI - BLR 14 SEZ - F07,"Business Analyst, RBS ARTS (Automation Reporting and Tech Sciences)",exact_id_duplicate,5886007102,business analyst
Business Analyst,5885696617,Amazon,"Business Analyst, RBS ARTS (Automation Reporting and Tech Sciences)",exact_id_duplicate,5885696617,business analyst
Business Analyst,5879948416,Amazon,"Business Analyst, RBS ARTS (Automation Reporting and Tech Sciences)",exact_id_duplicate,5879948416,business analyst
Business Analyst,5879551660,Amazon,"Business Analyst-Data Insights, Translation Services Operations",exact_id_duplicate,5879551660,business analyst
Business Analyst,5879551486,Amazon,"Business Analyst, Ring Data Engineering Services",exact_id_duplicate,5879551486,business analyst
Business Analyst,5878712977,Amazon,"Business Analyst, WHS Data",exact_id_duplicate,5878712977,business analyst
Business Analyst,5878712384,Trelleborg Group,SAP Business Analyst Data Migrations,exact_id_duplicate,5878712384,business analyst
Business Analyst,5878692865,Diversified,"Business Analyst - Data Systems - Bengaluru, India",exact_id_duplicate,5878692865,business analyst
Business Analyst,5878687951,Amazon,"Business Analyst-Data Insights, Translation Services Operations",exact_id_duplicate,5878687951,business analyst
Business Analyst,5878651559,Kaseya,Business Analyst - Power BI with Snowflake,exact_id_duplicate,5878651559,business analyst
Business Analyst,5878622945,Amazon,"Business Analyst II, Ops Analytics & Data Engineering",exact_id_duplicate,5878622945,business analyst
Business Analyst,5877845375,Nihilent,Data/BI/Business Analyst,exact_id_duplicate,5877845375,business analyst
Business Analyst,5902919511,Jade Global,Senior Salesforce CPQ Business Systems Analyst (Techno-Functional),exact_id_duplicate,5902919511,systems analyst
Business Analyst,5902286324,Arab Solutions,Business & Systems Analyst (BSA) - Remote,exact_id_duplicate,5902286324,systems analyst
Business Analyst,5901762218,Fresenius Medical Care,Senior Business Systems Analyst (AI / Data Products),exact_id_duplicate,5901762218,systems analyst
Business Analyst,5901704753,Fresenius Medical Care,Senior Business Systems Analyst (AI / Data Products),exact_id_duplicate,5901704753,systems analyst
Business Analyst,5901253701,NetApp,Business Systems Analyst,exact_id_duplicate,5901253701,systems analyst
Business Analyst,5900731655,SS&C,PA26ITOFFQ3061 - Sr. Business Systems Analyst -Mobile,exact_id_duplicate,5900731655,systems analyst
Business Analyst,5900356878,UKG,Sr Business Systems Analyst (Salesforce Service Cloud/ Experience Cloud),exact_id_duplicate,5900356878,systems analyst
Business Analyst,5899329998,Zscaler,Senior Business Systems Analyst (Salesforce),exact_id_duplicate,5899329998,systems analyst
Business Analyst,5899329551,UnitedHealth Group,Senior Business Systems Analyst,exact_id_duplicate,5899329551,systems analyst
Business Analyst,5899029282,Orbion Infotech,Sr. Business Systems Analyst / Database Analyst( 7 yrs),exact_id_duplicate,5899029282,systems analyst
Business Analyst,5898474507,Zscaler,Senior Business Systems Analyst (Salesforce),exact_id_duplicate,5898474507,systems analyst
Business Analyst,5897030725,Jobgether,Senior Business Systems Analyst,exact_id_duplicate,5897030725,systems analyst
Business Analyst,5894833439,Palo Alto Networks,Staff Business System Analyst (RAR),exact_id_duplicate,5894833439,systems analyst
Business Analyst,5894821987,HealthEdge,Business Systems Analyst,exact_id_duplicate,5894821987,systems analyst
Business Analyst,5894769741,GeekSoft Consulting,Business Systems Analyst (Banking exp),exact_id_duplicate,5894769741,systems analyst
Business Analyst,5894081596,Palo Alto Networks,Staff Business System Analyst (RAR),exact_id_duplicate,5894081596,systems analyst
Business Analyst,5892384033,Google,Business Systems Analyst,exact_id_duplicate,5892384033,systems analyst
Business Analyst,5891404282,Google,"Business Systems Analyst, Source to Pay",exact_id_duplicate,5891404282,systems analyst
Business Analyst,5890801884,NVIDIA,"Senior Business Systems Analyst, SAP IBP Planning",exact_id_duplicate,5890801884,systems analyst
Business Analyst,5889583201,Greystar Management Services,Sr. Business Analyst - Corporate Financial Systems,exact_id_duplicate,5889583201,systems analyst
Business Analyst,5889561023,Zscaler,Staff Business Systems Analyst (Salesforce),exact_id_duplicate,5889561023,systems analyst
Business Analyst,5888775716,Zscaler,Staff Business Systems Analyst (Salesforce),exact_id_duplicate,5888775716,systems analyst
Business Analyst,5887894861,Viavi Solutions,Business Ops System Analyst 1,exact_id_duplicate,5887894861,systems analyst
Business Analyst,5886363483,Revvity,Senior IT Business System Analyst - SAP MM,exact_id_duplicate,5886363483,systems analyst
Business Analyst,5879942331,Coates Group,Business Systems Analyst,exact_id_duplicate,5879942331,systems analyst
Business Analyst,5879925663,DoorDash,"Sr. Business System Analyst, Compensation",exact_id_duplicate,5879925663,systems analyst
Business Analyst,5879551509,DoorDash,"Sr. Business System Analyst, Compensation",exact_id_duplicate,5879551509,systems analyst
Business Analyst,5878692865,Diversified,"Business Analyst - Data Systems - Bengaluru, India",exact_id_duplicate,5878692865,systems analyst
Business Analyst,5878276868,Ramp,GTM Business Systems Analyst - Post Sales,exact_id_duplicate,5878276868,systems analyst
Business Analyst,5878276840,Ramp,GTM Senior Business Systems Analyst - Channel Sales,exact_id_duplicate,5878276840,systems analyst
Business Analyst,5878276589,Ramp,"GTM Senior Business Systems Analyst, Pre-Sales",exact_id_duplicate,5878276589,systems analyst
Business Analyst,5873771233,WSP USA,System Analyst - Power BI/Python/VBA/R,exact_id_duplicate,5873771233,systems analyst
Business Analyst,5873771240,WSP USA,System Analyst - Power BI/Python/VBA/R,exact_id_duplicate,5873771240,systems analyst
Business Analyst,5902919511,Jade Global,Senior Salesforce CPQ Business Systems Analyst (Techno-Functional),exact_id_duplicate,5902919511,functional analyst
Business Analyst,5898568167,Vrinda International,WINDCHILL FUNCTIONAL CONSULTANT / BUSINESS ANALYST,exact_id_duplicate,5898568167,functional analyst
Business Analyst,5895405543,Deutsche Bank,"Lead Business functional Analyst, VP",exact_id_duplicate,5895405543,functional analyst
Business Analyst,5891905367,Syneos Health,Systems Analyst: Functional Payables (Oracle Fusion)- Hyderabad (Hybrid)- Second Shift,exact_id_duplicate,5891905367,functional analyst
Business Analyst,5889080713,Bean HR Consulting,Senior System Analyst (Workday Techno-Functional),exact_id_duplicate,5889080713,functional analyst
Business Analyst,5888771344,Citigroup,Oracle EBS P2P AP Functional Lead Business Analyst,exact_id_duplicate,5888771344,functional analyst
Business Analyst,5888771332,Citigroup,Oracle EBS P2P GL Functional Senior Business Analyst,exact_id_duplicate,5888771332,functional analyst
Business Analyst,5888771328,Citigroup,Oracle EBS P2P AP Functional Senior Business Analyst,exact_id_duplicate,5888771328,functional analyst
Business Analyst,5888771323,Citigroup,Oracle EBS P2P AP Functional Senior Business Analyst,exact_id_duplicate,5888771323,functional analyst
Business Analyst,5888771325,Citigroup,Oracle EBS GL Finance Functional Consultant - Lead Business Analyst,exact_id_duplicate,5888771325,functional analyst
Business Analyst,5878681122,PricewaterhouseCoopers,IN_Sr Associate_Business Analyst- Techno Functional _GCC_Advisory_Pune,exact_id_duplicate,5878681122,functional analyst
Business Analyst,5901762218,Fresenius Medical Care,Senior Business Systems Analyst (AI / Data Products),exact_id_duplicate,5901762218,product analyst
Business Analyst,5901704753,Fresenius Medical Care,Senior Business Systems Analyst (AI / Data Products),exact_id_duplicate,5901704753,product analyst
Business Analyst,5889532556,Weekday,Data Product Analyst Specialist,exact_id_duplicate,5889532556,product analyst
Business Analyst,5887520493,Weekday AI,Data Product Analyst,exact_id_duplicate,5887520493,product analyst
Business Analyst,5887520495,Weekday AI,Data Product Analyst,exact_id_duplicate,5887520495,product analyst
Business Analyst,5887520499,Weekday AI,Data Product Analyst Expert,exact_id_duplicate,5887520499,product analyst
Business Analyst,5887520498,Weekday AI,Data Product Analyst Expert,exact_id_duplicate,5887520498,product analyst
Business Analyst,5886085534,Weekday AI,Data Product Analyst,exact_id_duplicate,5886085534,product analyst
Business Analyst,5886085536,Weekday AI,Data Product Analyst Expert,exact_id_duplicate,5886085536,product analyst
Business Analyst,5885476436,Dhan AI,Business Analyst(AI products in the Enterprise SaaS segment),exact_id_duplicate,5885476436,product analyst
Business Analyst,5864438745,Thakral One,Functional Product Analyst (AA) - India,exact_id_duplicate,5864438745,product analyst
Business Analyst,5850376131,Tata Autocomp,Product Analyst - Propulsion Systems Structural Engineer,exact_id_duplicate,5850376131,product analyst
Business Analyst,5850376120,Tata Autocomp,Product Analyst - System Simulation Thermal Simulation Engineer,exact_id_duplicate,5850376120,product analyst
Business Analyst,5850376103,Tata Autocomp,Product Analyst - System Simulation Thermal Simulation Engineer,exact_id_duplicate,5850376103,product analyst
Business Analyst,5900730363,American Express,Financial Systems Analyst I,exact_id_duplicate,5900730363,financial analyst
Business Analyst,5900356856,American Express,Financial Systems Analyst I,exact_id_duplicate,5900356856,financial analyst
Business Analyst,5899842443,American Express,Financial Systems Analyst II,exact_id_duplicate,5899842443,financial analyst
Business Analyst,5899329270,American Express,Financial Systems Analyst II,exact_id_duplicate,5899329270,financial analyst
Business Analyst,5897954955,ThermoFisher Scientific,Business Analyst - SAP Finance,exact_id_duplicate,5897954955,financial analyst
Business Analyst,5897951148,PVH Corp.,SAP Finance Functional Analyst,exact_id_duplicate,5897951148,financial analyst
Business Analyst,5897051042,Thermo Fisher Scientific,Business Analyst - SAP Finance,exact_id_duplicate,5897051042,financial analyst
Business Analyst,5895351281,NICE,"Senior Business Analyst, Actimize (Payments & financial Fraud)",exact_id_duplicate,5895351281,financial analyst
Business Analyst,5894127014,PVH,SAP Finance Functional Analyst,exact_id_duplicate,5894127014,financial analyst
Business Analyst,5893831513,PVH Corp.,SAP Finance Functional Analyst,exact_id_duplicate,5893831513,financial analyst
Business Analyst,5889583201,Greystar Management Services,Sr. Business Analyst - Corporate Financial Systems,exact_id_duplicate,5889583201,financial analyst
Business Analyst,5889497944,Capco,Finance Change Business Analyst,exact_id_duplicate,5889497944,financial analyst
Business Analyst,5888771325,Citigroup,Oracle EBS GL Finance Functional Consultant - Lead Business Analyst,exact_id_duplicate,5888771325,financial analyst
Business Analyst,5882728910,MUFG Pension & Market Services,Infor ERPLn Senior Finance Business Analyst,exact_id_duplicate,5882728910,financial analyst
Business Analyst,5881161559,Unisys,Senior Business Analyst(Finance Domain),exact_id_duplicate,5881161559,financial analyst
Business Analyst,5881117872,Kent,Oracle Finance Business Analyst,exact_id_duplicate,5881117872,financial analyst
Business Analyst,5879551470,Civica,Finance Systems Analyst,exact_id_duplicate,5879551470,financial analyst
Business Analyst,5878629175,Amazon,"Business Analyst I, SPS Finance Insights & Analytics",exact_id_duplicate,5878629175,financial analyst
Business Analyst,5878626808,Hewlett Packard Enterprise,Financial Systems Analyst,exact_id_duplicate,5878626808,financial analyst
Business Analyst,5878502051,Civica,Finance Systems Analyst,exact_id_duplicate,5878502051,financial analyst
Business Analyst,5876949038,Control Risks,Finance Systems Analyst (D365 Finance & Operations),exact_id_duplicate,5876949038,financial analyst
Business Analyst,5872136372,DNV,Oracle Finance (EBS) - Functional Analyst,exact_id_duplicate,5872136372,financial analyst
Business Analyst,5844336846,Okta,Senior Product Analyst - Finance Technology,exact_id_duplicate,5844336846,financial analyst
Business Analyst,5841939613,Curriculum Associates,Senior Systems Analyst (Finance Workday),exact_id_duplicate,5841939613,financial analyst
Business Analyst,5900730363,American Express,Financial Systems Analyst I,exact_id_duplicate,5900730363,finance analyst
Business Analyst,5900356856,American Express,Financial Systems Analyst I,exact_id_duplicate,5900356856,finance analyst
Business Analyst,5899842443,American Express,Financial Systems Analyst II,exact_id_duplicate,5899842443,finance analyst
Business Analyst,5899329270,American Express,Financial Systems Analyst II,exact_id_duplicate,5899329270,finance analyst
Business Analyst,5897954955,ThermoFisher Scientific,Business Analyst - SAP Finance,exact_id_duplicate,5897954955,finance analyst
Business Analyst,5897951148,PVH Corp.,SAP Finance Functional Analyst,exact_id_duplicate,5897951148,finance analyst
Business Analyst,5897051042,Thermo Fisher Scientific,Business Analyst - SAP Finance,exact_id_duplicate,5897051042,finance analyst
Business Analyst,5895351281,NICE,"Senior Business Analyst, Actimize (Payments & financial Fraud)",exact_id_duplicate,5895351281,finance analyst
Business Analyst,5894127014,PVH,SAP Finance Functional Analyst,exact_id_duplicate,5894127014,finance analyst
Business Analyst,5893831513,PVH Corp.,SAP Finance Functional Analyst,exact_id_duplicate,5893831513,finance analyst
Business Analyst,5889583201,Greystar Management Services,Sr. Business Analyst - Corporate Financial Systems,exact_id_duplicate,5889583201,finance analyst
Business Analyst,5889497944,Capco,Finance Change Business Analyst,exact_id_duplicate,5889497944,finance analyst
Business Analyst,5888771325,Citigroup,Oracle EBS GL Finance Functional Consultant - Lead Business Analyst,exact_id_duplicate,5888771325,finance analyst
Business Analyst,5882728910,MUFG Pension & Market Services,Infor ERPLn Senior Finance Business Analyst,exact_id_duplicate,5882728910,finance analyst
Business Analyst,5881161559,Unisys,Senior Business Analyst(Finance Domain),exact_id_duplicate,5881161559,finance analyst
Business Analyst,5881117872,Kent,Oracle Finance Business Analyst,exact_id_duplicate,5881117872,finance analyst
Business Analyst,5879551470,Civica,Finance Systems Analyst,exact_id_duplicate,5879551470,finance analyst
Business Analyst,5878629175,Amazon,"Business Analyst I, SPS Finance Insights & Analytics",exact_id_duplicate,5878629175,finance analyst
Business Analyst,5878626808,Hewlett Packard Enterprise,Financial Systems Analyst,exact_id_duplicate,5878626808,finance analyst
Business Analyst,5878502051,Civica,Finance Systems Analyst,exact_id_duplicate,5878502051,finance analyst
Business Analyst,5876949038,Control Risks,Finance Systems Analyst (D365 Finance & Operations),exact_id_duplicate,5876949038,finance analyst
Business Analyst,5876797414,JoVE,"Business Analyst, Finance",exact_id_duplicate,5876797414,finance analyst
Business Analyst,5873214735,Rimini Street,"Sr. Business Analyst, SAP Financials",exact_id_duplicate,5873214735,finance analyst
Business Analyst,5872136372,DNV,Oracle Finance (EBS) - Functional Analyst,exact_id_duplicate,5872136372,finance analyst
Business Analyst,5869216524,Bristol Myers Squibb,Lead Business Analyst - Project Financial Management,exact_id_duplicate,5869216524,finance analyst
Business Analyst,5868113440,Foray Software,Business Analyst (Financial or Credit Risk Management) - KPMG,exact_id_duplicate,5868113440,finance analyst
Business Analyst,5868110344,Globant,Salesforce Business Analyst in Financial Services Cloud (FSC),exact_id_duplicate,5868110344,finance analyst
Business Analyst,5868110337,Globant,Salesforce Business Analyst in Financial Services Cloud (FSC),exact_id_duplicate,5868110337,finance analyst
Business Analyst,5849679964,MUFG Pension & Market Services,Finance Business Analyst,exact_id_duplicate,5849679964,finance analyst
Business Analyst,5844336846,Okta,Senior Product Analyst - Finance Technology,exact_id_duplicate,5844336846,finance analyst
Business Analyst,5841939613,Curriculum Associates,Senior Systems Analyst (Finance Workday),exact_id_duplicate,5841939613,finance analyst
Business Analyst,5890816259,RZR Global,FP&A Systems Analyst,exact_id_duplicate,5890816259,fp&a analyst
Business Analyst,5898568165,DATAECONOMY,Business Analyst (Investment banking),exact_id_duplicate,5898568165,investment analyst
Business Analyst,5876943557,Tangem,System Analyst Invest Growth,exact_id_duplicate,5876943557,investment analyst
Business Analyst,5852567652,AllianceBernstein LP,Global Investment Product Analyst,exact_id_duplicate,5852567652,investment analyst
Business Analyst,5889085549,EY,Risk Analytics - Product Analyst - Manager,exact_id_duplicate,5889085549,product manager
Business Analyst,5891912216,State Street,PCC Program Business Analyst - Assistant Manager,exact_id_duplicate,5891912216,program manager
Business Analyst,5885447073,remote click jobs,PMO Director Program Operations Manager Senior Business Analyst,exact_id_duplicate,5885447073,program manager
Business Analyst,5901704753,Fresenius Medical Care,Senior Business Systems Analyst (AI / Data Products),near_duplicate(title+company+desc_prefix),5901762218,data analyst
Business Analyst,5895065974,Unison Group,"Data Business Analyst - (DataBricks, SAP, Azure)",near_duplicate(title+company+desc_prefix),5895065973,data analyst
Business Analyst,5887520495,Weekday AI,Data Product Analyst,near_duplicate(title+company+desc_prefix),5887520493,data analyst
Business Analyst,5887520498,Weekday AI,Data Product Analyst Expert,near_duplicate(title+company+desc_prefix),5887520499,data analyst
Business Analyst,5886085534,Weekday AI,Data Product Analyst,near_duplicate(title+company+desc_prefix),5887520493,data analyst
Business Analyst,5886085536,Weekday AI,Data Product Analyst Expert,near_duplicate(title+company+desc_prefix),5887520499,data analyst
Business Analyst,5873771240,WSP USA,System Analyst - Power BI/Python/VBA/R,near_duplicate(title+company+desc_prefix),5873771233,bi analyst
Business Analyst,5862121127,ADCI - BLR 14 SEZ - F07,"Business Analyst, RBS ARTS (Automation Reporting and Tech Sciences)",near_duplicate(title+company+desc_prefix),5886007102,reporting analyst
Business Analyst,5902729963,CoverGo,Business Analyst - Health Insurance (Fully Remote),near_duplicate(title+company+desc_prefix),5902729995,business analyst
Business Analyst,5902729958,CoverGo,Business Analyst - Health Insurance (Fully Remote),near_duplicate(title+company+desc_prefix),5902729995,business analyst
Business Analyst,5900856270,Synoriq,Business Analyst – LOS & LMS,near_duplicate(title+company+desc_prefix),5901762459,business analyst
Business Analyst,5898481086,Accenture,Business Analyst,near_duplicate(title+company+desc_prefix),5902915574,business analyst
Business Analyst,5898474507,Zscaler,Senior Business Systems Analyst (Salesforce),near_duplicate(title+company+desc_prefix),5899329998,business analyst
Business Analyst,5898069225,Weekday AI,Business Analyst,near_duplicate(title+company+desc_prefix),5899550146,business analyst
Business Analyst,5898069170,Weekday AI,Business Analyst,near_duplicate(title+company+desc_prefix),5899550146,business analyst
Business Analyst,5897949997,The Hartford,IND - Staff Business Analyst,near_duplicate(title+company+desc_prefix),5898468516,business analyst
Business Analyst,5896367801,Roche,ERP Business Analyst - Tax Management,near_duplicate(title+company+desc_prefix),5897050384,business analyst
Business Analyst,5895065478,Capgemini,FBS Business Analyst II- Guidewire,near_duplicate(title+company+desc_prefix),5895065490,business analyst
Business Analyst,5894958016,2070Health,Business Analyst - Hospital Operations,near_duplicate(title+company+desc_prefix),5896658452,business analyst
Business Analyst,5894413510,Capgemini,FBS Business Analyst II- Guidewire,near_duplicate(title+company+desc_prefix),5895065490,business analyst
Business Analyst,5894081596,Palo Alto Networks,Staff Business System Analyst (RAR),near_duplicate(title+company+desc_prefix),5894833439,business analyst
Business Analyst,5892382017,Amazon,"Business Analyst, ROC, ROC",near_duplicate(title+company+desc_prefix),5893618538,business analyst
Business Analyst,5888775716,Zscaler,Staff Business Systems Analyst (Salesforce),near_duplicate(title+company+desc_prefix),5889561023,business analyst
Business Analyst,5888771323,Citigroup,Oracle EBS P2P AP Functional Senior Business Analyst,near_duplicate(title+company+desc_prefix),5888771328,business analyst
Business Analyst,5882768656,Amex,Business Analyst,near_duplicate(title+company+desc_prefix),5887964504,business analyst
Business Analyst,5879938129,Accenture,Business Analyst,near_duplicate(title+company+desc_prefix),5902915574,business analyst
Business Analyst,5879551509,DoorDash,"Sr. Business System Analyst, Compensation",near_duplicate(title+company+desc_prefix),5879925663,business analyst
Business Analyst,5888317925,Neolytix,IT Systems Analyst,near_duplicate(title+company+desc_prefix),5890810971,systems analyst
Business Analyst,5878502051,Civica,Finance Systems Analyst,near_duplicate(title+company+desc_prefix),5879551470,systems analyst
Business Analyst,5874151578,Nextgen Clearing,Sr. System Analyst,near_duplicate(title+company+desc_prefix),5875447925,systems analyst
Business Analyst,5868702345,Unison Group,IT Business/System Analyst (Intraday Liquidity Management),near_duplicate(title+company+desc_prefix),5868702420,systems analyst
Business Analyst,5860541112,Pinkerton,Security System Analyst- Level 1,near_duplicate(title+company+desc_prefix),5860541862,systems analyst
Business Analyst,5856978358,Cisco,"Business Systems Analyst - Oracle Fusion, ERP, Supply Chain & Manufacturing - 5 to 10 Yrs , BLR",near_duplicate(title+company+desc_prefix),5857947934,systems analyst
Business Analyst,5850376103,Tata Autocomp,Product Analyst - System Simulation Thermal Simulation Engineer,near_duplicate(title+company+desc_prefix),5850376120,systems analyst
Business Analyst,5849139373,Inspira Enterprise India,System Analyst,near_duplicate(title+company+desc_prefix),5849139383,systems analyst
Business Analyst,5814995438,Commvault,Business Systems Analyst - Sales Planning & Incentive Systems,near_duplicate(title+company+desc_prefix),5814995437,systems analyst
Business Analyst,5814411840,Commvault,Business Systems Analyst – Sales Planning & Incentive Systems,near_duplicate(title+company+desc_prefix),5814995437,systems analyst
Business Analyst,5814405389,nVent,Pricing Systems Analyst,near_duplicate(title+company+desc_prefix),5899549896,systems analyst
Business Analyst,5782883230,ALBEMARLE,Technical Systems Analyst,near_duplicate(title+company+desc_prefix),5784340086,systems analyst
Business Analyst,5896550836,Weekday AI,SAP Functional Analyst - GTS,near_duplicate(title+company+desc_prefix),5898179069,functional analyst
Business Analyst,5893831513,PVH Corp.,SAP Finance Functional Analyst,near_duplicate(title+company+desc_prefix),5897951148,functional analyst
Business Analyst,5851142520,Trane Technologies,Functional Analyst - R12 Projects,near_duplicate(title+company+desc_prefix),5852148128,functional analyst
Business Analyst,5843165575,Amazon,"Oracle Applications Functional Analyst, FinTech Cash Application, OFA Cash Application",near_duplicate(title+company+desc_prefix),5843179492,functional analyst
Business Analyst,5895393440,Tide,Senior Product Analyst,near_duplicate(title+company+desc_prefix),5895402684,product analyst
Business Analyst,5895351103,Tide,Senior Product Analyst,near_duplicate(title+company+desc_prefix),5895402684,product analyst
Business Analyst,5895157717,Lokal App,Product Analyst II,near_duplicate(title+company+desc_prefix),5896657589,product analyst
Business Analyst,5892758626,Lokal App,Senior Product Analyst - I/II,near_duplicate(title+company+desc_prefix),5893831430,product analyst
Business Analyst,5850377097,"SolutionInn, US",Product Analyst,near_duplicate(title+company+desc_prefix),5850377151,product analyst
Business Analyst,5843164873,Amazon,"Business Analyst II, Relay Product Excellence",near_duplicate(title+company+desc_prefix),5845256533,product analyst
Business Analyst,5840187568,Staffnixcom,Senior Business Analyst (B2B Service/Product),near_duplicate(title+company+desc_prefix),5840187666,product analyst
Business Analyst,5818413863,Vistex Career,Product Analyst,near_duplicate(title+company+desc_prefix),5889499972,product analyst
Business Analyst,5868110337,Globant,Salesforce Business Analyst in Financial Services Cloud (FSC),near_duplicate(title+company+desc_prefix),5868110344,financial analyst
Business Analyst,5850377110,Vichara Technologies,Senior Business Analyst - Investment Management,near_duplicate(title+company+desc_prefix),5850377165,investment analyst
Business Analyst,5850377075,Vichara Technologies,Senior Business Analyst - Investment Management,near_duplicate(title+company+desc_prefix),5850377165,investment analyst
Business Analyst,5850377124,Vichara Technologies,Senior Business Analyst - Investment Management,near_duplicate(title+company+desc_prefix),5850377165,investment analyst
Business Analyst,5876716519,Amazon,"Business Analyst II, Ops Analytics & Data Engineering",employer_cap(>33 per employer),,data analyst
Business Analyst,5844296409,Amazon,"Business Analyst I, Automation, Reporting and Tech sciences (ARTS)",employer_cap(>33 per employer),,reporting analyst
Business Analyst,5802316667,Amazon,"Business Analyst I, Automation, Reporting and Tech sciences (ARTS)",employer_cap(>33 per employer),,reporting analyst
Business Analyst,5843179492,Amazon,"Oracle Applications Functional Analyst, FinTech Cash Application, OFA Cash Application",employer_cap(>33 per employer),,functional analyst
Business Analyst,5845256533,Amazon,"Business Analyst II, Relay Product Excellence",employer_cap(>33 per employer),,product analyst
Business Analyst,5841917444,Amazon,"Business Analyst III, Relay Product Excellence",employer_cap(>33 per employer),,product analyst
Business Analyst,5786402849,Amazon,"Business Analyst II, Relay Product Excellence",employer_cap(>33 per employer),,product analyst
Financial Analyst,5902910102,MMS,Business and Finance Analyst (Finance/FP&A) India (1 PM–10 PM Shift),exact_id_duplicate,5902910102,financial analyst
Financial Analyst,5901425138,MMS,Business and Finance Analyst (Finance/FP&A) India (1 PM–10 PM Shift),exact_id_duplicate,5901425138,financial analyst
Financial Analyst,5900708120,Wells Fargo Bank,Lead Financial Planning & Analysis Analyst - Power BI Development,exact_id_duplicate,5900708120,financial analyst
Financial Analyst,5900356472,Wells Fargo,Lead Financial Planning & Analysis Analyst - Power BI Development,exact_id_duplicate,5900356472,financial analyst
Financial Analyst,5897060955,HP,Financial Analyst-Record to Report,exact_id_duplicate,5897060955,financial analyst
Financial Analyst,5897049581,Shell,Reporting/Finance Analyst,exact_id_duplicate,5897049581,financial analyst
Financial Analyst,5896660039,Ascend Performance Materials,Business Financial Analyst,exact_id_duplicate,5896660039,financial analyst
Financial Analyst,5895470005,CBTS,Business & Financial Analyst,exact_id_duplicate,5895470005,financial analyst
Financial Analyst,5891404280,Google,Business Finance Analyst,exact_id_duplicate,5891404280,financial analyst
Financial Analyst,5889557540,Dozee,Financial Planning Analyst - Business Finance,exact_id_duplicate,5889557540,financial analyst
Financial Analyst,5878653083,Amazon,"Senior Financial Analyst, Data Center Finance",exact_id_duplicate,5878653083,financial analyst
Financial Analyst,5877266734,HP,Financial Analyst-Record to Report,exact_id_duplicate,5877266734,financial analyst
Financial Analyst,5902917409,Wolters Kluwer,Financial Planning Analyst,exact_id_duplicate,5902917409,finance analyst
Financial Analyst,5902914434,Jobgether,Financial Analyst,exact_id_duplicate,5902914434,finance analyst
Financial Analyst,5902913925,JPMorganChase,Financial Planning & Analysis- Analyst,exact_id_duplicate,5902913925,finance analyst
Financial Analyst,5902912081,American Express,Financial Analyst,exact_id_duplicate,5902912081,finance analyst
Financial Analyst,5902911813,JLL,Senior Finance Analyst - General Accounting,exact_id_duplicate,5902911813,finance analyst
Financial Analyst,5902910102,MMS,Business and Finance Analyst (Finance/FP&A) India (1 PM–10 PM Shift),exact_id_duplicate,5902910102,finance analyst
Financial Analyst,5902909401,HP,Financial Analyst 3,exact_id_duplicate,5902909401,finance analyst
Financial Analyst,5902729954,HP,Financial Analyst 3,exact_id_duplicate,5902729954,finance analyst
Financial Analyst,5902582328,Visy India,Senior Financial Analyst,exact_id_duplicate,5902582328,finance analyst
Financial Analyst,5902581776,Visy India,Senior Financial Analyst,exact_id_duplicate,5902581776,finance analyst
Financial Analyst,5902535297,FOLKS,Production Financial Analyst,exact_id_duplicate,5902535297,finance analyst
Financial Analyst,5901707324,Accenture,Financial Plan & Analysis Senior Analyst,exact_id_duplicate,5901707324,finance analyst
Financial Analyst,5901695468,Accenture,Financial Plan & Analysis Senior Analyst,exact_id_duplicate,5901695468,finance analyst
Financial Analyst,5901480918,Intuitive,Financial Analyst,exact_id_duplicate,5901480918,finance analyst
Financial Analyst,5901425138,MMS,Business and Finance Analyst (Finance/FP&A) India (1 PM–10 PM Shift),exact_id_duplicate,5901425138,finance analyst
Financial Analyst,5901252847,Amazon,"Financial Analyst, GFS FP&A",exact_id_duplicate,5901252847,finance analyst
Financial Analyst,5901252809,Amazon,"Financial Analyst II, FOAA Leo",exact_id_duplicate,5901252809,finance analyst
Financial Analyst,5900727856,JLL,Senior Finance Analyst - Accounts Payable,exact_id_duplicate,5900727856,finance analyst
Financial Analyst,5900708120,Wells Fargo Bank,Lead Financial Planning & Analysis Analyst - Power BI Development,exact_id_duplicate,5900708120,finance analyst
Financial Analyst,5900356472,Wells Fargo,Lead Financial Planning & Analysis Analyst - Power BI Development,exact_id_duplicate,5900356472,finance analyst
Financial Analyst,5900355747,ICON Clinical Research,Financial Analyst II,exact_id_duplicate,5900355747,finance analyst
Financial Analyst,5900355217,GE HealthCare,Lead Service Finance Analyst,exact_id_duplicate,5900355217,finance analyst
Financial Analyst,5900355130,Eaton Corporation,Senior Financial Analyst,exact_id_duplicate,5900355130,finance analyst
Financial Analyst,5900355031,Citigroup,Project Finance Analyst - Infrastructure Finance / Clean Energy Finance - Officer,exact_id_duplicate,5900355031,finance analyst
Financial Analyst,5899864615,Amazon,"Financial Analyst II, FOAA Leo",exact_id_duplicate,5899864615,finance analyst
Financial Analyst,5899862245,American Express,Financial Analyst,exact_id_duplicate,5899862245,finance analyst
Financial Analyst,5899856607,JLL,Senior Finance Analyst - Accounts Payable,exact_id_duplicate,5899856607,finance analyst
Financial Analyst,5899856537,Accenture,Financial Plan & Analysis Analyst,exact_id_duplicate,5899856537,finance analyst
Financial Analyst,5899852813,American Express,Financial Analyst,exact_id_duplicate,5899852813,finance analyst
Financial Analyst,5899851593,HP,Financial Analyst-Services Deliver,exact_id_duplicate,5899851593,finance analyst
Financial Analyst,5899840458,Accenture,Financial Plan & Analysis Senior Analyst,exact_id_duplicate,5899840458,finance analyst
Financial Analyst,5899837121,JLL,Finance Analyst - Accounts Payable,exact_id_duplicate,5899837121,finance analyst
Financial Analyst,5899835532,Accenture,Financial Plan & Analysis Senior Analyst,exact_id_duplicate,5899835532,finance analyst
Financial Analyst,5899550093,Desun Hospitals,Finance & Accounts Executive / Financial Analyst-CA/CA Inter,exact_id_duplicate,5899550093,finance analyst
Financial Analyst,5899329266,American Express,Financial Analyst,exact_id_duplicate,5899329266,finance analyst
Financial Analyst,5899329263,American Express,Financial Analyst,exact_id_duplicate,5899329263,finance analyst
Financial Analyst,5899301268,EaseBiz FinTech Solutions LLP,Assistant Finance Analyst,exact_id_duplicate,5899301268,finance analyst
Financial Analyst,5898655957,Arminus,Financial Planning Analyst_4-7yrs_Kolkata_Face-to-Face Interview,exact_id_duplicate,5898655957,finance analyst
Financial Analyst,5898504232,GE HealthCare,Lead Service Finance Analyst,exact_id_duplicate,5898504232,finance analyst
Financial Analyst,5898500360,PricewaterhouseCoopers,IN_Specialist 3_ Finance Analyst _GCC_Advisory_Bangalore,exact_id_duplicate,5898500360,finance analyst
Financial Analyst,5898482456,Accenture,Financial Plan & Analysis Senior Analyst,exact_id_duplicate,5898482456,finance analyst
Financial Analyst,5898480875,Legion,Senior Financial Analyst,exact_id_duplicate,5898480875,finance analyst
Financial Analyst,5898476341,Kraft Heinz,Financial Analyst - II,exact_id_duplicate,5898476341,finance analyst
Financial Analyst,5898473718,Hewlett Packard Enterprise,Senior Financial Analyst,exact_id_duplicate,5898473718,finance analyst
Financial Analyst,5898469475,American Express,Financial Analyst,exact_id_duplicate,5898469475,finance analyst
Financial Analyst,5898469201,IRE,Financial Analyst II,exact_id_duplicate,5898469201,finance analyst
Financial Analyst,5898468528,HP,Financial Analyst-Lease Enablement,exact_id_duplicate,5898468528,finance analyst
Financial Analyst,5898466391,American Express,Financial Analyst,exact_id_duplicate,5898466391,finance analyst
Financial Analyst,5898197919,ADCI - Maharashtra,"Financial Analyst II, FOAA Leo",exact_id_duplicate,5898197919,finance analyst
Financial Analyst,5898164862,NAM Info Pvt Ltd,Financial Analyst,exact_id_duplicate,5898164862,finance analyst
Financial Analyst,5897954740,American Express,Financial Analyst,exact_id_duplicate,5897954740,finance analyst
Financial Analyst,5897954730,American Express,Financial Analyst,exact_id_duplicate,5897954730,finance analyst
Financial Analyst,5897954666,American Express,Financial Analyst,exact_id_duplicate,5897954666,finance analyst
Financial Analyst,5897953163,Parexel,Financial Analyst I,exact_id_duplicate,5897953163,finance analyst
Financial Analyst,5897335939,PrimeVigilance,Project Finance Analyst,exact_id_duplicate,5897335939,finance analyst
Financial Analyst,5897176714,Flex,Financial Analyst - Cost Accounting Solutions,exact_id_duplicate,5897176714,finance analyst
Financial Analyst,5897060955,HP,Financial Analyst-Record to Report,exact_id_duplicate,5897060955,finance analyst
Financial Analyst,5897054331,HP,Financial Analyst 4,exact_id_duplicate,5897054331,finance analyst
Financial Analyst,5897050846,Parexel,Financial Analyst I,exact_id_duplicate,5897050846,finance analyst
Financial Analyst,5897049581,Shell,Reporting/Finance Analyst,exact_id_duplicate,5897049581,finance analyst
Financial Analyst,5897049160,Amazon,"Financial Analyst I, FOAA Leases",exact_id_duplicate,5897049160,finance analyst
Financial Analyst,5897041316,Clarivate,Lead Financial Analyst,exact_id_duplicate,5897041316,finance analyst
Financial Analyst,5897039300,Jobgether,Finance Analyst,exact_id_duplicate,5897039300,finance analyst
Financial Analyst,5896660039,Ascend Performance Materials,Business Financial Analyst,exact_id_duplicate,5896660039,finance analyst
Financial Analyst,5896366313,Amazon,"Sr. Financial Analyst, Sr. Finance Analyst, RBS, Stores Tech Finance (STF)",exact_id_duplicate,5896366313,finance analyst
Financial Analyst,5896366223,Amazon,"Financial Analyst I, FOAA Leases",exact_id_duplicate,5896366223,finance analyst
Financial Analyst,5896110823,Johnson and Johnson,"Senior Financial Analyst, Consolidations",exact_id_duplicate,5896110823,finance analyst
Financial Analyst,5895470005,CBTS,Business & Financial Analyst,exact_id_duplicate,5895470005,finance analyst
Financial Analyst,5895394462,Amazon,"Sr. Financial Analyst, Sr. Finance Analyst, RBS, Stores Tech Finance (STF)",exact_id_duplicate,5895394462,finance analyst
Financial Analyst,5895377104,Mitsubishi UFJ Financial Group,Trade Finance Analyst,exact_id_duplicate,5895377104,finance analyst
Financial Analyst,5895085477,ADCI - Karnataka,"Financial Analyst I, FOAA Leases",exact_id_duplicate,5895085477,finance analyst
Financial Analyst,5895065540,Circles,"Senior Financial Analyst (Consumer, Jetpac, Services)",exact_id_duplicate,5895065540,finance analyst
Financial Analyst,5894905673,Mercor,Financial Analyst - AI Collaboration,exact_id_duplicate,5894905673,finance analyst
Financial Analyst,5894840669,J&J Family of Companies,"Senior Financial Analyst, Consolidations",exact_id_duplicate,5894840669,finance analyst
Financial Analyst,5894828857,Amazon,"Financial Analyst II, FOAA GST",exact_id_duplicate,5894828857,finance analyst
Financial Analyst,5894230908,Tekwissen India,Financial Analyst I,exact_id_duplicate,5894230908,finance analyst
Financial Analyst,5894179527,Amazon,"Sr. Financial Analyst, Sr. Finance Analyst, RBS, Stores Tech Finance (STF)",exact_id_duplicate,5894179527,finance analyst
Financial Analyst,5894078730,Ecolab,Sr Financial Analyst II,exact_id_duplicate,5894078730,finance analyst
Financial Analyst,5893849111,ADCI - BLR 14 SEZ,"Sr. Financial Analyst, Sr. Finance Analyst, RBS, Stores Tech Finance (STF)",exact_id_duplicate,5893849111,finance analyst
Financial Analyst,5892990977,Finance,Senior Financial Analyst,exact_id_duplicate,5892990977,finance analyst
Financial Analyst,5892989295,FP&A,Senior Financial Analyst,exact_id_duplicate,5892989295,finance analyst
Financial Analyst,5892547521,Mercor,Financial Analyst - Fully Remote,exact_id_duplicate,5892547521,finance analyst
Financial Analyst,5892382837,Amazon,"Finance Analyst II, APAC ITX team",exact_id_duplicate,5892382837,finance analyst
Financial Analyst,5892382802,Amazon,"Finance Analyst II, APAC ITX team",exact_id_duplicate,5892382802,finance analyst
Financial Analyst,5891912506,Amazon,"Financial Analyst II, FOAA Accounting",exact_id_duplicate,5891912506,finance analyst
Financial Analyst,5891875181,Amazon,"Finance Analyst II, APAC ITX team",exact_id_duplicate,5891875181,finance analyst
Financial Analyst,5891404280,Google,Business Finance Analyst,exact_id_duplicate,5891404280,finance analyst
Financial Analyst,5891403482,Amazon,"Financial Analyst II, FOAA Accounting",exact_id_duplicate,5891403482,finance analyst
Financial Analyst,5890510082,ADCI - Karnataka,"Finance Analyst II, APAC ITX team",exact_id_duplicate,5890510082,finance analyst
Financial Analyst,5890487002,W3Global,Senior Accountant / Financial Analyst,exact_id_duplicate,5890487002,finance analyst
Financial Analyst,5890240676,Eaton Corporation,Financial Planning Lead Analyst,exact_id_duplicate,5890240676,finance analyst
Financial Analyst,5890032229,Wonder Worth Solutions Pvt Ltd,L3 - Senior Finance Analyst / Payroll Specialist,exact_id_duplicate,5890032229,finance analyst
Financial Analyst,5889565155,LiveRamp,"Sr. Financial Analyst, Cloud Infrastructure",exact_id_duplicate,5889565155,finance analyst
Financial Analyst,5889557540,Dozee,Financial Planning Analyst - Business Finance,exact_id_duplicate,5889557540,finance analyst
Financial Analyst,5889554665,IRE,Financial Analyst II,exact_id_duplicate,5889554665,finance analyst
Financial Analyst,5889552884,Marmon Holdings,Lead Finance Analyst,exact_id_duplicate,5889552884,finance analyst
Financial Analyst,5889531647,MedTourEasy,Financial Analyst,exact_id_duplicate,5889531647,finance analyst
Financial Analyst,5888772658,LiveRamp,"Sr. Financial Analyst, Cloud Infrastructure",exact_id_duplicate,5888772658,finance analyst
Financial Analyst,5888772522,ICON Clinical Research,Financial Analyst II,exact_id_duplicate,5888772522,finance analyst
Financial Analyst,5888771990,Honeywell Technologies,Sr Finance Analyst,exact_id_duplicate,5888771990,finance analyst
Financial Analyst,5888771558,Danaher Corporation,Senior Financial Analyst,exact_id_duplicate,5888771558,finance analyst
Financial Analyst,5888612055,Eurofins GSC IT DC,Finance Analyst - IT,exact_id_duplicate,5888612055,finance analyst
Financial Analyst,5888551620,Emerson,Financial Analyst,exact_id_duplicate,5888551620,finance analyst
Financial Analyst,5888551515,ascendion,Senior Financial Analyst,exact_id_duplicate,5888551515,finance analyst
Financial Analyst,5887954198,Danaher,Senior Financial Analyst,exact_id_duplicate,5887954198,finance analyst
Financial Analyst,5887908228,Honeywell,Sr Finance Analyst,exact_id_duplicate,5887908228,finance analyst
Financial Analyst,5887896668,Convera,Financial Analyst - Accounting,exact_id_duplicate,5887896668,finance analyst
Financial Analyst,5887520655,Electronic Arts ,Financial Analyst,exact_id_duplicate,5887520655,finance analyst
Financial Analyst,5887225769,Honeywell Aerospace,Sr. Finance Analyst,exact_id_duplicate,5887225769,finance analyst
Financial Analyst,5887225763,Honeywell Aerospace,Sr. Finance Analyst,exact_id_duplicate,5887225763,finance analyst
Financial Analyst,5887004397,Aditi Tech Consulting Private Limited,Senior Technology Finance Analyst,exact_id_duplicate,5887004397,finance analyst
Financial Analyst,5886403024,Hitachi,FP&A Financial Analyst - CP&O,exact_id_duplicate,5886403024,finance analyst
Financial Analyst,5886400652,Gainwell Technologies LLC,Senior Financial Analyst,exact_id_duplicate,5886400652,finance analyst
Financial Analyst,5886391794,Honeywell Aerospace,Sr. Finance Analyst,exact_id_duplicate,5886391794,finance analyst
Financial Analyst,5886369584,HP,Senior Financial Analyst,exact_id_duplicate,5886369584,finance analyst
Financial Analyst,5885975311,Blackbaud India,Senior Financial Analyst,exact_id_duplicate,5885975311,finance analyst
Financial Analyst,5884512399,Turium Ai,Finance Analyst (Chartered Accountant),exact_id_duplicate,5884512399,finance analyst
Financial Analyst,5884512386,Autodesk,"Senior Financial Analyst, IME Finance",exact_id_duplicate,5884512386,finance analyst
Financial Analyst,5884376967,J&J Family of Companies,"Sr. Financial Analyst, FP&A Intl, APAC Region",exact_id_duplicate,5884376967,finance analyst
Financial Analyst,5883377936,Mercor,Financial Analyst - Fully Remote,exact_id_duplicate,5883377936,finance analyst
Financial Analyst,5882765329,Accenture,Financial Plan & Analysis Senior Analyst,exact_id_duplicate,5882765329,finance analyst
Financial Analyst,5882764442,HP,Financial Analyst,exact_id_duplicate,5882764442,finance analyst
Financial Analyst,5882763329,Accenture,Financial Plan & Analysis Senior Analyst,exact_id_duplicate,5882763329,finance analyst
Financial Analyst,5882753487,Accenture,Financial Plan & Analysis Analyst,exact_id_duplicate,5882753487,finance analyst
Financial Analyst,5882736011,Accenture,Financial Plan & Analysis Analyst,exact_id_duplicate,5882736011,finance analyst
Financial Analyst,5882728626,HP,Principal Financial Analyst,exact_id_duplicate,5882728626,finance analyst
Financial Analyst,5882272387,Amazon,"Senior Financial Analyst, IN FC Finance",exact_id_duplicate,5882272387,finance analyst
Financial Analyst,5881119359,HP,Financial Analyst-Controllership and Tax,exact_id_duplicate,5881119359,finance analyst
Financial Analyst,5880842860,CertiK,Financial Analyst (Entry-Level),exact_id_duplicate,5880842860,finance analyst
Financial Analyst,5880673242,"Sensata Technologies, Inc.",Senior Financial Analyst - Site Operations,exact_id_duplicate,5880673242,finance analyst
Financial Analyst,5880670802,ICON Clinical Research,Financial Analyst I/ II,exact_id_duplicate,5880670802,finance analyst
Financial Analyst,5880644760,Herbalife,"Financial Analyst, FP&A - India",exact_id_duplicate,5880644760,finance analyst
Financial Analyst,5880629173,Hirestar job Bank,Freight & Logistics Finance Analyst,exact_id_duplicate,5880629173,finance analyst
Financial Analyst,5879947520,Sensata,Senior Financial Analyst – Site Operations,exact_id_duplicate,5879947520,finance analyst
Financial Analyst,5879947002,Goldman Sachs,AWM Management-CSG Finance-Analyst-Bengaluru,exact_id_duplicate,5879947002,finance analyst
Financial Analyst,5879945694,Amazon,"Senior Financial Analyst, IN FC Finance",exact_id_duplicate,5879945694,finance analyst
Financial Analyst,5879933711,IRE,Financial Analyst II,exact_id_duplicate,5879933711,finance analyst
Financial Analyst,5879569721,ASSPL - Karnataka,"Senior Financial Analyst, IN FC Finance",exact_id_duplicate,5879569721,finance analyst
Financial Analyst,5879148833,Aditi Tech Consulting Private Limited,Financial Analyst I,exact_id_duplicate,5879148833,finance analyst
Financial Analyst,5879141383,ICON plc,Financial Analyst (Project Finance),exact_id_duplicate,5879141383,finance analyst
Financial Analyst,5879141373,ICON plc,Financial Analyst II - FBP,exact_id_duplicate,5879141373,finance analyst
Financial Analyst,5878712963,Amazon,"Financial Analyst II, ASSPL Finance Team",exact_id_duplicate,5878712963,finance analyst
Financial Analyst,5878709851,Johnson & Johnson,GSF LEA Senior Finance Analyst,exact_id_duplicate,5878709851,finance analyst
Financial Analyst,5878708372,Amazon,"Financial Analyst I, FOAA",exact_id_duplicate,5878708372,finance analyst
Financial Analyst,5878707009,Amazon,Financial Analyst Trainee,exact_id_duplicate,5878707009,finance analyst
Financial Analyst,5878700636,Amazon,"Senior Financial Analyst, WW Ops Finance",exact_id_duplicate,5878700636,finance analyst
Financial Analyst,5878685387,"Amazon.com, Inc.",Financial Analyst Intern,exact_id_duplicate,5878685387,finance analyst
Financial Analyst,5878684646,Amazon,"Senior Financial Analyst, FOAA",exact_id_duplicate,5878684646,finance analyst
Financial Analyst,5878684404,Hewlett Packard Enterprise,Financial Analyst,exact_id_duplicate,5878684404,finance analyst
Financial Analyst,5878680543,Kenvue,Lead Finance Analyst: APAC GCC FP&A,exact_id_duplicate,5878680543,finance analyst
Financial Analyst,5878653083,Amazon,"Senior Financial Analyst, Data Center Finance",exact_id_duplicate,5878653083,finance analyst
Financial Analyst,5878635408,Amazon,"Financial Analyst II, GREF FP&A",exact_id_duplicate,5878635408,finance analyst
Financial Analyst,5878628822,Amazon,"Financial Analyst I, FOAA Leases",exact_id_duplicate,5878628822,finance analyst
Financial Analyst,5878284677,ICON plc,Financial Analyst II,exact_id_duplicate,5878284677,finance analyst
Financial Analyst,5878060307,J&J Family of Companies,GSF LEA Senior Finance Analyst,exact_id_duplicate,5878060307,finance analyst
Financial Analyst,5877296714,Ascend Performance Materials,Corporate Accounting Financial Analyst,exact_id_duplicate,5877296714,finance analyst
Financial Analyst,5877296610,Accenture,Financial Plan & Analysis Senior Analyst,exact_id_duplicate,5877296610,finance analyst
Financial Analyst,5877296028,Accenture,Financial Plan & Analysis Senior Analyst,exact_id_duplicate,5877296028,finance analyst
Financial Analyst,5877281368,American Express,Financial Analyst,exact_id_duplicate,5877281368,finance analyst
Financial Analyst,5877266734,HP,Financial Analyst-Record to Report,exact_id_duplicate,5877266734,finance analyst
Financial Analyst,5877265576,HP,Financial Analyst 1,exact_id_duplicate,5877265576,finance analyst
Financial Analyst,5877263206,Hewlett Packard Enterprise,SOX Senior Financial Analyst,exact_id_duplicate,5877263206,finance analyst
Financial Analyst,5877239094,Amazon,"Financial Analyst II, FOAA GST",exact_id_duplicate,5877239094,finance analyst
Financial Analyst,5876949349,Weekday AI,Senior Financial Planning Analyst,exact_id_duplicate,5876949349,finance analyst
Financial Analyst,5876947882,Tangem,Financial Analyst,exact_id_duplicate,5876947882,finance analyst
Financial Analyst,5876698514,"RealPage, Inc.",Financial Analyst IV / TL,exact_id_duplicate,5876698514,finance analyst
Financial Analyst,5876482797,American Express Global Business Travel,Financial Analyst,exact_id_duplicate,5876482797,finance analyst
Financial Analyst,5876482817,American Express Global Business Travel,"Financial Analyst, Customer Revenue",exact_id_duplicate,5876482817,finance analyst
Financial Analyst,5876478889,Caterpillar Inc,Accountant(Financial Analyst),exact_id_duplicate,5876478889,finance analyst
Financial Analyst,5875526746,Weekday AI,Senior Financial Planning Analyst,exact_id_duplicate,5875526746,finance analyst
Financial Analyst,5875454767,ADCI - Karnataka,"Financial Analyst II, FOAA GST",exact_id_duplicate,5875454767,finance analyst
Financial Analyst,5875448339,Flexiple,Corporate Financial Analyst,exact_id_duplicate,5875448339,finance analyst
Financial Analyst,5875137792,NEC Software Solutions ,Associate/Sr. Associte Financial Analyst,exact_id_duplicate,5875137792,finance analyst
Financial Analyst,5873769653,Amazon,"Senior Financial Analyst, DEX Finance",exact_id_duplicate,5873769653,finance analyst
Financial Analyst,5873769650,Amazon,"Finance Analyst, IN Amazon Now Finance",exact_id_duplicate,5873769650,finance analyst
Financial Analyst,5873209179,Amazon,"Finance Analyst, IN Amazon Now Finance",exact_id_duplicate,5873209179,finance analyst
Financial Analyst,5873205196,Genl Mills India Priv,"Sr. Finance Analyst, Global Internal Audit",exact_id_duplicate,5873205196,finance analyst
Financial Analyst,5873192685,ABB,Finance Analyst - Generalaccoun,exact_id_duplicate,5873192685,finance analyst
Financial Analyst,5873180819,HP,Senior Financial Analyst-Supply Chain Finance,exact_id_duplicate,5873180819,finance analyst
Financial Analyst,5873173112,Amazon,"Senior Financial Analyst, DEX Finance",exact_id_duplicate,5873173112,finance analyst
Financial Analyst,5872132659,Amazon,"Financial Analyst I, FOAA Accounts Payable",exact_id_duplicate,5872132659,finance analyst
Financial Analyst,5872132571,Agilent Technologies,Finance Analyst,exact_id_duplicate,5872132571,finance analyst
Financial Analyst,5872126478,Amazon,"Financial Analyst, FOAA - Payroll",exact_id_duplicate,5872126478,finance analyst
Financial Analyst,5872124341,Zinnia,Financial Analyst I - AP,exact_id_duplicate,5872124341,finance analyst
Financial Analyst,5872086265,Amazon,"Financial Analyst III, FOAA Accounts Payable",exact_id_duplicate,5872086265,finance analyst
Financial Analyst,5872080209,Amazon,"Financial Analyst I, GFS Services FP&A",exact_id_duplicate,5872080209,finance analyst
Financial Analyst,5871806336,ASSPL - Maharashtra,"Finance Analyst, IN Amazon Now Finance",exact_id_duplicate,5871806336,finance analyst
Financial Analyst,5871530052,Amazon,"Financial Analyst III, FOAA Accounts Payable",exact_id_duplicate,5871530052,finance analyst
Financial Analyst,5871530003,Amazon,"Financial Analyst Intern, NL/RE&E Finance team",exact_id_duplicate,5871530003,finance analyst
Financial Analyst,5871529981,Amazon,"Financial Analyst I, GFS Services FP&A",exact_id_duplicate,5871529981,finance analyst
Financial Analyst,5871530038,Amazon,"Financial Analyst I, FOAA Accounts Payable",exact_id_duplicate,5871530038,finance analyst
Financial Analyst,5871530044,Amazon,"Financial Analyst, FOAA - Payroll",exact_id_duplicate,5871530044,finance analyst
Financial Analyst,5871529945,Amazon,"Financial Analyst, FOAA - Payroll",exact_id_duplicate,5871529945,finance analyst
Financial Analyst,5871529816,Amazon,"Financial Analyst Intern, Accounting",exact_id_duplicate,5871529816,finance analyst
Financial Analyst,5871276864,Jones Lang Lasalle Property Consultants,Senior Finance Analyst,exact_id_duplicate,5871276864,finance analyst
Financial Analyst,5871276668,Zivanta Analytics,Senior Quantitative Finance Analyst (Financial Engineer),exact_id_duplicate,5871276668,finance analyst
Financial Analyst,5871275797,Applause,Financial Analyst,exact_id_duplicate,5871275797,finance analyst
Financial Analyst,5871275739,Applause,Senior Financial Analyst,exact_id_duplicate,5871275739,finance analyst
Financial Analyst,5871275717,Applause,Sales Compensation Financial Analyst,exact_id_duplicate,5871275717,finance analyst
Financial Analyst,5870857165,Zensar Technologies,Oracle Finance Analyst,exact_id_duplicate,5870857165,finance analyst
Financial Analyst,5870784118,Amazon,"Financial Analyst Intern, NL/RE&E Finance team",exact_id_duplicate,5870784118,finance analyst
Financial Analyst,5870780342,Agilent Technologies,Finance Analyst,exact_id_duplicate,5870780342,finance analyst
Financial Analyst,5870778974,Fortrea,Project Financial Analyst 1,exact_id_duplicate,5870778974,finance analyst
Financial Analyst,5870777947,Ascensus,"Financial Analyst, Defined Contribution - India",exact_id_duplicate,5870777947,finance analyst
Financial Analyst,5870776973,Agilent Technologies,Finance Analyst,exact_id_duplicate,5870776973,finance analyst
Financial Analyst,5870465034,ADCI - Karnataka,"Financial Analyst I, FOAA Accounts Payable",exact_id_duplicate,5870465034,finance analyst
Financial Analyst,5870465035,ADCI - Karnataka,"Financial Analyst III, FOAA Accounts Payable",exact_id_duplicate,5870465035,finance analyst
Financial Analyst,5870464845,ASSPL - Karnataka,"Senior Financial Analyst, DEX Finance",exact_id_duplicate,5870464845,finance analyst
Financial Analyst,5870445884,Amazon,"Financial Analyst I, GFS Services FP&A",exact_id_duplicate,5870445884,finance analyst
Financial Analyst,5870445772,Amazon,"Sr. Financial Analyst, GFS FP&A, GFS FP&A",exact_id_duplicate,5870445772,finance analyst
Financial Analyst,5870445716,CGI,Financial Analyst,exact_id_duplicate,5870445716,finance analyst
Financial Analyst,5870121150,NetApp,Financial Analyst,exact_id_duplicate,5870121150,finance analyst
Financial Analyst,5869825977,Heinz,Finance Analyst-2,exact_id_duplicate,5869825977,finance analyst
Financial Analyst,5869814792,EXL,Finance Analyst - Senior Executive,exact_id_duplicate,5869814792,finance analyst
Financial Analyst,5869814099,Talent Ahead India Private Limited,Finance Analyst - FP&A,exact_id_duplicate,5869814099,finance analyst
Financial Analyst,5869814102,Talent Ahead India Private Limited,Finance Analyst,exact_id_duplicate,5869814102,finance analyst
Financial Analyst,5869225264,Accenture,Financial Plan & Analysis Senior Analyst,exact_id_duplicate,5869225264,finance analyst
Financial Analyst,5869202890,Amazon,"Finance Analyst, India AMZL Finance",exact_id_duplicate,5869202890,finance analyst
Financial Analyst,5869188747,Accenture,Financial Plan & Analysis Senior Analyst,exact_id_duplicate,5869188747,finance analyst
Financial Analyst,5869179400,Accenture,Financial Plan & Analysis Analyst,exact_id_duplicate,5869179400,finance analyst
Financial Analyst,5869165734,Amazon,"Financial Analyst, FOAA - Payroll",exact_id_duplicate,5869165734,finance analyst
Financial Analyst,5869156667,HP,Financial Analyst 1,exact_id_duplicate,5869156667,finance analyst
Financial Analyst,5869155932,Accenture,Financial Plan & Analysis Senior Analyst,exact_id_duplicate,5869155932,finance analyst
Financial Analyst,5868709948,ASSPL - Karnataka - B56,"Financial Analyst Intern, NL/RE&E Finance team",exact_id_duplicate,5868709948,finance analyst
Financial Analyst,5868709956,ADCI HYD 13 SEZ,"Financial Analyst I, GFS Services FP&A",exact_id_duplicate,5868709956,finance analyst
Financial Analyst,5868702387,Enfinity Global,"Financial Analyst, Renewable Energy",exact_id_duplicate,5868702387,finance analyst
Financial Analyst,5868702292,HP,Financial Analyst,exact_id_duplicate,5868702292,finance analyst
Financial Analyst,5868418033,Amazon,"Finance Analyst, India AMZL Finance",exact_id_duplicate,5868418033,finance analyst
Financial Analyst,5868123352,Gallagher Service Center LLP,Financial Analyst Investor Relations,exact_id_duplicate,5868123352,finance analyst
Financial Analyst,5868115942,AIS business solution,Financial Analyst-Voice,exact_id_duplicate,5868115942,finance analyst
Financial Analyst,5867248321,Hitachi,Financial Analyst - Controlling Planning & Operations,exact_id_duplicate,5867248321,finance analyst
Financial Analyst,5867245953,Honeywell,Sr Finance Analyst,exact_id_duplicate,5867245953,finance analyst
Financial Analyst,5866936901,ADCI - Karnataka,"Financial Analyst, FOAA - Payroll",exact_id_duplicate,5866936901,finance analyst
Financial Analyst,5866606103,Honeywell Technologies,Sr Finance Analyst,exact_id_duplicate,5866606103,finance analyst
Financial Analyst,5866606059,Honeywell Technologies,Sr Finance Analyst,exact_id_duplicate,5866606059,finance analyst
Financial Analyst,5864368837,ASSPL - Karnataka,"Finance Analyst, India AMZL Finance",exact_id_duplicate,5864368837,finance analyst
Financial Analyst,5863702581,Emerson,Financial Analyst,exact_id_duplicate,5863702581,finance analyst
Financial Analyst,5863702549,Emerson,Financial Analyst,exact_id_duplicate,5863702549,finance analyst
Financial Analyst,5862273727,Accenture,Financial Plan & Analysis Analyst,exact_id_duplicate,5862273727,finance analyst
Financial Analyst,5862272507,Quorum Software,Senior Financial Analyst - 2nd Shift OR 3rd shift,exact_id_duplicate,5862272507,finance analyst
Financial Analyst,5862120755,ADCI - Karnataka,"Financial Analyst I, FOAA Leases",exact_id_duplicate,5862120755,finance analyst
Financial Analyst,5861796365,Agilent Technologies,Financial Analyst,exact_id_duplicate,5861796365,finance analyst
Financial Analyst,5861794543,Zscaler Softech,"Senior Financial Analyst, FP&A",exact_id_duplicate,5861794543,finance analyst
Financial Analyst,5861794213,Goodyear,Financial Analyst,exact_id_duplicate,5861794213,finance analyst
Financial Analyst,5861793269,3G HR Services,Financial Planning Analyst,exact_id_duplicate,5861793269,finance analyst
Financial Analyst,5861793030,Netpace,Financial Analyst,exact_id_duplicate,5861793030,finance analyst
Financial Analyst,5861792881,transunion,Senior Finance Analyst,exact_id_duplicate,5861792881,finance analyst
Financial Analyst,5861224952,Fortive,Senior Financial Analyst,exact_id_duplicate,5861224952,finance analyst
Financial Analyst,5860800981,Fortive Corporation,Senior Financial Analyst,exact_id_duplicate,5860800981,finance analyst
Financial Analyst,5860543804,Havas Media,Finance Analyst,exact_id_duplicate,5860543804,finance analyst
Financial Analyst,5859754273,Amazon,"Financial Analyst Intern, AMZL",exact_id_duplicate,5859754273,finance analyst
Financial Analyst,5859419653,Amazon,"Financial Analyst Intern, AMZL",exact_id_duplicate,5859419653,finance analyst
Financial Analyst,5859124134,Claight Corporation Expert Market Research,Financial Analyst,exact_id_duplicate,5859124134,finance analyst
Financial Analyst,5859124023,Algoshack Technologies,Finance Analyst,exact_id_duplicate,5859124023,finance analyst
Financial Analyst,5859121483,Toppan Merrill,"XBRL Financial Analyst, Associate",exact_id_duplicate,5859121483,finance analyst
Financial Analyst,5859120802,Syngenta,Finance Analyst - Seeds FC Finance AMEA,exact_id_duplicate,5859120802,finance analyst
Financial Analyst,5858385038,Financial Services,Financial Analyst,exact_id_duplicate,5858385038,finance analyst
Financial Analyst,5858363739,Emerson,Financial Analyst,exact_id_duplicate,5858363739,finance analyst
Financial Analyst,5858360458,Emerson,Financial Analyst,exact_id_duplicate,5858360458,finance analyst
Financial Analyst,5858138403,ASSPL - Karnataka - B56,"Financial Analyst Intern, AMZL",exact_id_duplicate,5858138403,finance analyst
Financial Analyst,5857952088,Emerson,Financial Analyst,exact_id_duplicate,5857952088,finance analyst
Financial Analyst,5857952067,Emerson,Financial Analyst,exact_id_duplicate,5857952067,finance analyst
Financial Analyst,5857951935,Eaton Corporation,Financial Planning Lead Analyst,exact_id_duplicate,5857951935,finance analyst
Financial Analyst,5857748027,Techolution India Private Limited,Financial Analyst MIS,exact_id_duplicate,5857748027,finance analyst
Financial Analyst,5857748022,Techolution India Private Limited,Financial Analyst-Accounts Payable,exact_id_duplicate,5857748022,finance analyst
Financial Analyst,5857744723,Altisource,Financial Analyst,exact_id_duplicate,5857744723,finance analyst
Financial Analyst,5857744717,Altisource,Financial Analyst,exact_id_duplicate,5857744717,finance analyst
Financial Analyst,5854210054,Honeywell,Sr. Finance Analyst,exact_id_duplicate,5854210054,finance analyst
Financial Analyst,5853419591,Mercor,Financial Analyst - AI Collaboration,exact_id_duplicate,5853419591,finance analyst
Financial Analyst,5852589353,KFC,Finance Analyst III,exact_id_duplicate,5852589353,finance analyst
Financial Analyst,5852578710,Ecolab,Associate Financial Analyst,exact_id_duplicate,5852578710,finance analyst
Financial Analyst,5852573951,Amazon,"Financial Analyst Intern, Accounting",exact_id_duplicate,5852573951,finance analyst
Financial Analyst,5852566221,Precision Medicine Group,Financial Analyst,exact_id_duplicate,5852566221,finance analyst
Financial Analyst,5852181686,Mercor,Financial Analyst - Fully Remote,exact_id_duplicate,5852181686,finance analyst
Financial Analyst,5851837002,Headsup Corporation,Finance Analyst,exact_id_duplicate,5851837002,finance analyst
Financial Analyst,5851140669,Accenture,Financial Plan & Analysis Analyst,exact_id_duplicate,5851140669,finance analyst
Financial Analyst,5850376716,Mondelez,Plant Finance Analyst,exact_id_duplicate,5850376716,finance analyst
Financial Analyst,5850376624,Mondelez,Plant Finance Analyst,exact_id_duplicate,5850376624,finance analyst
Financial Analyst,5849704076,Lummus Technology,Project Finance Analyst,exact_id_duplicate,5849704076,finance analyst
Financial Analyst,5848722901,Happiest Resume,Business Financial Analyst,exact_id_duplicate,5848722901,finance analyst
Financial Analyst,5846919084,MillerKnoll,Financial Analyst – Sr Associate,exact_id_duplicate,5846919084,finance analyst
Financial Analyst,5846916475,NCR Atleos,Finance Analyst,exact_id_duplicate,5846916475,finance analyst
Financial Analyst,5846142931,Guidant Global India,Finance Analyst,exact_id_duplicate,5846142931,finance analyst
Financial Analyst,5844291801,BSI Group,Financial Analyst,exact_id_duplicate,5844291801,finance analyst
Financial Analyst,5843972681,Amazon,"Financial Analyst I, FOAA Leases",exact_id_duplicate,5843972681,finance analyst
Financial Analyst,5843158252,Accenture,Financial Plan & Analysis Senior Analyst,exact_id_duplicate,5843158252,finance analyst
Financial Analyst,5842589918,Anblicks Solutions,Sr Finance Analyst,exact_id_duplicate,5842589918,finance analyst
Financial Analyst,5841966281,Amazon,"Financial Analyst , Selling Partner Risk Management",exact_id_duplicate,5841966281,finance analyst
Financial Analyst,5841420719,Honeywell,Sr Finance Analyst (PS),exact_id_duplicate,5841420719,finance analyst
Financial Analyst,5840383062,Accenture,Financial Plan & Analysis Analyst,exact_id_duplicate,5840383062,finance analyst
Financial Analyst,5840380650,Amazon,"Financial Analyst II, Financial Operations Accounting Analysis",exact_id_duplicate,5840380650,finance analyst
Financial Analyst,5839871091,Mercor,Corporate Finance Analyst - Fully Remote,exact_id_duplicate,5839871091,finance analyst
Financial Analyst,5839578939,Amazon,Financial Analyst Intern,exact_id_duplicate,5839578939,finance analyst
Financial Analyst,5839578926,Amazon,"Financial Analyst II, Financial Operations Accounting Analysis",exact_id_duplicate,5839578926,finance analyst
Financial Analyst,5838513057,Accenture,Financial Plan & Analysis Senior Analyst,exact_id_duplicate,5838513057,finance analyst
Financial Analyst,5838495249,Novotech,Senior Project Finance Analyst - India,exact_id_duplicate,5838495249,finance analyst
Financial Analyst,5838452950,HP,Supply Chain Financial Analyst,exact_id_duplicate,5838452950,finance analyst
Financial Analyst,5838098566,ADCI - Karnataka,Financial Analyst Intern,exact_id_duplicate,5838098566,finance analyst
Financial Analyst,5837855088,Mercor,Financial Analyst - Fully Remote,exact_id_duplicate,5837855088,finance analyst
Financial Analyst,5837855090,Mercor,Financial Analyst - Fully Remote,exact_id_duplicate,5837855090,finance analyst
Financial Analyst,5837796355,Amazon,"Senior Financial Analyst, FOAA",exact_id_duplicate,5837796355,finance analyst
Financial Analyst,5836594124,ADCI - Karnataka,"Senior Financial Analyst, FOAA",exact_id_duplicate,5836594124,finance analyst
Financial Analyst,5836594035,ADCI - Karnataka,"Financial Analyst II, Financial Operations Accounting Analysis",exact_id_duplicate,5836594035,finance analyst
Financial Analyst,5836443771,Mercor,Financial Analyst - Fully Remote,exact_id_duplicate,5836443771,finance analyst
Financial Analyst,5836374407,Hirestar job Bank,Finance Analyst,exact_id_duplicate,5836374407,finance analyst
Financial Analyst,5835720155,Stellaspire,Finance Analyst,exact_id_duplicate,5835720155,finance analyst
Financial Analyst,5835715551,Genl Mills India Priv,Sr Financial Analyst,exact_id_duplicate,5835715551,finance analyst
Financial Analyst,5834762888,Kraft Heinz,Financial Analyst-II,exact_id_duplicate,5834762888,finance analyst
Financial Analyst,5834759863,Vendavo,Senior Financial Analyst (Workday Adaptive Developer),exact_id_duplicate,5834759863,finance analyst
Financial Analyst,5834757833,Syneos Health,Financial Analyst,exact_id_duplicate,5834757833,finance analyst
Financial Analyst,5834748779,Honeywell,Sr. Finance Analyst,exact_id_duplicate,5834748779,finance analyst
Financial Analyst,5834747469,Okta,"Senior Financial Analyst, FP&A",exact_id_duplicate,5834747469,finance analyst
Financial Analyst,5834741724,IND Versigent India Private,Asst Finance Analyst,exact_id_duplicate,5834741724,finance analyst
Financial Analyst,5834740879,HP,Financial Analyst 2,exact_id_duplicate,5834740879,finance analyst
Financial Analyst,5834392478,TTEC,Senior Financial Analyst,exact_id_duplicate,5834392478,finance analyst
Financial Analyst,5833604983,Amazon,"Financial Analyst, GREF FP&A",exact_id_duplicate,5833604983,finance analyst
Financial Analyst,5833599514,Viavi Solutions,Finance Analyst 2,exact_id_duplicate,5833599514,finance analyst
Financial Analyst,5833014593,Amazon,"Financial Analyst I, FOAA",exact_id_duplicate,5833014593,finance analyst
Financial Analyst,5833014652,Amazon,"Financial Analyst, GREF FP&A",exact_id_duplicate,5833014652,finance analyst
Financial Analyst,5832798184,Milestone Online Technology,Financial Analyst,exact_id_duplicate,5832798184,finance analyst
Financial Analyst,5832798183,Milestone Online Technology,Financial Analyst,exact_id_duplicate,5832798183,finance analyst
Financial Analyst,5832798173,Milestone Online Technology,Financial Analyst,exact_id_duplicate,5832798173,finance analyst
Financial Analyst,5832798152,Milestone Online Technology,Financial Analyst,exact_id_duplicate,5832798152,finance analyst
Financial Analyst,5832798153,Milestone Online Technology,Financial Analyst,exact_id_duplicate,5832798153,finance analyst
Financial Analyst,5902910102,MMS,Business and Finance Analyst (Finance/FP&A) India (1 PM–10 PM Shift),exact_id_duplicate,5902910102,fp&a analyst
Financial Analyst,5901425138,MMS,Business and Finance Analyst (Finance/FP&A) India (1 PM–10 PM Shift),exact_id_duplicate,5901425138,fp&a analyst
Financial Analyst,5901252847,Amazon,"Financial Analyst, GFS FP&A",exact_id_duplicate,5901252847,fp&a analyst
Financial Analyst,5886403024,Hitachi,FP&A Financial Analyst - CP&O,exact_id_duplicate,5886403024,fp&a analyst
Financial Analyst,5884376967,J&J Family of Companies,"Sr. Financial Analyst, FP&A Intl, APAC Region",exact_id_duplicate,5884376967,fp&a analyst
Financial Analyst,5880644760,Herbalife,"Financial Analyst, FP&A - India",exact_id_duplicate,5880644760,fp&a analyst
Financial Analyst,5878680543,Kenvue,Lead Finance Analyst: APAC GCC FP&A,exact_id_duplicate,5878680543,fp&a analyst
Financial Analyst,5878635408,Amazon,"Financial Analyst II, GREF FP&A",exact_id_duplicate,5878635408,fp&a analyst
Financial Analyst,5870445772,Amazon,"Sr. Financial Analyst, GFS FP&A, GFS FP&A",exact_id_duplicate,5870445772,fp&a analyst
Financial Analyst,5869814099,Talent Ahead India Private Limited,Finance Analyst - FP&A,exact_id_duplicate,5869814099,fp&a analyst
Financial Analyst,5861794543,Zscaler Softech,"Senior Financial Analyst, FP&A",exact_id_duplicate,5861794543,fp&a analyst
Financial Analyst,5834747469,Okta,"Senior Financial Analyst, FP&A",exact_id_duplicate,5834747469,fp&a analyst
Financial Analyst,5833604983,Amazon,"Financial Analyst, GREF FP&A",exact_id_duplicate,5833604983,fp&a analyst
Financial Analyst,5833014652,Amazon,"Financial Analyst, GREF FP&A",exact_id_duplicate,5833014652,fp&a analyst
Financial Analyst,5901425138,MMS,Business and Finance Analyst (Finance/FP&A) India (1 PM–10 PM Shift),near_duplicate(title+company+desc_prefix),5902910102,business analyst
Financial Analyst,5901695468,Accenture,Financial Plan & Analysis Senior Analyst,near_duplicate(title+company+desc_prefix),5901707324,financial analyst
Financial Analyst,5899856607,JLL,Senior Finance Analyst - Accounts Payable,near_duplicate(title+company+desc_prefix),5900727856,financial analyst
Financial Analyst,5899840458,Accenture,Financial Plan & Analysis Senior Analyst,near_duplicate(title+company+desc_prefix),5901707324,financial analyst
Financial Analyst,5899835532,Accenture,Financial Plan & Analysis Senior Analyst,near_duplicate(title+company+desc_prefix),5901707324,financial analyst
Financial Analyst,5898504232,GE HealthCare,Lead Service Finance Analyst,near_duplicate(title+company+desc_prefix),5900355217,financial analyst
Financial Analyst,5898482456,Accenture,Financial Plan & Analysis Senior Analyst,near_duplicate(title+company+desc_prefix),5901707324,financial analyst
Financial Analyst,5894179527,Amazon,"Sr. Financial Analyst, Sr. Finance Analyst, RBS, Stores Tech Finance (STF)",near_duplicate(title+company+desc_prefix),5896366313,financial analyst
Financial Analyst,5892382802,Amazon,"Finance Analyst II, APAC ITX team",near_duplicate(title+company+desc_prefix),5892382837,financial analyst
Financial Analyst,5889554665,IRE,Financial Analyst II,near_duplicate(title+company+desc_prefix),5898469201,financial analyst
Financial Analyst,5887225763,Honeywell Aerospace,Sr. Finance Analyst,near_duplicate(title+company+desc_prefix),5887225769,financial analyst
Financial Analyst,5883377936,Mercor,Financial Analyst - Fully Remote,near_duplicate(title+company+desc_prefix),5892547521,financial analyst
Financial Analyst,5882765329,Accenture,Financial Plan & Analysis Senior Analyst,near_duplicate(title+company+desc_prefix),5901707324,financial analyst
Financial Analyst,5882763329,Accenture,Financial Plan & Analysis Senior Analyst,near_duplicate(title+company+desc_prefix),5901707324,financial analyst
Financial Analyst,5882753487,Accenture,Financial Plan & Analysis Analyst,near_duplicate(title+company+desc_prefix),5899856537,financial analyst
Financial Analyst,5882736011,Accenture,Financial Plan & Analysis Analyst,near_duplicate(title+company+desc_prefix),5899856537,financial analyst
Financial Analyst,5879933711,IRE,Financial Analyst II,near_duplicate(title+company+desc_prefix),5898469201,financial analyst
Financial Analyst,5878628822,Amazon,"Financial Analyst I, FOAA Leases",near_duplicate(title+company+desc_prefix),5897049160,financial analyst
Financial Analyst,5877296610,Accenture,Financial Plan & Analysis Senior Analyst,near_duplicate(title+company+desc_prefix),5901707324,financial analyst
Financial Analyst,5877296028,Accenture,Financial Plan & Analysis Senior Analyst,near_duplicate(title+company+desc_prefix),5901707324,financial analyst
Financial Analyst,5875526746,Weekday AI,Senior Financial Planning Analyst,near_duplicate(title+company+desc_prefix),5876949349,financial analyst
Financial Analyst,5871529945,Amazon,"Financial Analyst, FOAA - Payroll",near_duplicate(title+company+desc_prefix),5871530044,financial analyst
Financial Analyst,5870445884,Amazon,"Financial Analyst I, GFS Services FP&A",near_duplicate(title+company+desc_prefix),5871529981,financial analyst
Financial Analyst,5869225264,Accenture,Financial Plan & Analysis Senior Analyst,near_duplicate(title+company+desc_prefix),5901707324,financial analyst
Financial Analyst,5869188747,Accenture,Financial Plan & Analysis Senior Analyst,near_duplicate(title+company+desc_prefix),5901707324,financial analyst
Financial Analyst,5869179400,Accenture,Financial Plan & Analysis Analyst,near_duplicate(title+company+desc_prefix),5899856537,financial analyst
Financial Analyst,5869165734,Amazon,"Financial Analyst, FOAA - Payroll",near_duplicate(title+company+desc_prefix),5872126478,financial analyst
Financial Analyst,5869155932,Accenture,Financial Plan & Analysis Senior Analyst,near_duplicate(title+company+desc_prefix),5901707324,financial analyst
Financial Analyst,5866606059,Honeywell Technologies,Sr Finance Analyst,near_duplicate(title+company+desc_prefix),5866606103,financial analyst
Financial Analyst,5863702549,Emerson,Financial Analyst,near_duplicate(title+company+desc_prefix),5863702581,financial analyst
Financial Analyst,5862120755,ADCI - Karnataka,"Financial Analyst I, FOAA Leases",near_duplicate(title+company+desc_prefix),5895085477,financial analyst
Financial Analyst,5858360458,Emerson,Financial Analyst,near_duplicate(title+company+desc_prefix),5858363739,financial analyst
Financial Analyst,5857952067,Emerson,Financial Analyst,near_duplicate(title+company+desc_prefix),5857952088,financial analyst
Financial Analyst,5857744717,Altisource,Financial Analyst,near_duplicate(title+company+desc_prefix),5857744723,financial analyst
Financial Analyst,5853419591,Mercor,Financial Analyst - AI Collaboration,near_duplicate(title+company+desc_prefix),5894905673,financial analyst
Financial Analyst,5852181686,Mercor,Financial Analyst - Fully Remote,near_duplicate(title+company+desc_prefix),5892547521,financial analyst
Financial Analyst,5851140669,Accenture,Financial Plan & Analysis Analyst,near_duplicate(title+company+desc_prefix),5899856537,financial analyst
Financial Analyst,5850376624,Mondelez,Plant Finance Analyst,near_duplicate(title+company+desc_prefix),5850376716,financial analyst
Financial Analyst,5843972681,Amazon,"Financial Analyst I, FOAA Leases",near_duplicate(title+company+desc_prefix),5896366223,financial analyst
Financial Analyst,5843158252,Accenture,Financial Plan & Analysis Senior Analyst,near_duplicate(title+company+desc_prefix),5901707324,financial analyst
Financial Analyst,5840383062,Accenture,Financial Plan & Analysis Analyst,near_duplicate(title+company+desc_prefix),5899856537,financial analyst
Financial Analyst,5837855088,Mercor,Financial Analyst - Fully Remote,near_duplicate(title+company+desc_prefix),5892547521,financial analyst
Financial Analyst,5837855090,Mercor,Financial Analyst - Fully Remote,near_duplicate(title+company+desc_prefix),5892547521,financial analyst
Financial Analyst,5836443771,Mercor,Financial Analyst - Fully Remote,near_duplicate(title+company+desc_prefix),5892547521,financial analyst
Financial Analyst,5832798183,Milestone Online Technology,Financial Analyst,near_duplicate(title+company+desc_prefix),5832798184,financial analyst
Financial Analyst,5832798173,Milestone Online Technology,Financial Analyst,near_duplicate(title+company+desc_prefix),5832798184,financial analyst
Financial Analyst,5832798152,Milestone Online Technology,Financial Analyst,near_duplicate(title+company+desc_prefix),5832798184,financial analyst
Financial Analyst,5832798153,Milestone Online Technology,Financial Analyst,near_duplicate(title+company+desc_prefix),5832798184,financial analyst
Financial Analyst,5844972704,Mercor,Investment Analyst - Valuation Expert,near_duplicate(title+company+desc_prefix),5850701061,investment analyst
Financial Analyst,5835340748,Mercor,Investment Analyst - Valuation Expert,near_duplicate(title+company+desc_prefix),5850701061,investment analyst
Financial Analyst,5878653083,Amazon,"Senior Financial Analyst, Data Center Finance",employer_cap(>15 per employer),,data analyst
Financial Analyst,5878708372,Amazon,"Financial Analyst I, FOAA",employer_cap(>15 per employer),,financial analyst
Financial Analyst,5878707009,Amazon,Financial Analyst Trainee,employer_cap(>15 per employer),,financial analyst
Financial Analyst,5878700636,Amazon,"Senior Financial Analyst, WW Ops Finance",employer_cap(>15 per employer),,financial analyst
Financial Analyst,5878684646,Amazon,"Senior Financial Analyst, FOAA",employer_cap(>15 per employer),,financial analyst
Financial Analyst,5878635408,Amazon,"Financial Analyst II, GREF FP&A",employer_cap(>15 per employer),,financial analyst
Financial Analyst,5877239094,Amazon,"Financial Analyst II, FOAA GST",employer_cap(>15 per employer),,financial analyst
Financial Analyst,5873769653,Amazon,"Senior Financial Analyst, DEX Finance",employer_cap(>15 per employer),,financial analyst
Financial Analyst,5873769650,Amazon,"Finance Analyst, IN Amazon Now Finance",employer_cap(>15 per employer),,financial analyst
Financial Analyst,5873209179,Amazon,"Finance Analyst, IN Amazon Now Finance",employer_cap(>15 per employer),,financial analyst
Financial Analyst,5873173112,Amazon,"Senior Financial Analyst, DEX Finance",employer_cap(>15 per employer),,financial analyst
Financial Analyst,5872132659,Amazon,"Financial Analyst I, FOAA Accounts Payable",employer_cap(>15 per employer),,financial analyst
Financial Analyst,5872126478,Amazon,"Financial Analyst, FOAA - Payroll",employer_cap(>15 per employer),,financial analyst
Financial Analyst,5872086265,Amazon,"Financial Analyst III, FOAA Accounts Payable",employer_cap(>15 per employer),,financial analyst
Financial Analyst,5872080209,Amazon,"Financial Analyst I, GFS Services FP&A",employer_cap(>15 per employer),,financial analyst
Financial Analyst,5871530052,Amazon,"Financial Analyst III, FOAA Accounts Payable",employer_cap(>15 per employer),,financial analyst
Financial Analyst,5871530003,Amazon,"Financial Analyst Intern, NL/RE&E Finance team",employer_cap(>15 per employer),,financial analyst
Financial Analyst,5871529981,Amazon,"Financial Analyst I, GFS Services FP&A",employer_cap(>15 per employer),,financial analyst
Financial Analyst,5871530038,Amazon,"Financial Analyst I, FOAA Accounts Payable",employer_cap(>15 per employer),,financial analyst
Financial Analyst,5871530044,Amazon,"Financial Analyst, FOAA - Payroll",employer_cap(>15 per employer),,financial analyst
Financial Analyst,5871529816,Amazon,"Financial Analyst Intern, Accounting",employer_cap(>15 per employer),,financial analyst
Financial Analyst,5870784118,Amazon,"Financial Analyst Intern, NL/RE&E Finance team",employer_cap(>15 per employer),,financial analyst
Financial Analyst,5870445772,Amazon,"Sr. Financial Analyst, GFS FP&A, GFS FP&A",employer_cap(>15 per employer),,financial analyst
Financial Analyst,5869202890,Amazon,"Finance Analyst, India AMZL Finance",employer_cap(>15 per employer),,financial analyst
Financial Analyst,5868418033,Amazon,"Finance Analyst, India AMZL Finance",employer_cap(>15 per employer),,financial analyst
Financial Analyst,5859754273,Amazon,"Financial Analyst Intern, AMZL",employer_cap(>15 per employer),,financial analyst
Financial Analyst,5859419653,Amazon,"Financial Analyst Intern, AMZL",employer_cap(>15 per employer),,financial analyst
Financial Analyst,5852573951,Amazon,"Financial Analyst Intern, Accounting",employer_cap(>15 per employer),,financial analyst
Financial Analyst,5841966281,Amazon,"Financial Analyst , Selling Partner Risk Management",employer_cap(>15 per employer),,financial analyst
Financial Analyst,5840380650,Amazon,"Financial Analyst II, Financial Operations Accounting Analysis",employer_cap(>15 per employer),,financial analyst
Financial Analyst,5839578939,Amazon,Financial Analyst Intern,employer_cap(>15 per employer),,financial analyst
Financial Analyst,5839578926,Amazon,"Financial Analyst II, Financial Operations Accounting Analysis",employer_cap(>15 per employer),,financial analyst
Financial Analyst,5837796355,Amazon,"Senior Financial Analyst, FOAA",employer_cap(>15 per employer),,financial analyst
Financial Analyst,5833604983,Amazon,"Financial Analyst, GREF FP&A",employer_cap(>15 per employer),,financial analyst
Financial Analyst,5833014593,Amazon,"Financial Analyst I, FOAA",employer_cap(>15 per employer),,financial analyst
Financial Analyst,5833014652,Amazon,"Financial Analyst, GREF FP&A",employer_cap(>15 per employer),,financial analyst
Financial Analyst,5838452950,HP,Supply Chain Financial Analyst,employer_cap(>15 per employer),,financial analyst
Financial Analyst,5834740879,HP,Financial Analyst 2,employer_cap(>15 per employer),,financial analyst
Product Manager,5897062036,GCC India,Senior Data Product Owner – Wealth Management Participant Data Domain,exact_id_duplicate,5897062036,product owner
Product Manager,5891926774,GCC India,"Senior Data Product Owner, Advisor – Wealth Management (Data Products)",exact_id_duplicate,5891926774,product owner
Product Manager,5890816093,First Citizens India,"Process Manager - Product Owner, MDM",exact_id_duplicate,5890816093,product owner
Product Manager,5889518579,GCC India,AVP - Product Owner for Business Management Reporting,exact_id_duplicate,5889518579,product owner
Product Manager,5889505080,Morgan Stanley,"Cash Management Product Owner, Platforms, Director, Wealth Management",exact_id_duplicate,5889505080,product owner
Product Manager,5902912767,BlackRock,"Post Trade Product Manager, Aladdin Product, Associate",exact_id_duplicate,5902912767,associate product manager
Product Manager,5902912378,Kaleris,Associate Product Manager Intern - YMS,exact_id_duplicate,5902912378,associate product manager
Product Manager,5902912242,NSM Services,Associate Product Manager,exact_id_duplicate,5902912242,associate product manager
Product Manager,5900711091,Recruiterflow,Associate Product Manager,exact_id_duplicate,5900711091,associate product manager
Product Manager,5898164764,Tap Invest,Associate Product Manager,exact_id_duplicate,5898164764,associate product manager
Product Manager,5890801455,DBS Bank,"Senior Associate, Product Manager Loan Against Property , Consumer Banking Group",exact_id_duplicate,5890801455,associate product manager
Product Manager,5889505035,Peoplebox,Associate Product Manager,exact_id_duplicate,5889505035,associate product manager
Product Manager,5898165681,Binance,Binance Accelerator Programm - Product Manager (meme),exact_id_duplicate,5898165681,program manager
Product Manager,5897025612,Amazon,"Senior Product Manager, Service Delivery Standard Work",exact_id_duplicate,5897025612,delivery manager
Product Manager,5896366412,Amazon,"Senior Product Manager, Service Delivery Standard Work",exact_id_duplicate,5896366412,delivery manager
Product Manager,5896030210,Amazon,"Senior Product Manager, Service Delivery Standard Work",exact_id_duplicate,5896030210,delivery manager
Product Manager,5895078870,ADCI HYD 20 SEZ,"Senior Product Manager, Service Delivery Standard Work",exact_id_duplicate,5895078870,delivery manager
Product Manager,5842763757,AVEVA,"Product Owner, Electrical Engineering Software",exact_id_duplicate,5842763757,electrical engineer
Product Manager,5841923498,AVEVA,"Product Owner, Electrical Engineering Software",exact_id_duplicate,5841923498,electrical engineer
Product Manager,5897068392,Zensar Technologies,Network Design Data Product Owner,exact_id_duplicate,5897068392,product designer
Product Manager,5893831264,SKF Group,Product Owner - Design Automation,exact_id_duplicate,5893831264,product designer
Product Manager,5797956729,robusta,Product Owner / Service Designer (Mid level) - 4.5 Months - Remote - Octopus,exact_id_duplicate,5797956729,product designer
Product Manager,5902721238,Crypto.com,"Senior/Principal Product Manager, User Onboarding & Growth (Crypto.com App)",near_duplicate(title+company+desc_prefix),5902721326,product manager
Product Manager,5901253422,Google,"Product Manager, Google Pay",near_duplicate(title+company+desc_prefix),5901253421,product manager
Product Manager,5900357028,UnitedHealth Group,Senior Product Manager,near_duplicate(title+company+desc_prefix),5900357042,product manager
Product Manager,5900357031,UnitedHealth Group,Senior Product Manager,near_duplicate(title+company+desc_prefix),5900357042,product manager
Product Manager,5900357040,UnitedHealth Group,Senior Product Manager,near_duplicate(title+company+desc_prefix),5900357042,product manager
Product Manager,5898178967,Weekday AI,Senior Product Manager,near_duplicate(title+company+desc_prefix),5898179002,product manager
Product Manager,5897952280,Nike,"Lead Technical Product Manager Finance, ITC",near_duplicate(title+company+desc_prefix),5898479470,product manager
Product Manager,5897064413,GE HealthCare,Staff Technical Product Manager,near_duplicate(title+company+desc_prefix),5897949819,product manager
Product Manager,5897062367,Nike,"Lead Technical Product Manager, ITC",near_duplicate(title+company+desc_prefix),5897952297,product manager
Product Manager,5896369031,U.S. Bank,Digital Product Manager,near_duplicate(title+company+desc_prefix),5897024081,product manager
Product Manager,5896366482,Applied Materials,Technical Product Manager,near_duplicate(title+company+desc_prefix),5897053538,product manager
Product Manager,5896030210,Amazon,"Senior Product Manager, Service Delivery Standard Work",near_duplicate(title+company+desc_prefix),5896366412,product manager
Product Manager,5895065479,Capgemini,FBS Agile Product Manager III- Guidewire,near_duplicate(title+company+desc_prefix),5895065477,product manager
Product Manager,5895058422,Crypto.com,"Senior/ Principal Product Manager, Trading(Crypto.com App)",near_duplicate(title+company+desc_prefix),5895058504,product manager
Product Manager,5894590268,Amazon,"Sr. Product Manager, Progression Intelligence",near_duplicate(title+company+desc_prefix),5896366180,product manager
Product Manager,5894413511,Capgemini,FBS Agile Product Manager III- Guidewire,near_duplicate(title+company+desc_prefix),5895065477,product manager
Product Manager,5894179582,Brillio,Senior Product Manager - R01571422,near_duplicate(title+company+desc_prefix),5895371257,product manager
Product Manager,5894077742,GE Vernova,AI Product Manager,near_duplicate(title+company+desc_prefix),5896366911,product manager
Product Manager,5891403720,Amazon,"Senior Product Manager, Amazon - Sub Same Day",near_duplicate(title+company+desc_prefix),5891403718,product manager
Product Manager,5890784994,Amazon,"Senior Product Manager, Amazon - Sub Same Day",near_duplicate(title+company+desc_prefix),5890809591,product manager
Product Manager,5890243007,TIAA,Director - Product Manager - Lakehouse (Asset Management),near_duplicate(title+company+desc_prefix),5890243022,product manager
Product Manager,5889604143,BOLD,Technical Product Manager,near_duplicate(title+company+desc_prefix),5890487038,product manager
Product Manager,5888773093,Mastercard,Lead Product Manager - Technical,near_duplicate(title+company+desc_prefix),5899328010,product manager
Product Manager,5888771634,GE Vernova,Senior Product Manager - AI,near_duplicate(title+company+desc_prefix),5889529372,product manager
Product Manager,5897051342,GE Vernova,Sr Product Owner,near_duplicate(title+company+desc_prefix),5899326930,product owner
Product Manager,5897043393,PDI Technologies,Product Owner III,near_duplicate(title+company+desc_prefix),5897053763,product owner
Product Manager,5895065491,Capgemini,FBS Product Owner III- Guidewire,near_duplicate(title+company+desc_prefix),5895065489,product owner
Product Manager,5894413515,Capgemini,FBS Product Owner III- Guidewire,near_duplicate(title+company+desc_prefix),5895065489,product owner
Product Manager,5880854187,Tyler Technologies,Product Owner,near_duplicate(title+company+desc_prefix),5881129893,product owner
Product Manager,5877265311,Equifax,Technical Product Owner,near_duplicate(title+company+desc_prefix),5878627481,product owner
Product Manager,5876485416,NMS Infraa,Product Owner,near_duplicate(title+company+desc_prefix),5876485414,product owner
Product Manager,5875728697,Applied Materials,Product Owner (SAP RTR),near_duplicate(title+company+desc_prefix),5878058070,product owner
Product Manager,5870445422,Capgemini,FBS Product Owner III,near_duplicate(title+company+desc_prefix),5870445421,product owner
Product Manager,5869523309,Capgemini,FBS Product Owner III,near_duplicate(title+company+desc_prefix),5870445421,product owner
Product Manager,5861793648,Cygnus Professionals,Product owner with Security background,near_duplicate(title+company+desc_prefix),5861793716,product owner
Product Manager,5861793650,Cygnus Professionals,Product owner with Security background,near_duplicate(title+company+desc_prefix),5861793716,product owner
Product Manager,5843160576,Finastra Technology,Senior Product Owner,near_duplicate(title+company+desc_prefix),5849681152,product owner
Product Manager,5839224476,Tmf Group,Product Owner,near_duplicate(title+company+desc_prefix),5839224496,product owner
Product Manager,5839224517,Tmf Group,Product Owner,near_duplicate(title+company+desc_prefix),5839224496,product owner
Product Manager,5811307613,BNY Mellon,"Vice President, POM Product Owner",near_duplicate(title+company+desc_prefix),5811439945,product owner
Product Manager,5796065607,Accenture,Product Owner,near_duplicate(title+company+desc_prefix),5891864373,product owner
Product Manager,5870641228,Jar,Associate Product Manager - Nek,near_duplicate(title+company+desc_prefix),5873202641,associate product manager
Product Manager,5860533442,Highradius Technologies Private Limited,Associate Product Manager,near_duplicate(title+company+desc_prefix),5860533413,associate product manager
Product Manager,5814542894,MyAdvice,Associate Product Manager,near_duplicate(title+company+desc_prefix),5816830341,associate product manager
Project Manager,5898178930,Vertiv,NPDI Project Manager Products and Solutions - Engineering Senior Analyst,exact_id_duplicate,5898178930,product manager
Project Manager,5900747324,Danaher,Product/Project Manager,exact_id_duplicate,5900747324,project manager
Project Manager,5900355104,Danaher Corporation,Product/Project Manager,exact_id_duplicate,5900355104,project manager
Project Manager,5898178930,Vertiv,NPDI Project Manager Products and Solutions - Engineering Senior Analyst,exact_id_duplicate,5898178930,project manager
Project Manager,5896662990,Envisioned Strategy and Consulting,Technical Product & Project Manager,exact_id_duplicate,5896662990,project manager
Project Manager,5891908456,Kenvue,"Project Manager - New Product Development, Supply Chain",exact_id_duplicate,5891908456,project manager
Project Manager,5891870058,Vertiv Group,NPDI Project Manager Products and Solutions - Engineering Specialist,exact_id_duplicate,5891870058,project manager
Project Manager,5890240523,Citigroup,Lead Project Manager (Regulatory Reporting Analyst),exact_id_duplicate,5890240523,project manager
Project Manager,5901691042,Astreya,Technical Project/Program Manager I,exact_id_duplicate,5901691042,program manager
Project Manager,5897058840,Tata Teleservices,Program Manager- Complex Data Products,exact_id_duplicate,5897058840,program manager
Project Manager,5895372325,Cushman & Wakefield,Program Manager – Capital Projects,exact_id_duplicate,5895372325,program manager
Project Manager,5894233487,Latent Bridge,Technical Project /Program Manager,exact_id_duplicate,5894233487,program manager
Project Manager,5891882642,Photon Group,Programme / Project Manager Role(Senior) | Offshore,exact_id_duplicate,5891882642,program manager
Project Manager,5891404647,Mastercard,"Senior Technical Program Manager, Data Science",exact_id_duplicate,5891404647,program manager
Project Manager,5889598555,Hitachi,IT Technical Project Manager - PLM Program,exact_id_duplicate,5889598555,program manager
Project Manager,5902450080,Invent Health,Program Manager – Client Engagement & Delivery,exact_id_duplicate,5902450080,delivery manager
Project Manager,5902287402,Mindtel,AI/LLM DELIVERY PROJECT MANAGER (ZOOLOGY),exact_id_duplicate,5902287402,delivery manager
Project Manager,5902168877,IKEA,Platform Product Delivery Manager - Compensation & Benefits,exact_id_duplicate,5902168877,delivery manager
Project Manager,5901481186,Kapture CX,Senior Project Manager – AI Delivery,exact_id_duplicate,5901481186,delivery manager
Project Manager,5900180914,Careerbloc,AI/LLM DELIVERY PROJECT MANAGER (Biogeography; Astrobiology),exact_id_duplicate,5900180914,delivery manager
Project Manager,5899843250,JPMorganChase,Vice President - Product Delivery Manager,exact_id_duplicate,5899843250,delivery manager
Project Manager,5899028946,Beyond Border Consultants,AI/LLM DELIVERY PROJECT MANAGER (ZOOLOGY/ BOTANY/MICROBIOLOGY),exact_id_duplicate,5899028946,delivery manager
Project Manager,5898473644,Stefanini Group,SAP Project/ Delivery Manager Sr,exact_id_duplicate,5898473644,delivery manager
Project Manager,5898164877,Cloud Sara Technologies,Technical Project Manager â AI & GenAI Delivery Job Description,exact_id_duplicate,5898164877,delivery manager
Project Manager,5897296380,Jio,Service Delivery Project Manager,exact_id_duplicate,5897296380,delivery manager
Project Manager,5897062800,Litmos,Senior Program Delivery Manager,exact_id_duplicate,5897062800,delivery manager
Project Manager,5897062265,Stefanini Group,SAP Project/ Delivery Manager Sr,exact_id_duplicate,5897062265,delivery manager
Project Manager,5897045981,Amazon,"Program Manager III, Service Delivery Standard Work",exact_id_duplicate,5897045981,delivery manager
Project Manager,5897044078,Amazon,"Program Manager II, Service Delivery Standard Work",exact_id_duplicate,5897044078,delivery manager
Project Manager,5896366389,Amazon,"Program Manager II, Service Delivery Standard Work",exact_id_duplicate,5896366389,delivery manager
Project Manager,5896366380,Amazon,"Program Manager III, Service Delivery Standard Work",exact_id_duplicate,5896366380,delivery manager
Project Manager,5895078874,ADCI HYD 13 SEZ,"Program Manager III, Service Delivery Standard Work",exact_id_duplicate,5895078874,delivery manager
Project Manager,5895078872,ADCI HYD 13 SEZ,"Program Manager II, Service Delivery Standard Work",exact_id_duplicate,5895078872,delivery manager
Project Manager,5891892814,NVIDIA,"Senior Project Delivery Manager, NVIS",exact_id_duplicate,5891892814,delivery manager
Project Manager,5891406279,Unilever,Asst Project Delivery Manager,exact_id_duplicate,5891406279,delivery manager
Project Manager,5891403655,Amazon,"Senior Program Manager , Delivery Experience, IN DEX",exact_id_duplicate,5891403655,delivery manager
Project Manager,5890798981,Amazon,"Senior Program Manager , Delivery Experience, IN DEX",exact_id_duplicate,5890798981,delivery manager
Project Manager,5887546599,ASSPL - Karnataka,"Senior Program Manager , Delivery Experience, IN DEX",exact_id_duplicate,5887546599,delivery manager
Project Manager,5899029022,Alphaspec Consulting LLP,Project Manager / Scrum Master,exact_id_duplicate,5899029022,scrum master
Project Manager,5891403988,Citigroup,Project Manager -Scrum Master - Assistant Vice President,exact_id_duplicate,5891403988,scrum master
Project Manager,5891403973,Citigroup,Project Manager -Scrum Master - Assistant Vice President,exact_id_duplicate,5891403973,scrum master
Project Manager,5889593631,Ascentt-India,Project Manager (with Scrum Master skills),exact_id_duplicate,5889593631,scrum master
Project Manager,5825361825,GE Vernova,Senior Scrum Master / Delivery Manager,exact_id_duplicate,5825361825,scrum master
Project Manager,5901481115,Quest Global,Project Manager-Electrical Engineering,exact_id_duplicate,5901481115,electrical engineer
Project Manager,5902841828,NowVertical,Project Manager - India,near_duplicate(title+company+desc_prefix),5902841827,project manager
Project Manager,5897047769,CGI,Lead Engineer - Project Manager,near_duplicate(title+company+desc_prefix),5897680870,project manager
Project Manager,5897027560,Cushman & Wakefield,Project Manager,near_duplicate(title+company+desc_prefix),5898499480,project manager
Project Manager,5896658379,Cushman & Wakefield,Senior Project Manager,near_duplicate(title+company+desc_prefix),5897054374,project manager
Project Manager,5896366648,Cisco,Customer Project Manager | 11Years,near_duplicate(title+company+desc_prefix),5896366646,project manager
Project Manager,5895470023,CDK Global,Sr. Technology Project Manager,near_duplicate(title+company+desc_prefix),5897044606,project manager
Project Manager,5895371937,Cisco,Customer Project Manager | 11Years,near_duplicate(title+company+desc_prefix),5896366646,project manager
Project Manager,5894829830,Honeywell Technologies,Sr Project Manager,near_duplicate(title+company+desc_prefix),5894829829,project manager
Project Manager,5891403973,Citigroup,Project Manager -Scrum Master - Assistant Vice President,near_duplicate(title+company+desc_prefix),5891403988,project manager
Project Manager,5890787839,Cushman & Wakefield,Assistant Project Manager,near_duplicate(title+company+desc_prefix),5890802153,project manager
Project Manager,5890487197,Cushman & Wakefield,Assistant Project Manager,near_duplicate(title+company+desc_prefix),5890820513,project manager
Project Manager,5890215770,IRP Systems,EMS - Technical Project Manager,near_duplicate(title+company+desc_prefix),5890808988,project manager
Project Manager,5902539044,YouTrip,Technical Program Manager,near_duplicate(title+company+desc_prefix),5902729417,program manager
Project Manager,5902068573,Rocket Learning,Program Manager PMU - Hyderabad,near_duplicate(title+company+desc_prefix),5902511229,program manager
Project Manager,5899327996,Mastercard,Senior Technical Program Manager,near_duplicate(title+company+desc_prefix),5899328011,program manager
Project Manager,5898178769,Amazon,"Sr Program Manager, ASIN Localization",near_duplicate(title+company+desc_prefix),5899326153,program manager
Project Manager,5897952023,Mastercard,Senior Technical Program Manager,near_duplicate(title+company+desc_prefix),5899328011,program manager
Project Manager,5897949881,GE Vernova,AI Program Manager,near_duplicate(title+company+desc_prefix),5897949873,program manager
Project Manager,5897949884,GE Vernova,AI Program Manager,near_duplicate(title+company+desc_prefix),5897949873,program manager
Project Manager,5897949586,Cognizant,Program Manager,near_duplicate(title+company+desc_prefix),5898178682,program manager
Project Manager,5897064874,JPMorganChase,Lead Technical Program Manager,near_duplicate(title+company+desc_prefix),5899846196,program manager
Project Manager,5897064071,Jobgether,Lead Program Manager,near_duplicate(title+company+desc_prefix),5898467006,program manager
Project Manager,5897032560,GE Vernova,AI Program Manager,near_duplicate(title+company+desc_prefix),5897949873,program manager
Project Manager,5896657694,GE Vernova,AI Program Manager,near_duplicate(title+company+desc_prefix),5897949873,program manager
Project Manager,5896367172,IBM,Legal Data Program Manager,near_duplicate(title+company+desc_prefix),5897783799,program manager
Project Manager,5895860971,AgileEngine,Technical Program Manager ID89740,near_duplicate(title+company+desc_prefix),5895860988,program manager
Project Manager,5895860949,AgileEngine,Technical Program Manager ID89740,near_duplicate(title+company+desc_prefix),5895860988,program manager
Project Manager,5895860999,AgileEngine,Technical Program Manager ID89740,near_duplicate(title+company+desc_prefix),5895860988,program manager
Project Manager,5895860929,AgileEngine,Technical Program Manager ID89740,near_duplicate(title+company+desc_prefix),5895860988,program manager
Project Manager,5895860974,AgileEngine,Technical Program Manager ID89740,near_duplicate(title+company+desc_prefix),5895860988,program manager
Project Manager,5895860983,AgileEngine,Technical Program Manager ID89740,near_duplicate(title+company+desc_prefix),5895860988,program manager
Project Manager,5895861004,AgileEngine,Technical Program Manager ID89740,near_duplicate(title+company+desc_prefix),5895860988,program manager
Project Manager,5895860992,AgileEngine,Technical Program Manager ID89740,near_duplicate(title+company+desc_prefix),5895860988,program manager
Project Manager,5895860947,AgileEngine,Technical Program Manager ID89740,near_duplicate(title+company+desc_prefix),5895860988,program manager
Project Manager,5895860960,AgileEngine,Technical Program Manager ID89740,near_duplicate(title+company+desc_prefix),5895860988,program manager
Project Manager,5895860979,AgileEngine,Technical Program Manager ID89740,near_duplicate(title+company+desc_prefix),5895860988,program manager
Project Manager,5895860925,AgileEngine,Technical Program Manager ID89740,near_duplicate(title+company+desc_prefix),5895860988,program manager
Project Manager,5895860986,AgileEngine,Technical Program Manager ID89740,near_duplicate(title+company+desc_prefix),5895860988,program manager
Project Manager,5895860967,AgileEngine,Technical Program Manager ID89740,near_duplicate(title+company+desc_prefix),5895860988,program manager
Project Manager,5895860990,AgileEngine,Technical Program Manager ID89740,near_duplicate(title+company+desc_prefix),5895860988,program manager
Project Manager,5894078512,CDK Global,Staff Technology Program Manager,near_duplicate(title+company+desc_prefix),5895065536,program manager
Project Manager,5892384038,Google,"Technical Program Manager, Cloud Storage",near_duplicate(title+company+desc_prefix),5892384041,program manager
Project Manager,5892382824,Amazon,"Program Manager I, WFM",near_duplicate(title+company+desc_prefix),5892382820,program manager
Project Manager,5891403904,Cisco,Engineering Program Manager,near_duplicate(title+company+desc_prefix),5891912347,program manager
Project Manager,5886373147,Rubrik,GSI Services Program Manager,near_duplicate(title+company+desc_prefix),5887227964,program manager
Project Manager,5883489494,Synaptics Incorporated,Principal Program Manager,near_duplicate(title+company+desc_prefix),5883489589,program manager
Project Manager,5882272454,Amazon,"Senior Technical Program Manager, ShipTech",near_duplicate(title+company+desc_prefix),5888770811,program manager
Project Manager,5882272435,Amazon,"Manager III, Program Manager, Seller Economics & Fees",near_duplicate(title+company+desc_prefix),5882499572,program manager
Project Manager,5880669848,GE HealthCare,Staff Technical Program Manager,near_duplicate(title+company+desc_prefix),5881148062,program manager
Project Manager,5879783745,Origin,Lead Technical Program Manager,near_duplicate(title+company+desc_prefix),5882499731,program manager
Project Manager,5901635863,Accellor,Senior Delivery Manager / Delivery Lead,near_duplicate(title+company+desc_prefix),5902729337,delivery manager
Project Manager,5895065962,Weekday AI,Account Delivery Manager,near_duplicate(title+company+desc_prefix),5895065960,delivery manager
Project Manager,5891880327,Hewlett Packard Enterprise,Service Delivery Manager,near_duplicate(title+company+desc_prefix),5891908670,delivery manager
Project Manager,5891403453,AGCO Corporation,"Service Delivery Manager - HR Operations, including HCM AMS and Related Non-AMS Services",near_duplicate(title+company+desc_prefix),5891403458,delivery manager
Project Manager,5891403456,AGCO Corporation,"Service Delivery Manager - Payroll, Compensation & Benefits and Talent Management",near_duplicate(title+company+desc_prefix),5891403457,delivery manager
Project Manager,5891403455,AGCO Corporation,Service Delivery Manager - Talent Acquisition and Learning & Development,near_duplicate(title+company+desc_prefix),5891403454,delivery manager
Project Manager,5890811070,GE Vernova,ADMS Delivery Manager,near_duplicate(title+company+desc_prefix),5891404252,delivery manager
Project Manager,5887924413,Unilever,Asst Project Delivery Manager,near_duplicate(title+company+desc_prefix),5891406279,delivery manager
Project Manager,5886132177,Dhan AI,Delivery Manager (Enterprise Systems | AI‑First Delivery),near_duplicate(title+company+desc_prefix),5887125758,delivery manager
Project Manager,5880005019,Botsync,Delivery Manager - SyncOS,near_duplicate(title+company+desc_prefix),5880853903,delivery manager
Project Manager,5878059047,IBM,DELIVERY MANAGER-HUMAN RESOURCES OPERATIONS,near_duplicate(title+company+desc_prefix),5879148812,delivery manager
Project Manager,5876478747,Arun Thiyagarajan ,Oracle Service Delivery Manager,near_duplicate(title+company+desc_prefix),5876478751,delivery manager
Project Manager,5876478752,Arun Thiyagarajan ,Oracle Service Delivery Manager,near_duplicate(title+company+desc_prefix),5876478751,delivery manager
Project Manager,5876478749,Arun Thiyagarajan ,Oracle Service Delivery Manager,near_duplicate(title+company+desc_prefix),5876478751,delivery manager
Project Manager,5872785899,Google,"Service Delivery Manager, gTech Ads Customer Experience",near_duplicate(title+company+desc_prefix),5872785887,delivery manager
Project Manager,5871787929,EPAM Systems,Senior Delivery Manager - Cloud,near_duplicate(title+company+desc_prefix),5871788369,delivery manager
Project Manager,5871787738,EPAM Systems,Senior Delivery Manager - Cloud,near_duplicate(title+company+desc_prefix),5871788369,delivery manager
Project Manager,5871275554,Kanini Software Solutions,Technical delivery Manager,near_duplicate(title+company+desc_prefix),5871275580,delivery manager
Project Manager,5870761180,Genpact,Service Delivery Manager - F&A - R2R 4D,near_duplicate(title+company+desc_prefix),5878706414,delivery manager
Project Manager,5859436074,Roche,Service Delivery Manager - RDT Digital Operations and Reliability,near_duplicate(title+company+desc_prefix),5859765025,delivery manager
Project Manager,5858388398,Genpact,Service Delivery Manager - F&A - R2R 4D,near_duplicate(title+company+desc_prefix),5878706414,delivery manager
Project Manager,5852149133,WSP USA,Senior Configuration and Delivery Manager,near_duplicate(title+company+desc_prefix),5852149193,delivery manager
Project Manager,5849136900,Pitney Bowes,Professional Services Delivery Manager,near_duplicate(title+company+desc_prefix),5861793631,delivery manager
Project Manager,5816830035,Genpact,Service Delivery Manager - F&A - AP 4D,near_duplicate(title+company+desc_prefix),5833589257,delivery manager
Project Manager,5895065488,Capgemini,FBS Scrum Master II,near_duplicate(title+company+desc_prefix),5895065484,scrum master
Project Manager,5894413509,Capgemini,FBS Scrum Master II,near_duplicate(title+company+desc_prefix),5895065484,scrum master
Project Manager,5890813582,Southwest Airlines,Scrum Master,near_duplicate(title+company+desc_prefix),5892976960,scrum master
Project Manager,5889561732,S&P Global,Scrum Master {Functional},near_duplicate(title+company+desc_prefix),5900356907,scrum master
Project Manager,5869826183,Xebia IT Architects,BA cum Scrum Master,near_duplicate(title+company+desc_prefix),5869826198,scrum master
Project Manager,5869826173,Xebia IT Architects,BA cum Scrum Master,near_duplicate(title+company+desc_prefix),5869826198,scrum master
Project Manager,5869176346,Zoetis,Senior Scrum Master,near_duplicate(title+company+desc_prefix),5869176707,scrum master
Project Manager,5836834989,Barclays,Scrum Master,near_duplicate(title+company+desc_prefix),5838430251,scrum master
Project Manager,5834759382,Cencora,"Senior Scrum Master, Scrum Master",near_duplicate(title+company+desc_prefix),5853707740,scrum master
Project Manager,5797364773,Genpact,Scrum Master 4B,near_duplicate(title+company+desc_prefix),5900708811,scrum master
Project Manager,5796097806,Barclays,Scrum Master,near_duplicate(title+company+desc_prefix),5838430251,scrum master
Project Manager,5890798981,Amazon,"Senior Program Manager , Delivery Experience, IN DEX",employer_cap(>48 per employer),,program manager
Project Manager,5890796955,Amazon,"Program Manager II, Global Catalog Operations",employer_cap(>48 per employer),,program manager
Project Manager,5890795692,Amazon,"Insights Program Manager, Audit and Insights",employer_cap(>48 per employer),,program manager
Project Manager,5890789141,Amazon,"Program Manager, Inbound Supply Chain",employer_cap(>48 per employer),,program manager
Project Manager,5890780849,Amazon,"Sr. Technical Program Manager, Business Data Technologies",employer_cap(>48 per employer),,program manager
Project Manager,5890486917,Amazon,"Technical Program Manager, Devices and Services FinTech, DaS FinTech",employer_cap(>48 per employer),,program manager
Project Manager,5890240151,Amazon,"Program Manager II, Supply Chain",employer_cap(>48 per employer),,program manager
Project Manager,5889598308,Amazon,Sr. Technical Program Manager,employer_cap(>48 per employer),,program manager
Project Manager,5889561019,Amazon,"Sr Program Manager - Heavy Bulky Network, IN - H&B",employer_cap(>48 per employer),,program manager
Project Manager,5889501867,Amazon,"Senior Program Manager, RBS : Cost to Serve",employer_cap(>48 per employer),,program manager
Project Manager,5889085369,Amazon,"Senior Program Manager, RBS : Cost to Serve",employer_cap(>48 per employer),,program manager
Project Manager,5888770795,Amazon,"Program Manager I, FBA",employer_cap(>48 per employer),,program manager
Project Manager,5888770811,Amazon,"Senior Technical Program Manager, ShipTech",employer_cap(>48 per employer),,program manager
Project Manager,5888770790,Amazon,"Sr Program Manager - Heavy Bulky Network, IN - H&B",employer_cap(>48 per employer),,program manager
Project Manager,5888770799,Amazon,"Program Manager, Routing Insights and Analytics",employer_cap(>48 per employer),,program manager
Project Manager,5888770816,Amazon,"Sr. Program Manager, CAM GTM",employer_cap(>48 per employer),,program manager
Project Manager,5888770817,Amazon,Sr. Technical Program Manager,employer_cap(>48 per employer),,program manager
Project Manager,5887930231,Amazon,"Program Manager I, FBA",employer_cap(>48 per employer),,program manager
Project Manager,5887224768,Amazon,"Senior Program Manager, IPV Process OPS",employer_cap(>48 per employer),,program manager
Project Manager,5886392704,Amazon,"Program Manager, Routing Insights and Analytics",employer_cap(>48 per employer),,program manager
Project Manager,5886390076,Amazon,"Technical Program Manager, Amazon Freight",employer_cap(>48 per employer),,program manager
Project Manager,5886389677,Amazon,"Senior Program Manager, IPV Process OPS",employer_cap(>48 per employer),,program manager
Project Manager,5882780086,Amazon,"Manager III, Program Manager, Seller Economics & Fees",employer_cap(>48 per employer),,program manager
Project Manager,5882777182,Amazon,"Senior Technical Program Manager, ShipTech",employer_cap(>48 per employer),,program manager
Project Manager,5882775555,Amazon,"Program Manager – Data Governance, LMAQ",employer_cap(>48 per employer),,program manager
Project Manager,5882767230,Amazon,"Technical Program Manager, Stores Application Security",employer_cap(>48 per employer),,program manager
Project Manager,5882499572,Amazon,"Manager III, Program Manager, Seller Economics & Fees",employer_cap(>48 per employer),,program manager
Project Manager,5882272481,Amazon,"Program Manager II, Transportation Long Term Capacity Planning",employer_cap(>48 per employer),,program manager
Project Manager,5882272424,Amazon,"Program Manager - Data Governance, LMAQ",employer_cap(>48 per employer),,program manager
Project Manager,5882272328,Amazon,"Program Manager III, Transportation Financial Systems (TFS)",employer_cap(>48 per employer),,program manager
Project Manager,5882272421,Amazon,"Senior Program Manager, Refunds CX, WW Refunds Experience",employer_cap(>48 per employer),,program manager
Project Manager,5882272279,Amazon,"Program Manager, Supply chain, JWO",employer_cap(>48 per employer),,program manager
Project Manager,5882272252,Amazon,"Program Manager, Routing and Planning",employer_cap(>48 per employer),,program manager
Project Manager,5882270730,Amazon,"Sr. Technical Program Manager, Value Added Services Tech",employer_cap(>48 per employer),,program manager
Project Manager,5881160994,Amazon,"Program Manager, Supply chain, JWO",employer_cap(>48 per employer),,program manager
Project Manager,5881160910,Amazon,"Program Manager III, Transportation Financial Systems (TFS)",employer_cap(>48 per employer),,program manager
Project Manager,5881159758,Amazon,"Program Manager, Routing and Planning",employer_cap(>48 per employer),,program manager
Project Manager,5881158411,Amazon,"Sr. Technical Program Manager, Value Added Services Tech",employer_cap(>48 per employer),,program manager
Project Manager,5881158197,Amazon,"Senior Program Manager, Refunds CX, WW Refunds Experience",employer_cap(>48 per employer),,program manager
Project Manager,5881116936,Amazon,"Program Manager II, Transportation Long Term Capacity Planning",employer_cap(>48 per employer),,program manager
Project Manager,5880853820,Amazon,"Program Manager III, GCOI",employer_cap(>48 per employer),,program manager
Project Manager,5879904757,Amazon,"Compliance Program Manager II, Compliance Program Manager, Amazon Payments Europe S.C.A.",employer_cap(>48 per employer),,program manager
Project Manager,5879872780,Amazon,"Sr Technical Program Manager, Tablet Product Software",employer_cap(>48 per employer),,program manager
Project Manager,5858381998,Amazon,"Sr. Program Manager - POD, Pay on Delivery",employer_cap(>48 per employer),,delivery manager
Project Manager,5857940900,Amazon,"Sr. Program Manager - POD, Pay on Delivery",employer_cap(>48 per employer),,delivery manager
Digital Marketing,5880855493,Indexai Finance,SEO & Digital Marketing Specialist,exact_id_duplicate,5880855493,seo specialist
Digital Marketing,5850339310,Bilvaleaf Private,Digital Marketing Specialist SEO Social Media Video Creator Intern,exact_id_duplicate,5850339310,seo specialist
Digital Marketing,5827708298,"UWorld, LLC",SEO Specialist- Digital Marketing,exact_id_duplicate,5827708298,seo specialist
Digital Marketing,5859054155,Pavago,Digital Marketing / Performance Marketing Manager,exact_id_duplicate,5859054155,performance marketing
Digital Marketing,5842741647,Hirestar job Bank,Digital Marketing Executive / Performance Marketing Specialist,exact_id_duplicate,5842741647,performance marketing
Digital Marketing,5822266610,one75mbhrm pvt ltd,Senior Performance Marketer / Digital Marketing Specialist,exact_id_duplicate,5822266610,performance marketing
Digital Marketing,5805297493,JioStar,"Manager - Digital & Performance Marketing, Digital",exact_id_duplicate,5805297493,performance marketing
Digital Marketing,5800534243,Time Hack Consulting,Digital Marketing Manager (Performance & SEO) (Real Estate),exact_id_duplicate,5800534243,performance marketing
Digital Marketing,5895065971,Weekday AI,Graphics Designer - Performance Marketing,exact_id_duplicate,5895065971,graphic designer
Digital Marketing,5895065970,Weekday AI,Graphics Designer - Performance Marketing,exact_id_duplicate,5895065970,graphic designer
Digital Marketing,5898313397,Weekday AI,Digital Marketing Manager,near_duplicate(title+company+desc_prefix),5900529917,digital marketing
Digital Marketing,5895805080,Anatta Design,AI Creative Lead — Digital Marketing (India),near_duplicate(title+company+desc_prefix),5898469426,digital marketing
Digital Marketing,5888093303,Ladybird Web Solution Pvt Ltd,Digital Marketing Internship,near_duplicate(title+company+desc_prefix),5888693600,digital marketing
Digital Marketing,5879146455,Finprov Business Services,Digital Marketing Trainer,near_duplicate(title+company+desc_prefix),5879146453,digital marketing
Digital Marketing,5879146454,Finprov Business Services,Digital Marketing Trainer,near_duplicate(title+company+desc_prefix),5879146453,digital marketing
Digital Marketing,5879146452,Finprov Business Services,Digital Marketing Trainer,near_duplicate(title+company+desc_prefix),5879146453,digital marketing
Digital Marketing,5868110303,Apeejay Stya Group,Digital Marketing Manager,near_duplicate(title+company+desc_prefix),5868110305,digital marketing
Digital Marketing,5859083545,Lisa HR Consultancy,Hiring Digital marketing executive,near_duplicate(title+company+desc_prefix),5859758250,digital marketing
Digital Marketing,5851958304,TalentMark Academy Placement Department,Digital Marketing Executive,near_duplicate(title+company+desc_prefix),5877943307,digital marketing
Digital Marketing,5850377130,"SolutionInn, US",Digital Marketing Associate,near_duplicate(title+company+desc_prefix),5850377155,digital marketing
Digital Marketing,5850377109,"SolutionInn, US",Digital Marketing Specialist,near_duplicate(title+company+desc_prefix),5850377106,digital marketing
Digital Marketing,5848748828,Cyzerg,Digital Marketing & Content Specialist,near_duplicate(title+company+desc_prefix),5851151616,digital marketing
Digital Marketing,5845820058,Roche,Manager Digital Marketing Analytics,near_duplicate(title+company+desc_prefix),5854847265,digital marketing
Digital Marketing,5836833172,Genpact,Specialist - S&M - Digital Marketing 4B,near_duplicate(title+company+desc_prefix),5884783956,digital marketing
Digital Marketing,5832798259,Gowra Bits & Bytes,Digital Marketing Specialist,near_duplicate(title+company+desc_prefix),5832798272,digital marketing
Digital Marketing,5831404624,Budli In,Digital Marketing Evangelist,near_duplicate(title+company+desc_prefix),5831404610,digital marketing
Digital Marketing,5831404581,Budli In,Digital Marketing Evangelist,near_duplicate(title+company+desc_prefix),5831404560,digital marketing
Digital Marketing,5801030212,appscrip,Digital Marketing (Intern),near_duplicate(title+company+desc_prefix),5855256416,digital marketing
Digital Marketing,5800149654,Ladybird Web Solution Pvt Ltd,Digital Marketing Internship,near_duplicate(title+company+desc_prefix),5888693600,digital marketing
Digital Marketing,5786628857,Baxture Technologies,Digital Marketing Manager,near_duplicate(title+company+desc_prefix),5850890394,digital marketing
Digital Marketing,5851021045,Regent College London,SEO Specialist,near_duplicate(title+company+desc_prefix),5853714161,seo specialist
Digital Marketing,5899536757,Bitpanda,Senior Performance Marketing Specialist,near_duplicate(title+company+desc_prefix),5899536857,performance marketing
Digital Marketing,5895065970,Weekday AI,Graphics Designer - Performance Marketing,near_duplicate(title+company+desc_prefix),5895065971,performance marketing
Digital Marketing,5893471250,TransPerfect,Senior Performance Marketing Manager,near_duplicate(title+company+desc_prefix),5893471252,performance marketing
Digital Marketing,5884579568,Virallens,Performance Marketing Specialist,near_duplicate(title+company+desc_prefix),5885974603,performance marketing
Digital Marketing,5875786029,Lokal App,Performance Marketing Executive - Content (Telugu)- Dostt,near_duplicate(title+company+desc_prefix),5876949022,performance marketing
Digital Marketing,5871275138,Click Labs,Performance Marketing Intern,near_duplicate(title+company+desc_prefix),5871275150,performance marketing
Digital Marketing,5864601279,Weekday AI,Senior Manager - Performance Marketing,near_duplicate(title+company+desc_prefix),5866922300,performance marketing
Mechanical Engineer,5899083091,Deerns Groep BV,Mechanical Design Engineer - Data Center,exact_id_duplicate,5899083091,mechanical engineer
Mechanical Engineer,5897785755,Deerns Groep BV,Lead Mechanical Design Engineer - Data Center,exact_id_duplicate,5897785755,mechanical engineer
Mechanical Engineer,5902920829,Hitachi,Mechanical Design Engineer,exact_id_duplicate,5902920829,mechanical design engineer
Mechanical Engineer,5902919062,RTX,Senior Lead Engineer - Mechanical Design,exact_id_duplicate,5902919062,mechanical design engineer
Mechanical Engineer,5902912753,Arrow,Sr. Engineer – Mechanical Design,exact_id_duplicate,5902912753,mechanical design engineer
Mechanical Engineer,5902729302,Bosch Group,IN_RBIC_Sr.Engineer/Asst.Manager_Design Engineer_ Mechanical for New Braking System,exact_id_duplicate,5902729302,mechanical design engineer
Mechanical Engineer,5902535417,Bosch Group,IN_RBIC_Sr.Engineer/Asst.Manager_Design Engineer_ Mechanical for New Braking System,exact_id_duplicate,5902535417,mechanical design engineer
Mechanical Engineer,5900875630,HCLTech,"Mechanical Design Engineer (Jigs and Fixtures, SPM, Static Structural Ansys)",exact_id_duplicate,5900875630,mechanical design engineer
Mechanical Engineer,5900354521,Applied Materials,Mechanical Design Engineer II,exact_id_duplicate,5900354521,mechanical design engineer
Mechanical Engineer,5899871593,Conax Technologies,Mechanical Design Engineer - IND,exact_id_duplicate,5899871593,mechanical design engineer
Mechanical Engineer,5899329321,Xylem,MECHANICAL DESIGN ENGINEER,exact_id_duplicate,5899329321,mechanical design engineer
Mechanical Engineer,5899083091,Deerns Groep BV,Mechanical Design Engineer - Data Center,exact_id_duplicate,5899083091,mechanical design engineer
Mechanical Engineer,5898599451,Hummingbird Scientific,Senior Mechanical Engineer - Precision Design,exact_id_duplicate,5898599451,mechanical design engineer
Mechanical Engineer,5898484563,Opalforce,Mechanical Design Engineer,exact_id_duplicate,5898484563,mechanical design engineer
Mechanical Engineer,5898483608,Rockwell Automation,Design Engineer - Mechanical,exact_id_duplicate,5898483608,mechanical design engineer
Mechanical Engineer,5897785755,Deerns Groep BV,Lead Mechanical Design Engineer - Data Center,exact_id_duplicate,5897785755,mechanical design engineer
Mechanical Engineer,5897067533,Xylem,Mechanical Design Engineer,exact_id_duplicate,5897067533,mechanical design engineer
Mechanical Engineer,5897066246,Applied Materials,Mechanical Design Engineer II,exact_id_duplicate,5897066246,mechanical design engineer
Mechanical Engineer,5897039296,Xylem,Mechanical Design Engineer,exact_id_duplicate,5897039296,mechanical design engineer
Mechanical Engineer,5896947007,Ebizon,Senior Design Engineer - Mechanical,exact_id_duplicate,5896947007,mechanical design engineer
Mechanical Engineer,5896644839,SoftAge Information Technology,"CAD Design Engineer, Mechanical & Code-First Reverse Engineering",exact_id_duplicate,5896644839,mechanical design engineer
Mechanical Engineer,5896368691,Xylem,Mechanical Design Engineer,exact_id_duplicate,5896368691,mechanical design engineer
Mechanical Engineer,5896030141,Capgemini Engineering,Mechanical Design Engineer,exact_id_duplicate,5896030141,mechanical design engineer
Mechanical Engineer,5895661981,Bosch Group,Mechanical Design Engineer (Specialist) - Design of a Servo Motor for Industrial application,exact_id_duplicate,5895661981,mechanical design engineer
Mechanical Engineer,5894627705,Schneider Electric,Mechanical Engineer-Systems Design,exact_id_duplicate,5894627705,mechanical design engineer
Mechanical Engineer,5894590300,Pall Corporation,Mechanical Design Engineer I (Pressure vessel),exact_id_duplicate,5894590300,mechanical design engineer
Mechanical Engineer,5891912886,GE HealthCare,Installed Base Engineer Mechanical Design,exact_id_duplicate,5891912886,mechanical design engineer
Mechanical Engineer,5891867540,Flowserve Corporation,Senior Mechanical Engineer - Pump Design,exact_id_duplicate,5891867540,mechanical design engineer
Mechanical Engineer,5891404186,GE HealthCare,Installed Base Engineer Mechanical Design,exact_id_duplicate,5891404186,mechanical design engineer
Mechanical Engineer,5891403723,Amazon,"Sr. Mechanical Design Engineer, APAC Mech DE",exact_id_duplicate,5891403723,mechanical design engineer
Mechanical Engineer,5891226463,Umanist Staffing LLC,Sr. Mechanical Design Engineer – STP,exact_id_duplicate,5891226463,mechanical design engineer
Mechanical Engineer,5890812500,Xylem,Mechanical Design Engineer,exact_id_duplicate,5890812500,mechanical design engineer
Mechanical Engineer,5890168973,NoPo Nanotechnologies India Private Limited,Principal Engineer – Mechanical Design,exact_id_duplicate,5890168973,mechanical design engineer
Mechanical Engineer,5889560059,Amazon,"Sr. Mechanical Design Engineer, APAC Mech DE",exact_id_duplicate,5889560059,mechanical design engineer
Mechanical Engineer,5889545975,Agility Robotics,Senior Application Mechanical Engineer / Designer,exact_id_duplicate,5889545975,mechanical design engineer
Mechanical Engineer,5889535655,LT-Larsen & Toubro,R&D Mechanical Design Engineer,exact_id_duplicate,5889535655,mechanical design engineer
Mechanical Engineer,5889518989,Paarvision Autonomy,Mechanical Design Engineer,exact_id_duplicate,5889518989,mechanical design engineer
Mechanical Engineer,5889409702,SYNTEGON,Mechanical Design Engineer (Managed by Klenzaids Contamination Controls Pvt. Ltd.),exact_id_duplicate,5889409702,mechanical design engineer
Mechanical Engineer,5887959966,Vanderlande Industries,Mechanical Design Engineer,exact_id_duplicate,5887959966,mechanical design engineer
Mechanical Engineer,5887546560,ADSIPL - Maharashtra - E22,"Sr. Mechanical Design Engineer, APAC Mech DE",exact_id_duplicate,5887546560,mechanical design engineer
Mechanical Engineer,5883489738,SEGULA Technologies,Mechanical Design Engineer,exact_id_duplicate,5883489738,mechanical design engineer
Mechanical Engineer,5883283370,Xylem,Mechanical Design Engineer,exact_id_duplicate,5883283370,mechanical design engineer
Mechanical Engineer,5883283372,Xylem,Mechanical Design Engineer,exact_id_duplicate,5883283372,mechanical design engineer
Mechanical Engineer,5881135057,Fluence Energy,Lead Mechanical Design Engineer – CAD,exact_id_duplicate,5881135057,mechanical design engineer
Mechanical Engineer,5881109288,Xylem,Mechanical Design Engineer,exact_id_duplicate,5881109288,mechanical design engineer
Mechanical Engineer,5880855421,one75mbhrm pvt ltd,SPM Mechanical Design Engineer,exact_id_duplicate,5880855421,mechanical design engineer
Mechanical Engineer,5880669030,Applied Materials,Mechanical Design Engineer,exact_id_duplicate,5880669030,mechanical design engineer
Mechanical Engineer,5879903812,Applied Materials,Mechanical Design Engineer,exact_id_duplicate,5879903812,mechanical design engineer
Mechanical Engineer,5877829044,Genrobotic Innovations Private Limited,Senior Mechanical Design Engineer (4 -8 Years),exact_id_duplicate,5877829044,mechanical design engineer
Mechanical Engineer,5875084300,atkinsrealis,Mechanical Engineer design - Hydropower,exact_id_duplicate,5875084300,mechanical design engineer
Mechanical Engineer,5875071640,Kuche7,Mechanical Engineer - QC/ Production/ Design,exact_id_duplicate,5875071640,mechanical design engineer
Mechanical Engineer,5875067960,SWASTIK PLACEMENT AGENCY,Mechanical Design Engineer,exact_id_duplicate,5875067960,mechanical design engineer
Mechanical Engineer,5873987768,Infosys,Mechanical Design Engineer,exact_id_duplicate,5873987768,mechanical design engineer
Mechanical Engineer,5873201634,AtkinsRéalis,Mechanical Engineer design - Hydropower,exact_id_duplicate,5873201634,mechanical design engineer
Mechanical Engineer,5872136831,Hitachi,Mechanical Design Engineer,exact_id_duplicate,5872136831,mechanical design engineer
Mechanical Engineer,5871788419,Origin,Senior Mechanical Design Engineer,exact_id_duplicate,5871788419,mechanical design engineer
Mechanical Engineer,5871530210,Applied Materials,Mechanical Engineer (E3) - Design for Manufacturing (DFM),exact_id_duplicate,5871530210,mechanical design engineer
Mechanical Engineer,5871530214,Applied Materials,Mechanical Engineer (E3) - Design for Cost (DFC),exact_id_duplicate,5871530214,mechanical design engineer
Mechanical Engineer,5871260170,ThinkMetal,Mechanical Design Engineer,exact_id_duplicate,5871260170,mechanical design engineer
Mechanical Engineer,5870790222,Applied Materials,Mechanical Engineer (E3) – Design for Cost (DFC),exact_id_duplicate,5870790222,mechanical design engineer
Mechanical Engineer,5870758261,Applied Materials,Mechanical Engineer (E3) – Design for Manufacturing (DFM),exact_id_duplicate,5870758261,mechanical design engineer
Mechanical Engineer,5870742162,GE Vernova,Lead Engineer – Mechanical Design,exact_id_duplicate,5870742162,mechanical design engineer
Mechanical Engineer,5870120034,GE Vernova,Lead Engineer - Mechanical Design,exact_id_duplicate,5870120034,mechanical design engineer
Mechanical Engineer,5869147004,Kaapro Management Solutions,Mechanical Design Engineer / CAD Engineer,exact_id_duplicate,5869147004,mechanical design engineer
Mechanical Engineer,5868702037,Weekday AI,Mechanical Design Engineer,exact_id_duplicate,5868702037,mechanical design engineer
Mechanical Engineer,5867231037,Hitachi,Mechanical Design Engineer,exact_id_duplicate,5867231037,mechanical design engineer
Mechanical Engineer,5862786267,Safran,Mechanical Engineer - Product Design,exact_id_duplicate,5862786267,mechanical design engineer
Mechanical Engineer,5861793275,3G HR Services,Mechanical Design Engineer,exact_id_duplicate,5861793275,mechanical design engineer
Mechanical Engineer,5857750075,Stryker,Senior Design Engineer- Mechanical,exact_id_duplicate,5857750075,mechanical design engineer
Mechanical Engineer,5856963032,Xylem,Mechanical Design Engineer,exact_id_duplicate,5856963032,mechanical design engineer
Mechanical Engineer,5856317450,Naukripay,Mechanical design engineer ( Rajkot),exact_id_duplicate,5856317450,mechanical design engineer
Mechanical Engineer,5856197353,Infosys Limited,Mechanical Design Engineer,exact_id_duplicate,5856197353,mechanical design engineer
Mechanical Engineer,5855494716,Xylem,Mechanical Design Engineer,exact_id_duplicate,5855494716,mechanical design engineer
Mechanical Engineer,5854878291,Murugappa Group,Design Engineer Mechanical,exact_id_duplicate,5854878291,mechanical design engineer
Mechanical Engineer,5851860347,Ametek Instruments India,Mechanical Design Engineer,exact_id_duplicate,5851860347,mechanical design engineer
Mechanical Engineer,5844305533,LT-Larsen & Toubro,Design Engineer Mechanical,exact_id_duplicate,5844305533,mechanical design engineer
Mechanical Engineer,5843888359,Smart Work Consultants,HVAC Mechanical Design Engineer,exact_id_duplicate,5843888359,mechanical design engineer
Mechanical Engineer,5842547668,Get Sure Job Hiring For GetSureJob,Design Engineer Mechanical MNC,exact_id_duplicate,5842547668,mechanical design engineer
Mechanical Engineer,5841921691,Hytorc,Mechanical Design Engineer,exact_id_duplicate,5841921691,mechanical design engineer
Mechanical Engineer,5841388191,Nikkiso Clean Energy & Industrial Gases,Mechanical Design Engineer,exact_id_duplicate,5841388191,mechanical design engineer
Mechanical Engineer,5840370807,Danaher,Mechanical Design Engineer I (Pressure vessel),exact_id_duplicate,5840370807,mechanical design engineer
Mechanical Engineer,5837799125,Danaher Corporation,Mechanical Design Engineer I (Pressure vessel),exact_id_duplicate,5837799125,mechanical design engineer
Mechanical Engineer,5836842958,Hitachi,R&D Mechanical Design Engineer (Edge Solutions) - IDC,exact_id_duplicate,5836842958,mechanical design engineer
Mechanical Engineer,5834391438,Xylem,Mechanical Design Engineer,exact_id_duplicate,5834391438,mechanical design engineer
Mechanical Engineer,5833581895,Bloom Energy,Staff Engineer – Mechanical Design,exact_id_duplicate,5833581895,mechanical design engineer
Mechanical Engineer,5832795782,Netradyne,Mechanical Design Engineer,exact_id_duplicate,5832795782,mechanical design engineer
Mechanical Engineer,5831399013,Barry Wehmiller,Process Mechanical Design Engineer,exact_id_duplicate,5831399013,mechanical design engineer
Mechanical Engineer,5823127734,Get Sure Job Hiring For GetSureJob,Design Engineer Mechanical,exact_id_duplicate,5823127734,mechanical design engineer
Mechanical Engineer,5822422119,Atomionics PTE.,Mechanical Design Engineer (Field Deployment),exact_id_duplicate,5822422119,mechanical design engineer
Mechanical Engineer,5822060693,Xylem,Mechanical Design Engineer,exact_id_duplicate,5822060693,mechanical design engineer
Mechanical Engineer,5819909316,Hitachi,Mechanical Design Engineer,exact_id_duplicate,5819909316,mechanical design engineer
Mechanical Engineer,5815846184,LT-Larsen & Toubro,BESS Mechanical Design Engineer,exact_id_duplicate,5815846184,mechanical design engineer
Mechanical Engineer,5811661968,NAVINYAA SOLUTIONS PRIVATE LIMITED,Senior Mechanical Design Engineer,exact_id_duplicate,5811661968,mechanical design engineer
Mechanical Engineer,5900727635,Kaapro Management Solutions,Urgent Opening For CAD Engineer – Mechanical - Ahmedabad,exact_id_duplicate,5900727635,cad engineer
Mechanical Engineer,5896644839,SoftAge Information Technology,"CAD Design Engineer, Mechanical & Code-First Reverse Engineering",exact_id_duplicate,5896644839,cad engineer
Mechanical Engineer,5881135057,Fluence Energy,Lead Mechanical Design Engineer – CAD,exact_id_duplicate,5881135057,cad engineer
Mechanical Engineer,5869147004,Kaapro Management Solutions,Mechanical Design Engineer / CAD Engineer,exact_id_duplicate,5869147004,cad engineer
Mechanical Engineer,5890809784,Fluence Energy,Electrical CAD Engineer,exact_id_duplicate,5890809784,electrical engineer
Mechanical Engineer,5879363832,Eaton Corporation,Engineer - Mechanical / Electrical (VAVE),exact_id_duplicate,5879363832,electrical engineer
Mechanical Engineer,5866922860,Pharvinex Group,Electrical & Mechanical Engineer,exact_id_duplicate,5866922860,electrical engineer
Mechanical Engineer,5862786267,Safran,Mechanical Engineer - Product Design,exact_id_duplicate,5862786267,product designer
Mechanical Engineer,5900355287,GE Vernova,Lead Engineer - Mechanical Component-1,near_duplicate(title+company+desc_prefix),5900713696,mechanical engineer
Mechanical Engineer,5900355271,GE Vernova,Lead Engineer - Mechanical Component 2,near_duplicate(title+company+desc_prefix),5900713614,mechanical engineer
Mechanical Engineer,5899861851,Generac,Mechanical Engineer III (Senior),near_duplicate(title+company+desc_prefix),5899869638,mechanical engineer
Mechanical Engineer,5898471237,GE Vernova,Engineer - Mechanical Component,near_duplicate(title+company+desc_prefix),5900355265,mechanical engineer
Mechanical Engineer,5897066246,Applied Materials,Mechanical Design Engineer II,near_duplicate(title+company+desc_prefix),5900354521,mechanical engineer
Mechanical Engineer,5897039296,Xylem,Mechanical Design Engineer,near_duplicate(title+company+desc_prefix),5897067533,mechanical engineer
Mechanical Engineer,5897028208,GE Vernova,Engineer - Mechanical Component,near_duplicate(title+company+desc_prefix),5897949882,mechanical engineer
Mechanical Engineer,5897023725,GE Vernova,Lead Engineer - Mechanical,near_duplicate(title+company+desc_prefix),5897949872,mechanical engineer
Mechanical Engineer,5895403410,Worley,Mechanical Engineer Level I,near_duplicate(title+company+desc_prefix),5896658003,mechanical engineer
Mechanical Engineer,5891404186,GE HealthCare,Installed Base Engineer Mechanical Design,near_duplicate(title+company+desc_prefix),5891912886,mechanical engineer
Mechanical Engineer,5891404131,Eaton Corporation,Associate Engineer - Mechanical,near_duplicate(title+company+desc_prefix),5891404134,mechanical engineer
Mechanical Engineer,5890812500,Xylem,Mechanical Design Engineer,near_duplicate(title+company+desc_prefix),5897067533,mechanical engineer
Mechanical Engineer,5888775107,ThermoFisher Scientific,Mechanical Engineer III,near_duplicate(title+company+desc_prefix),5888775106,mechanical engineer
Mechanical Engineer,5887878892,Thermo Fisher Scientific,Mechanical Engineer III,near_duplicate(title+company+desc_prefix),5887953871,mechanical engineer
Mechanical Engineer,5886389539,GE Vernova,Lead Engineer - Mechanical Component,near_duplicate(title+company+desc_prefix),5887225557,mechanical engineer
Mechanical Engineer,5886363582,GE Vernova,Engineer - Mechanical Component,near_duplicate(title+company+desc_prefix),5887225556,mechanical engineer
Mechanical Engineer,5883283372,Xylem,Mechanical Design Engineer,near_duplicate(title+company+desc_prefix),5883283370,mechanical engineer
Mechanical Engineer,5881162432,Applied Materials,"Mechanical Engineer – Enclosures, Frames & Sheet Metal",near_duplicate(title+company+desc_prefix),5882272824,mechanical engineer
Mechanical Engineer,5881159145,Applied Materials,Mechanical Engineer,near_duplicate(title+company+desc_prefix),5882272818,mechanical engineer
Mechanical Engineer,5881109288,Xylem,Mechanical Design Engineer,near_duplicate(title+company+desc_prefix),5897067533,mechanical engineer
Mechanical Engineer,5880669028,Applied Materials,Mechanical Engineer,near_duplicate(title+company+desc_prefix),5882272818,mechanical engineer
Mechanical Engineer,5879948051,Applied Materials,Mechanical Engineer,near_duplicate(title+company+desc_prefix),5882272818,mechanical engineer
Mechanical Engineer,5879903812,Applied Materials,Mechanical Design Engineer,near_duplicate(title+company+desc_prefix),5880669030,mechanical engineer
Mechanical Engineer,5878037701,SSOE Group,Mechanical Engineer,near_duplicate(title+company+desc_prefix),5880644790,mechanical engineer
Mechanical Engineer,5877229419,KBR,Mechanical Engineer- Packages,near_duplicate(title+company+desc_prefix),5879365398,mechanical engineer
Mechanical Engineer,5873191026,KBR,Mechanical Engineer- Static Equipment,near_duplicate(title+company+desc_prefix),5873770204,mechanical engineer
Mechanical Engineer,5870790222,Applied Materials,Mechanical Engineer (E3) – Design for Cost (DFC),near_duplicate(title+company+desc_prefix),5871530214,mechanical engineer
Mechanical Engineer,5870758261,Applied Materials,Mechanical Engineer (E3) – Design for Manufacturing (DFM),near_duplicate(title+company+desc_prefix),5871530210,mechanical engineer
Mechanical Engineer,5870120034,GE Vernova,Lead Engineer - Mechanical Design,near_duplicate(title+company+desc_prefix),5870742162,mechanical engineer
Mechanical Engineer,5869178508,GE Vernova,Engineer - Mechanical Component,near_duplicate(title+company+desc_prefix),5870120009,mechanical engineer
Mechanical Engineer,5866590085,Black & Veatch,Staff Engineer - Mechanical Municipal Water HVAC & Plumbing Job Details | Black & Veatch Family of Companies,near_duplicate(title+company+desc_prefix),5866590086,mechanical engineer
Mechanical Engineer,5866590005,Applied Materials,Mechanical Engineer,near_duplicate(title+company+desc_prefix),5882272818,mechanical engineer
Mechanical Engineer,5864843664,Applied Materials,Mechanical Engineer,near_duplicate(title+company+desc_prefix),5882272818,mechanical engineer
Mechanical Engineer,5862986322,BMW TechWorks,HV Battery System Engineer - Mechanical,near_duplicate(title+company+desc_prefix),5867229521,mechanical engineer
Mechanical Engineer,5861951928,Black & Veatch,Staff Engineer - Mechanical Engineer - Data Center HVAC & Plumbing Design Job Details | Black & Veatch Family of Companies,near_duplicate(title+company+desc_prefix),5861951934,mechanical engineer
Mechanical Engineer,5856963032,Xylem,Mechanical Design Engineer,near_duplicate(title+company+desc_prefix),5897067533,mechanical engineer
Mechanical Engineer,5855494716,Xylem,Mechanical Design Engineer,near_duplicate(title+company+desc_prefix),5897067533,mechanical engineer
Mechanical Engineer,5853693646,Applied Materials,Mechanical Engineer,near_duplicate(title+company+desc_prefix),5882272818,mechanical engineer
Mechanical Engineer,5853357369,Applied Materials,Mechanical Engineer,near_duplicate(title+company+desc_prefix),5882272818,mechanical engineer
Mechanical Engineer,5853357388,Applied Materials,"Manager, Mechanical Engineer",near_duplicate(title+company+desc_prefix),5854446765,mechanical engineer
Mechanical Engineer,5851503550,Lapmaster Wolters,Sr. Mechanical Engineer,near_duplicate(title+company+desc_prefix),5853711462,mechanical engineer
Mechanical Engineer,5850637051,WSP USA,Senior Mechanical Engineer - Water,near_duplicate(title+company+desc_prefix),5850637041,mechanical engineer
Mechanical Engineer,5850636994,WSP USA,Senior Mechanical Engineer - Water,near_duplicate(title+company+desc_prefix),5850637041,mechanical engineer
Mechanical Engineer,5850636997,WSP USA,Engineer Mechanical - Pumping Station,near_duplicate(title+company+desc_prefix),5871532539,mechanical engineer
Mechanical Engineer,5850637006,WSP USA,Engineer Mechanical - Pumping Station,near_duplicate(title+company+desc_prefix),5871532539,mechanical engineer
Mechanical Engineer,5847844730,Applied Materials,Mechanical Engineer,near_duplicate(title+company+desc_prefix),5882272818,mechanical engineer
Mechanical Engineer,5846921663,Applied Materials,Mechanical Engineer,near_duplicate(title+company+desc_prefix),5882272818,mechanical engineer
Mechanical Engineer,5843987125,GE Vernova,Lead Engineer - Mechanical Component,near_duplicate(title+company+desc_prefix),5844302263,mechanical engineer
Mechanical Engineer,5837855089,Mercor,Mechanical Engineer - Fully Remote,near_duplicate(title+company+desc_prefix),5839871069,mechanical engineer
Mechanical Engineer,5833581865,Flowserve Corporation,Mechanical Engineer,near_duplicate(title+company+desc_prefix),5862271534,mechanical engineer
Mechanical Engineer,5823360385,Applied Materials,Mechanical Engineer,near_duplicate(title+company+desc_prefix),5823360382,mechanical engineer
Mechanical Engineer,5822432623,Applied Materials,Mechanical Engineer,near_duplicate(title+company+desc_prefix),5823360382,mechanical engineer
Mechanical Engineer,5822429577,Applied Materials,Mechanical Engineer,near_duplicate(title+company+desc_prefix),5823360382,mechanical engineer
Mechanical Engineer,5822058494,Flowserve Corporation,Mechanical Engineer,near_duplicate(title+company+desc_prefix),5843987054,mechanical engineer
Mechanical Engineer,5818423992,Arabelle Solutions,Lead Engineer - Mechanical Component,near_duplicate(title+company+desc_prefix),5881155166,mechanical engineer
Mechanical Engineer,5816839343,Worley,Mechanical Engineer/Senior Mechanical Engineer,near_duplicate(title+company+desc_prefix),5900808829,mechanical engineer
Mechanical Engineer,5814405864,Applied Materials,Manufacturing Engineer (Mechanical),near_duplicate(title+company+desc_prefix),5814995055,mechanical engineer
Mechanical Engineer,5813414531,GE Vernova,Lead Engineer - Mechanical Component,near_duplicate(title+company+desc_prefix),5814374700,mechanical engineer
Mechanical Engineer,5885975159,TYLsemi,Senior CAD Engineer,near_duplicate(title+company+desc_prefix),5886378786,cad engineer
Mechanical Engineer,5871277726,Leica Biosystems,CAD Engineer,near_duplicate(title+company+desc_prefix),5871277739,cad engineer
Mechanical Engineer,5850373125,NVIDIA,CAD Engineer,near_duplicate(title+company+desc_prefix),5850373144,cad engineer
Electrical Engineer,5897038613,Amazon,"Sr. Electrical Design Engineer, APAC Data Center Design Engineering",exact_id_duplicate,5897038613,electrical engineer
Electrical Engineer,5896366183,Amazon,"Sr. Electrical Design Engineer, APAC Data Center Design Engineering",exact_id_duplicate,5896366183,electrical engineer
Electrical Engineer,5878640817,Hitachi,Production Engineer - Electrical / Mechanical,exact_id_duplicate,5878640817,electrical engineer
Electrical Engineer,5877847521,Sgs Infratech,Mechanical & Electrical Engineer,exact_id_duplicate,5877847521,electrical engineer
Electrical Engineer,5877489011,Ubifly Technologies Pvt Ltd,Powertrain Process Engineer (Electrical/Mechanical),exact_id_duplicate,5877489011,electrical engineer
Electrical Engineer,5863643913,Sangir Plastics Pvt Ltd,Maintenance Engineer Electrical Mechanical Engg at Umbergaon near VapiValsad,exact_id_duplicate,5863643913,electrical engineer
Electrical Engineer,5902942212,ASSYSTEM,Electrical Design Engineer,exact_id_duplicate,5902942212,electrical design engineer
Electrical Engineer,5901762387,WSP in India,Principal Engineer - Electrical Design,exact_id_duplicate,5901762387,electrical design engineer
Electrical Engineer,5901134582,Schneider Electric,"Engineer II, Electrical Systems Design",exact_id_duplicate,5901134582,electrical design engineer
Electrical Engineer,5900726565,Barry-Wehmiller,"Design Engineer, Electrical",exact_id_duplicate,5900726565,electrical design engineer
Electrical Engineer,5897785780,Hudson Manpower,Electrical Design Engineer(Substation) | Mumbai,exact_id_duplicate,5897785780,electrical design engineer
Electrical Engineer,5897757897,Schneider Electric,"Engineer II, Electrical Systems Design",exact_id_duplicate,5897757897,electrical design engineer
Electrical Engineer,5897335597,ASSYSTEM,Electrical Design Engineer,exact_id_duplicate,5897335597,electrical design engineer
Electrical Engineer,5897335621,ASSYSTEM,Electrical Design Engineer,exact_id_duplicate,5897335621,electrical design engineer
Electrical Engineer,5897038613,Amazon,"Sr. Electrical Design Engineer, APAC Data Center Design Engineering",exact_id_duplicate,5897038613,electrical design engineer
Electrical Engineer,5896366183,Amazon,"Sr. Electrical Design Engineer, APAC Data Center Design Engineering",exact_id_duplicate,5896366183,electrical design engineer
Electrical Engineer,5896110867,Schneider Electric,"Senior Engineer II, Electrical Systems Design",exact_id_duplicate,5896110867,electrical design engineer
Electrical Engineer,5895469992,Atlas Copco Group,Design Engineer/Sr Design Engineer - Electrical/Instrumentation,exact_id_duplicate,5895469992,electrical design engineer
Electrical Engineer,5892944239,GE Vernova,Lead Electrical Design Engineer,exact_id_duplicate,5892944239,electrical design engineer
Electrical Engineer,5891404248,GE Vernova,Lead Electrical Design Engineer,exact_id_duplicate,5891404248,electrical design engineer
Electrical Engineer,5890783001,Hitachi,Electrical Design Engineer,exact_id_duplicate,5890783001,electrical design engineer
Electrical Engineer,5889087330,Schneider Electric,"Engineer I, Electrical Systems Design",exact_id_duplicate,5889087330,electrical design engineer
Electrical Engineer,5887004460,IPS Vantage Tech Services Private Limited,Electrical Design Engineer,exact_id_duplicate,5887004460,electrical design engineer
Electrical Engineer,5886132886,NAVINYAA SOLUTIONS PRIVATE LIMITED,Senior Electrical Design Engineer,exact_id_duplicate,5886132886,electrical design engineer
Electrical Engineer,5885451260,Jobsplan Dot Com,Electrical Design Engineer,exact_id_duplicate,5885451260,electrical design engineer
Electrical Engineer,5883283371,Xylem,"Engineer, Electrical Design.",exact_id_duplicate,5883283371,electrical design engineer
Electrical Engineer,5882766666,LT-Larsen & Toubro,Edrc Electrical Design Engineer,exact_id_duplicate,5882766666,electrical design engineer
Electrical Engineer,5881148655,Xylem,"Engineer, Electrical Design.",exact_id_duplicate,5881148655,electrical design engineer
Electrical Engineer,5880854399,Uppteam,Electrical Design Engineer,exact_id_duplicate,5880854399,electrical design engineer
Electrical Engineer,5880853891,Uppteam,Electrical Design Engineer,exact_id_duplicate,5880853891,electrical design engineer
Electrical Engineer,5878641226,Amazon,"Sr. Electrical Design Engineer, APAC Data Center Design Engineering",exact_id_duplicate,5878641226,electrical design engineer
Electrical Engineer,5877297057,Hitachi,Electrical Design Engineer,exact_id_duplicate,5877297057,electrical design engineer
Electrical Engineer,5875071126,United HR Solutions Pvt Ltd,Electrical Design Engineer,exact_id_duplicate,5875071126,electrical design engineer
Electrical Engineer,5874265205,Real Placements,Electrical Design Engineer (Solar),exact_id_duplicate,5874265205,electrical design engineer
Electrical Engineer,5873987696,Expleo Group,Design Engineer – Electrical Wiring Harness,exact_id_duplicate,5873987696,electrical design engineer
Electrical Engineer,5873193288,Talisman HR Solutions,We are hiring Assistant Senior Electrical Design Engineer for an MNC Pharmaceutical in Mumbai,exact_id_duplicate,5873193288,electrical design engineer
Electrical Engineer,5873171748,Aptiv,Hardware Electrical Design Engineer - Automotive,exact_id_duplicate,5873171748,electrical design engineer
Electrical Engineer,5873159943,Weir,Engineer - Electrical Design,exact_id_duplicate,5873159943,electrical design engineer
Electrical Engineer,5872123649,Hitachi,Electrical Design Engineer,exact_id_duplicate,5872123649,electrical design engineer
Electrical Engineer,5860539977,Isgec Heavy Engineering,Electrical Design Engineer,exact_id_duplicate,5860539977,electrical design engineer
Electrical Engineer,5854446727,Miracle HR Solution,Electrical Design Engineer - Vadodara (POR),exact_id_duplicate,5854446727,electrical design engineer
Electrical Engineer,5851146933,LT-Larsen & Toubro,Electrical Design Engineer,exact_id_duplicate,5851146933,electrical design engineer
Electrical Engineer,5851140922,LT-Larsen & Toubro,BESS Electrical Design Engineer Lead,exact_id_duplicate,5851140922,electrical design engineer
Electrical Engineer,5850370632,Utkarsh Placement Private Limited,Electrical Engineer (Design),exact_id_duplicate,5850370632,electrical design engineer
Electrical Engineer,5848352248,Vertiv Group,Sr. Electrical Design Engineer,exact_id_duplicate,5848352248,electrical design engineer
Electrical Engineer,5843888360,Smart Work Consultants,Electrical Design Engineer MEP,exact_id_duplicate,5843888360,electrical design engineer
Electrical Engineer,5843166197,Micron,Staff Engineer Electrical Design,exact_id_duplicate,5843166197,electrical design engineer
Electrical Engineer,5843155326,Ashita Business Solutions,Electrical Design Engineer – Power Transformer,exact_id_duplicate,5843155326,electrical design engineer
Electrical Engineer,5842616993,Executive Softway Guild India Private Limited,Electrical Design Engineer,exact_id_duplicate,5842616993,electrical design engineer
Electrical Engineer,5842548076,HR JOBS CONSULTANCY,Sr Electrical Design Engineer EPC Thermal Power Plant,exact_id_duplicate,5842548076,electrical design engineer
Electrical Engineer,5841129990,Rockwell Automation,PROJECT ENGINEER - Electrical Design,exact_id_duplicate,5841129990,electrical design engineer
Electrical Engineer,5840385976,Hitachi,Electrical Design Engineer,exact_id_duplicate,5840385976,electrical design engineer
Electrical Engineer,5834761128,Hitachi,Electrical Design Engineer,exact_id_duplicate,5834761128,electrical design engineer
Electrical Engineer,5834743239,Ayr Energy,"Engineer, Electrical Design",exact_id_duplicate,5834743239,electrical design engineer
Electrical Engineer,5832799420,Ebizon Net Info,Electrical Design Engineer,exact_id_duplicate,5832799420,electrical design engineer
Electrical Engineer,5831399004,Barry Wehmiller,Electrical Design Engineer (LV Control Panel),exact_id_duplicate,5831399004,electrical design engineer
Electrical Engineer,5822436799,LT-Larsen & Toubro,Electrical Design Engineer,exact_id_duplicate,5822436799,electrical design engineer
Electrical Engineer,5819863040,LT-Larsen & Toubro,Sr.Electrical Design Engineer,exact_id_duplicate,5819863040,electrical design engineer
Electrical Engineer,5819856131,Hitachi,Electrical Design Engineer,exact_id_duplicate,5819856131,electrical design engineer
Electrical Engineer,5899835038,GE Vernova,Lead Electrical Engineer,near_duplicate(title+company+desc_prefix),5900355288,electrical engineer
Electrical Engineer,5899326931,GE Vernova,Engineer - Electrical Engineering,near_duplicate(title+company+desc_prefix),5899326927,electrical engineer
Electrical Engineer,5897335597,ASSYSTEM,Electrical Design Engineer,near_duplicate(title+company+desc_prefix),5902942212,electrical engineer
Electrical Engineer,5897039495,GE Vernova,Engineer - Electrical Engineering,near_duplicate(title+company+desc_prefix),5899326927,electrical engineer
Electrical Engineer,5894382887,Happiest Resume,Sr Engineer Electrical Maintenance,near_duplicate(title+company+desc_prefix),5895780415,electrical engineer
Electrical Engineer,5891455303,Mercor,Electrical Engineer - Fully Remote,near_duplicate(title+company+desc_prefix),5902631728,electrical engineer
Electrical Engineer,5891404211,GE Vernova,Lead Engineer - Electrical Component,near_duplicate(title+company+desc_prefix),5891404215,electrical engineer
Electrical Engineer,5891404248,GE Vernova,Lead Electrical Design Engineer,near_duplicate(title+company+desc_prefix),5892944239,electrical engineer
Electrical Engineer,5891404220,GE Vernova,Lead Engineer - Electrical Component,near_duplicate(title+company+desc_prefix),5891404215,electrical engineer
Electrical Engineer,5890787525,GE Vernova,Lead Engineer - Electrical Component,near_duplicate(title+company+desc_prefix),5891404215,electrical engineer
Electrical Engineer,5889593371,Applied Materials,Electrical Engineer,near_duplicate(title+company+desc_prefix),5891403787,electrical engineer
Electrical Engineer,5888770952,Applied Materials,Electrical Engineer,near_duplicate(title+company+desc_prefix),5891403787,electrical engineer
Electrical Engineer,5887934628,Applied Materials,Electrical Engineer,near_duplicate(title+company+desc_prefix),5891403787,electrical engineer
Electrical Engineer,5882767868,KBR,Senior Electrical Engineer,near_duplicate(title+company+desc_prefix),5883281066,electrical engineer
Electrical Engineer,5880669044,Applied Materials,Electrical Engineer,near_duplicate(title+company+desc_prefix),5891403787,electrical engineer
Electrical Engineer,5879885063,Applied Materials,Electrical Engineer,near_duplicate(title+company+desc_prefix),5891403787,electrical engineer
Electrical Engineer,5879370262,WSP USA,Engineer - Electrical,near_duplicate(title+company+desc_prefix),5879370238,electrical engineer
Electrical Engineer,5879144001,Vehant Technologies,Electrical Engineer,near_duplicate(title+company+desc_prefix),5879144036,electrical engineer
Electrical Engineer,5878641226,Amazon,"Sr. Electrical Design Engineer, APAC Data Center Design Engineering",near_duplicate(title+company+desc_prefix),5897038613,electrical engineer
Electrical Engineer,5870120055,Google,"Senior Data Center Engineer, Electrical Engineering",near_duplicate(title+company+desc_prefix),5872785894,electrical engineer
Electrical Engineer,5864028072,Mercor,Electrical Engineer - Fully Remote,near_duplicate(title+company+desc_prefix),5902631728,electrical engineer
Electrical Engineer,5862286503,Applied Materials,Deputy Director - Electrical Engineer,near_duplicate(title+company+desc_prefix),5862780791,electrical engineer
Electrical Engineer,5861959753,GE Vernova,Lead Engineer - Electrical Component,near_duplicate(title+company+desc_prefix),5891404215,electrical engineer
Electrical Engineer,5861959679,GE Vernova,Lead Engineer - Electrical Component,near_duplicate(title+company+desc_prefix),5891404215,electrical engineer
Electrical Engineer,5861959694,GE Vernova,Electrical Engineer,near_duplicate(title+company+desc_prefix),5862283323,electrical engineer
Electrical Engineer,5861959701,GE Vernova,Lead Engineer - Electrical Component,near_duplicate(title+company+desc_prefix),5891404215,electrical engineer
Electrical Engineer,5861959686,GE Vernova,Lead Electrical Engineer,near_duplicate(title+company+desc_prefix),5862272272,electrical engineer
Electrical Engineer,5861856252,2coms,Electrical Engineer,near_duplicate(title+company+desc_prefix),5899280894,electrical engineer
Electrical Engineer,5861242049,GE Vernova,Lead Engineer - Electrical Component,near_duplicate(title+company+desc_prefix),5891404215,electrical engineer
Electrical Engineer,5853700247,Magna International,Electrical Engineer,near_duplicate(title+company+desc_prefix),5901480953,electrical engineer
Electrical Engineer,5853357386,Applied Materials,Manager - Electrical Engineer,near_duplicate(title+company+desc_prefix),5854444759,electrical engineer
Electrical Engineer,5852181696,Mercor,Electrical Engineer - Fully Remote,near_duplicate(title+company+desc_prefix),5902631728,electrical engineer
Electrical Engineer,5851146606,Barry-Wehmiller,Senior Engineer Electrical,near_duplicate(title+company+desc_prefix),5883745989,electrical engineer
Electrical Engineer,5850637052,WSP USA,Principal Engineer - Electrical,near_duplicate(title+company+desc_prefix),5850637064,electrical engineer
Electrical Engineer,5846920337,Applied Materials,Supplier Engineer - Electrical/Quality,near_duplicate(title+company+desc_prefix),5847844720,electrical engineer
Electrical Engineer,5842826146,Mercor,Electrical Engineer - Fully Remote,near_duplicate(title+company+desc_prefix),5902631728,electrical engineer
Electrical Engineer,5839871079,Mercor,Electrical Engineer - Fully Remote,near_duplicate(title+company+desc_prefix),5902631728,electrical engineer
Electrical Engineer,5839587043,GE Vernova,Engineer - Electrical Plant Layout & Cable Trays,near_duplicate(title+company+desc_prefix),5840386033,electrical engineer
Electrical Engineer,5835340747,Mercor,Electrical Engineer - Fully Remote,near_duplicate(title+company+desc_prefix),5902631728,electrical engineer
Electrical Engineer,5835314077,GE Vernova,Lead Engineer - Electrical Component-2,near_duplicate(title+company+desc_prefix),5835314088,electrical engineer
Electrical Engineer,5835314085,GE Vernova,Lead Engineer - Electrical Component-2,near_duplicate(title+company+desc_prefix),5835314088,electrical engineer
Electrical Engineer,5833579685,GE Vernova,Lead Engineer - Electrical Component-2,near_duplicate(title+company+desc_prefix),5835314088,electrical engineer
Electrical Engineer,5830606735,Danaher,Senior Electrical Engineer,near_duplicate(title+company+desc_prefix),5891869618,electrical engineer
Electrical Engineer,5830105753,WSP USA,Engineer - Electrical,near_duplicate(title+company+desc_prefix),5872787787,electrical engineer
Electrical Engineer,5830105739,WSP USA,Senior Engineer - Electrical,near_duplicate(title+company+desc_prefix),5830105759,electrical engineer
Electrical Engineer,5830105683,WSP USA,Engineer - Electrical,near_duplicate(title+company+desc_prefix),5872787787,electrical engineer
Electrical Engineer,5830105727,WSP USA,Senior Engineer - Electrical,near_duplicate(title+company+desc_prefix),5830105759,electrical engineer
Electrical Engineer,5830099031,Danaher Corporation,Senior Electrical Engineer,near_duplicate(title+company+desc_prefix),5897949655,electrical engineer
Electrical Engineer,5826666635,Barry-Wehmiller,Associate Senior Lead Engineer - Electrical,near_duplicate(title+company+desc_prefix),5900808817,electrical engineer
Electrical Engineer,5825759463,Barry-Wehmiller,Associate Senior Engineer - Electrical,near_duplicate(title+company+desc_prefix),5901762338,electrical engineer
Electrical Engineer,5822058578,GE Vernova,Lead Engineer - Electrical Component,near_duplicate(title+company+desc_prefix),5891404215,electrical engineer
Electrical Engineer,5822058580,GE Vernova,Lead Engineer - Electrical Component,near_duplicate(title+company+desc_prefix),5891404215,electrical engineer
Electrical Engineer,5822058573,GE Vernova,Lead Engineer - Electrical Component,near_duplicate(title+company+desc_prefix),5891404215,electrical engineer
Electrical Engineer,5821209839,GE Vernova,Lead Engineer – Electrical Component,near_duplicate(title+company+desc_prefix),5891404215,electrical engineer
Electrical Engineer,5806900720,Amazon,"Sr. Electrical Design Engineer, APAC Data Center Design Engineering",near_duplicate(title+company+desc_prefix),5896366183,electrical design engineer
Electrical Engineer,5789591361,Applied Materials,Servo Drives development - Electrical Design Engineer,near_duplicate(title+company+desc_prefix),5796097956,electrical design engineer
Electrical Engineer,5841397738,AECOM,Electrical Engineer (Annex Building),employer_cap(>16 per employer),,electrical engineer
Electrical Engineer,5827450159,AECOM,Electrical Engineer (Hydropower & Pumped Storage Projects),employer_cap(>16 per employer),,electrical engineer
Quality Engineer,5879546460,Securite Technology,Senior Quality Engineer (Cybersecurity Platform),exact_id_duplicate,5879546460,cybersecurity engineer
Quality Engineer,5898127086,Yulu,Senior Data Quality Engineer,exact_id_duplicate,5898127086,quality engineer
Quality Engineer,5879546460,Securite Technology,Senior Quality Engineer (Cybersecurity Platform),exact_id_duplicate,5879546460,quality engineer
Quality Engineer,5899328592,Safran,Quality engineer M/F,near_duplicate(title+company+desc_prefix),5900356272,quality engineer
Quality Engineer,5897803924,Delta Capita,Performance Quality Engineer (Senior Analyst),near_duplicate(title+company+desc_prefix),5897803922,quality engineer
Quality Engineer,5897066082,Accenture,Quality Engineer,near_duplicate(title+company+desc_prefix),5898496289,quality engineer
Quality Engineer,5897064856,NCR Voyix,Senior Quality Engineer,near_duplicate(title+company+desc_prefix),5897067597,quality engineer
Quality Engineer,5897037287,Accenture,Quality Engineer,near_duplicate(title+company+desc_prefix),5898496289,quality engineer
Quality Engineer,5897028115,Medtronic,Senior Quality Engineer,near_duplicate(title+company+desc_prefix),5902729759,quality engineer
Quality Engineer,5892603490,Babcock Power APAC Pvt. Ltd.,Quality Engineer - VPI,near_duplicate(title+company+desc_prefix),5893831981,quality engineer
Quality Engineer,5890788752,Accenture,Quality Engineer,near_duplicate(title+company+desc_prefix),5898496289,quality engineer
Quality Engineer,5889085464,Capgemini Engineering,Quality Engineer,near_duplicate(title+company+desc_prefix),5889085688,quality engineer
Quality Engineer,5887220611,CIBC India,Quality Engineer,near_duplicate(title+company+desc_prefix),5899323074,quality engineer
Quality Engineer,5879947583,Roche,Fullstack AI Quality Engineer – Applied & Agentic AI Systems,near_duplicate(title+company+desc_prefix),5880672506,quality engineer
Quality Engineer,5879911093,Roche,Fullstack AI Quality Engineer – Applied & Agentic AI Systems,near_duplicate(title+company+desc_prefix),5880672506,quality engineer
Quality Engineer,5873192794,Accenture,Quality Engineer,near_duplicate(title+company+desc_prefix),5898496289,quality engineer
Quality Engineer,5871530782,GE Vernova,Lead Supplier Quality Engineer,near_duplicate(title+company+desc_prefix),5872114111,quality engineer
Quality Engineer,5871525632,CIBC India,Quality Engineer,near_duplicate(title+company+desc_prefix),5899323074,quality engineer
Quality Engineer,5870760556,Accenture,Quality Engineer,near_duplicate(title+company+desc_prefix),5898496289,quality engineer
Quality Engineer,5861966196,Zimmer Biomet,Quality Engineer I,near_duplicate(title+company+desc_prefix),5891406562,quality engineer
Quality Engineer,5861795136,Houghton Mifflin Harcourt,Sr Quality Engineer,near_duplicate(title+company+desc_prefix),5861795129,quality engineer
Quality Engineer,5861795133,Houghton Mifflin Harcourt,Sr Quality Engineer,near_duplicate(title+company+desc_prefix),5861795129,quality engineer
Quality Engineer,5861795091,Houghton Mifflin Harcourt,Quality Engineer,near_duplicate(title+company+desc_prefix),5861795089,quality engineer
Quality Engineer,5861795092,Houghton Mifflin Harcourt,Quality Engineer,near_duplicate(title+company+desc_prefix),5861795089,quality engineer
Quality Engineer,5861795062,Houghton Mifflin Harcourt,Quality Engineer,near_duplicate(title+company+desc_prefix),5861795089,quality engineer
Quality Engineer,5856970762,Accenture,Quality Engineer,near_duplicate(title+company+desc_prefix),5898496289,quality engineer
UX Designer,5901137138,Neo Media Group Ltd,Senior Product UI/UX Designer | Remote,exact_id_duplicate,5901137138,product designer
UX Designer,5899860994,Broadcom,Senior UX Product Designer,exact_id_duplicate,5899860994,product designer
UX Designer,5899854661,Hewlett Packard Enterprise,UX Product Designer (Networking),exact_id_duplicate,5899854661,product designer
UX Designer,5899326265,Broadcom,Senior UX Product Designer,exact_id_duplicate,5899326265,product designer
UX Designer,5899073238,Infosys Limited,Product/ UX Designer,exact_id_duplicate,5899073238,product designer
UX Designer,5896122734,Infosys Limited,Product/ UX Designer,exact_id_duplicate,5896122734,product designer
UX Designer,5889345200,Dhan AI,PRODUCT /UI-UX Designer,exact_id_duplicate,5889345200,product designer
UX Designer,5879140965,SE2,Product UX Designer,exact_id_duplicate,5879140965,product designer
UX Designer,5872616031,KC Overseas Education,Senior Product Designer (UI/UX),exact_id_duplicate,5872616031,product designer
UX Designer,5870768956,Clearwater Analytics,Product UX Designer - Interaction Design,exact_id_duplicate,5870768956,product designer
UX Designer,5864440380,Lascade,Product Designer (UI/UX),exact_id_duplicate,5864440380,product designer
UX Designer,5856196696,Infosys Limited,Senior Product Designer(UI/UX and AI Innovation),exact_id_duplicate,5856196696,product designer
UX Designer,5849525632,Staffnixcom,"UX Designer ( Product Company, Tier-1 Design Degree",exact_id_duplicate,5849525632,product designer
UX Designer,5819879252,Cornerstone OnDemand,Product ( UX ) Designer,exact_id_duplicate,5819879252,product designer
UX Designer,5819379359,Cornerstone onDemand,Product ( UX ) Designer,exact_id_duplicate,5819379359,product designer
UX Designer,5819379360,Cornerstone onDemand,Product ( UX ) Designer,exact_id_duplicate,5819379360,product designer
UX Designer,5812830190,Bjak,Product Designer (UI/UX),exact_id_duplicate,5812830190,product designer
UX Designer,5847849670,Corning Incorporated,Product/User Experience Designer,exact_id_duplicate,5847849670,user experience designer
UX Designer,5850376886,VT Netzwelt,Sr . Graphics UI / UX Designer,exact_id_duplicate,5850376886,graphic designer
UX Designer,5897953458,RELX INC,Sr UX Designer II,near_duplicate(title+company+desc_prefix),5897953465,ux designer
UX Designer,5896122734,Infosys Limited,Product/ UX Designer,near_duplicate(title+company+desc_prefix),5899073238,ux designer
UX Designer,5877136221,Anatta Design,Senior UX Designer - India,near_duplicate(title+company+desc_prefix),5879893761,ux designer
UX Designer,5869818023,Netomi,Lead UX Designer,near_duplicate(title+company+desc_prefix),5869818053,ux designer
UX Designer,5869818036,Netomi,Lead UX Designer,near_duplicate(title+company+desc_prefix),5869818053,ux designer
UX Designer,5869818022,Netomi,Lead UX Designer,near_duplicate(title+company+desc_prefix),5869818053,ux designer
UX Designer,5869818034,Netomi,Lead UX Designer,near_duplicate(title+company+desc_prefix),5869818053,ux designer
UX Designer,5869818026,Netomi,Lead UX Designer,near_duplicate(title+company+desc_prefix),5869818053,ux designer
UX Designer,5869818028,Netomi,Lead UX Designer,near_duplicate(title+company+desc_prefix),5869818053,ux designer
UX Designer,5869818025,Netomi,Lead UX Designer,near_duplicate(title+company+desc_prefix),5869818053,ux designer
UX Designer,5855070135,Mercor,UX Designer - Fully Remote,near_duplicate(title+company+desc_prefix),5888854470,ux designer
UX Designer,5850377061,"SolutionInn, US",UI / UX Designer,near_duplicate(title+company+desc_prefix),5850377067,ux designer
UX Designer,5832797634,Eazy Erp Technologies,UI/UX Designer,near_duplicate(title+company+desc_prefix),5832797624,ux designer
UX Designer,5832797629,Eazy Erp Technologies,UI/UX Designer,near_duplicate(title+company+desc_prefix),5832797624,ux designer
UX Designer,5819379360,Cornerstone onDemand,Product ( UX ) Designer,near_duplicate(title+company+desc_prefix),5819379359,ux designer
UX Designer,5900354472,Amazon,"Product Designer, Amazon Pay India",near_duplicate(title+company+desc_prefix),5901252820,product designer
UX Designer,5898484637,Amazon,"Product Designer, Amazon Pay India",near_duplicate(title+company+desc_prefix),5899853104,product designer
UX Designer,5877450569,Fam,Senior Product Designer,near_duplicate(title+company+desc_prefix),5878710545,product designer
UX Designer,5875389889,Apna,Senior Product Designer,near_duplicate(title+company+desc_prefix),5876949370,product designer
UX Designer,5869814268,Advent Global Solutions INC,Product Designer,near_duplicate(title+company+desc_prefix),5869814271,product designer
UX Designer,5849675166,Bitwarden,Senior Product Designer,near_duplicate(title+company+desc_prefix),5856954746,product designer
UX Designer,5833598881,Tekion,Senior Product Designer,near_duplicate(title+company+desc_prefix),5844292783,product designer
UX Designer,5817363589,Regask,Product Designer,near_duplicate(title+company+desc_prefix),5818428832,product designer
UX Designer,5833581397,Accenture,User Experience Designer,near_duplicate(title+company+desc_prefix),5836841205,user experience designer
UX Designer,5802320759,Trane Technologies,User Experience Designer,near_duplicate(title+company+desc_prefix),5802320760,user experience designer
UX Designer,5801697194,Trane Technologies,User Experience Designer,near_duplicate(title+company+desc_prefix),5802320760,user experience designer
Graphic Designer,5899536030,The SMarketers,Associate UI/UX & Graphic Designer (B2B SaaS),exact_id_duplicate,5899536030,graphic designer
Graphic Designer,5896612700,Manhattan Communications India Pvt. Ltd,"Junior Creative Designer (UI/UX, Graphics & Video Editing)",exact_id_duplicate,5896612700,graphic designer
Graphic Designer,5856198072,Infosys Limited,User Experience / User Interaction Graphic Designer,exact_id_duplicate,5856198072,graphic designer
Graphic Designer,5850377090,"SolutionInn, US",Ui / Ux Graphic Designer,exact_id_duplicate,5850377090,graphic designer
Graphic Designer,5850377089,"SolutionInn, US",Ui / Ux Graphic Designer,exact_id_duplicate,5850377089,graphic designer
Graphic Designer,5848023781,Cyzerg,UX/UI Graphic Designer - Chandigarh,exact_id_duplicate,5848023781,graphic designer
Graphic Designer,5841716174,Staffnixcom,"Senior Graphic Designer (B2C/D2C/Consumer product,",exact_id_duplicate,5841716174,graphic designer
Graphic Designer,5898127351,The Little Biggest Design Company,Graphic Designer - Report Layouts and Visual Direction,exact_id_duplicate,5898127351,visual designer
Graphic Designer,5886606149,Raynetics,UI/UX & Visual Designer Engineer,exact_id_duplicate,5886606149,visual designer
Graphic Designer,5884158894,Think Design Collaborative,Product Visual Designer,exact_id_duplicate,5884158894,visual designer
Graphic Designer,5879148018,Sukino Healthcare,Visual / Graphic Designer,exact_id_duplicate,5879148018,visual designer
Graphic Designer,5878284718,Recrew AI,Senior Graphic & Visual Designer,exact_id_duplicate,5878284718,visual designer
Graphic Designer,5854706572,Re'equil india private limited,Visual Designer (Graphic Design  Photo Retoucher),exact_id_duplicate,5854706572,visual designer
Graphic Designer,5845822262,Triangular Dots,Graphic Designer / 3D Visualizer / Video Editor,exact_id_duplicate,5845822262,visual designer
Graphic Designer,5901928147,blueberrysoft,Creative Graphic Designer,exact_id_duplicate,5901928147,creative designer
Graphic Designer,5899029007,EcomX,GRAPHIC DESIGNER D2C Ad Creatives Specialist,exact_id_duplicate,5899029007,creative designer
Graphic Designer,5898552047,MTAB Technology Center P Ltd,Creative Graphic Designer Intern,exact_id_duplicate,5898552047,creative designer
Graphic Designer,5898127094,Fast&Up India,Performance Creative Designer (UI / UX),exact_id_duplicate,5898127094,creative designer
Graphic Designer,5897296284,Homeda ,Creative Designer (Graphics & Video),exact_id_duplicate,5897296284,creative designer
Graphic Designer,5896612700,Manhattan Communications India Pvt. Ltd,"Junior Creative Designer (UI/UX, Graphics & Video Editing)",exact_id_duplicate,5896612700,creative designer
Graphic Designer,5895399583,Value Creed,Creative Graphic Designer,exact_id_duplicate,5895399583,creative designer
Graphic Designer,5893571755,Idexmedia,Graphic Designer - Creative,exact_id_duplicate,5893571755,creative designer
Graphic Designer,5890611927,Commix,Art Director/ Graphic Designer- Creative Advertising Agency- Andheri East Mumbai,exact_id_duplicate,5890611927,creative designer
Graphic Designer,5886092619,HCLTech,Creative Graphic Designer,exact_id_duplicate,5886092619,creative designer
Graphic Designer,5878665708,Quantcast,Creative Designer (Motion Graphics),exact_id_duplicate,5878665708,creative designer
Graphic Designer,5872937091,Backdropsource India,Creative Graphic Designer,exact_id_duplicate,5872937091,creative designer
Graphic Designer,5844303707,Amazon Advertising,"Visual Designer, Display Creative Services",exact_id_duplicate,5844303707,creative designer
Graphic Designer,5840225256,Infrasity,Creative Designer (Graphic Design and Video Editing),exact_id_duplicate,5840225256,creative designer
Graphic Designer,5818000281,Hirestar job Bank,Creative Designer – UI/UX & Multimedia,exact_id_duplicate,5818000281,creative designer
Graphic Designer,5788790877,Amazon,"Visual Designer, Display Creative Services",exact_id_duplicate,5788790877,creative designer
Graphic Designer,5786646929,ADCI - Karnataka,"Visual Designer, Display Creative Services",exact_id_duplicate,5786646929,creative designer
Graphic Designer,5850377089,"SolutionInn, US",Ui / Ux Graphic Designer,near_duplicate(title+company+desc_prefix),5850377090,ux designer
Graphic Designer,5901556956,Weekday AI,Graphic Designer for a fashion Brand,near_duplicate(title+company+desc_prefix),5902729497,graphic designer
Graphic Designer,5895780413,Happiest Resume,Graphic Designer,near_duplicate(title+company+desc_prefix),5897480395,graphic designer
Graphic Designer,5893831968,Mindrift,Freelance Graphic Designer,near_duplicate(title+company+desc_prefix),5901635871,graphic designer
Graphic Designer,5893831854,Mindrift,Freelance Graphic Designer,near_duplicate(title+company+desc_prefix),5901635871,graphic designer
Graphic Designer,5893831815,Mindrift,Freelance Graphic Designer,near_duplicate(title+company+desc_prefix),5901635871,graphic designer
Graphic Designer,5893831925,Mindrift,Freelance Graphic Designer,near_duplicate(title+company+desc_prefix),5901635871,graphic designer
Graphic Designer,5893831922,Mindrift,Freelance Graphic Designer,near_duplicate(title+company+desc_prefix),5901635871,graphic designer
Graphic Designer,5879663150,Pratibha Syntex Ltd.,Graphic Designer,near_duplicate(title+company+desc_prefix),5879665911,graphic designer
Graphic Designer,5878284561,LRN Corporation,Graphic Designer (Elearning)- Senior Associate,near_duplicate(title+company+desc_prefix),5878284555,graphic designer
Graphic Designer,5877943241,FyerX,Freelance Graphic Designer,near_duplicate(title+company+desc_prefix),5893571407,graphic designer
Graphic Designer,5876480883,Yudiz Solutions,Graphic Designer,near_duplicate(title+company+desc_prefix),5876480962,graphic designer
Graphic Designer,5876480879,Yudiz Solutions,Graphic Designer,near_duplicate(title+company+desc_prefix),5876480962,graphic designer
Graphic Designer,5876480880,Yudiz Solutions,Graphic Designer,near_duplicate(title+company+desc_prefix),5876480962,graphic designer
Graphic Designer,5868789229,Thrillophilia.com,Graphic Designer,near_duplicate(title+company+desc_prefix),5868789334,graphic designer
Graphic Designer,5852149241,WSP USA,B&P Writer and Graphic Designer,near_duplicate(title+company+desc_prefix),5872787791,graphic designer
Graphic Designer,5850615003,CDM Smith,Entry Graphic Designer,near_duplicate(title+company+desc_prefix),5850615008,graphic designer
Graphic Designer,5850615005,CDM Smith,Intermediate Graphic Designer,near_duplicate(title+company+desc_prefix),5850615002,graphic designer
Graphic Designer,5850377072,"SolutionInn, US",Graphic Designer,near_duplicate(title+company+desc_prefix),5850377358,graphic designer
Graphic Designer,5840659649,Childcare Marketing Group,Senior Graphic Designer,near_duplicate(title+company+desc_prefix),5843155429,graphic designer
Graphic Designer,5835662697,LRN Corporation,Graphic Designer (Elearning)- Senior Associate,near_duplicate(title+company+desc_prefix),5878284555,graphic designer
Architect (contamination audit),5878059415,Mastercard,"Lead Cloud Infrastructure Architect / Engineer (Azure, DevOps, Kubernetes, Terraform)",exact_id_duplicate,5878059415,cloud engineer
Architect (contamination audit),5897952930,"NTT America, Inc.",Cloud Infrastructure Architect - CI/CD & Platform Engineering,exact_id_duplicate,5897952930,platform engineer
Architect (contamination audit),5818423949,LT-Larsen & Toubro,Mechanical Engineering Architect - Mechanical Design,exact_id_duplicate,5818423949,mechanical design engineer
Architect (contamination audit),5901627703,Saburi Ply,Project Sales Manager – Architects & Projects,exact_id_duplicate,5901627703,architect
Architect (contamination audit),5901560027,TAO Digital Solutions,Principal Data Engineering Architect,exact_id_duplicate,5901560027,architect
Architect (contamination audit),5900357033,UnitedHealth Group,UX Design Architect - MERN Stack,exact_id_duplicate,5900357033,architect
Architect (contamination audit),5899850586,phData,Solutions Architect - Data Engineering,exact_id_duplicate,5899850586,architect
Architect (contamination audit),5899028939,Neev Pvt Ltd,Network Platform Architect & Product Engineer,exact_id_duplicate,5899028939,architect
Architect (contamination audit),5897952930,"NTT America, Inc.",Cloud Infrastructure Architect - CI/CD & Platform Engineering,exact_id_duplicate,5897952930,architect
Architect (contamination audit),5897064052,Genpact,Data Architect - Data Engineering 4D,exact_id_duplicate,5897064052,architect
Architect (contamination audit),5897063648,Genpact,Data Architect - Data Engineering 4D,exact_id_duplicate,5897063648,architect
Architect (contamination audit),5897061984,PricewaterhouseCoopers,Architect/Delivery Lead- Senior Manager,exact_id_duplicate,5897061984,architect
Architect (contamination audit),5897049887,Genpact,Data Architect - Data Engineering 4D,exact_id_duplicate,5897049887,architect
Architect (contamination audit),5829183108,Genpact,Architect - Application Development N 4D,near_duplicate(title+company+desc_prefix),5836836302,application developer
Architect (contamination audit),5825771306,Genpact,Architect - Application Development S 4D,near_duplicate(title+company+desc_prefix),5855482173,application developer
Architect (contamination audit),5897063648,Genpact,Data Architect - Data Engineering 4D,near_duplicate(title+company+desc_prefix),5897064052,data engineer
Architect (contamination audit),5897049887,Genpact,Data Architect - Data Engineering 4D,near_duplicate(title+company+desc_prefix),5897064052,data engineer
Architect (contamination audit),5895349438,Genpact,Data Architect - Data Engineering 4D,near_duplicate(title+company+desc_prefix),5897064052,data engineer
Architect (contamination audit),5902539043,YouTrip,Principal Architect - Payments & Ledger,near_duplicate(title+company+desc_prefix),5902729301,architect
Architect (contamination audit),5900750552,Accenture,Technology Architect,near_duplicate(title+company+desc_prefix),5902919278,architect
Architect (contamination audit),5900731719,Accenture,Technology Architect,near_duplicate(title+company+desc_prefix),5902919278,architect
Architect (contamination audit),5900356789,Stryker,"Principal Architect, Data Architecture & Design",near_duplicate(title+company+desc_prefix),5900356781,architect
Architect (contamination audit),5900355707,IBM,Application Architect-Microsoft Business Applications,near_duplicate(title+company+desc_prefix),5900355719,architect
Architect (contamination audit),5900355700,IBM,Application Architect-Microsoft Business Applications,near_duplicate(title+company+desc_prefix),5900355719,architect
Architect (contamination audit),5899850588,Accenture,Technology Architect,near_duplicate(title+company+desc_prefix),5902919278,architect
Architect (contamination audit),5899845819,Accenture,Security Architect,near_duplicate(title+company+desc_prefix),5899863701,architect
Architect (contamination audit),5899844384,Accenture,Security Architect,near_duplicate(title+company+desc_prefix),5899863701,architect
Architect (contamination audit),5899844188,Accenture,Business Architect,near_duplicate(title+company+desc_prefix),5901696283,architect
Architect (contamination audit),5899840389,Accenture,Technology Architect,near_duplicate(title+company+desc_prefix),5902919278,architect
Architect (contamination audit),5899839082,Accenture,Security Architect,near_duplicate(title+company+desc_prefix),5899863701,architect
Architect (contamination audit),5899549855,Avantor,Principal Solutions Architect – Data and Advanced Analytics,near_duplicate(title+company+desc_prefix),5899842509,architect
Architect (contamination audit),5899326293,"Caterpillar, Inc.",Principal Digital Architect,near_duplicate(title+company+desc_prefix),5899326292,architect
Architect (contamination audit),5898484655,GE Vernova,Sr Staff AI Architect – Strategic Programs,near_duplicate(title+company+desc_prefix),5900355269,architect
Architect (contamination audit),5898474501,Genpact,Sr. Architect - Enterprise Application SAP S 3,near_duplicate(title+company+desc_prefix),5899835528,architect
Architect (contamination audit),5898471898,Accenture,Security Architect,near_duplicate(title+company+desc_prefix),5899863701,architect
Architect (contamination audit),5898470732,Accenture,Business Architect,near_duplicate(title+company+desc_prefix),5901696283,architect
Architect (contamination audit),5898400944,Simeio,UI Architect,near_duplicate(title+company+desc_prefix),5900709959,architect
Architect (contamination audit),5898069206,Weekday AI,AI Architect,near_duplicate(title+company+desc_prefix),5899550162,architect
Architect (contamination audit),5897952898,"NTT America, Inc.",AI Architect Senior Advisor,near_duplicate(title+company+desc_prefix),5897952947,architect
Architect (contamination audit),5897946083,SAP,AI Platform Architect,near_duplicate(title+company+desc_prefix),5900356296,architect
Architect (contamination audit),5897789228,Greenway Health,AI Architect,near_duplicate(title+company+desc_prefix),5898490687,architect
Architect (contamination audit),5897785725,TechBiz Global GmbH,OCP Networking Architect,near_duplicate(title+company+desc_prefix),5897785729,architect
Architect (contamination audit),5897785732,TechBiz Global GmbH,OCP Networking Architect,near_duplicate(title+company+desc_prefix),5897785729,architect
Architect (contamination audit),5897785728,TechBiz Global GmbH,OCP Networking Architect,near_duplicate(title+company+desc_prefix),5897785729,architect
Architect (contamination audit),5897680975,EY,EY - GDS Consulting - AI and DATA - Azure Data Architect - Manager,near_duplicate(title+company+desc_prefix),5898178933,architect
Architect (contamination audit),5897068192,Microsoft,Architect - AI Business Solutions,near_duplicate(title+company+desc_prefix),5898472296,architect
Architect (contamination audit),5897065221,Genpact,Architect - Enterprise Application - SAP N 4D,near_duplicate(title+company+desc_prefix),5899843744,architect
Architect (contamination audit),5897063353,Accenture,AI Infrastructure Architect,near_duplicate(title+company+desc_prefix),5901704656,architect
Architect (contamination audit),5897063136,Accenture,Technology Architect,near_duplicate(title+company+desc_prefix),5902919278,architect
Architect (contamination audit),5897052318,Accenture,AI Infrastructure Architect,near_duplicate(title+company+desc_prefix),5901704656,architect
Architect (contamination audit),5897041984,Accenture,Enterprise Technology Architect,near_duplicate(title+company+desc_prefix),5900734835,architect
Architect (contamination audit),5897037342,Accenture,Security Architect,near_duplicate(title+company+desc_prefix),5899863701,architect
Architect (contamination audit),5897030145,Accenture,Large Language Model Architect,near_duplicate(title+company+desc_prefix),5901700548,architect
Architect (contamination audit),5897025779,Accenture,Data Architect,near_duplicate(title+company+desc_prefix),5899863573,architect
Architect (contamination audit),5897023718,Accenture,Data Platform Architect,near_duplicate(title+company+desc_prefix),5901696681,architect
Architect (contamination audit),5896786070,Weekday AI,Technical Architect,near_duplicate(title+company+desc_prefix),5898178627,architect
Architect (contamination audit),5896367169,IBM,Application Architect-Microsoft Business Applications,near_duplicate(title+company+desc_prefix),5900355719,architect
Architect (contamination audit),5896366954,Google,"Solutions Acceleration Architect, Google Cloud",near_duplicate(title+company+desc_prefix),5896366952,architect
Architect (contamination audit),5896366964,Google,"Solutions Acceleration Architect, Google Cloud",near_duplicate(title+company+desc_prefix),5896366952,architect
Architect (contamination audit),5896366652,Cisco,"Customer Delivery Architect | 10 years exp, SP routing platforms, architectural and validation expertise",near_duplicate(title+company+desc_prefix),5896366642,architect
Architect (contamination audit),5896122741,Infosys Limited,Solution Architect / Platform Solution Architect,near_duplicate(title+company+desc_prefix),5899073212,architect
GROUP:security,5902721900,Bitdeer,Senior Security Engineer - Privacy & Data Security,exact_id_duplicate,5902721900,security engineer
GROUP:security,5901693413,CGI,Senior Cloud Security Engineer,exact_id_duplicate,5901693413,security engineer
GROUP:security,5900808819,CGI,Senior Cloud Security Engineer,exact_id_duplicate,5900808819,security engineer
GROUP:security,5900740276,Harness,Security Engineer – Cloud & Infrastructure Security,exact_id_duplicate,5900740276,security engineer
GROUP:security,5899836683,Verizon,Infrastructure & Cloud Security Engineer,exact_id_duplicate,5899836683,security engineer
GROUP:security,5898475543,Apex Group,Senior Security Engineer – Platform,exact_id_duplicate,5898475543,security engineer
GROUP:security,5897047465,Workstreet,Cloud Security Engineer (Oracle Cloud Infrastructure - OCI),exact_id_duplicate,5897047465,security engineer
GROUP:security,5896630991,Alignity Solutions,"Cloud Security, CNAPP - Security Engineer",exact_id_duplicate,5896630991,security engineer
GROUP:security,5896367712,Palo Alto Networks,Senior Staff Cloud Security Engineer,exact_id_duplicate,5896367712,security engineer
GROUP:security,5895371846,Palo Alto Networks,Senior Staff Cloud Security Engineer,exact_id_duplicate,5895371846,security engineer
GROUP:security,5895239757,Edvak EHR,"Lead Security Engineer | AWS, Cloud & Application Security",exact_id_duplicate,5895239757,security engineer
GROUP:security,5889562469,Bazaarvoice,Senior Offensive Security Engineer(Cloud Operations),exact_id_duplicate,5889562469,security engineer
GROUP:security,5887515303,Phantom,Staff Platform Security Engineer (Security),exact_id_duplicate,5887515303,security engineer
GROUP:security,5887228739,Pegasystems,Cloud Security Engineer,exact_id_duplicate,5887228739,security engineer
GROUP:security,5884512371,Pegasystems,Senior Cloud Security Engineer,exact_id_duplicate,5884512371,security engineer
GROUP:security,5879660804,Portway Solutions India Private Limited,Cloud Security Engineer,exact_id_duplicate,5879660804,security engineer
GROUP:security,5876949136,Delta Exchange,Senior Cloud Security Engineer,exact_id_duplicate,5876949136,security engineer
GROUP:security,5870782804,Skylo Technologies,Senior Cloud Security Engineer,exact_id_duplicate,5870782804,security engineer
GROUP:security,5868707177,Appiness Interactive Pvt. Ltd.,Senior Cloud Security Engineer â AWS,exact_id_duplicate,5868707177,security engineer
GROUP:security,5859771465,Blackbaud,Senior Cloud Security Engineer,exact_id_duplicate,5859771465,security engineer
GROUP:security,5877842275,Technogen India Private Limited,Analyst Information Security / Security Engineer,exact_id_duplicate,5877842275,information security analyst
GROUP:security,5901472803,Jane Street,Cybersecurity Engineer: Security Operations Center (SOC),exact_id_duplicate,5901472803,cybersecurity engineer
GROUP:security,5887515360,Jane Street,Cybersecurity Engineer - Security Operations Center (SOC),exact_id_duplicate,5887515360,cybersecurity engineer
GROUP:security,5902917997,Nike,"Lead Information Security Engineer, ITC",exact_id_duplicate,5902917997,information security engineer
GROUP:security,5902912989,Nike,"Lead Information Security Engineer, ITC",exact_id_duplicate,5902912989,information security engineer
GROUP:security,5902909643,Nike,"Senior Information Security Engineer, ITC",exact_id_duplicate,5902909643,information security engineer
GROUP:security,5900876708,Optum,Senior Information Security Engineer Consultant,exact_id_duplicate,5900876708,information security engineer
GROUP:security,5900875378,Infosys,Senior Information Security Engineer,exact_id_duplicate,5900875378,information security engineer
GROUP:security,5900714936,Wells Fargo Bank,Lead Information Security Engineer-AppSec Champion,exact_id_duplicate,5900714936,information security engineer
GROUP:security,5900356466,Wells Fargo,Lead Information Security Engineer-AppSec Champion,exact_id_duplicate,5900356466,information security engineer
GROUP:security,5898488941,Nike,"Principal Information Security Engineer, ITC",exact_id_duplicate,5898488941,information security engineer
GROUP:security,5897952312,Nike,"Principal Information Security Engineer, ITC",exact_id_duplicate,5897952312,information security engineer
GROUP:security,5894836202,Wells Fargo,Lead Information Security Engineer- PAM,exact_id_duplicate,5894836202,information security engineer
GROUP:security,5890803238,NCR Voyix,Information Security Engineer (II),exact_id_duplicate,5890803238,information security engineer
GROUP:security,5890791860,First Citizens India,Lead Information Security Engineer - IAM (Java Full Stack Developer),exact_id_duplicate,5890791860,information security engineer
GROUP:security,5886382275,JLL,"Senior Information Security Engineer, Identity Security Engineering",exact_id_duplicate,5886382275,information security engineer
GROUP:security,5882781105,MoonPay,"Information Security Engineer, DLP & Insider Risk",exact_id_duplicate,5882781105,information security engineer
GROUP:security,5882770935,Wells Fargo Bank,Senior Information Security Engineer,exact_id_duplicate,5882770935,information security engineer
GROUP:security,5882276976,Synchrony,"AVP, Endpoint Information Security Engineer",exact_id_duplicate,5882276976,information security engineer
GROUP:security,5882275715,Nike,"Lead Information Security Engineer, ITC",exact_id_duplicate,5882275715,information security engineer
GROUP:security,5882275709,Nike,"Principal Information Security Engineer, ITC",exact_id_duplicate,5882275709,information security engineer
GROUP:security,5882275615,Mastercard,Information Security Engineer II,exact_id_duplicate,5882275615,information security engineer
GROUP:security,5881161584,Nike,"Lead Information Security Engineer, ITC",exact_id_duplicate,5881161584,information security engineer
GROUP:security,5881146971,Nike,"Principal Information Security Engineer, ITC",exact_id_duplicate,5881146971,information security engineer
GROUP:security,5881124519,Revantage,Information Security Engineer,exact_id_duplicate,5881124519,information security engineer
GROUP:security,5880842857,MoonPay,"Information Security Engineer, DLP & Insider Risk",exact_id_duplicate,5880842857,information security engineer
GROUP:security,5878060335,Procter & Gamble,Information Security Engineer,exact_id_duplicate,5878060335,information security engineer
GROUP:security,5877842275,Technogen India Private Limited,Analyst Information Security / Security Engineer,exact_id_duplicate,5877842275,information security engineer
GROUP:security,5877284412,IMC,Information Security Engineer,exact_id_duplicate,5877284412,information security engineer
GROUP:security,5876946623,Tangem,Senior Information Security Engineer,exact_id_duplicate,5876946623,information security engineer
GROUP:security,5875717029,P&G,Information Security Engineer,exact_id_duplicate,5875717029,information security engineer
GROUP:security,5872787553,UnitedHealth Group,Senior Information Security Engineer Consultant,exact_id_duplicate,5872787553,information security engineer
GROUP:security,5872133129,Fortive,Associate Information Security Engineer,exact_id_duplicate,5872133129,information security engineer
GROUP:security,5871530710,Fortive Corporation,Associate Information Security Engineer,exact_id_duplicate,5871530710,information security engineer
GROUP:security,5869559153,IRIS Centre of Excellence - India,Senior information security Engineer - Vulnerability Management,exact_id_duplicate,5869559153,information security engineer
GROUP:security,5866610708,Wells Fargo,Senior Information Security Engineer,exact_id_duplicate,5866610708,information security engineer
GROUP:security,5866610678,Wells Fargo,Senior Information Security Engineer,exact_id_duplicate,5866610678,information security engineer
GROUP:security,5866609085,Mastercard,Information Security Engineer II,exact_id_duplicate,5866609085,information security engineer
GROUP:security,5862787108,Wells Fargo,Senior Information Security Engineer,exact_id_duplicate,5862787108,information security engineer
GROUP:security,5861235308,Atlas Systems,P1-GP-Information Security Engineer (Generalist – AI & Automation Focus),exact_id_duplicate,5861235308,information security engineer
GROUP:security,5860543778,Microstrategy,Information Security Engineer,exact_id_duplicate,5860543778,information security engineer
GROUP:security,5900808819,CGI,Senior Cloud Security Engineer,near_duplicate(title+company+desc_prefix),5901693413,cloud engineer
GROUP:security,5895371846,Palo Alto Networks,Senior Staff Cloud Security Engineer,near_duplicate(title+company+desc_prefix),5896367712,cloud engineer
GROUP:security,5902912989,Nike,"Lead Information Security Engineer, ITC",near_duplicate(title+company+desc_prefix),5902917997,security engineer
GROUP:security,5900529881,Vultr,"Security Engineer, GIOC",near_duplicate(title+company+desc_prefix),5900738722,security engineer
GROUP:security,5900357030,UnitedHealth Group,Senior Manager Info Security Engineer - Cryptography & Certification Management,near_duplicate(title+company+desc_prefix),5900357037,security engineer
GROUP:security,5898501787,Rubrik,Security Engineer - Identity and Access,near_duplicate(title+company+desc_prefix),5899328575,security engineer
GROUP:security,5897952312,Nike,"Principal Information Security Engineer, ITC",near_duplicate(title+company+desc_prefix),5898488941,security engineer
GROUP:security,5897049450,Unisys,SOC Detection and Response - Engineer Cyber Security Engineer,near_duplicate(title+company+desc_prefix),5897062123,security engineer
GROUP:security,5897039269,Unisys,SOC Detection and Response - Engineer Cyber Security Engineer,near_duplicate(title+company+desc_prefix),5897062123,security engineer
GROUP:security,5893733499,DeepSource Technologies,"Senior Network Security Engineer - Jeddah, KSA",near_duplicate(title+company+desc_prefix),5895065964,security engineer
GROUP:security,5891893266,Vultr,"Senior Security Engineer,GIOC",near_duplicate(title+company+desc_prefix),5892690201,security engineer
GROUP:security,5891404242,GE Vernova,Cyber Security Engineer,near_duplicate(title+company+desc_prefix),5891404240,security engineer
GROUP:security,5891404238,GE Vernova,Cyber Security Engineer,near_duplicate(title+company+desc_prefix),5891404240,security engineer
GROUP:security,5890805487,GE Vernova,Cyber Security Engineer,near_duplicate(title+company+desc_prefix),5891404240,security engineer
GROUP:security,5889560759,GE HealthCare,Sr. Cyber Security Engineer,near_duplicate(title+company+desc_prefix),5890240752,security engineer
GROUP:security,5889219959,LTM,Network Security Engineer,near_duplicate(title+company+desc_prefix),5890074008,security engineer
GROUP:security,5881161584,Nike,"Lead Information Security Engineer, ITC",near_duplicate(title+company+desc_prefix),5882275715,security engineer
GROUP:security,5881146971,Nike,"Principal Information Security Engineer, ITC",near_duplicate(title+company+desc_prefix),5882275709,security engineer
GROUP:security,5880842857,MoonPay,"Information Security Engineer, DLP & Insider Risk",near_duplicate(title+company+desc_prefix),5882781105,security engineer
GROUP:security,5879142440,Toast,Senior Product Security Engineer,near_duplicate(title+company+desc_prefix),5879142456,security engineer
GROUP:security,5873184745,Gruve,Senior Infrastructure Security Engineer-L3 (Palo Alto & NGFW),near_duplicate(title+company+desc_prefix),5898178921,security engineer
GROUP:security,5870120012,GE Vernova,Lead OT Cyber Security Engineer,near_duplicate(title+company+desc_prefix),5889504323,security engineer
GROUP:security,5868418721,The Hartford,Security Engineer I - Palo Alto Technologies,near_duplicate(title+company+desc_prefix),5889517097,security engineer
GROUP:security,5868418722,The Hartford,Senior Security Engineer - Palo Alto Technologies,near_duplicate(title+company+desc_prefix),5869159662,security engineer
GROUP:security,5868418717,The Hartford,Security Engineer - Directory Services,near_duplicate(title+company+desc_prefix),5869219147,security engineer
GROUP:security,5866609085,Mastercard,Information Security Engineer II,near_duplicate(title+company+desc_prefix),5882275615,security engineer
GROUP:security,5864353195,Weekday AI,DevSecOps & Product Security Engineer,near_duplicate(title+company+desc_prefix),5893913383,security engineer
GROUP:security,5862787108,Wells Fargo,Senior Information Security Engineer,near_duplicate(title+company+desc_prefix),5866610678,security engineer
GROUP:security,5861793827,Happiest Minds Technologies,Application Security Engineer,near_duplicate(title+company+desc_prefix),5861793841,security engineer
GROUP:security,5861793826,Happiest Minds Technologies,Security Engineer,near_duplicate(title+company+desc_prefix),5861793822,security engineer
GROUP:security,5860801438,GE Vernova,Sr Cyber Security Engineer,near_duplicate(title+company+desc_prefix),5861227542,security engineer
GROUP:security,5860543840,Microstrategy,Application Security Engineer,near_duplicate(title+company+desc_prefix),5860543797,security engineer
GROUP:security,5889542682,Nike,"Lead Information Security Analyst, ITC",near_duplicate(title+company+desc_prefix),5890241298,information security analyst
GROUP:security,5804445145,Applied Materials,Lead Information Security Analyst (Individual Contributor),near_duplicate(title+company+desc_prefix),5805303792,information security analyst
GROUP:security,5895347127,Ensemble Health Partners India,Sr. Cybersecurity Engineer,near_duplicate(title+company+desc_prefix),5895360145,cybersecurity engineer
GROUP:security,5868422848,Trane Technologies,Cybersecurity Engineer - OT,near_duplicate(title+company+desc_prefix),5869184042,cybersecurity engineer
GROUP:security,5823363673,Cornerstone onDemand,Senior Cybersecurity Engineer - India,near_duplicate(title+company+desc_prefix),5823363675,cybersecurity engineer
GROUP:security,5835718304,Wells Fargo Bank,Senior Information Security Engineer,near_duplicate(title+company+desc_prefix),5882770935,information security engineer
GROUP:security,5832798300,Gowra Bits & Bytes,Sr. Information Security Engineer,near_duplicate(title+company+desc_prefix),5832798310,information security engineer
GROUP:security,5832798287,Gowra Bits & Bytes,Sr. Information Security Engineer,near_duplicate(title+company+desc_prefix),5832798310,information security engineer
GROUP:security,5856978876,Roche,Senior Cybersecurity Analyst - Policy Based Access,near_duplicate(title+company+desc_prefix),5859436070,cybersecurity analyst
GROUP:security,5796581910,Applied Materials,Cybersecurity Analyst - Attack Surface Management & Attack Path Analysis,near_duplicate(title+company+desc_prefix),5798270960,cybersecurity analyst
