job_id,title,employer_normalized,seniority_level,years_experience_required,salary_midpoint,source
SURVEY_628154,Junior Software Engineer,Confidential Survey Participant,Junior/Entry,0,74431.9298641647,Organizational Salary Survey
SURVEY_441935,Mid-Level Software Engineer,Confidential Survey Participant,Mid-Level,6,85785.3392200052,Organizational Salary Survey
SURVEY_125628,Executive Data Scientist,Confidential Survey Participant,Executive/Principal,18,234291.86573632847,Organizational Salary Survey
SURVEY_349838,Junior Software Engineer,Confidential Survey Participant,Junior/Entry,1,60492.23687444402,Organizational Salary Survey
SURVEY_380851,Mid-Level Software Engineer,Confidential Survey Participant,Mid-Level,6,88387.69257749828,Organizational Salary Survey
SURVEY_851319,Junior Data Engineer,Confidential Survey Participant,Junior/Entry,1,78156.56454591137,Organizational Salary Survey
SURVEY_242931,Executive DevOps Engineer,Confidential Survey Participant,Executive/Principal,11,354128.98172853957,Organizational Salary Survey
SURVEY_437502,Mid-Level Data Engineer,Confidential Survey Participant,Mid-Level,3,108896.0035692591,Organizational Salary Survey
SURVEY_631808,Mid-Level Data Engineer,Confidential Survey Participant,Mid-Level,6,111458.71296890982,Organizational Salary Survey
SURVEY_954893,Junior Software Engineer,Confidential Survey Participant,Junior/Entry,2,68103.42456969222,Organizational Salary Survey
SURVEY_702513,Junior Software Engineer,Confidential Survey Participant,Junior/Entry,2,76485.61014992223,Organizational Salary Survey
SURVEY_305293,Senior Project Manager,Confidential Survey Participant,Senior,7,152719.3899136874,Organizational Salary Survey
SURVEY_333095,Senior Software Engineer,Confidential Survey Participant,Senior,6,135358.65767560288,Organizational Salary Survey
SURVEY_696381,Mid-Level Project Manager,Confidential Survey Participant,Mid-Level,3,97236.12950509394,Organizational Salary Survey
SURVEY_706326,Junior Data Scientist,Confidential Survey Participant,Junior/Entry,2,98066.32491465111,Organizational Salary Survey
SURVEY_136679,Senior Data Engineer,Confidential Survey Participant,Senior,7,194733.27679948736,Organizational Salary Survey
SURVEY_286964,Senior Software Engineer,Confidential Survey Participant,Senior,10,125022.96797859654,Organizational Salary Survey
SURVEY_466089,Senior Software Engineer,Confidential Survey Participant,Senior,8,151930.2010238311,Organizational Salary Survey
SURVEY_518172,Executive Software Engineer,Confidential Survey Participant,Executive/Principal,14,232007.054348683,Organizational Salary Survey
SURVEY_765195,Senior Software Engineer,Confidential Survey Participant,Senior,9,144851.28044003394,Organizational Salary Survey
SURVEY_296611,Senior Data Analyst,Confidential Survey Participant,Senior,10,152089.04943447965,Organizational Salary Survey
SURVEY_949245,Executive Software Engineer,Confidential Survey Participant,Executive/Principal,18,258759.12119103243,Organizational Salary Survey
SURVEY_416315,Senior Software Engineer,Confidential Survey Participant,Senior,8,151301.92512164422,Organizational Salary Survey
SURVEY_428006,Mid-Level Data Analyst,Confidential Survey Participant,Mid-Level,6,96504.41213980397,Organizational Salary Survey
SURVEY_475717,Junior Product Manager,Confidential Survey Participant,Junior/Entry,0,99896.47147237776,Organizational Salary Survey
SURVEY_311780,Junior Product Manager,Confidential Survey Participant,Junior/Entry,0,102473.48133992226,Organizational Salary Survey
SURVEY_785932,Mid-Level Data Engineer,Confidential Survey Participant,Mid-Level,6,134764.15761855646,Organizational Salary Survey
SURVEY_531608,Junior Data Scientist,Confidential Survey Participant,Junior/Entry,2,94416.11029302649,Organizational Salary Survey
SURVEY_612793,Mid-Level DevOps Engineer,Confidential Survey Participant,Mid-Level,5,122402.40330842831,Organizational Salary Survey
SURVEY_172697,Mid-Level Data Scientist,Confidential Survey Participant,Mid-Level,4,134533.10741465024,Organizational Salary Survey
SURVEY_946246,Executive Project Manager,Confidential Survey Participant,Executive/Principal,10,181332.50849621356,Organizational Salary Survey
SURVEY_670658,Senior Data Engineer,Confidential Survey Participant,Senior,10,192334.35088596682,Organizational Salary Survey
SURVEY_718372,Mid-Level Software Engineer,Confidential Survey Participant,Mid-Level,3,104271.04043615813,Organizational Salary Survey
SURVEY_281207,Executive Data Scientist,Confidential Survey Participant,Executive/Principal,15,351111.37280752586,Organizational Salary Survey
SURVEY_806247,Mid-Level Data Analyst,Confidential Survey Participant,Mid-Level,6,105937.56785764369,Organizational Salary Survey
SURVEY_581999,Mid-Level Data Engineer,Confidential Survey Participant,Mid-Level,5,136223.52862104628,Organizational Salary Survey
SURVEY_219313,Mid-Level DevOps Engineer,Confidential Survey Participant,Mid-Level,4,129431.83743935153,Organizational Salary Survey
SURVEY_620743,Senior Software Engineer,Confidential Survey Participant,Senior,10,123545.46907243234,Organizational Salary Survey
SURVEY_358937,Mid-Level Project Manager,Confidential Survey Participant,Mid-Level,3,106505.95742438277,Organizational Salary Survey
SURVEY_156198,Junior DevOps Engineer,Confidential Survey Participant,Junior/Entry,1,93623.42444669438,Organizational Salary Survey
SURVEY_703131,Mid-Level Data Engineer,Confidential Survey Participant,Mid-Level,5,115415.2996302101,Organizational Salary Survey
SURVEY_455249,Junior Data Scientist,Confidential Survey Participant,Junior/Entry,2,88524.76420445109,Organizational Salary Survey
SURVEY_711001,Junior Product Manager,Confidential Survey Participant,Junior/Entry,1,82960.87090316555,Organizational Salary Survey
SURVEY_768328,Senior Product Manager,Confidential Survey Participant,Senior,9,172457.34075922263,Organizational Salary Survey
SURVEY_965802,Executive Data Analyst,Confidential Survey Participant,Executive/Principal,11,207626.15998860865,Organizational Salary Survey
SURVEY_691930,Executive Data Engineer,Confidential Survey Participant,Executive/Principal,16,354020.54420803045,Organizational Salary Survey
SURVEY_207171,Mid-Level Software Engineer,Confidential Survey Participant,Mid-Level,3,111201.31219306988,Organizational Salary Survey
SURVEY_950047,Mid-Level Data Analyst,Confidential Survey Participant,Mid-Level,5,105654.7031182057,Organizational Salary Survey
SURVEY_750607,Mid-Level Product Manager,Confidential Survey Participant,Mid-Level,5,140170.69116238682,Organizational Salary Survey
SURVEY_529946,Mid-Level Software Engineer,Confidential Survey Participant,Mid-Level,6,96706.09449555067,Organizational Salary Survey
SURVEY_685874,Mid-Level Data Analyst,Confidential Survey Participant,Mid-Level,5,96587.83113803067,Organizational Salary Survey
SURVEY_706886,Mid-Level Product Manager,Confidential Survey Participant,Mid-Level,3,152314.95233220176,Organizational Salary Survey
SURVEY_630840,Mid-Level Data Engineer,Confidential Survey Participant,Mid-Level,6,120774.37566532897,Organizational Salary Survey
SURVEY_353790,Executive Project Manager,Confidential Survey Participant,Executive/Principal,11,271656.50175995595,Organizational Salary Survey
SURVEY_828196,Mid-Level Data Analyst,Confidential Survey Participant,Mid-Level,6,85141.67665358503,Organizational Salary Survey
SURVEY_623871,Mid-Level Software Engineer,Confidential Survey Participant,Mid-Level,6,100994.50270518655,Organizational Salary Survey
SURVEY_818713,Mid-Level Data Analyst,Confidential Survey Participant,Mid-Level,4,99071.31352707618,Organizational Salary Survey
SURVEY_493457,Mid-Level Software Engineer,Confidential Survey Participant,Mid-Level,3,108065.95662365151,Organizational Salary Survey
SURVEY_740252,Mid-Level Data Analyst,Confidential Survey Participant,Mid-Level,4,102433.66386664398,Organizational Salary Survey
SURVEY_743132,Executive Data Scientist,Confidential Survey Participant,Executive/Principal,11,276461.5746831005,Organizational Salary Survey
SURVEY_273196,Executive Data Engineer,Confidential Survey Participant,Executive/Principal,13,259324.21364747564,Organizational Salary Survey
SURVEY_439022,Mid-Level Data Engineer,Confidential Survey Participant,Mid-Level,3,111297.25072900808,Organizational Salary Survey
SURVEY_772623,Executive DevOps Engineer,Confidential Survey Participant,Executive/Principal,10,326043.6507517185,Organizational Salary Survey
SURVEY_441708,Senior Software Engineer,Confidential Survey Participant,Senior,8,122051.30583791614,Organizational Salary Survey
SURVEY_936839,Junior Software Engineer,Confidential Survey Participant,Junior/Entry,1,66160.30338303598,Organizational Salary Survey
SURVEY_712541,Mid-Level Data Scientist,Confidential Survey Participant,Mid-Level,5,141382.75287947152,Organizational Salary Survey
SURVEY_354247,Mid-Level Data Analyst,Confidential Survey Participant,Mid-Level,4,104568.97081864909,Organizational Salary Survey
SURVEY_329790,Senior Software Engineer,Confidential Survey Participant,Senior,10,127406.30845438794,Organizational Salary Survey
SURVEY_971591,Mid-Level Software Engineer,Confidential Survey Participant,Mid-Level,5,105515.05889942372,Organizational Salary Survey
SURVEY_352156,Mid-Level Software Engineer,Confidential Survey Participant,Mid-Level,6,84182.84653024506,Organizational Salary Survey
SURVEY_837081,Executive Software Engineer,Confidential Survey Participant,Executive/Principal,14,217570.92667599564,Organizational Salary Survey
SURVEY_829423,Senior Software Engineer,Confidential Survey Participant,Senior,6,138734.73137460565,Organizational Salary Survey
SURVEY_817526,Mid-Level Software Engineer,Confidential Survey Participant,Mid-Level,3,85839.56488341415,Organizational Salary Survey
SURVEY_977082,Senior Product Manager,Confidential Survey Participant,Senior,6,207030.51323707306,Organizational Salary Survey
SURVEY_591384,Senior Product Manager,Confidential Survey Participant,Senior,11,173370.4945189713,Organizational Salary Survey
SURVEY_858929,Mid-Level Data Analyst,Confidential Survey Participant,Mid-Level,5,100887.99284406374,Organizational Salary Survey
SURVEY_879093,Mid-Level Data Scientist,Confidential Survey Participant,Mid-Level,6,117627.46508107007,Organizational Salary Survey
SURVEY_953964,Executive Product Manager,Confidential Survey Participant,Executive/Principal,14,370725.0905526319,Organizational Salary Survey
SURVEY_310415,Senior Data Analyst,Confidential Survey Participant,Senior,10,145506.4518945281,Organizational Salary Survey
SURVEY_645984,Executive Software Engineer,Confidential Survey Participant,Executive/Principal,13,264136.689273567,Organizational Salary Survey
SURVEY_645207,Junior Data Analyst,Confidential Survey Participant,Junior/Entry,1,73082.91188150257,Organizational Salary Survey
SURVEY_992180,Mid-Level Project Manager,Confidential Survey Participant,Mid-Level,4,106702.20380281757,Organizational Salary Survey
SURVEY_557813,Junior Data Analyst,Confidential Survey Participant,Junior/Entry,0,72850.32091600566,Organizational Salary Survey
SURVEY_559239,Mid-Level Product Manager,Confidential Survey Participant,Mid-Level,5,158891.48637988174,Organizational Salary Survey
SURVEY_545067,Executive Data Analyst,Confidential Survey Participant,Executive/Principal,16,189028.12599276067,Organizational Salary Survey
SURVEY_826614,Junior Data Engineer,Confidential Survey Participant,Junior/Entry,1,75469.5213416091,Organizational Salary Survey
SURVEY_196261,Junior Data Engineer,Confidential Survey Participant,Junior/Entry,0,88465.25517195008,Organizational Salary Survey
SURVEY_467405,Mid-Level Data Engineer,Confidential Survey Participant,Mid-Level,4,141753.65729555246,Organizational Salary Survey
SURVEY_998332,Senior DevOps Engineer,Confidential Survey Participant,Senior,8,174056.4857648158,Organizational Salary Survey
SURVEY_444462,Mid-Level Software Engineer,Confidential Survey Participant,Mid-Level,4,105020.34731415968,Organizational Salary Survey
SURVEY_204822,Mid-Level Software Engineer,Confidential Survey Participant,Mid-Level,6,89960.50989538958,Organizational Salary Survey
SURVEY_443513,Mid-Level Data Engineer,Confidential Survey Participant,Mid-Level,4,134565.24538242654,Organizational Salary Survey
SURVEY_524420,Mid-Level Data Analyst,Confidential Survey Participant,Mid-Level,5,103473.80092630858,Organizational Salary Survey
SURVEY_249847,Senior Data Scientist,Confidential Survey Participant,Senior,10,200367.30024157924,Organizational Salary Survey
SURVEY_192835,Executive Data Engineer,Confidential Survey Participant,Executive/Principal,12,351735.6271810559,Organizational Salary Survey
SURVEY_350144,Executive Data Scientist,Confidential Survey Participant,Executive/Principal,11,240785.62273451118,Organizational Salary Survey
SURVEY_171867,Mid-Level Software Engineer,Confidential Survey Participant,Mid-Level,4,106407.52889497687,Organizational Salary Survey
SURVEY_642950,Mid-Level Data Engineer,Confidential Survey Participant,Mid-Level,4,128314.3186842873,Organizational Salary Survey
SURVEY_588474,Mid-Level Data Scientist,Confidential Survey Participant,Mid-Level,5,113662.26257208202,Organizational Salary Survey
SURVEY_742430,Senior Data Engineer,Confidential Survey Participant,Senior,7,197381.07051553903,Organizational Salary Survey
SURVEY_105592,Mid-Level Product Manager,Confidential Survey Participant,Mid-Level,6,157099.08580091162,Organizational Salary Survey
SURVEY_489985,Senior Project Manager,Confidential Survey Participant,Senior,9,132911.52297280676,Organizational Salary Survey
SURVEY_634638,Junior Product Manager,Confidential Survey Participant,Junior/Entry,0,104492.3178396728,Organizational Salary Survey
SURVEY_700486,Mid-Level Data Scientist,Confidential Survey Participant,Mid-Level,5,127692.48189913205,Organizational Salary Survey
SURVEY_776845,Senior Data Scientist,Confidential Survey Participant,Senior,10,162650.3257988219,Organizational Salary Survey
SURVEY_268644,Executive Data Analyst,Confidential Survey Participant,Executive/Principal,17,200631.15491454373,Organizational Salary Survey
SURVEY_184471,Mid-Level Data Engineer,Confidential Survey Participant,Mid-Level,5,124495.02820158533,Organizational Salary Survey
SURVEY_893811,Mid-Level Software Engineer,Confidential Survey Participant,Mid-Level,3,102490.35213931698,Organizational Salary Survey
SURVEY_137932,Mid-Level Product Manager,Confidential Survey Participant,Mid-Level,6,133602.05144276193,Organizational Salary Survey
SURVEY_666005,Mid-Level Software Engineer,Confidential Survey Participant,Mid-Level,6,103930.90141941134,Organizational Salary Survey
SURVEY_625473,Junior Software Engineer,Confidential Survey Participant,Junior/Entry,2,67145.43646596881,Organizational Salary Survey
SURVEY_365508,Mid-Level Data Scientist,Confidential Survey Participant,Mid-Level,5,143867.15118010176,Organizational Salary Survey
SURVEY_573324,Senior Software Engineer,Confidential Survey Participant,Senior,7,141992.45559567207,Organizational Salary Survey
SURVEY_354967,Executive Software Engineer,Confidential Survey Participant,Executive/Principal,18,265642.7776260038,Organizational Salary Survey
SURVEY_505932,Mid-Level Data Analyst,Confidential Survey Participant,Mid-Level,3,110858.27106333165,Organizational Salary Survey
SURVEY_648337,Senior Data Analyst,Confidential Survey Participant,Senior,8,143480.8383974353,Organizational Salary Survey
SURVEY_137393,Mid-Level Project Manager,Confidential Survey Participant,Mid-Level,4,105850.31341361774,Organizational Salary Survey
SURVEY_837599,Junior Data Scientist,Confidential Survey Participant,Junior/Entry,2,89648.50972478953,Organizational Salary Survey
SURVEY_907760,Mid-Level Data Engineer,Confidential Survey Participant,Mid-Level,3,111878.16206234385,Organizational Salary Survey
SURVEY_690626,Senior Data Analyst,Confidential Survey Participant,Senior,7,130570.32513946453,Organizational Salary Survey
SURVEY_414559,Junior Project Manager,Confidential Survey Participant,Junior/Entry,2,65478.85636498427,Organizational Salary Survey
SURVEY_203161,Executive Data Scientist,Confidential Survey Participant,Executive/Principal,19,250342.97909242593,Organizational Salary Survey
SURVEY_790810,Junior Project Manager,Confidential Survey Participant,Junior/Entry,0,73928.94594529066,Organizational Salary Survey
SURVEY_176946,Mid-Level Data Engineer,Confidential Survey Participant,Mid-Level,4,135163.69183917576,Organizational Salary Survey
SURVEY_171068,Mid-Level Software Engineer,Confidential Survey Participant,Mid-Level,5,111262.79744263287,Organizational Salary Survey
SURVEY_231832,Executive Data Engineer,Confidential Survey Participant,Executive/Principal,16,260856.3989484615,Organizational Salary Survey
SURVEY_642217,Junior Data Engineer,Confidential Survey Participant,Junior/Entry,2,72645.56372460484,Organizational Salary Survey
SURVEY_581038,Senior Software Engineer,Confidential Survey Participant,Senior,6,142095.36590545013,Organizational Salary Survey
SURVEY_431393,Junior Project Manager,Confidential Survey Participant,Junior/Entry,2,65812.79449582394,Organizational Salary Survey
SURVEY_194701,Junior Project Manager,Confidential Survey Participant,Junior/Entry,2,58168.968314243575,Organizational Salary Survey
SURVEY_213874,Senior Product Manager,Confidential Survey Participant,Senior,9,206212.3506125206,Organizational Salary Survey
SURVEY_563137,Senior Software Engineer,Confidential Survey Participant,Senior,6,129851.19548259329,Organizational Salary Survey
SURVEY_102418,Mid-Level Data Analyst,Confidential Survey Participant,Mid-Level,3,90343.04179562989,Organizational Salary Survey
SURVEY_244600,Mid-Level Data Analyst,Confidential Survey Participant,Mid-Level,6,107835.72259893522,Organizational Salary Survey
SURVEY_532969,Junior Software Engineer,Confidential Survey Participant,Junior/Entry,2,70681.50847875525,Organizational Salary Survey
SURVEY_564137,Executive Software Engineer,Confidential Survey Participant,Executive/Principal,17,193610.64911162617,Organizational Salary Survey
SURVEY_670055,Mid-Level Project Manager,Confidential Survey Participant,Mid-Level,3,99126.55378146179,Organizational Salary Survey
SURVEY_501471,Senior Software Engineer,Confidential Survey Participant,Senior,10,129690.53186005329,Organizational Salary Survey
SURVEY_831238,Mid-Level Data Analyst,Confidential Survey Participant,Mid-Level,3,95924.36857940949,Organizational Salary Survey
SURVEY_183788,Senior Data Engineer,Confidential Survey Participant,Senior,11,165786.72512834598,Organizational Salary Survey
SURVEY_180911,Mid-Level Data Scientist,Confidential Survey Participant,Mid-Level,4,121478.4512931209,Organizational Salary Survey
SURVEY_693555,Mid-Level Software Engineer,Confidential Survey Participant,Mid-Level,3,103829.28053200293,Organizational Salary Survey
SURVEY_716742,Senior Data Analyst,Confidential Survey Participant,Senior,10,129326.76051553866,Organizational Salary Survey
SURVEY_765527,Mid-Level Software Engineer,Confidential Survey Participant,Mid-Level,3,93433.07519241155,Organizational Salary Survey
SURVEY_707570,Junior Software Engineer,Confidential Survey Participant,Junior/Entry,1,56391.60416090801,Organizational Salary Survey
SURVEY_445174,Mid-Level Software Engineer,Confidential Survey Participant,Mid-Level,6,111021.29301501153,Organizational Salary Survey
SURVEY_850544,Junior Software Engineer,Confidential Survey Participant,Junior/Entry,1,74719.86299526341,Organizational Salary Survey
SURVEY_151868,Junior Software Engineer,Confidential Survey Participant,Junior/Entry,0,72947.6637660628,Organizational Salary Survey
SURVEY_769236,Senior Data Analyst,Confidential Survey Participant,Senior,11,158796.04976360165,Organizational Salary Survey
SURVEY_236422,Senior Data Analyst,Confidential Survey Participant,Senior,9,146056.9869069831,Organizational Salary Survey
SURVEY_416099,Executive Data Engineer,Confidential Survey Participant,Executive/Principal,18,275618.90735635895,Organizational Salary Survey
SURVEY_684103,Mid-Level Data Engineer,Confidential Survey Participant,Mid-Level,4,113846.78226497152,Organizational Salary Survey
SURVEY_318393,Mid-Level Data Scientist,Confidential Survey Participant,Mid-Level,6,143262.8051644327,Organizational Salary Survey
SURVEY_656236,Mid-Level Data Scientist,Confidential Survey Participant,Mid-Level,6,113992.84692283976,Organizational Salary Survey
SURVEY_189139,Mid-Level Data Engineer,Confidential Survey Participant,Mid-Level,6,108123.57884211828,Organizational Salary Survey
SURVEY_549458,Mid-Level Data Scientist,Confidential Survey Participant,Mid-Level,5,138949.79405092145,Organizational Salary Survey
SURVEY_234370,Senior Product Manager,Confidential Survey Participant,Senior,8,172699.70207903584,Organizational Salary Survey
SURVEY_154317,Mid-Level Product Manager,Confidential Survey Participant,Mid-Level,6,136292.70226998493,Organizational Salary Survey
SURVEY_326382,Mid-Level Data Analyst,Confidential Survey Participant,Mid-Level,6,96496.97958606634,Organizational Salary Survey
SURVEY_892707,Mid-Level Data Analyst,Confidential Survey Participant,Mid-Level,4,88701.89988065192,Organizational Salary Survey
SURVEY_540283,Junior Data Scientist,Confidential Survey Participant,Junior/Entry,1,93578.81070205769,Organizational Salary Survey
SURVEY_788564,Mid-Level DevOps Engineer,Confidential Survey Participant,Mid-Level,4,132212.59787827544,Organizational Salary Survey
SURVEY_420391,Junior Software Engineer,Confidential Survey Participant,Junior/Entry,1,64135.987409231486,Organizational Salary Survey
SURVEY_684697,Senior Software Engineer,Confidential Survey Participant,Senior,6,140990.31161509414,Organizational Salary Survey
SURVEY_288676,Executive Project Manager,Confidential Survey Participant,Executive/Principal,14,224823.43397312833,Organizational Salary Survey
SURVEY_153704,Mid-Level Project Manager,Confidential Survey Participant,Mid-Level,3,106024.08103319432,Organizational Salary Survey
SURVEY_675342,Mid-Level Data Analyst,Confidential Survey Participant,Mid-Level,5,111606.64151524831,Organizational Salary Survey
SURVEY_482909,Senior Data Analyst,Confidential Survey Participant,Senior,8,128840.80412452946,Organizational Salary Survey
SURVEY_580866,Junior Software Engineer,Confidential Survey Participant,Junior/Entry,2,70235.2104732755,Organizational Salary Survey
SURVEY_930805,Senior Software Engineer,Confidential Survey Participant,Senior,9,151272.97111627876,Organizational Salary Survey
SURVEY_998408,Senior Data Engineer,Confidential Survey Participant,Senior,7,203882.49205298515,Organizational Salary Survey
SURVEY_286610,Senior Data Analyst,Confidential Survey Participant,Senior,6,136594.47870590116,Organizational Salary Survey
SURVEY_383126,Junior Data Scientist,Confidential Survey Participant,Junior/Entry,0,94456.14889568488,Organizational Salary Survey
SURVEY_343458,Mid-Level Data Engineer,Confidential Survey Participant,Mid-Level,6,119601.75820983526,Organizational Salary Survey
SURVEY_581515,Junior Software Engineer,Confidential Survey Participant,Junior/Entry,0,63794.22366875152,Organizational Salary Survey
SURVEY_968368,Mid-Level Project Manager,Confidential Survey Participant,Mid-Level,4,110211.19501945194,Organizational Salary Survey
SURVEY_898481,Senior Data Analyst,Confidential Survey Participant,Senior,8,147206.3148410869,Organizational Salary Survey
SURVEY_980723,Mid-Level Software Engineer,Confidential Survey Participant,Mid-Level,4,110833.65380026572,Organizational Salary Survey
SURVEY_421537,Senior Project Manager,Confidential Survey Participant,Senior,8,146726.71395704133,Organizational Salary Survey
SURVEY_248028,Mid-Level Software Engineer,Confidential Survey Participant,Mid-Level,6,91259.4746709069,Organizational Salary Survey
SURVEY_306009,Mid-Level Data Engineer,Confidential Survey Participant,Mid-Level,5,115750.28463245434,Organizational Salary Survey
SURVEY_181056,Senior Product Manager,Confidential Survey Participant,Senior,8,205576.0381500757,Organizational Salary Survey
SURVEY_486215,Mid-Level Product Manager,Confidential Survey Participant,Mid-Level,3,153587.7112612182,Organizational Salary Survey
SURVEY_252933,Junior Data Scientist,Confidential Survey Participant,Junior/Entry,2,90322.79970677408,Organizational Salary Survey
SURVEY_794460,Mid-Level Data Engineer,Confidential Survey Participant,Mid-Level,6,139099.88418241884,Organizational Salary Survey
SURVEY_316198,Mid-Level Software Engineer,Confidential Survey Participant,Mid-Level,3,108344.97151634376,Organizational Salary Survey
SURVEY_925167,Executive Project Manager,Confidential Survey Participant,Executive/Principal,16,181000.98563184292,Organizational Salary Survey
SURVEY_221347,Mid-Level Data Engineer,Confidential Survey Participant,Mid-Level,5,138650.26892640188,Organizational Salary Survey
SURVEY_834015,Junior Data Engineer,Confidential Survey Participant,Junior/Entry,2,79919.79532958177,Organizational Salary Survey
SURVEY_118324,Mid-Level Software Engineer,Confidential Survey Participant,Mid-Level,6,98031.34228122173,Organizational Salary Survey
SURVEY_249886,Junior Data Scientist,Confidential Survey Participant,Junior/Entry,2,85571.01437604452,Organizational Salary Survey
SURVEY_559230,Senior Project Manager,Confidential Survey Participant,Senior,11,149100.0744098358,Organizational Salary Survey
SURVEY_140115,Mid-Level Software Engineer,Confidential Survey Participant,Mid-Level,5,101405.10113357051,Organizational Salary Survey
SURVEY_962552,Mid-Level Project Manager,Confidential Survey Participant,Mid-Level,3,88946.8282365594,Organizational Salary Survey
SURVEY_187809,Senior Product Manager,Confidential Survey Participant,Senior,7,199478.99839969494,Organizational Salary Survey
SURVEY_974757,Junior Software Engineer,Confidential Survey Participant,Junior/Entry,2,73909.61092113923,Organizational Salary Survey
SURVEY_474749,Executive Data Analyst,Confidential Survey Participant,Executive/Principal,19,217637.94226939557,Organizational Salary Survey
SURVEY_446840,Senior DevOps Engineer,Confidential Survey Participant,Senior,11,193732.44153451594,Organizational Salary Survey
SURVEY_457383,Mid-Level Software Engineer,Confidential Survey Participant,Mid-Level,6,99354.40224437245,Organizational Salary Survey
SURVEY_459421,Mid-Level Data Engineer,Confidential Survey Participant,Mid-Level,3,127083.53702535373,Organizational Salary Survey
SURVEY_785246,Senior DevOps Engineer,Confidential Survey Participant,Senior,9,178091.22375376103,Organizational Salary Survey
SURVEY_632941,Junior DevOps Engineer,Confidential Survey Participant,Junior/Entry,2,94363.00823599582,Organizational Salary Survey
SURVEY_764388,Junior Project Manager,Confidential Survey Participant,Junior/Entry,0,57532.9183965598,Organizational Salary Survey
SURVEY_859027,Junior Software Engineer,Confidential Survey Participant,Junior/Entry,0,66356.72060865574,Organizational Salary Survey
SURVEY_116260,Junior Data Engineer,Confidential Survey Participant,Junior/Entry,1,77626.22991306974,Organizational Salary Survey
SURVEY_777793,Mid-Level Project Manager,Confidential Survey Participant,Mid-Level,4,87643.13415859328,Organizational Salary Survey
SURVEY_217383,Mid-Level Software Engineer,Confidential Survey Participant,Mid-Level,5,102532.66716373713,Organizational Salary Survey
SURVEY_244032,Senior Data Engineer,Confidential Survey Participant,Senior,9,175386.7280699002,Organizational Salary Survey
SURVEY_410135,Mid-Level Data Scientist,Confidential Survey Participant,Mid-Level,3,139623.03449650414,Organizational Salary Survey
SURVEY_704986,Executive Data Engineer,Confidential Survey Participant,Executive/Principal,11,323058.74060208927,Organizational Salary Survey
SURVEY_320189,Mid-Level Product Manager,Confidential Survey Participant,Mid-Level,6,150184.56885790871,Organizational Salary Survey
SURVEY_499031,Executive Product Manager,Confidential Survey Participant,Executive/Principal,18,297224.7401729631,Organizational Salary Survey
SURVEY_998618,Senior DevOps Engineer,Confidential Survey Participant,Senior,7,179933.4841481662,Organizational Salary Survey
SURVEY_763274,Senior Project Manager,Confidential Survey Participant,Senior,8,135366.05402412676,Organizational Salary Survey
SURVEY_793475,Senior Project Manager,Confidential Survey Participant,Senior,8,128998.95595285071,Organizational Salary Survey
SURVEY_338805,Junior Data Analyst,Confidential Survey Participant,Junior/Entry,2,76135.59051099162,Organizational Salary Survey
SURVEY_133630,Senior Data Analyst,Confidential Survey Participant,Senior,10,128675.81804341382,Organizational Salary Survey
SURVEY_854464,Senior DevOps Engineer,Confidential Survey Participant,Senior,7,192100.6397191237,Organizational Salary Survey
SURVEY_753380,Junior Data Scientist,Confidential Survey Participant,Junior/Entry,1,92327.00270151113,Organizational Salary Survey
SURVEY_649797,Junior Data Scientist,Confidential Survey Participant,Junior/Entry,0,85248.77049138032,Organizational Salary Survey
SURVEY_529694,Mid-Level Data Engineer,Confidential Survey Participant,Mid-Level,5,131150.71805733044,Organizational Salary Survey
SURVEY_135788,Senior DevOps Engineer,Confidential Survey Participant,Senior,9,185727.6323372303,Organizational Salary Survey
SURVEY_892306,Senior Product Manager,Confidential Survey Participant,Senior,8,190704.1656037452,Organizational Salary Survey
SURVEY_216201,Junior Software Engineer,Confidential Survey Participant,Junior/Entry,0,57162.17966784154,Organizational Salary Survey
SURVEY_896899,Senior Data Scientist,Confidential Survey Participant,Senior,7,164278.19359795426,Organizational Salary Survey
SURVEY_250008,Junior Software Engineer,Confidential Survey Participant,Junior/Entry,1,67219.48588898336,Organizational Salary Survey
SURVEY_812465,Senior Data Scientist,Confidential Survey Participant,Senior,11,167094.1169617986,Organizational Salary Survey
SURVEY_531806,Mid-Level Data Engineer,Confidential Survey Participant,Mid-Level,5,114576.61694894257,Organizational Salary Survey
SURVEY_991744,Mid-Level Data Scientist,Confidential Survey Participant,Mid-Level,4,128022.21204150758,Organizational Salary Survey
SURVEY_239074,Executive Software Engineer,Confidential Survey Participant,Executive/Principal,19,243686.4011125542,Organizational Salary Survey
SURVEY_151963,Senior Project Manager,Confidential Survey Participant,Senior,6,139430.17427443867,Organizational Salary Survey
SURVEY_929654,Mid-Level Data Analyst,Confidential Survey Participant,Mid-Level,6,111358.23349278037,Organizational Salary Survey
SURVEY_272604,Senior Software Engineer,Confidential Survey Participant,Senior,8,133596.3454618261,Organizational Salary Survey
SURVEY_481616,Senior Product Manager,Confidential Survey Participant,Senior,9,181654.17621962103,Organizational Salary Survey
SURVEY_818721,Senior Data Scientist,Confidential Survey Participant,Senior,11,191409.0264586101,Organizational Salary Survey
SURVEY_840861,Junior Software Engineer,Confidential Survey Participant,Junior/Entry,0,62015.930049712486,Organizational Salary Survey
SURVEY_537282,Mid-Level Software Engineer,Confidential Survey Participant,Mid-Level,3,84850.26574807613,Organizational Salary Survey
SURVEY_422272,Senior Project Manager,Confidential Survey Participant,Senior,8,156552.60938369803,Organizational Salary Survey
SURVEY_377561,Mid-Level Data Engineer,Confidential Survey Participant,Mid-Level,3,119691.06596426082,Organizational Salary Survey
SURVEY_583558,Mid-Level Data Engineer,Confidential Survey Participant,Mid-Level,5,124479.05267576165,Organizational Salary Survey
SURVEY_601875,Junior Product Manager,Confidential Survey Participant,Junior/Entry,0,95326.53597973638,Organizational Salary Survey
SURVEY_239099,Senior Data Scientist,Confidential Survey Participant,Senior,11,153335.69067964648,Organizational Salary Survey
SURVEY_927607,Mid-Level Data Engineer,Confidential Survey Participant,Mid-Level,3,120707.41465039713,Organizational Salary Survey
SURVEY_289611,Mid-Level Data Engineer,Confidential Survey Participant,Mid-Level,3,134426.18376825753,Organizational Salary Survey
SURVEY_462172,Mid-Level Data Scientist,Confidential Survey Participant,Mid-Level,5,113583.57461513199,Organizational Salary Survey
SURVEY_183134,Mid-Level Data Analyst,Confidential Survey Participant,Mid-Level,4,95510.73156885109,Organizational Salary Survey
SURVEY_625849,Mid-Level Data Engineer,Confidential Survey Participant,Mid-Level,5,129336.62547792608,Organizational Salary Survey
SURVEY_180226,Senior Data Scientist,Confidential Survey Participant,Senior,6,173321.65988225985,Organizational Salary Survey
SURVEY_232236,Mid-Level Data Engineer,Confidential Survey Participant,Mid-Level,5,140849.74403506643,Organizational Salary Survey
SURVEY_462617,Executive Data Analyst,Confidential Survey Participant,Executive/Principal,13,215502.50095724865,Organizational Salary Survey
SURVEY_571700,Mid-Level Project Manager,Confidential Survey Participant,Mid-Level,4,110405.38867748565,Organizational Salary Survey
SURVEY_922068,Junior Data Engineer,Confidential Survey Participant,Junior/Entry,2,96004.58190989251,Organizational Salary Survey
SURVEY_817423,Mid-Level Project Manager,Confidential Survey Participant,Mid-Level,5,103301.0070896106,Organizational Salary Survey
SURVEY_962457,Senior Software Engineer,Confidential Survey Participant,Senior,7,144127.04545008525,Organizational Salary Survey
SURVEY_685664,Junior Data Scientist,Confidential Survey Participant,Junior/Entry,1,93642.82832129141,Organizational Salary Survey
SURVEY_699829,Mid-Level Project Manager,Confidential Survey Participant,Mid-Level,4,103689.43157431167,Organizational Salary Survey
SURVEY_625329,Mid-Level Data Engineer,Confidential Survey Participant,Mid-Level,3,140802.1645739416,Organizational Salary Survey
SURVEY_736562,Mid-Level Data Analyst,Confidential Survey Participant,Mid-Level,3,98577.01539466147,Organizational Salary Survey
SURVEY_396669,Senior Data Engineer,Confidential Survey Participant,Senior,8,181534.61463168968,Organizational Salary Survey
SURVEY_957013,Senior Data Scientist,Confidential Survey Participant,Senior,7,204609.20910101524,Organizational Salary Survey
SURVEY_247967,Senior Project Manager,Confidential Survey Participant,Senior,11,160339.13770323683,Organizational Salary Survey
SURVEY_177437,Mid-Level Data Scientist,Confidential Survey Participant,Mid-Level,5,135989.1529740555,Organizational Salary Survey
SURVEY_833436,Mid-Level Product Manager,Confidential Survey Participant,Mid-Level,3,158872.03306405843,Organizational Salary Survey
SURVEY_352609,Senior Data Analyst,Confidential Survey Participant,Senior,7,140173.83969180257,Organizational Salary Survey
SURVEY_779858,Mid-Level DevOps Engineer,Confidential Survey Participant,Mid-Level,4,138266.1674557136,Organizational Salary Survey
SURVEY_285781,Senior Product Manager,Confidential Survey Participant,Senior,8,186993.89669765966,Organizational Salary Survey
SURVEY_666356,Mid-Level Data Scientist,Confidential Survey Participant,Mid-Level,3,125232.69927250665,Organizational Salary Survey
SURVEY_694870,Mid-Level Product Manager,Confidential Survey Participant,Mid-Level,3,154042.20768099136,Organizational Salary Survey
SURVEY_306594,Mid-Level Software Engineer,Confidential Survey Participant,Mid-Level,3,97809.83227040086,Organizational Salary Survey
SURVEY_689681,Mid-Level Data Engineer,Confidential Survey Participant,Mid-Level,3,111973.39265890329,Organizational Salary Survey
SURVEY_261956,Junior Data Engineer,Confidential Survey Participant,Junior/Entry,2,97361.24870900369,Organizational Salary Survey
SURVEY_198447,Junior Software Engineer,Confidential Survey Participant,Junior/Entry,0,76526.57838188285,Organizational Salary Survey
SURVEY_369833,Mid-Level Data Engineer,Confidential Survey Participant,Mid-Level,5,129552.68534662985,Organizational Salary Survey
SURVEY_230032,Mid-Level Software Engineer,Confidential Survey Participant,Mid-Level,5,93214.49486988815,Organizational Salary Survey
SURVEY_273764,Mid-Level Project Manager,Confidential Survey Participant,Mid-Level,5,92439.57495048399,Organizational Salary Survey
SURVEY_955833,Mid-Level Product Manager,Confidential Survey Participant,Mid-Level,5,158816.4052728624,Organizational Salary Survey
SURVEY_276647,Mid-Level DevOps Engineer,Confidential Survey Participant,Mid-Level,4,132792.39188090706,Organizational Salary Survey
SURVEY_228891,Mid-Level Data Engineer,Confidential Survey Participant,Mid-Level,4,128983.17137763932,Organizational Salary Survey
SURVEY_735810,Junior Data Scientist,Confidential Survey Participant,Junior/Entry,2,75691.7659644471,Organizational Salary Survey
SURVEY_893009,Senior Data Engineer,Confidential Survey Participant,Senior,8,184386.78667830856,Organizational Salary Survey
SURVEY_530908,Junior Data Scientist,Confidential Survey Participant,Junior/Entry,0,73012.67050677595,Organizational Salary Survey
SURVEY_756077,Mid-Level Data Analyst,Confidential Survey Participant,Mid-Level,6,88540.95973946418,Organizational Salary Survey
SURVEY_609571,Mid-Level Software Engineer,Confidential Survey Participant,Mid-Level,4,103121.57092959406,Organizational Salary Survey
SURVEY_905704,Mid-Level Product Manager,Confidential Survey Participant,Mid-Level,6,155453.82170706018,Organizational Salary Survey
SURVEY_698270,Mid-Level Data Engineer,Confidential Survey Participant,Mid-Level,4,125609.37303091065,Organizational Salary Survey
SURVEY_633201,Junior Project Manager,Confidential Survey Participant,Junior/Entry,0,64632.5260520347,Organizational Salary Survey
SURVEY_995556,Mid-Level Project Manager,Confidential Survey Participant,Mid-Level,6,89966.68413310603,Organizational Salary Survey
SURVEY_215436,Mid-Level Software Engineer,Confidential Survey Participant,Mid-Level,3,108093.02672157496,Organizational Salary Survey
SURVEY_858290,Mid-Level Data Analyst,Confidential Survey Participant,Mid-Level,3,101575.38840622426,Organizational Salary Survey
SURVEY_691457,Mid-Level Software Engineer,Confidential Survey Participant,Mid-Level,6,93689.74700672303,Organizational Salary Survey
SURVEY_404635,Senior Data Analyst,Confidential Survey Participant,Senior,9,129797.76677041946,Organizational Salary Survey
SURVEY_889073,Executive Data Analyst,Confidential Survey Participant,Executive/Principal,13,271660.2241936943,Organizational Salary Survey
SURVEY_153089,Mid-Level Data Scientist,Confidential Survey Participant,Mid-Level,4,140258.5565387602,Organizational Salary Survey
SURVEY_701389,Junior Data Analyst,Confidential Survey Participant,Junior/Entry,0,59722.866479064105,Organizational Salary Survey
SURVEY_230559,Mid-Level Data Engineer,Confidential Survey Participant,Mid-Level,5,137015.705921477,Organizational Salary Survey
SURVEY_294990,Executive Software Engineer,Confidential Survey Participant,Executive/Principal,17,248074.8282201632,Organizational Salary Survey
SURVEY_542943,Mid-Level Data Scientist,Confidential Survey Participant,Mid-Level,5,133809.2765734912,Organizational Salary Survey
SURVEY_779295,Executive Software Engineer,Confidential Survey Participant,Executive/Principal,12,201461.44042998686,Organizational Salary Survey
SURVEY_957295,Mid-Level Data Scientist,Confidential Survey Participant,Mid-Level,4,113480.05487752237,Organizational Salary Survey
SURVEY_366289,Mid-Level Software Engineer,Confidential Survey Participant,Mid-Level,4,107339.41825496247,Organizational Salary Survey
SURVEY_973425,Executive Data Analyst,Confidential Survey Participant,Executive/Principal,11,194326.23878176432,Organizational Salary Survey
SURVEY_332601,Mid-Level Product Manager,Confidential Survey Participant,Mid-Level,3,145356.24047948254,Organizational Salary Survey
SURVEY_164690,Executive Software Engineer,Confidential Survey Participant,Executive/Principal,14,190747.05170011116,Organizational Salary Survey
SURVEY_460783,Mid-Level Data Scientist,Confidential Survey Participant,Mid-Level,4,130412.18057957977,Organizational Salary Survey
SURVEY_843757,Mid-Level Software Engineer,Confidential Survey Participant,Mid-Level,4,111866.2152148995,Organizational Salary Survey
SURVEY_922004,Mid-Level Software Engineer,Confidential Survey Participant,Mid-Level,6,86448.75676406058,Organizational Salary Survey
SURVEY_405196,Executive DevOps Engineer,Confidential Survey Participant,Executive/Principal,12,355853.04022530676,Organizational Salary Survey
SURVEY_434185,Executive Data Engineer,Confidential Survey Participant,Executive/Principal,11,281813.83133522,Organizational Salary Survey
SURVEY_468240,Senior Software Engineer,Confidential Survey Participant,Senior,10,139262.5617378587,Organizational Salary Survey
SURVEY_841434,Mid-Level Data Analyst,Confidential Survey Participant,Mid-Level,4,97539.647730499,Organizational Salary Survey
SURVEY_219597,Mid-Level Software Engineer,Confidential Survey Participant,Mid-Level,6,99205.64589943114,Organizational Salary Survey
SURVEY_990171,Executive Software Engineer,Confidential Survey Participant,Executive/Principal,17,250301.5792727144,Organizational Salary Survey
SURVEY_606894,Mid-Level Data Engineer,Confidential Survey Participant,Mid-Level,3,126973.27013206531,Organizational Salary Survey
SURVEY_936417,Senior Product Manager,Confidential Survey Participant,Senior,6,201369.6418132194,Organizational Salary Survey
SURVEY_924274,Senior Software Engineer,Confidential Survey Participant,Senior,7,144222.21409831487,Organizational Salary Survey
SURVEY_991258,Senior Data Analyst,Confidential Survey Participant,Senior,6,129569.73961341014,Organizational Salary Survey
SURVEY_245414,Junior Product Manager,Confidential Survey Participant,Junior/Entry,1,92576.67672735275,Organizational Salary Survey
SURVEY_930909,Junior Product Manager,Confidential Survey Participant,Junior/Entry,2,89847.35122019298,Organizational Salary Survey
SURVEY_106964,Senior Software Engineer,Confidential Survey Participant,Senior,10,157239.97068277322,Organizational Salary Survey
SURVEY_584602,Junior Software Engineer,Confidential Survey Participant,Junior/Entry,2,63761.5698530766,Organizational Salary Survey
SURVEY_163272,Mid-Level Data Engineer,Confidential Survey Participant,Mid-Level,4,112467.38465313143,Organizational Salary Survey
SURVEY_995722,Senior Software Engineer,Confidential Survey Participant,Senior,9,136794.12372710288,Organizational Salary Survey
SURVEY_990129,Senior Product Manager,Confidential Survey Participant,Senior,8,176062.1385008551,Organizational Salary Survey
SURVEY_436390,Mid-Level Project Manager,Confidential Survey Participant,Mid-Level,3,90125.59557013732,Organizational Salary Survey
SURVEY_261332,Junior Product Manager,Confidential Survey Participant,Junior/Entry,1,91059.72217131367,Organizational Salary Survey
SURVEY_611010,Mid-Level Data Scientist,Confidential Survey Participant,Mid-Level,5,109489.01011065915,Organizational Salary Survey
SURVEY_227190,Mid-Level Software Engineer,Confidential Survey Participant,Mid-Level,6,98354.77365640408,Organizational Salary Survey
SURVEY_323821,Mid-Level Software Engineer,Confidential Survey Participant,Mid-Level,6,97867.91878318715,Organizational Salary Survey
SURVEY_592564,Mid-Level Data Engineer,Confidential Survey Participant,Mid-Level,5,118123.27827932785,Organizational Salary Survey
SURVEY_481510,Mid-Level Software Engineer,Confidential Survey Participant,Mid-Level,4,84591.42506847516,Organizational Salary Survey
SURVEY_152582,Mid-Level Data Engineer,Confidential Survey Participant,Mid-Level,5,131242.96727482363,Organizational Salary Survey
SURVEY_555378,Executive Data Analyst,Confidential Survey Participant,Executive/Principal,11,264506.7610307906,Organizational Salary Survey
SURVEY_612585,Mid-Level Software Engineer,Confidential Survey Participant,Mid-Level,6,93404.5368242382,Organizational Salary Survey
SURVEY_652752,Mid-Level DevOps Engineer,Confidential Survey Participant,Mid-Level,5,131161.59496946368,Organizational Salary Survey
SURVEY_160531,Mid-Level Project Manager,Confidential Survey Participant,Mid-Level,5,111231.69175204636,Organizational Salary Survey
SURVEY_121915,Mid-Level Software Engineer,Confidential Survey Participant,Mid-Level,4,92609.95876246504,Organizational Salary Survey
SURVEY_299375,Junior Data Engineer,Confidential Survey Participant,Junior/Entry,1,77627.13822327578,Organizational Salary Survey
SURVEY_212455,Mid-Level Data Engineer,Confidential Survey Participant,Mid-Level,6,136849.97133208104,Organizational Salary Survey
SURVEY_728039,Executive Software Engineer,Confidential Survey Participant,Executive/Principal,17,256796.91388130657,Organizational Salary Survey
SURVEY_409045,Mid-Level Product Manager,Confidential Survey Participant,Mid-Level,4,137090.93555292053,Organizational Salary Survey
SURVEY_385433,Mid-Level Data Engineer,Confidential Survey Participant,Mid-Level,5,116031.1061240041,Organizational Salary Survey
SURVEY_877023,Executive Software Engineer,Confidential Survey Participant,Executive/Principal,11,180133.18666896413,Organizational Salary Survey
SURVEY_249526,Executive Software Engineer,Confidential Survey Participant,Executive/Principal,15,189649.18351116203,Organizational Salary Survey
SURVEY_438177,Senior Data Engineer,Confidential Survey Participant,Senior,11,195634.82186908805,Organizational Salary Survey
SURVEY_103718,Mid-Level Project Manager,Confidential Survey Participant,Mid-Level,4,92388.84897878698,Organizational Salary Survey
SURVEY_768780,Senior Product Manager,Confidential Survey Participant,Senior,9,211996.64848555857,Organizational Salary Survey
SURVEY_569626,Junior Data Engineer,Confidential Survey Participant,Junior/Entry,0,84135.83008079261,Organizational Salary Survey
SURVEY_588643,Mid-Level Data Engineer,Confidential Survey Participant,Mid-Level,4,134858.13916918458,Organizational Salary Survey
SURVEY_917193,Senior Data Engineer,Confidential Survey Participant,Senior,9,188300.91744081993,Organizational Salary Survey
SURVEY_596418,Mid-Level Data Engineer,Confidential Survey Participant,Mid-Level,3,137501.23566392736,Organizational Salary Survey
SURVEY_155600,Mid-Level Software Engineer,Confidential Survey Participant,Mid-Level,5,86739.93149281194,Organizational Salary Survey
SURVEY_920201,Mid-Level DevOps Engineer,Confidential Survey Participant,Mid-Level,3,112585.41191554753,Organizational Salary Survey
SURVEY_749471,Junior Data Analyst,Confidential Survey Participant,Junior/Entry,0,68674.9449502483,Organizational Salary Survey
SURVEY_282945,Senior Data Engineer,Confidential Survey Participant,Senior,9,182889.00087397455,Organizational Salary Survey
SURVEY_824156,Mid-Level Software Engineer,Confidential Survey Participant,Mid-Level,4,100019.13518315529,Organizational Salary Survey
SURVEY_847137,Executive Software Engineer,Confidential Survey Participant,Executive/Principal,10,209789.27368819664,Organizational Salary Survey
SURVEY_796819,Senior Data Engineer,Confidential Survey Participant,Senior,6,153572.77024907677,Organizational Salary Survey
SURVEY_493047,Executive Data Analyst,Confidential Survey Participant,Executive/Principal,12,180244.841826986,Organizational Salary Survey
SURVEY_775217,Senior Software Engineer,Confidential Survey Participant,Senior,8,157321.12093443688,Organizational Salary Survey
SURVEY_930437,Mid-Level DevOps Engineer,Confidential Survey Participant,Mid-Level,5,130750.65993691667,Organizational Salary Survey
SURVEY_156716,Senior Data Engineer,Confidential Survey Participant,Senior,6,179480.89446764713,Organizational Salary Survey
SURVEY_112973,Mid-Level Data Analyst,Confidential Survey Participant,Mid-Level,3,85513.90863333036,Organizational Salary Survey
SURVEY_677796,Senior Data Scientist,Confidential Survey Participant,Senior,8,176720.19722200886,Organizational Salary Survey
SURVEY_701144,Junior DevOps Engineer,Confidential Survey Participant,Junior/Entry,0,77220.9926454863,Organizational Salary Survey
SURVEY_394469,Mid-Level Software Engineer,Confidential Survey Participant,Mid-Level,4,101600.88944790502,Organizational Salary Survey
SURVEY_269184,Mid-Level Data Analyst,Confidential Survey Participant,Mid-Level,6,102500.4129399251,Organizational Salary Survey
SURVEY_694250,Mid-Level Project Manager,Confidential Survey Participant,Mid-Level,3,90231.09425055893,Organizational Salary Survey
SURVEY_814157,Mid-Level Software Engineer,Confidential Survey Participant,Mid-Level,4,111712.67254251492,Organizational Salary Survey
SURVEY_747656,Junior Data Scientist,Confidential Survey Participant,Junior/Entry,1,96318.41555850771,Organizational Salary Survey
SURVEY_861895,Mid-Level Data Analyst,Confidential Survey Participant,Mid-Level,6,105642.56147498148,Organizational Salary Survey
SURVEY_600444,Junior Data Scientist,Confidential Survey Participant,Junior/Entry,0,87417.81600590513,Organizational Salary Survey
SURVEY_677840,Mid-Level Software Engineer,Confidential Survey Participant,Mid-Level,6,111954.32677602813,Organizational Salary Survey
SURVEY_297794,Senior Data Engineer,Confidential Survey Participant,Senior,11,196091.33333709827,Organizational Salary Survey
SURVEY_966087,Mid-Level Data Engineer,Confidential Survey Participant,Mid-Level,5,125412.90989814144,Organizational Salary Survey
SURVEY_320287,Mid-Level Data Scientist,Confidential Survey Participant,Mid-Level,6,131479.9153669996,Organizational Salary Survey
SURVEY_598269,Mid-Level Product Manager,Confidential Survey Participant,Mid-Level,6,124434.44546294594,Organizational Salary Survey
SURVEY_847698,Mid-Level Data Scientist,Confidential Survey Participant,Mid-Level,4,142299.55796797233,Organizational Salary Survey
SURVEY_489652,Mid-Level Project Manager,Confidential Survey Participant,Mid-Level,5,104519.63545322219,Organizational Salary Survey
SURVEY_494106,Junior Data Analyst,Confidential Survey Participant,Junior/Entry,1,59704.337074246716,Organizational Salary Survey
SURVEY_353621,Mid-Level Software Engineer,Confidential Survey Participant,Mid-Level,3,94667.88846155786,Organizational Salary Survey
SURVEY_459596,Senior Software Engineer,Confidential Survey Participant,Senior,8,120924.06784582113,Organizational Salary Survey
SURVEY_168367,Junior Data Engineer,Confidential Survey Participant,Junior/Entry,0,85603.31233892332,Organizational Salary Survey
SURVEY_619185,Mid-Level Software Engineer,Confidential Survey Participant,Mid-Level,4,102754.0901311174,Organizational Salary Survey
SURVEY_103547,Junior Data Analyst,Confidential Survey Participant,Junior/Entry,2,74730.16158924719,Organizational Salary Survey
SURVEY_449053,Mid-Level Software Engineer,Confidential Survey Participant,Mid-Level,3,90765.4619075077,Organizational Salary Survey
SURVEY_905857,Mid-Level Data Analyst,Confidential Survey Participant,Mid-Level,5,103821.1875859651,Organizational Salary Survey
SURVEY_452094,Junior Software Engineer,Confidential Survey Participant,Junior/Entry,1,68307.37548588407,Organizational Salary Survey
SURVEY_976867,Junior Data Scientist,Confidential Survey Participant,Junior/Entry,0,75391.90722830455,Organizational Salary Survey
SURVEY_259318,Junior Software Engineer,Confidential Survey Participant,Junior/Entry,0,58199.84361784035,Organizational Salary Survey
SURVEY_529639,Junior Data Engineer,Confidential Survey Participant,Junior/Entry,2,72653.44244626969,Organizational Salary Survey
SURVEY_163809,Executive Data Engineer,Confidential Survey Participant,Executive/Principal,14,356445.36795625533,Organizational Salary Survey
SURVEY_895428,Executive Data Analyst,Confidential Survey Participant,Executive/Principal,14,204299.27059133427,Organizational Salary Survey
SURVEY_403553,Mid-Level Data Scientist,Confidential Survey Participant,Mid-Level,6,118571.19420500424,Organizational Salary Survey
SURVEY_130019,Mid-Level Software Engineer,Confidential Survey Participant,Mid-Level,5,90382.8736391985,Organizational Salary Survey
SURVEY_540740,Mid-Level Product Manager,Confidential Survey Participant,Mid-Level,6,123915.03694084114,Organizational Salary Survey
SURVEY_657661,Mid-Level Project Manager,Confidential Survey Participant,Mid-Level,4,92260.52080611238,Organizational Salary Survey
SURVEY_718978,Senior Software Engineer,Confidential Survey Participant,Senior,9,148533.5230367143,Organizational Salary Survey
SURVEY_143824,Mid-Level Product Manager,Confidential Survey Participant,Mid-Level,5,145863.4725886431,Organizational Salary Survey
SURVEY_650925,Mid-Level Data Scientist,Confidential Survey Participant,Mid-Level,5,115292.16638247401,Organizational Salary Survey
SURVEY_201329,Mid-Level Data Scientist,Confidential Survey Participant,Mid-Level,4,121561.58025992871,Organizational Salary Survey
SURVEY_301266,Mid-Level Data Scientist,Confidential Survey Participant,Mid-Level,4,141085.16585633968,Organizational Salary Survey
SURVEY_740445,Senior Software Engineer,Confidential Survey Participant,Senior,9,149964.3110027489,Organizational Salary Survey
SURVEY_556657,Mid-Level Data Engineer,Confidential Survey Participant,Mid-Level,5,113275.08918149931,Organizational Salary Survey
SURVEY_885375,Executive Data Engineer,Confidential Survey Participant,Executive/Principal,13,330561.7637506427,Organizational Salary Survey
SURVEY_983480,Mid-Level Data Engineer,Confidential Survey Participant,Mid-Level,5,131858.29652628212,Organizational Salary Survey
SURVEY_330976,Mid-Level Project Manager,Confidential Survey Participant,Mid-Level,5,105690.30310895602,Organizational Salary Survey
SURVEY_857957,Senior Software Engineer,Confidential Survey Participant,Senior,6,137988.13992924866,Organizational Salary Survey
SURVEY_725005,Senior DevOps Engineer,Confidential Survey Participant,Senior,11,200782.68401777427,Organizational Salary Survey
SURVEY_288545,Executive Data Analyst,Confidential Survey Participant,Executive/Principal,10,245462.90955990693,Organizational Salary Survey
SURVEY_869645,Executive Software Engineer,Confidential Survey Participant,Executive/Principal,18,213747.83111305535,Organizational Salary Survey
SURVEY_545896,Senior Project Manager,Confidential Survey Participant,Senior,10,154972.1532524525,Organizational Salary Survey
SURVEY_670794,Senior Data Scientist,Confidential Survey Participant,Senior,8,194338.8534449466,Organizational Salary Survey
SURVEY_570076,Junior Data Engineer,Confidential Survey Participant,Junior/Entry,0,77942.05192537767,Organizational Salary Survey
SURVEY_805619,Senior Data Scientist,Confidential Survey Participant,Senior,10,167781.13590544404,Organizational Salary Survey
SURVEY_118244,Senior Software Engineer,Confidential Survey Participant,Senior,7,153918.1497710142,Organizational Salary Survey
SURVEY_367621,Mid-Level Data Scientist,Confidential Survey Participant,Mid-Level,5,143762.18144599552,Organizational Salary Survey
SURVEY_206816,Senior Software Engineer,Confidential Survey Participant,Senior,7,147639.53472143403,Organizational Salary Survey
SURVEY_830176,Mid-Level Software Engineer,Confidential Survey Participant,Mid-Level,4,99746.1960806417,Organizational Salary Survey
SURVEY_397218,Senior Software Engineer,Confidential Survey Participant,Senior,6,134955.89473079285,Organizational Salary Survey
SURVEY_112522,Mid-Level Data Engineer,Confidential Survey Participant,Mid-Level,3,111733.70211384376,Organizational Salary Survey
SURVEY_737697,Senior Product Manager,Confidential Survey Participant,Senior,7,202558.65512624913,Organizational Salary Survey
SURVEY_857679,Mid-Level Data Analyst,Confidential Survey Participant,Mid-Level,3,87225.63631838451,Organizational Salary Survey
SURVEY_298948,Senior Software Engineer,Confidential Survey Participant,Senior,6,120053.24434855035,Organizational Salary Survey
SURVEY_643915,Mid-Level Data Engineer,Confidential Survey Participant,Mid-Level,4,131600.8535753926,Organizational Salary Survey
SURVEY_854740,Senior Data Scientist,Confidential Survey Participant,Senior,10,189023.71305881045,Organizational Salary Survey
SURVEY_756738,Senior Software Engineer,Confidential Survey Participant,Senior,8,157508.02910853946,Organizational Salary Survey
SURVEY_995466,Mid-Level Data Engineer,Confidential Survey Participant,Mid-Level,5,121284.51011872666,Organizational Salary Survey
SURVEY_226127,Mid-Level Data Analyst,Confidential Survey Participant,Mid-Level,4,89203.52432800742,Organizational Salary Survey
SURVEY_713521,Mid-Level Software Engineer,Confidential Survey Participant,Mid-Level,6,111876.62184861964,Organizational Salary Survey
SURVEY_312609,Mid-Level Data Engineer,Confidential Survey Participant,Mid-Level,4,133707.98117499021,Organizational Salary Survey
SURVEY_955521,Senior Software Engineer,Confidential Survey Participant,Senior,9,148887.0031143766,Organizational Salary Survey
SURVEY_643060,Mid-Level Data Analyst,Confidential Survey Participant,Mid-Level,4,93650.83859209939,Organizational Salary Survey
SURVEY_815281,Mid-Level Data Scientist,Confidential Survey Participant,Mid-Level,5,131613.34824911365,Organizational Salary Survey
SURVEY_682356,Mid-Level Product Manager,Confidential Survey Participant,Mid-Level,6,157191.63379436306,Organizational Salary Survey
SURVEY_653608,Mid-Level Software Engineer,Confidential Survey Participant,Mid-Level,3,109217.91619605159,Organizational Salary Survey
SURVEY_477684,Senior Project Manager,Confidential Survey Participant,Senior,7,124167.44631385784,Organizational Salary Survey
SURVEY_488339,Mid-Level DevOps Engineer,Confidential Survey Participant,Mid-Level,5,112290.62769003777,Organizational Salary Survey
SURVEY_428034,Mid-Level Product Manager,Confidential Survey Participant,Mid-Level,4,141673.1559978833,Organizational Salary Survey
SURVEY_139512,Mid-Level Software Engineer,Confidential Survey Participant,Mid-Level,4,102830.77792415454,Organizational Salary Survey
SURVEY_157554,Junior Software Engineer,Confidential Survey Participant,Junior/Entry,0,71634.69855878559,Organizational Salary Survey
SURVEY_895873,Senior Data Analyst,Confidential Survey Participant,Senior,6,152656.88588537404,Organizational Salary Survey
SURVEY_671537,Mid-Level Project Manager,Confidential Survey Participant,Mid-Level,5,90878.47152782451,Organizational Salary Survey
SURVEY_717716,Executive Data Scientist,Confidential Survey Participant,Executive/Principal,11,272973.10311768646,Organizational Salary Survey
SURVEY_656971,Mid-Level Software Engineer,Confidential Survey Participant,Mid-Level,5,110770.9696206981,Organizational Salary Survey
SURVEY_895228,Mid-Level Software Engineer,Confidential Survey Participant,Mid-Level,5,92308.64880536313,Organizational Salary Survey
SURVEY_105011,Mid-Level Software Engineer,Confidential Survey Participant,Mid-Level,3,97599.49260102703,Organizational Salary Survey
SURVEY_502372,Mid-Level Product Manager,Confidential Survey Participant,Mid-Level,3,130787.38195105693,Organizational Salary Survey
SURVEY_691308,Mid-Level Product Manager,Confidential Survey Participant,Mid-Level,5,152408.58261796707,Organizational Salary Survey
SURVEY_566446,Senior Data Engineer,Confidential Survey Participant,Senior,9,160719.7597950505,Organizational Salary Survey
SURVEY_533294,Mid-Level Project Manager,Confidential Survey Participant,Mid-Level,3,97625.06688515258,Organizational Salary Survey
SURVEY_539252,Junior Data Scientist,Confidential Survey Participant,Junior/Entry,1,83539.00697604446,Organizational Salary Survey
SURVEY_421618,Mid-Level Project Manager,Confidential Survey Participant,Mid-Level,4,107463.4033683462,Organizational Salary Survey
SURVEY_756657,Mid-Level Data Scientist,Confidential Survey Participant,Mid-Level,3,130148.97451399239,Organizational Salary Survey
SURVEY_956497,Senior Software Engineer,Confidential Survey Participant,Senior,8,155255.9404875479,Organizational Salary Survey
SURVEY_324611,Senior Software Engineer,Confidential Survey Participant,Senior,8,152489.6921136438,Organizational Salary Survey
SURVEY_953203,Senior Project Manager,Confidential Survey Participant,Senior,9,138686.42409017618,Organizational Salary Survey
SURVEY_337587,Mid-Level Software Engineer,Confidential Survey Participant,Mid-Level,6,89767.14761531694,Organizational Salary Survey
SURVEY_729835,Senior Software Engineer,Confidential Survey Participant,Senior,11,147410.4156984566,Organizational Salary Survey
SURVEY_823493,Mid-Level Data Engineer,Confidential Survey Participant,Mid-Level,3,129233.94151902225,Organizational Salary Survey
SURVEY_917721,Senior Project Manager,Confidential Survey Participant,Senior,11,135649.91324000267,Organizational Salary Survey
SURVEY_601571,Mid-Level Data Scientist,Confidential Survey Participant,Mid-Level,6,130213.95876393144,Organizational Salary Survey
SURVEY_671161,Senior Software Engineer,Confidential Survey Participant,Senior,7,126556.64569810634,Organizational Salary Survey
SURVEY_729244,Junior Data Engineer,Confidential Survey Participant,Junior/Entry,1,98911.015663325,Organizational Salary Survey
SURVEY_197649,Senior Software Engineer,Confidential Survey Participant,Senior,10,152603.62978848343,Organizational Salary Survey
SURVEY_796497,Senior DevOps Engineer,Confidential Survey Participant,Senior,10,199524.06111156597,Organizational Salary Survey
SURVEY_349872,Junior Data Analyst,Confidential Survey Participant,Junior/Entry,0,69447.0671609419,Organizational Salary Survey
SURVEY_260139,Mid-Level Project Manager,Confidential Survey Participant,Mid-Level,5,111514.44196033604,Organizational Salary Survey
SURVEY_473194,Mid-Level Data Engineer,Confidential Survey Participant,Mid-Level,4,135759.75778444367,Organizational Salary Survey
SURVEY_426359,Mid-Level Data Analyst,Confidential Survey Participant,Mid-Level,3,94431.30836281409,Organizational Salary Survey
SURVEY_876965,Mid-Level Product Manager,Confidential Survey Participant,Mid-Level,4,127406.10738308045,Organizational Salary Survey
SURVEY_671687,Mid-Level Product Manager,Confidential Survey Participant,Mid-Level,5,157968.6475530665,Organizational Salary Survey
SURVEY_859305,Mid-Level Data Analyst,Confidential Survey Participant,Mid-Level,5,102734.00556985284,Organizational Salary Survey
SURVEY_123075,Senior Project Manager,Confidential Survey Participant,Senior,8,149985.0179314474,Organizational Salary Survey
SURVEY_901216,Junior Project Manager,Confidential Survey Participant,Junior/Entry,1,69908.31560703024,Organizational Salary Survey
SURVEY_401530,Mid-Level Software Engineer,Confidential Survey Participant,Mid-Level,6,104922.41603045163,Organizational Salary Survey
SURVEY_872736,Executive Project Manager,Confidential Survey Participant,Executive/Principal,12,198247.36033810442,Organizational Salary Survey
SURVEY_284418,Mid-Level Software Engineer,Confidential Survey Participant,Mid-Level,6,85725.07648884828,Organizational Salary Survey
SURVEY_475341,Mid-Level DevOps Engineer,Confidential Survey Participant,Mid-Level,6,108546.24318646842,Organizational Salary Survey
SURVEY_476358,Mid-Level Project Manager,Confidential Survey Participant,Mid-Level,4,108236.08843871318,Organizational Salary Survey
SURVEY_339893,Junior DevOps Engineer,Confidential Survey Participant,Junior/Entry,2,90128.9062236505,Organizational Salary Survey
SURVEY_700540,Junior Data Analyst,Confidential Survey Participant,Junior/Entry,2,71754.41380936657,Organizational Salary Survey
SURVEY_742431,Mid-Level Data Scientist,Confidential Survey Participant,Mid-Level,6,129831.57401471211,Organizational Salary Survey
SURVEY_348236,Mid-Level Data Engineer,Confidential Survey Participant,Mid-Level,3,140061.91237427338,Organizational Salary Survey
SURVEY_804669,Mid-Level Software Engineer,Confidential Survey Participant,Mid-Level,3,107904.95423693092,Organizational Salary Survey
SURVEY_652890,Mid-Level Data Scientist,Confidential Survey Participant,Mid-Level,4,125606.35146647382,Organizational Salary Survey
SURVEY_924899,Executive DevOps Engineer,Confidential Survey Participant,Executive/Principal,17,272013.96949584363,Organizational Salary Survey
SURVEY_762542,Senior Data Analyst,Confidential Survey Participant,Senior,6,133740.11259957802,Organizational Salary Survey
SURVEY_660290,Junior Product Manager,Confidential Survey Participant,Junior/Entry,1,98475.78936838634,Organizational Salary Survey
SURVEY_341393,Executive Data Engineer,Confidential Survey Participant,Executive/Principal,13,322974.9046280768,Organizational Salary Survey
SURVEY_751012,Executive Product Manager,Confidential Survey Participant,Executive/Principal,10,263624.8174072578,Organizational Salary Survey
SURVEY_141898,Mid-Level Project Manager,Confidential Survey Participant,Mid-Level,5,87173.34867497123,Organizational Salary Survey
SURVEY_939899,Mid-Level DevOps Engineer,Confidential Survey Participant,Mid-Level,5,122641.23046880201,Organizational Salary Survey
SURVEY_180531,Senior Data Engineer,Confidential Survey Participant,Senior,10,174420.30569214982,Organizational Salary Survey
SURVEY_206232,Mid-Level Software Engineer,Confidential Survey Participant,Mid-Level,6,90092.58469412336,Organizational Salary Survey
SURVEY_288912,Executive Software Engineer,Confidential Survey Participant,Executive/Principal,10,243347.08365482592,Organizational Salary Survey
SURVEY_331633,Mid-Level Product Manager,Confidential Survey Participant,Mid-Level,4,150787.3745730913,Organizational Salary Survey
SURVEY_948551,Mid-Level Data Scientist,Confidential Survey Participant,Mid-Level,3,110171.17509920007,Organizational Salary Survey
SURVEY_449584,Mid-Level Data Scientist,Confidential Survey Participant,Mid-Level,6,140593.8486055152,Organizational Salary Survey
SURVEY_984661,Senior Data Scientist,Confidential Survey Participant,Senior,9,197783.69956116803,Organizational Salary Survey
SURVEY_174961,Executive Software Engineer,Confidential Survey Participant,Executive/Principal,18,200649.7597947139,Organizational Salary Survey
SURVEY_272756,Mid-Level Data Analyst,Confidential Survey Participant,Mid-Level,6,111899.01216313263,Organizational Salary Survey
SURVEY_682458,Junior Data Analyst,Confidential Survey Participant,Junior/Entry,1,68413.87237511174,Organizational Salary Survey
SURVEY_201096,Mid-Level Software Engineer,Confidential Survey Participant,Mid-Level,3,110677.61837883451,Organizational Salary Survey
SURVEY_452092,Senior DevOps Engineer,Confidential Survey Participant,Senior,11,154956.12332099755,Organizational Salary Survey
SURVEY_314735,Senior Software Engineer,Confidential Survey Participant,Senior,8,132926.39702456346,Organizational Salary Survey
SURVEY_453209,Senior Project Manager,Confidential Survey Participant,Senior,6,159095.45806298088,Organizational Salary Survey
SURVEY_391392,Mid-Level Data Analyst,Confidential Survey Participant,Mid-Level,4,105672.31440051798,Organizational Salary Survey
SURVEY_886354,Junior Product Manager,Confidential Survey Participant,Junior/Entry,1,89212.42804805159,Organizational Salary Survey
SURVEY_266176,Executive Software Engineer,Confidential Survey Participant,Executive/Principal,19,203463.05367671567,Organizational Salary Survey
SURVEY_735357,Executive DevOps Engineer,Confidential Survey Participant,Executive/Principal,17,344197.9256700027,Organizational Salary Survey
SURVEY_536100,Senior Software Engineer,Confidential Survey Participant,Senior,9,156558.42531007473,Organizational Salary Survey
SURVEY_103684,Junior Data Scientist,Confidential Survey Participant,Junior/Entry,1,95095.24190424562,Organizational Salary Survey
SURVEY_680026,Executive Product Manager,Confidential Survey Participant,Executive/Principal,19,333754.9991888726,Organizational Salary Survey
SURVEY_227752,Junior Data Scientist,Confidential Survey Participant,Junior/Entry,1,90860.21176285784,Organizational Salary Survey
SURVEY_809639,Mid-Level Data Scientist,Confidential Survey Participant,Mid-Level,5,129276.81269311985,Organizational Salary Survey
SURVEY_801192,Junior Product Manager,Confidential Survey Participant,Junior/Entry,1,98405.69175822337,Organizational Salary Survey
SURVEY_458447,Senior Data Engineer,Confidential Survey Participant,Senior,6,175436.77107844185,Organizational Salary Survey
SURVEY_978048,Junior Software Engineer,Confidential Survey Participant,Junior/Entry,2,57914.15243457922,Organizational Salary Survey
SURVEY_888635,Senior Data Analyst,Confidential Survey Participant,Senior,6,157347.0203108085,Organizational Salary Survey
SURVEY_303867,Senior Data Engineer,Confidential Survey Participant,Senior,8,187406.5408074979,Organizational Salary Survey
SURVEY_438503,Mid-Level Data Scientist,Confidential Survey Participant,Mid-Level,5,142087.0857047821,Organizational Salary Survey
SURVEY_527201,Mid-Level Data Engineer,Confidential Survey Participant,Mid-Level,3,131419.00932030557,Organizational Salary Survey
SURVEY_340370,Junior Data Analyst,Confidential Survey Participant,Junior/Entry,0,74981.40188811306,Organizational Salary Survey
SURVEY_704953,Senior DevOps Engineer,Confidential Survey Participant,Senior,6,184579.7627887612,Organizational Salary Survey
SURVEY_404427,Junior Data Scientist,Confidential Survey Participant,Junior/Entry,1,80118.14428603019,Organizational Salary Survey
SURVEY_449412,Mid-Level Software Engineer,Confidential Survey Participant,Mid-Level,6,99092.4669961649,Organizational Salary Survey
SURVEY_228728,Mid-Level Product Manager,Confidential Survey Participant,Mid-Level,5,152166.72131256264,Organizational Salary Survey
SURVEY_150428,Junior Data Scientist,Confidential Survey Participant,Junior/Entry,0,73053.42086944872,Organizational Salary Survey
SURVEY_771881,Mid-Level Data Analyst,Confidential Survey Participant,Mid-Level,6,93492.99212475786,Organizational Salary Survey
SURVEY_534717,Mid-Level Data Analyst,Confidential Survey Participant,Mid-Level,3,94245.77691055479,Organizational Salary Survey
SURVEY_775453,Senior Product Manager,Confidential Survey Participant,Senior,11,207876.98773130172,Organizational Salary Survey
SURVEY_263289,Senior Software Engineer,Confidential Survey Participant,Senior,6,157516.84549090613,Organizational Salary Survey
SURVEY_560348,Senior Data Analyst,Confidential Survey Participant,Senior,10,148144.26610230625,Organizational Salary Survey
SURVEY_761039,Senior Software Engineer,Confidential Survey Participant,Senior,9,140724.67331782187,Organizational Salary Survey
SURVEY_825491,Mid-Level Software Engineer,Confidential Survey Participant,Mid-Level,3,84687.62504978722,Organizational Salary Survey
SURVEY_897467,Junior Data Analyst,Confidential Survey Participant,Junior/Entry,0,74221.28729695876,Organizational Salary Survey
SURVEY_712544,Senior Project Manager,Confidential Survey Participant,Senior,7,152671.9721115553,Organizational Salary Survey
SURVEY_724068,Mid-Level Data Scientist,Confidential Survey Participant,Mid-Level,4,117185.03753964372,Organizational Salary Survey
SURVEY_542034,Mid-Level Product Manager,Confidential Survey Participant,Mid-Level,6,126514.8584571695,Organizational Salary Survey
SURVEY_344190,Mid-Level Software Engineer,Confidential Survey Participant,Mid-Level,5,96454.8933506381,Organizational Salary Survey
SURVEY_351856,Executive Software Engineer,Confidential Survey Participant,Executive/Principal,12,184520.95794392002,Organizational Salary Survey
SURVEY_943953,Senior Data Scientist,Confidential Survey Participant,Senior,11,191885.82043179742,Organizational Salary Survey
SURVEY_323819,Senior Data Analyst,Confidential Survey Participant,Senior,10,159687.98472704785,Organizational Salary Survey
SURVEY_717579,Mid-Level Software Engineer,Confidential Survey Participant,Mid-Level,3,110054.21731643612,Organizational Salary Survey
SURVEY_788970,Mid-Level Data Engineer,Confidential Survey Participant,Mid-Level,6,139139.3107406701,Organizational Salary Survey
SURVEY_487312,Mid-Level Data Engineer,Confidential Survey Participant,Mid-Level,6,121715.87108141776,Organizational Salary Survey
SURVEY_359886,Mid-Level Data Analyst,Confidential Survey Participant,Mid-Level,5,95977.58363937994,Organizational Salary Survey
SURVEY_205749,Senior Software Engineer,Confidential Survey Participant,Senior,11,153881.71611570468,Organizational Salary Survey
SURVEY_681311,Senior Data Engineer,Confidential Survey Participant,Senior,7,176652.41498344045,Organizational Salary Survey
SURVEY_217765,Junior Data Scientist,Confidential Survey Participant,Junior/Entry,1,84458.0349562004,Organizational Salary Survey
SURVEY_408168,Senior Product Manager,Confidential Survey Participant,Senior,8,226114.86339005057,Organizational Salary Survey
SURVEY_836858,Executive Data Analyst,Confidential Survey Participant,Executive/Principal,11,252484.33987380957,Organizational Salary Survey
SURVEY_214732,Mid-Level Data Scientist,Confidential Survey Participant,Mid-Level,5,132845.61989956006,Organizational Salary Survey
SURVEY_226331,Executive Data Engineer,Confidential Survey Participant,Executive/Principal,18,321958.0270020881,Organizational Salary Survey
SURVEY_226151,Executive Product Manager,Confidential Survey Participant,Executive/Principal,13,321485.0236559404,Organizational Salary Survey
SURVEY_950808,Mid-Level Software Engineer,Confidential Survey Participant,Mid-Level,4,102797.87711022973,Organizational Salary Survey
SURVEY_972867,Junior DevOps Engineer,Confidential Survey Participant,Junior/Entry,1,80723.3503988487,Organizational Salary Survey
SURVEY_360132,Mid-Level Data Scientist,Confidential Survey Participant,Mid-Level,3,139024.50450802344,Organizational Salary Survey
SURVEY_122124,Junior Product Manager,Confidential Survey Participant,Junior/Entry,1,90616.1690738393,Organizational Salary Survey
SURVEY_527163,Mid-Level Data Scientist,Confidential Survey Participant,Mid-Level,6,114895.77225815061,Organizational Salary Survey
SURVEY_309811,Executive Data Engineer,Confidential Survey Participant,Executive/Principal,17,352793.8525899316,Organizational Salary Survey
SURVEY_413970,Mid-Level Software Engineer,Confidential Survey Participant,Mid-Level,3,103666.41822984006,Organizational Salary Survey
SURVEY_691156,Mid-Level Software Engineer,Confidential Survey Participant,Mid-Level,5,106320.35920032837,Organizational Salary Survey
SURVEY_474311,Junior Software Engineer,Confidential Survey Participant,Junior/Entry,2,64443.32335526614,Organizational Salary Survey
SURVEY_701120,Mid-Level Data Analyst,Confidential Survey Participant,Mid-Level,4,86528.58170333524,Organizational Salary Survey
SURVEY_949309,Senior Data Engineer,Confidential Survey Participant,Senior,11,191824.70725956504,Organizational Salary Survey
SURVEY_590917,Senior Product Manager,Confidential Survey Participant,Senior,9,206002.58489783868,Organizational Salary Survey
SURVEY_501929,Senior Data Engineer,Confidential Survey Participant,Senior,11,164876.46146209177,Organizational Salary Survey
SURVEY_236708,Mid-Level Product Manager,Confidential Survey Participant,Mid-Level,5,123761.60239556839,Organizational Salary Survey
SURVEY_694337,Senior Data Engineer,Confidential Survey Participant,Senior,11,183859.52225513748,Organizational Salary Survey
SURVEY_749388,Junior Software Engineer,Confidential Survey Participant,Junior/Entry,1,63798.901347810315,Organizational Salary Survey
SURVEY_276919,Mid-Level Project Manager,Confidential Survey Participant,Mid-Level,3,89058.85837155957,Organizational Salary Survey
SURVEY_790559,Senior Software Engineer,Confidential Survey Participant,Senior,7,144287.1719644289,Organizational Salary Survey
SURVEY_669423,Senior Data Engineer,Confidential Survey Participant,Senior,11,204707.99315146042,Organizational Salary Survey
SURVEY_785372,Junior Software Engineer,Confidential Survey Participant,Junior/Entry,1,70178.83047231572,Organizational Salary Survey
SURVEY_927024,Senior DevOps Engineer,Confidential Survey Participant,Senior,6,178804.69180075047,Organizational Salary Survey
SURVEY_690923,Junior Product Manager,Confidential Survey Participant,Junior/Entry,2,91073.72441044175,Organizational Salary Survey
SURVEY_326718,Senior DevOps Engineer,Confidential Survey Participant,Senior,11,158672.08064738984,Organizational Salary Survey
SURVEY_649939,Junior Project Manager,Confidential Survey Participant,Junior/Entry,1,61688.75367578387,Organizational Salary Survey
SURVEY_557271,Junior Product Manager,Confidential Survey Participant,Junior/Entry,2,104734.80538515825,Organizational Salary Survey
SURVEY_669274,Executive Product Manager,Confidential Survey Participant,Executive/Principal,15,350435.410336413,Organizational Salary Survey
SURVEY_957114,Junior Software Engineer,Confidential Survey Participant,Junior/Entry,0,72229.12356036546,Organizational Salary Survey
SURVEY_553873,Senior DevOps Engineer,Confidential Survey Participant,Senior,8,164503.2874902703,Organizational Salary Survey
SURVEY_276492,Junior Data Engineer,Confidential Survey Participant,Junior/Entry,1,77297.15250228153,Organizational Salary Survey
SURVEY_347135,Junior Software Engineer,Confidential Survey Participant,Junior/Entry,1,74851.22401605659,Organizational Salary Survey
SURVEY_336854,Senior Data Analyst,Confidential Survey Participant,Senior,11,144819.18752649182,Organizational Salary Survey
SURVEY_380735,Mid-Level Data Engineer,Confidential Survey Participant,Mid-Level,3,129875.89565685538,Organizational Salary Survey
SURVEY_174462,Senior Software Engineer,Confidential Survey Participant,Senior,11,132624.73522368062,Organizational Salary Survey
SURVEY_833627,Senior Software Engineer,Confidential Survey Participant,Senior,6,134726.97565711988,Organizational Salary Survey
SURVEY_523931,Senior Project Manager,Confidential Survey Participant,Senior,11,147122.11819394256,Organizational Salary Survey
SURVEY_141641,Junior Software Engineer,Confidential Survey Participant,Junior/Entry,1,70077.89106059087,Organizational Salary Survey
SURVEY_828355,Junior Software Engineer,Confidential Survey Participant,Junior/Entry,2,57927.31919408601,Organizational Salary Survey
SURVEY_649799,Executive Data Engineer,Confidential Survey Participant,Executive/Principal,15,311342.8218606325,Organizational Salary Survey
SURVEY_664011,Mid-Level Data Analyst,Confidential Survey Participant,Mid-Level,5,86715.36574709242,Organizational Salary Survey
SURVEY_141608,Junior Data Scientist,Confidential Survey Participant,Junior/Entry,2,82273.22183928361,Organizational Salary Survey
SURVEY_725857,Senior Software Engineer,Confidential Survey Participant,Senior,9,156583.49905473358,Organizational Salary Survey
SURVEY_214609,Senior Data Analyst,Confidential Survey Participant,Senior,6,125959.89740755036,Organizational Salary Survey
SURVEY_199414,Executive Data Engineer,Confidential Survey Participant,Executive/Principal,14,301342.20089898194,Organizational Salary Survey
SURVEY_228957,Senior Software Engineer,Confidential Survey Participant,Senior,8,138047.32142780465,Organizational Salary Survey
SURVEY_346834,Mid-Level Software Engineer,Confidential Survey Participant,Mid-Level,6,101084.00777877179,Organizational Salary Survey
SURVEY_440237,Mid-Level Data Engineer,Confidential Survey Participant,Mid-Level,3,121535.09212510062,Organizational Salary Survey
SURVEY_525036,Junior DevOps Engineer,Confidential Survey Participant,Junior/Entry,1,91709.312262076,Organizational Salary Survey
SURVEY_115677,Mid-Level DevOps Engineer,Confidential Survey Participant,Mid-Level,6,142780.99733251552,Organizational Salary Survey
SURVEY_459004,Senior Software Engineer,Confidential Survey Participant,Senior,10,134869.90449052714,Organizational Salary Survey
SURVEY_615315,Mid-Level Data Scientist,Confidential Survey Participant,Mid-Level,6,108931.34708630118,Organizational Salary Survey
SURVEY_906924,Mid-Level Data Engineer,Confidential Survey Participant,Mid-Level,3,129872.74364682734,Organizational Salary Survey
SURVEY_615034,Mid-Level Data Engineer,Confidential Survey Participant,Mid-Level,6,130584.384557751,Organizational Salary Survey
SURVEY_809512,Junior Data Engineer,Confidential Survey Participant,Junior/Entry,2,77435.65142100913,Organizational Salary Survey
SURVEY_590934,Mid-Level Software Engineer,Confidential Survey Participant,Mid-Level,3,92809.66238895999,Organizational Salary Survey
SURVEY_656497,Mid-Level Data Engineer,Confidential Survey Participant,Mid-Level,4,126210.28498571667,Organizational Salary Survey
SURVEY_335305,Executive Data Engineer,Confidential Survey Participant,Executive/Principal,18,349221.9112926372,Organizational Salary Survey
SURVEY_264516,Mid-Level Software Engineer,Confidential Survey Participant,Mid-Level,5,100533.45868877381,Organizational Salary Survey
SURVEY_463903,Senior Software Engineer,Confidential Survey Participant,Senior,6,122164.27950664159,Organizational Salary Survey
SURVEY_239150,Executive Data Analyst,Confidential Survey Participant,Executive/Principal,12,197275.95242751733,Organizational Salary Survey
SURVEY_600641,Mid-Level Data Analyst,Confidential Survey Participant,Mid-Level,3,86146.56242436811,Organizational Salary Survey
SURVEY_835288,Senior Data Scientist,Confidential Survey Participant,Senior,6,155053.1605834101,Organizational Salary Survey
SURVEY_419249,Senior Data Engineer,Confidential Survey Participant,Senior,11,163204.43531191544,Organizational Salary Survey
SURVEY_318578,Executive Software Engineer,Confidential Survey Participant,Executive/Principal,12,217597.98418733978,Organizational Salary Survey
SURVEY_157544,Junior Software Engineer,Confidential Survey Participant,Junior/Entry,0,56348.43164057565,Organizational Salary Survey
SURVEY_636598,Mid-Level Data Analyst,Confidential Survey Participant,Mid-Level,6,99303.16771756393,Organizational Salary Survey
SURVEY_419970,Junior Data Engineer,Confidential Survey Participant,Junior/Entry,1,90048.66750419569,Organizational Salary Survey
SURVEY_897540,Senior Project Manager,Confidential Survey Participant,Senior,6,129197.13034094172,Organizational Salary Survey
SURVEY_599790,Junior Data Engineer,Confidential Survey Participant,Junior/Entry,1,91780.27775826593,Organizational Salary Survey
SURVEY_870568,Junior Software Engineer,Confidential Survey Participant,Junior/Entry,0,61080.75373430995,Organizational Salary Survey
SURVEY_229462,Junior Data Analyst,Confidential Survey Participant,Junior/Entry,1,61834.745417790145,Organizational Salary Survey
SURVEY_985671,Mid-Level Software Engineer,Confidential Survey Participant,Mid-Level,5,90340.64022422851,Organizational Salary Survey
SURVEY_417602,Mid-Level Software Engineer,Confidential Survey Participant,Mid-Level,3,111352.03779819825,Organizational Salary Survey
SURVEY_354381,Mid-Level Data Engineer,Confidential Survey Participant,Mid-Level,4,140955.96826618738,Organizational Salary Survey
SURVEY_586054,Junior Data Scientist,Confidential Survey Participant,Junior/Entry,2,80855.8112728473,Organizational Salary Survey
SURVEY_663117,Mid-Level Product Manager,Confidential Survey Participant,Mid-Level,5,146782.06342813512,Organizational Salary Survey
SURVEY_731184,Mid-Level Data Scientist,Confidential Survey Participant,Mid-Level,5,139446.26501465,Organizational Salary Survey
SURVEY_238089,Mid-Level Software Engineer,Confidential Survey Participant,Mid-Level,6,110860.00348391771,Organizational Salary Survey
SURVEY_296524,Senior Software Engineer,Confidential Survey Participant,Senior,11,131910.39613052417,Organizational Salary Survey
SURVEY_929051,Mid-Level Software Engineer,Confidential Survey Participant,Mid-Level,5,92530.05504030631,Organizational Salary Survey
SURVEY_261422,Junior Project Manager,Confidential Survey Participant,Junior/Entry,1,73128.26448208389,Organizational Salary Survey
SURVEY_366761,Executive Data Scientist,Confidential Survey Participant,Executive/Principal,17,244695.50346975628,Organizational Salary Survey
SURVEY_133844,Executive Data Engineer,Confidential Survey Participant,Executive/Principal,19,241089.5323420596,Organizational Salary Survey
SURVEY_173601,Mid-Level Product Manager,Confidential Survey Participant,Mid-Level,4,137450.54711716526,Organizational Salary Survey
SURVEY_607233,Senior Software Engineer,Confidential Survey Participant,Senior,8,158572.26991134413,Organizational Salary Survey
SURVEY_845782,Junior Software Engineer,Confidential Survey Participant,Junior/Entry,1,71098.00105670773,Organizational Salary Survey
SURVEY_429848,Senior Product Manager,Confidential Survey Participant,Senior,9,194373.30558257978,Organizational Salary Survey
SURVEY_413470,Mid-Level Software Engineer,Confidential Survey Participant,Mid-Level,4,97416.62394052066,Organizational Salary Survey
SURVEY_411924,Mid-Level Data Engineer,Confidential Survey Participant,Mid-Level,4,114239.17342498997,Organizational Salary Survey
SURVEY_462997,Junior Software Engineer,Confidential Survey Participant,Junior/Entry,1,76621.86246416891,Organizational Salary Survey
SURVEY_380051,Senior Data Scientist,Confidential Survey Participant,Senior,10,159407.82954992415,Organizational Salary Survey
SURVEY_941075,Mid-Level Data Analyst,Confidential Survey Participant,Mid-Level,3,110675.09959768635,Organizational Salary Survey
SURVEY_510739,Executive DevOps Engineer,Confidential Survey Participant,Executive/Principal,19,350074.9676844201,Organizational Salary Survey
SURVEY_616043,Mid-Level Software Engineer,Confidential Survey Participant,Mid-Level,5,99138.96485547921,Organizational Salary Survey
SURVEY_332610,Mid-Level Data Scientist,Confidential Survey Participant,Mid-Level,4,128760.47450933023,Organizational Salary Survey
SURVEY_792911,Mid-Level Software Engineer,Confidential Survey Participant,Mid-Level,3,84601.5766658497,Organizational Salary Survey
SURVEY_959884,Senior Software Engineer,Confidential Survey Participant,Senior,8,154906.56895738668,Organizational Salary Survey
SURVEY_773016,Mid-Level Data Analyst,Confidential Survey Participant,Mid-Level,6,111731.68870242039,Organizational Salary Survey
SURVEY_495722,Mid-Level Product Manager,Confidential Survey Participant,Mid-Level,6,144678.54620365272,Organizational Salary Survey
SURVEY_532059,Mid-Level Software Engineer,Confidential Survey Participant,Mid-Level,4,99259.27223137746,Organizational Salary Survey
SURVEY_968785,Mid-Level Product Manager,Confidential Survey Participant,Mid-Level,4,135333.538617727,Organizational Salary Survey
SURVEY_367763,Mid-Level Software Engineer,Confidential Survey Participant,Mid-Level,3,103487.6978995373,Organizational Salary Survey
SURVEY_402938,Senior Software Engineer,Confidential Survey Participant,Senior,9,153542.96995393938,Organizational Salary Survey
SURVEY_100654,Senior Software Engineer,Confidential Survey Participant,Senior,7,126040.45780251449,Organizational Salary Survey
SURVEY_431823,Junior Software Engineer,Confidential Survey Participant,Junior/Entry,0,72823.51128622737,Organizational Salary Survey
SURVEY_777125,Mid-Level Data Analyst,Confidential Survey Participant,Mid-Level,4,105191.65821179334,Organizational Salary Survey
SURVEY_532172,Senior Software Engineer,Confidential Survey Participant,Senior,7,120469.05602902666,Organizational Salary Survey
SURVEY_730823,Junior Data Analyst,Confidential Survey Participant,Junior/Entry,0,59965.12462667489,Organizational Salary Survey
SURVEY_270998,Mid-Level Data Scientist,Confidential Survey Participant,Mid-Level,5,128516.51733842646,Organizational Salary Survey
SURVEY_630113,Mid-Level Data Analyst,Confidential Survey Participant,Mid-Level,5,107680.90456836838,Organizational Salary Survey
SURVEY_118651,Senior Software Engineer,Confidential Survey Participant,Senior,8,128069.02819415895,Organizational Salary Survey
SURVEY_131499,Junior Data Engineer,Confidential Survey Participant,Junior/Entry,1,79923.22846271138,Organizational Salary Survey
SURVEY_632448,Mid-Level Project Manager,Confidential Survey Participant,Mid-Level,6,85110.76919292168,Organizational Salary Survey
SURVEY_705070,Mid-Level DevOps Engineer,Confidential Survey Participant,Mid-Level,5,143882.2300462853,Organizational Salary Survey
SURVEY_360428,Junior Data Engineer,Confidential Survey Participant,Junior/Entry,1,84914.18023595716,Organizational Salary Survey
SURVEY_586793,Mid-Level Software Engineer,Confidential Survey Participant,Mid-Level,3,101323.63302885622,Organizational Salary Survey
SURVEY_517018,Mid-Level Data Analyst,Confidential Survey Participant,Mid-Level,5,92826.34231392719,Organizational Salary Survey
SURVEY_637660,Senior Data Engineer,Confidential Survey Participant,Senior,6,180221.32500230236,Organizational Salary Survey
SURVEY_788775,Executive Software Engineer,Confidential Survey Participant,Executive/Principal,16,258717.36321177217,Organizational Salary Survey
SURVEY_508703,Mid-Level Data Scientist,Confidential Survey Participant,Mid-Level,3,126721.21937495416,Organizational Salary Survey
SURVEY_625866,Executive Data Analyst,Confidential Survey Participant,Executive/Principal,17,202831.63437641054,Organizational Salary Survey
SURVEY_534434,Executive Data Scientist,Confidential Survey Participant,Executive/Principal,15,348152.0694716349,Organizational Salary Survey
SURVEY_531407,Mid-Level Data Analyst,Confidential Survey Participant,Mid-Level,3,90291.75713229392,Organizational Salary Survey
SURVEY_598103,Junior Product Manager,Confidential Survey Participant,Junior/Entry,0,87740.3687647188,Organizational Salary Survey
SURVEY_689029,Senior Data Analyst,Confidential Survey Participant,Senior,9,150307.3060007022,Organizational Salary Survey
SURVEY_926080,Junior Data Scientist,Confidential Survey Participant,Junior/Entry,2,89122.99533791943,Organizational Salary Survey
SURVEY_725069,Junior Data Engineer,Confidential Survey Participant,Junior/Entry,1,72197.44998623691,Organizational Salary Survey
SURVEY_825423,Mid-Level Software Engineer,Confidential Survey Participant,Mid-Level,6,98481.28223783843,Organizational Salary Survey
SURVEY_172931,Senior Data Analyst,Confidential Survey Participant,Senior,6,127639.58404034819,Organizational Salary Survey
SURVEY_446465,Executive Project Manager,Confidential Survey Participant,Executive/Principal,16,268658.3120799153,Organizational Salary Survey
SURVEY_885920,Mid-Level Data Analyst,Confidential Survey Participant,Mid-Level,6,89921.26965189153,Organizational Salary Survey
SURVEY_297172,Mid-Level Data Scientist,Confidential Survey Participant,Mid-Level,3,138617.5870985615,Organizational Salary Survey
SURVEY_803826,Junior Project Manager,Confidential Survey Participant,Junior/Entry,1,73614.3676596046,Organizational Salary Survey
SURVEY_590742,Mid-Level Project Manager,Confidential Survey Participant,Mid-Level,5,93522.42367804605,Organizational Salary Survey
SURVEY_354706,Mid-Level Data Analyst,Confidential Survey Participant,Mid-Level,3,91729.05992111347,Organizational Salary Survey
SURVEY_409373,Junior Software Engineer,Confidential Survey Participant,Junior/Entry,1,65575.44678317235,Organizational Salary Survey
SURVEY_237623,Senior Data Scientist,Confidential Survey Participant,Senior,11,170960.7222139472,Organizational Salary Survey
SURVEY_815952,Mid-Level Data Engineer,Confidential Survey Participant,Mid-Level,4,118332.76242649682,Organizational Salary Survey
SURVEY_372135,Mid-Level Data Scientist,Confidential Survey Participant,Mid-Level,6,122926.76549512285,Organizational Salary Survey
SURVEY_846965,Junior DevOps Engineer,Confidential Survey Participant,Junior/Entry,0,85975.69736548074,Organizational Salary Survey
SURVEY_310533,Mid-Level Data Analyst,Confidential Survey Participant,Mid-Level,4,109196.69882994806,Organizational Salary Survey
SURVEY_373597,Junior DevOps Engineer,Confidential Survey Participant,Junior/Entry,1,91369.72719470781,Organizational Salary Survey
SURVEY_686952,Junior Project Manager,Confidential Survey Participant,Junior/Entry,2,58080.79023258985,Organizational Salary Survey
SURVEY_865485,Mid-Level DevOps Engineer,Confidential Survey Participant,Mid-Level,5,134562.8674543241,Organizational Salary Survey
SURVEY_893228,Senior Data Analyst,Confidential Survey Participant,Senior,8,131777.61453865486,Organizational Salary Survey
SURVEY_995070,Senior Data Analyst,Confidential Survey Participant,Senior,9,139075.32535368748,Organizational Salary Survey
SURVEY_946673,Mid-Level Software Engineer,Confidential Survey Participant,Mid-Level,5,94509.78571606163,Organizational Salary Survey
SURVEY_719696,Mid-Level Software Engineer,Confidential Survey Participant,Mid-Level,5,98603.78612417681,Organizational Salary Survey
SURVEY_599212,Senior Software Engineer,Confidential Survey Participant,Senior,11,144760.57334877885,Organizational Salary Survey
SURVEY_262510,Senior Software Engineer,Confidential Survey Participant,Senior,11,133866.55796118962,Organizational Salary Survey
SURVEY_474586,Senior Data Scientist,Confidential Survey Participant,Senior,7,206620.91147434866,Organizational Salary Survey
SURVEY_180255,Mid-Level Software Engineer,Confidential Survey Participant,Mid-Level,5,101027.47387664401,Organizational Salary Survey
SURVEY_172395,Executive Data Scientist,Confidential Survey Participant,Executive/Principal,16,285078.6492226006,Organizational Salary Survey
SURVEY_999123,Senior DevOps Engineer,Confidential Survey Participant,Senior,9,184328.00220825532,Organizational Salary Survey
SURVEY_287330,Mid-Level Product Manager,Confidential Survey Participant,Mid-Level,6,135440.9470156014,Organizational Salary Survey
SURVEY_963881,Executive DevOps Engineer,Confidential Survey Participant,Executive/Principal,13,337763.2008304506,Organizational Salary Survey
SURVEY_999533,Mid-Level Data Engineer,Confidential Survey Participant,Mid-Level,4,133690.37965739402,Organizational Salary Survey
SURVEY_998390,Senior Software Engineer,Confidential Survey Participant,Senior,10,138050.47680967598,Organizational Salary Survey
SURVEY_425082,Senior Data Analyst,Confidential Survey Participant,Senior,9,142964.46379420697,Organizational Salary Survey
SURVEY_748996,Mid-Level Product Manager,Confidential Survey Participant,Mid-Level,4,148522.94813871002,Organizational Salary Survey
SURVEY_903359,Junior DevOps Engineer,Confidential Survey Participant,Junior/Entry,1,87984.11561514795,Organizational Salary Survey
SURVEY_833333,Junior Data Scientist,Confidential Survey Participant,Junior/Entry,1,88353.96367971344,Organizational Salary Survey
SURVEY_208304,Senior Data Engineer,Confidential Survey Participant,Senior,9,165529.72621431106,Organizational Salary Survey
SURVEY_763472,Senior Product Manager,Confidential Survey Participant,Senior,6,210924.78864789027,Organizational Salary Survey
SURVEY_936996,Senior Data Scientist,Confidential Survey Participant,Senior,11,157686.65144919488,Organizational Salary Survey
SURVEY_593510,Mid-Level DevOps Engineer,Confidential Survey Participant,Mid-Level,3,116401.33579245134,Organizational Salary Survey
SURVEY_198590,Mid-Level Software Engineer,Confidential Survey Participant,Mid-Level,6,107724.65069100747,Organizational Salary Survey
SURVEY_883663,Mid-Level Data Scientist,Confidential Survey Participant,Mid-Level,3,132595.12182810964,Organizational Salary Survey
SURVEY_222462,Junior Project Manager,Confidential Survey Participant,Junior/Entry,0,76537.33753889399,Organizational Salary Survey
SURVEY_105333,Mid-Level Software Engineer,Confidential Survey Participant,Mid-Level,3,94630.06311685004,Organizational Salary Survey
SURVEY_521937,Mid-Level Data Analyst,Confidential Survey Participant,Mid-Level,3,104461.49149585803,Organizational Salary Survey
SURVEY_363922,Executive Software Engineer,Confidential Survey Participant,Executive/Principal,16,193088.80434007733,Organizational Salary Survey
SURVEY_305295,Senior Data Scientist,Confidential Survey Participant,Senior,10,187519.6956929984,Organizational Salary Survey
SURVEY_227177,Junior Data Engineer,Confidential Survey Participant,Junior/Entry,2,96994.12948206415,Organizational Salary Survey
SURVEY_459786,Mid-Level DevOps Engineer,Confidential Survey Participant,Mid-Level,4,108914.0471861581,Organizational Salary Survey
SURVEY_631448,Senior Data Analyst,Confidential Survey Participant,Senior,6,130876.2487721368,Organizational Salary Survey
SURVEY_691238,Executive Software Engineer,Confidential Survey Participant,Executive/Principal,12,253776.94265695734,Organizational Salary Survey
SURVEY_643720,Executive Project Manager,Confidential Survey Participant,Executive/Principal,10,211587.07159776468,Organizational Salary Survey
SURVEY_270974,Mid-Level Data Scientist,Confidential Survey Participant,Mid-Level,3,123680.79877308283,Organizational Salary Survey
SURVEY_526008,Junior Software Engineer,Confidential Survey Participant,Junior/Entry,1,56057.38322018053,Organizational Salary Survey
SURVEY_992425,Senior Data Scientist,Confidential Survey Participant,Senior,6,166532.25855361094,Organizational Salary Survey
SURVEY_711602,Junior Data Scientist,Confidential Survey Participant,Junior/Entry,1,94082.13164953748,Organizational Salary Survey
SURVEY_671260,Senior Software Engineer,Confidential Survey Participant,Senior,9,151346.9282546971,Organizational Salary Survey
SURVEY_236637,Executive Software Engineer,Confidential Survey Participant,Executive/Principal,17,262398.53833657707,Organizational Salary Survey
SURVEY_466389,Senior Data Analyst,Confidential Survey Participant,Senior,8,148883.6279432284,Organizational Salary Survey
SURVEY_889171,Senior Software Engineer,Confidential Survey Participant,Senior,11,128823.68477173513,Organizational Salary Survey
SURVEY_472337,Mid-Level Data Scientist,Confidential Survey Participant,Mid-Level,3,116244.33304425335,Organizational Salary Survey
SURVEY_679991,Senior Data Scientist,Confidential Survey Participant,Senior,7,180602.95708732997,Organizational Salary Survey
SURVEY_907145,Senior Software Engineer,Confidential Survey Participant,Senior,11,123949.61877354294,Organizational Salary Survey
SURVEY_802719,Junior Project Manager,Confidential Survey Participant,Junior/Entry,1,69807.24779771514,Organizational Salary Survey
SURVEY_177960,Senior DevOps Engineer,Confidential Survey Participant,Senior,10,180609.90042045366,Organizational Salary Survey
SURVEY_996193,Junior Software Engineer,Confidential Survey Participant,Junior/Entry,2,64281.26925339696,Organizational Salary Survey
SURVEY_524199,Mid-Level Software Engineer,Confidential Survey Participant,Mid-Level,6,89244.4673194334,Organizational Salary Survey
SURVEY_476476,Executive Data Scientist,Confidential Survey Participant,Executive/Principal,10,327462.1043775177,Organizational Salary Survey
SURVEY_408121,Junior Data Engineer,Confidential Survey Participant,Junior/Entry,0,85198.16520700837,Organizational Salary Survey
SURVEY_420025,Executive Software Engineer,Confidential Survey Participant,Executive/Principal,18,224312.0396383548,Organizational Salary Survey
SURVEY_949177,Mid-Level Software Engineer,Confidential Survey Participant,Mid-Level,6,90819.6304573509,Organizational Salary Survey
SURVEY_439046,Mid-Level Data Engineer,Confidential Survey Participant,Mid-Level,5,123605.53170471682,Organizational Salary Survey
SURVEY_985039,Senior Software Engineer,Confidential Survey Participant,Senior,11,138466.73438772294,Organizational Salary Survey
SURVEY_596722,Senior Data Analyst,Confidential Survey Participant,Senior,7,137345.11606933235,Organizational Salary Survey
SURVEY_157192,Mid-Level Data Scientist,Confidential Survey Participant,Mid-Level,5,143146.49757640925,Organizational Salary Survey
SURVEY_845302,Senior Product Manager,Confidential Survey Participant,Senior,6,198201.2993348429,Organizational Salary Survey
SURVEY_195413,Junior Data Scientist,Confidential Survey Participant,Junior/Entry,1,74601.51316589642,Organizational Salary Survey
SURVEY_704403,Mid-Level Data Scientist,Confidential Survey Participant,Mid-Level,6,143640.3466681947,Organizational Salary Survey
SURVEY_460893,Senior Data Scientist,Confidential Survey Participant,Senior,8,169730.16058720095,Organizational Salary Survey
SURVEY_835886,Mid-Level Product Manager,Confidential Survey Participant,Mid-Level,6,147345.92433667168,Organizational Salary Survey
SURVEY_440786,Senior Software Engineer,Confidential Survey Participant,Senior,11,120643.5235647598,Organizational Salary Survey
SURVEY_383039,Mid-Level Product Manager,Confidential Survey Participant,Mid-Level,3,120003.53765518664,Organizational Salary Survey
SURVEY_298628,Mid-Level Software Engineer,Confidential Survey Participant,Mid-Level,5,106522.65382248528,Organizational Salary Survey
SURVEY_383301,Senior Software Engineer,Confidential Survey Participant,Senior,6,141002.77269284782,Organizational Salary Survey
SURVEY_554015,Junior Software Engineer,Confidential Survey Participant,Junior/Entry,2,60085.322521593014,Organizational Salary Survey
SURVEY_929158,Executive Data Analyst,Confidential Survey Participant,Executive/Principal,17,246978.93819349102,Organizational Salary Survey
SURVEY_881209,Mid-Level Project Manager,Confidential Survey Participant,Mid-Level,5,105700.88133391658,Organizational Salary Survey
SURVEY_484775,Executive Software Engineer,Confidential Survey Participant,Executive/Principal,11,256359.94654735294,Organizational Salary Survey
SURVEY_684033,Mid-Level Product Manager,Confidential Survey Participant,Mid-Level,4,142517.01458509013,Organizational Salary Survey
SURVEY_870478,Mid-Level Software Engineer,Confidential Survey Participant,Mid-Level,3,95866.23180238066,Organizational Salary Survey
SURVEY_541288,Executive Product Manager,Confidential Survey Participant,Executive/Principal,13,353482.28019338805,Organizational Salary Survey
SURVEY_940630,Mid-Level Data Analyst,Confidential Survey Participant,Mid-Level,4,107434.23999749344,Organizational Salary Survey
SURVEY_825552,Senior Software Engineer,Confidential Survey Participant,Senior,9,153450.3096442313,Organizational Salary Survey
SURVEY_199587,Executive Software Engineer,Confidential Survey Participant,Executive/Principal,17,178475.53277128687,Organizational Salary Survey
SURVEY_443151,Senior Data Analyst,Confidential Survey Participant,Senior,8,142078.80380364475,Organizational Salary Survey
SURVEY_775156,Mid-Level Data Analyst,Confidential Survey Participant,Mid-Level,6,111531.71993780087,Organizational Salary Survey
SURVEY_469332,Junior Data Analyst,Confidential Survey Participant,Junior/Entry,1,56632.22040074587,Organizational Salary Survey
SURVEY_970541,Mid-Level Software Engineer,Confidential Survey Participant,Mid-Level,5,110305.50658315765,Organizational Salary Survey
SURVEY_758172,Mid-Level Data Scientist,Confidential Survey Participant,Mid-Level,3,140161.62961521387,Organizational Salary Survey
SURVEY_554771,Mid-Level Product Manager,Confidential Survey Participant,Mid-Level,4,135814.01600240287,Organizational Salary Survey
SURVEY_448650,Senior Data Analyst,Confidential Survey Participant,Senior,10,127708.77729397606,Organizational Salary Survey
SURVEY_882962,Junior Data Engineer,Confidential Survey Participant,Junior/Entry,2,79466.83614884641,Organizational Salary Survey
SURVEY_805858,Mid-Level Project Manager,Confidential Survey Participant,Mid-Level,4,91396.46419522939,Organizational Salary Survey
SURVEY_780754,Executive Software Engineer,Confidential Survey Participant,Executive/Principal,11,276210.34709129104,Organizational Salary Survey
SURVEY_522446,Mid-Level Data Engineer,Confidential Survey Participant,Mid-Level,5,143777.49040765216,Organizational Salary Survey
SURVEY_579788,Mid-Level Data Scientist,Confidential Survey Participant,Mid-Level,4,124129.77567292386,Organizational Salary Survey
SURVEY_514321,Executive Data Analyst,Confidential Survey Participant,Executive/Principal,12,180927.9678094743,Organizational Salary Survey
SURVEY_246136,Mid-Level DevOps Engineer,Confidential Survey Participant,Mid-Level,6,125910.08886291087,Organizational Salary Survey
SURVEY_144151,Senior Product Manager,Confidential Survey Participant,Senior,6,188587.06299473057,Organizational Salary Survey
SURVEY_873909,Mid-Level Product Manager,Confidential Survey Participant,Mid-Level,6,133189.7645805515,Organizational Salary Survey
SURVEY_783657,Mid-Level Data Engineer,Confidential Survey Participant,Mid-Level,6,108607.35311706412,Organizational Salary Survey
SURVEY_704266,Senior Software Engineer,Confidential Survey Participant,Senior,9,159865.49683005115,Organizational Salary Survey
SURVEY_465292,Mid-Level Data Engineer,Confidential Survey Participant,Mid-Level,4,134381.62877653138,Organizational Salary Survey
SURVEY_441311,Senior Software Engineer,Confidential Survey Participant,Senior,9,149392.37504917328,Organizational Salary Survey
SURVEY_611261,Executive Product Manager,Confidential Survey Participant,Executive/Principal,19,276250.2110902513,Organizational Salary Survey
SURVEY_636407,Mid-Level DevOps Engineer,Confidential Survey Participant,Mid-Level,6,129326.44318209546,Organizational Salary Survey
SURVEY_694470,Senior Data Engineer,Confidential Survey Participant,Senior,10,164662.8185246696,Organizational Salary Survey
SURVEY_887559,Mid-Level Product Manager,Confidential Survey Participant,Mid-Level,4,142137.2304781617,Organizational Salary Survey
SURVEY_418695,Senior Software Engineer,Confidential Survey Participant,Senior,9,147167.8447365552,Organizational Salary Survey
SURVEY_574416,Mid-Level Data Analyst,Confidential Survey Participant,Mid-Level,5,110245.75435836804,Organizational Salary Survey
SURVEY_944036,Mid-Level Data Engineer,Confidential Survey Participant,Mid-Level,4,126779.31256345102,Organizational Salary Survey
SURVEY_982552,Executive Data Analyst,Confidential Survey Participant,Executive/Principal,14,192159.78252923785,Organizational Salary Survey
SURVEY_307183,Executive Software Engineer,Confidential Survey Participant,Executive/Principal,11,178013.12596035682,Organizational Salary Survey
SURVEY_161446,Mid-Level Data Analyst,Confidential Survey Participant,Mid-Level,3,90030.17892021664,Organizational Salary Survey
SURVEY_293868,Executive Software Engineer,Confidential Survey Participant,Executive/Principal,11,244420.15487110784,Organizational Salary Survey
SURVEY_109049,Mid-Level Data Scientist,Confidential Survey Participant,Mid-Level,5,122431.58650547765,Organizational Salary Survey
SURVEY_882342,Senior Software Engineer,Confidential Survey Participant,Senior,7,139231.25246772042,Organizational Salary Survey
SURVEY_789484,Mid-Level Product Manager,Confidential Survey Participant,Mid-Level,5,121425.51737217404,Organizational Salary Survey
SURVEY_728402,Mid-Level Software Engineer,Confidential Survey Participant,Mid-Level,3,109995.48005376407,Organizational Salary Survey
SURVEY_457290,Mid-Level DevOps Engineer,Confidential Survey Participant,Mid-Level,5,119548.2634066378,Organizational Salary Survey
SURVEY_428062,Senior Software Engineer,Confidential Survey Participant,Senior,8,129876.71207413325,Organizational Salary Survey
SURVEY_725417,Junior Data Analyst,Confidential Survey Participant,Junior/Entry,2,73514.23087924768,Organizational Salary Survey
SURVEY_572396,Executive Data Analyst,Confidential Survey Participant,Executive/Principal,11,211028.9653918338,Organizational Salary Survey
SURVEY_517673,Executive Software Engineer,Confidential Survey Participant,Executive/Principal,19,255024.53497304738,Organizational Salary Survey
SURVEY_919113,Junior Software Engineer,Confidential Survey Participant,Junior/Entry,0,60774.154726128894,Organizational Salary Survey
SURVEY_359104,Senior Data Analyst,Confidential Survey Participant,Senior,9,159303.8693510289,Organizational Salary Survey
SURVEY_220592,Mid-Level Product Manager,Confidential Survey Participant,Mid-Level,5,125357.43297087672,Organizational Salary Survey
SURVEY_825434,Junior Software Engineer,Confidential Survey Participant,Junior/Entry,0,60880.85323258893,Organizational Salary Survey
SURVEY_335669,Mid-Level Data Scientist,Confidential Survey Participant,Mid-Level,3,130727.54640685585,Organizational Salary Survey
SURVEY_772073,Senior Software Engineer,Confidential Survey Participant,Senior,9,158456.80451492118,Organizational Salary Survey
SURVEY_411283,Mid-Level Data Engineer,Confidential Survey Participant,Mid-Level,4,139372.76312167413,Organizational Salary Survey
SURVEY_720041,Senior Software Engineer,Confidential Survey Participant,Senior,7,135615.64645971122,Organizational Salary Survey
SURVEY_175345,Mid-Level Software Engineer,Confidential Survey Participant,Mid-Level,6,103752.34155075802,Organizational Salary Survey
SURVEY_952655,Junior Data Analyst,Confidential Survey Participant,Junior/Entry,0,56789.11686940422,Organizational Salary Survey
SURVEY_458703,Mid-Level Data Scientist,Confidential Survey Participant,Mid-Level,6,117656.62880392824,Organizational Salary Survey
SURVEY_757931,Senior Data Engineer,Confidential Survey Participant,Senior,11,167016.6611908676,Organizational Salary Survey
SURVEY_116853,Senior Software Engineer,Confidential Survey Participant,Senior,7,135067.64692054907,Organizational Salary Survey
SURVEY_587456,Mid-Level Data Analyst,Confidential Survey Participant,Mid-Level,6,86383.0089293585,Organizational Salary Survey
SURVEY_525852,Junior Data Scientist,Confidential Survey Participant,Junior/Entry,2,83148.39764858995,Organizational Salary Survey
SURVEY_581242,Mid-Level Data Analyst,Confidential Survey Participant,Mid-Level,5,111224.84199162222,Organizational Salary Survey
SURVEY_442264,Senior Data Analyst,Confidential Survey Participant,Senior,8,123535.51699708457,Organizational Salary Survey
SURVEY_796553,Mid-Level Data Scientist,Confidential Survey Participant,Mid-Level,6,117391.94357190693,Organizational Salary Survey
SURVEY_289137,Mid-Level Data Engineer,Confidential Survey Participant,Mid-Level,5,119025.27391109426,Organizational Salary Survey
SURVEY_551578,Mid-Level Data Engineer,Confidential Survey Participant,Mid-Level,4,128190.55818077069,Organizational Salary Survey
SURVEY_926130,Mid-Level Data Engineer,Confidential Survey Participant,Mid-Level,4,136130.62844398274,Organizational Salary Survey
SURVEY_640543,Mid-Level DevOps Engineer,Confidential Survey Participant,Mid-Level,3,123937.52055535922,Organizational Salary Survey
SURVEY_411925,Mid-Level Software Engineer,Confidential Survey Participant,Mid-Level,6,98679.4002227868,Organizational Salary Survey
SURVEY_846672,Junior DevOps Engineer,Confidential Survey Participant,Junior/Entry,0,81203.20928762485,Organizational Salary Survey
SURVEY_288484,Mid-Level Product Manager,Confidential Survey Participant,Mid-Level,6,154577.19976875753,Organizational Salary Survey
SURVEY_162962,Senior Project Manager,Confidential Survey Participant,Senior,9,141301.1251409999,Organizational Salary Survey
SURVEY_172505,Executive Project Manager,Confidential Survey Participant,Executive/Principal,18,247985.23327636695,Organizational Salary Survey
SURVEY_224237,Mid-Level Product Manager,Confidential Survey Participant,Mid-Level,3,143430.23254024005,Organizational Salary Survey
SURVEY_771283,Mid-Level Product Manager,Confidential Survey Participant,Mid-Level,5,148318.00574585082,Organizational Salary Survey
SURVEY_189602,Senior DevOps Engineer,Confidential Survey Participant,Senior,11,183971.83318970655,Organizational Salary Survey
SURVEY_700363,Executive Software Engineer,Confidential Survey Participant,Executive/Principal,18,239576.1620512162,Organizational Salary Survey
SURVEY_363608,Senior DevOps Engineer,Confidential Survey Participant,Senior,7,197058.62859173707,Organizational Salary Survey
SURVEY_331068,Mid-Level Project Manager,Confidential Survey Participant,Mid-Level,5,106332.88750667838,Organizational Salary Survey
SURVEY_590763,Junior Data Scientist,Confidential Survey Participant,Junior/Entry,0,94006.72619384769,Organizational Salary Survey
SURVEY_265108,Executive Product Manager,Confidential Survey Participant,Executive/Principal,17,309004.8582833926,Organizational Salary Survey
SURVEY_341324,Executive Data Engineer,Confidential Survey Participant,Executive/Principal,10,346687.658193487,Organizational Salary Survey
SURVEY_397477,Senior Software Engineer,Confidential Survey Participant,Senior,8,134309.4677288678,Organizational Salary Survey
SURVEY_631563,Mid-Level Software Engineer,Confidential Survey Participant,Mid-Level,6,92957.74920486679,Organizational Salary Survey
SURVEY_196420,Senior Product Manager,Confidential Survey Participant,Senior,6,183474.16965568828,Organizational Salary Survey
SURVEY_324737,Junior Data Engineer,Confidential Survey Participant,Junior/Entry,0,87537.29605151791,Organizational Salary Survey
SURVEY_858392,Mid-Level DevOps Engineer,Confidential Survey Participant,Mid-Level,5,120620.7916551665,Organizational Salary Survey
SURVEY_462411,Mid-Level DevOps Engineer,Confidential Survey Participant,Mid-Level,5,108829.18352602693,Organizational Salary Survey
SURVEY_951091,Executive Software Engineer,Confidential Survey Participant,Executive/Principal,13,234778.62725759682,Organizational Salary Survey
SURVEY_197255,Mid-Level Data Analyst,Confidential Survey Participant,Mid-Level,6,106320.45911417756,Organizational Salary Survey
SURVEY_940765,Junior Software Engineer,Confidential Survey Participant,Junior/Entry,2,65124.557211645486,Organizational Salary Survey
SURVEY_252223,Mid-Level Data Scientist,Confidential Survey Participant,Mid-Level,4,124742.52448809454,Organizational Salary Survey
SURVEY_455962,Mid-Level Software Engineer,Confidential Survey Participant,Mid-Level,6,103784.90681365333,Organizational Salary Survey
SURVEY_590639,Junior Product Manager,Confidential Survey Participant,Junior/Entry,1,93684.64113415893,Organizational Salary Survey
SURVEY_524196,Mid-Level Software Engineer,Confidential Survey Participant,Mid-Level,6,101609.41500674046,Organizational Salary Survey
SURVEY_887536,Mid-Level Data Engineer,Confidential Survey Participant,Mid-Level,3,140224.2549667171,Organizational Salary Survey
SURVEY_881892,Executive Data Analyst,Confidential Survey Participant,Executive/Principal,19,195567.63685047557,Organizational Salary Survey
SURVEY_898680,Junior Data Scientist,Confidential Survey Participant,Junior/Entry,1,92670.43620605844,Organizational Salary Survey
SURVEY_865909,Executive Software Engineer,Confidential Survey Participant,Executive/Principal,18,195640.34057353236,Organizational Salary Survey
SURVEY_141613,Mid-Level Data Scientist,Confidential Survey Participant,Mid-Level,5,129343.39060327933,Organizational Salary Survey
SURVEY_279732,Junior Data Engineer,Confidential Survey Participant,Junior/Entry,1,78798.61720076393,Organizational Salary Survey
SURVEY_246723,Junior Software Engineer,Confidential Survey Participant,Junior/Entry,0,65883.79182176339,Organizational Salary Survey
SURVEY_789867,Junior Data Analyst,Confidential Survey Participant,Junior/Entry,0,70712.24322252406,Organizational Salary Survey
SURVEY_743702,Mid-Level Software Engineer,Confidential Survey Participant,Mid-Level,6,99983.16289738007,Organizational Salary Survey
SURVEY_745363,Senior Data Scientist,Confidential Survey Participant,Senior,11,182665.08613602034,Organizational Salary Survey
SURVEY_314194,Senior Data Analyst,Confidential Survey Participant,Senior,6,144297.17915206004,Organizational Salary Survey
SURVEY_407767,Mid-Level Data Scientist,Confidential Survey Participant,Mid-Level,6,114391.62864790889,Organizational Salary Survey
SURVEY_872960,Executive Data Analyst,Confidential Survey Participant,Executive/Principal,16,217718.22608776452,Organizational Salary Survey
SURVEY_224725,Junior Product Manager,Confidential Survey Participant,Junior/Entry,2,92489.43020857386,Organizational Salary Survey
SURVEY_989899,Mid-Level DevOps Engineer,Confidential Survey Participant,Mid-Level,3,111890.6782925224,Organizational Salary Survey
SURVEY_536962,Junior Software Engineer,Confidential Survey Participant,Junior/Entry,2,58895.28611687104,Organizational Salary Survey
SURVEY_336582,Junior Project Manager,Confidential Survey Participant,Junior/Entry,2,69554.24914981288,Organizational Salary Survey
SURVEY_536569,Mid-Level Data Scientist,Confidential Survey Participant,Mid-Level,3,138347.76099740187,Organizational Salary Survey
SURVEY_264105,Mid-Level Data Analyst,Confidential Survey Participant,Mid-Level,6,102560.9119336115,Organizational Salary Survey
SURVEY_417153,Mid-Level Software Engineer,Confidential Survey Participant,Mid-Level,4,111038.5461704434,Organizational Salary Survey
SURVEY_198734,Mid-Level Data Analyst,Confidential Survey Participant,Mid-Level,3,98170.03660568566,Organizational Salary Survey
SURVEY_526875,Senior Data Engineer,Confidential Survey Participant,Senior,6,171060.14119479907,Organizational Salary Survey
SURVEY_697297,Junior Data Scientist,Confidential Survey Participant,Junior/Entry,0,90953.14640462499,Organizational Salary Survey
SURVEY_494930,Mid-Level Software Engineer,Confidential Survey Participant,Mid-Level,6,89546.2322287311,Organizational Salary Survey
SURVEY_608219,Senior Data Analyst,Confidential Survey Participant,Senior,9,119778.31634345578,Organizational Salary Survey
SURVEY_645663,Executive Software Engineer,Confidential Survey Participant,Executive/Principal,16,177915.2691431255,Organizational Salary Survey
SURVEY_189228,Executive Software Engineer,Confidential Survey Participant,Executive/Principal,15,188120.97559498416,Organizational Salary Survey
SURVEY_918735,Mid-Level Software Engineer,Confidential Survey Participant,Mid-Level,3,111466.8594429257,Organizational Salary Survey
SURVEY_902305,Mid-Level Data Scientist,Confidential Survey Participant,Mid-Level,5,122560.81098307855,Organizational Salary Survey
SURVEY_650654,Mid-Level Data Scientist,Confidential Survey Participant,Mid-Level,3,116692.91427170593,Organizational Salary Survey
SURVEY_353785,Executive Software Engineer,Confidential Survey Participant,Executive/Principal,10,212824.6193292186,Organizational Salary Survey
SURVEY_595299,Senior Software Engineer,Confidential Survey Participant,Senior,10,153081.02301753542,Organizational Salary Survey
SURVEY_938145,Mid-Level Product Manager,Confidential Survey Participant,Mid-Level,6,155221.12396365812,Organizational Salary Survey
SURVEY_631427,Mid-Level Product Manager,Confidential Survey Participant,Mid-Level,6,124689.41023223996,Organizational Salary Survey
SURVEY_672045,Mid-Level Product Manager,Confidential Survey Participant,Mid-Level,3,147609.74382633672,Organizational Salary Survey
SURVEY_813140,Senior Product Manager,Confidential Survey Participant,Senior,6,172061.04007932285,Organizational Salary Survey
SURVEY_165633,Executive Software Engineer,Confidential Survey Participant,Executive/Principal,16,229428.4736086753,Organizational Salary Survey
SURVEY_821741,Senior Data Scientist,Confidential Survey Participant,Senior,6,197855.47478554642,Organizational Salary Survey
SURVEY_787225,Senior Data Engineer,Confidential Survey Participant,Senior,9,165320.90905657315,Organizational Salary Survey
SURVEY_879457,Senior Software Engineer,Confidential Survey Participant,Senior,11,149953.14336128207,Organizational Salary Survey
SURVEY_875011,Senior Software Engineer,Confidential Survey Participant,Senior,8,132779.64367057916,Organizational Salary Survey
SURVEY_304335,Mid-Level Project Manager,Confidential Survey Participant,Mid-Level,4,98535.71974865565,Organizational Salary Survey
SURVEY_959097,Junior Data Scientist,Confidential Survey Participant,Junior/Entry,0,97096.60663860827,Organizational Salary Survey
SURVEY_816511,Mid-Level Software Engineer,Confidential Survey Participant,Mid-Level,4,101379.90358240766,Organizational Salary Survey
SURVEY_309439,Junior Data Engineer,Confidential Survey Participant,Junior/Entry,0,80087.6653993474,Organizational Salary Survey
SURVEY_339129,Executive Software Engineer,Confidential Survey Participant,Executive/Principal,17,230775.11950203066,Organizational Salary Survey
SURVEY_432922,Executive Data Engineer,Confidential Survey Participant,Executive/Principal,10,344627.1769314545,Organizational Salary Survey
SURVEY_888085,Senior Software Engineer,Confidential Survey Participant,Senior,6,153940.9346605228,Organizational Salary Survey
SURVEY_569344,Mid-Level DevOps Engineer,Confidential Survey Participant,Mid-Level,5,129674.62813560113,Organizational Salary Survey
SURVEY_277362,Mid-Level Data Engineer,Confidential Survey Participant,Mid-Level,4,109607.91989573953,Organizational Salary Survey
SURVEY_930359,Junior Software Engineer,Confidential Survey Participant,Junior/Entry,1,68724.84680142834,Organizational Salary Survey
SURVEY_340954,Senior Data Analyst,Confidential Survey Participant,Senior,7,158937.35738246565,Organizational Salary Survey
SURVEY_918457,Senior Project Manager,Confidential Survey Participant,Senior,8,139484.3081455006,Organizational Salary Survey
SURVEY_304696,Mid-Level Data Engineer,Confidential Survey Participant,Mid-Level,3,120747.69124650951,Organizational Salary Survey
SURVEY_931986,Mid-Level Project Manager,Confidential Survey Participant,Mid-Level,3,94302.1902024998,Organizational Salary Survey
SURVEY_711847,Senior Project Manager,Confidential Survey Participant,Senior,10,136595.09247990503,Organizational Salary Survey
SURVEY_694817,Mid-Level Data Scientist,Confidential Survey Participant,Mid-Level,5,129969.18195211964,Organizational Salary Survey
SURVEY_409174,Senior Software Engineer,Confidential Survey Participant,Senior,11,143013.21632123954,Organizational Salary Survey
SURVEY_852668,Senior Data Analyst,Confidential Survey Participant,Senior,8,136950.27174391891,Organizational Salary Survey
SURVEY_867702,Mid-Level Data Analyst,Confidential Survey Participant,Mid-Level,6,92576.84998211396,Organizational Salary Survey
SURVEY_311945,Mid-Level Product Manager,Confidential Survey Participant,Mid-Level,4,127396.50654853859,Organizational Salary Survey
SURVEY_700030,Junior DevOps Engineer,Confidential Survey Participant,Junior/Entry,2,95728.79109195562,Organizational Salary Survey
SURVEY_119850,Senior Product Manager,Confidential Survey Participant,Senior,7,211255.49931678936,Organizational Salary Survey
SURVEY_807986,Mid-Level Data Scientist,Confidential Survey Participant,Mid-Level,3,114189.56712690539,Organizational Salary Survey
SURVEY_293703,Junior Project Manager,Confidential Survey Participant,Junior/Entry,1,76976.79296271806,Organizational Salary Survey
SURVEY_729946,Junior Product Manager,Confidential Survey Participant,Junior/Entry,0,103066.2758218662,Organizational Salary Survey
SURVEY_853568,Senior Software Engineer,Confidential Survey Participant,Senior,7,147964.74770126998,Organizational Salary Survey
SURVEY_804078,Junior Data Analyst,Confidential Survey Participant,Junior/Entry,2,65482.9255398395,Organizational Salary Survey
SURVEY_634940,Executive Software Engineer,Confidential Survey Participant,Executive/Principal,14,250872.56446173892,Organizational Salary Survey
SURVEY_914575,Mid-Level Software Engineer,Confidential Survey Participant,Mid-Level,3,104011.82936676362,Organizational Salary Survey
SURVEY_615923,Mid-Level Data Engineer,Confidential Survey Participant,Mid-Level,6,113328.45819858133,Organizational Salary Survey
SURVEY_279380,Mid-Level Software Engineer,Confidential Survey Participant,Mid-Level,6,105530.36481206774,Organizational Salary Survey
SURVEY_828076,Mid-Level Data Scientist,Confidential Survey Participant,Mid-Level,3,129190.89541647084,Organizational Salary Survey
SURVEY_186650,Senior Software Engineer,Confidential Survey Participant,Senior,11,149867.19344217004,Organizational Salary Survey
SURVEY_582775,Senior Data Analyst,Confidential Survey Participant,Senior,11,149551.02891789193,Organizational Salary Survey
SURVEY_945341,Senior Data Scientist,Confidential Survey Participant,Senior,6,190512.40875459864,Organizational Salary Survey
SURVEY_744829,Junior Data Analyst,Confidential Survey Participant,Junior/Entry,0,71679.57161511351,Organizational Salary Survey
SURVEY_284755,Mid-Level Data Analyst,Confidential Survey Participant,Mid-Level,6,108860.63188599562,Organizational Salary Survey
SURVEY_488274,Mid-Level Data Analyst,Confidential Survey Participant,Mid-Level,3,86613.71246723013,Organizational Salary Survey
SURVEY_477308,Mid-Level Data Engineer,Confidential Survey Participant,Mid-Level,6,142291.9641827341,Organizational Salary Survey
SURVEY_460796,Mid-Level Data Engineer,Confidential Survey Participant,Mid-Level,6,108728.33234068325,Organizational Salary Survey
SURVEY_798652,Junior Data Scientist,Confidential Survey Participant,Junior/Entry,0,72261.08315183676,Organizational Salary Survey
SURVEY_167024,Executive Data Analyst,Confidential Survey Participant,Executive/Principal,16,274647.28997061856,Organizational Salary Survey
SURVEY_819007,Junior Data Analyst,Confidential Survey Participant,Junior/Entry,1,56827.13259086844,Organizational Salary Survey
SURVEY_481447,Senior Data Engineer,Confidential Survey Participant,Senior,10,161798.57238944838,Organizational Salary Survey
SURVEY_227143,Senior Data Engineer,Confidential Survey Participant,Senior,8,196347.65851668973,Organizational Salary Survey
SURVEY_860172,Senior Software Engineer,Confidential Survey Participant,Senior,7,160865.30102090084,Organizational Salary Survey
SURVEY_885866,Mid-Level Data Scientist,Confidential Survey Participant,Mid-Level,4,136886.16118379714,Organizational Salary Survey
SURVEY_816937,Executive Software Engineer,Confidential Survey Participant,Executive/Principal,19,259061.14177925026,Organizational Salary Survey
SURVEY_533705,Junior Data Analyst,Confidential Survey Participant,Junior/Entry,1,74488.04427377258,Organizational Salary Survey
SURVEY_684430,Junior Data Scientist,Confidential Survey Participant,Junior/Entry,0,94091.26963456188,Organizational Salary Survey
SURVEY_792517,Senior Data Scientist,Confidential Survey Participant,Senior,6,161041.45044082744,Organizational Salary Survey
SURVEY_743511,Junior Product Manager,Confidential Survey Participant,Junior/Entry,2,102515.72494087677,Organizational Salary Survey
SURVEY_590619,Junior DevOps Engineer,Confidential Survey Participant,Junior/Entry,0,88867.67930742579,Organizational Salary Survey
SURVEY_796212,Mid-Level Data Engineer,Confidential Survey Participant,Mid-Level,3,111599.61226001289,Organizational Salary Survey
SURVEY_886513,Mid-Level Product Manager,Confidential Survey Participant,Mid-Level,3,135723.8251017259,Organizational Salary Survey
SURVEY_807650,Mid-Level Data Scientist,Confidential Survey Participant,Mid-Level,3,135236.03881749563,Organizational Salary Survey
SURVEY_213703,Senior Data Engineer,Confidential Survey Participant,Senior,10,161866.93385299295,Organizational Salary Survey
SURVEY_277458,Junior Software Engineer,Confidential Survey Participant,Junior/Entry,0,70706.95957556446,Organizational Salary Survey
SURVEY_422632,Mid-Level Product Manager,Confidential Survey Participant,Mid-Level,6,134352.91080504472,Organizational Salary Survey
SURVEY_270512,Junior Software Engineer,Confidential Survey Participant,Junior/Entry,1,65366.57078065568,Organizational Salary Survey
SURVEY_695731,Mid-Level Data Engineer,Confidential Survey Participant,Mid-Level,5,116644.94468674404,Organizational Salary Survey
SURVEY_718537,Junior Software Engineer,Confidential Survey Participant,Junior/Entry,2,68497.61158893943,Organizational Salary Survey
SURVEY_935443,Mid-Level Data Engineer,Confidential Survey Participant,Mid-Level,3,142324.8168778412,Organizational Salary Survey
SURVEY_245343,Mid-Level Project Manager,Confidential Survey Participant,Mid-Level,5,105651.70417695849,Organizational Salary Survey
SURVEY_382179,Executive Data Scientist,Confidential Survey Participant,Executive/Principal,15,352017.61256070883,Organizational Salary Survey
SURVEY_919419,Senior Data Scientist,Confidential Survey Participant,Senior,6,159563.1451156437,Organizational Salary Survey
SURVEY_982047,Mid-Level Data Engineer,Confidential Survey Participant,Mid-Level,6,110159.61732744068,Organizational Salary Survey
SURVEY_653349,Mid-Level Data Engineer,Confidential Survey Participant,Mid-Level,4,126747.33760197563,Organizational Salary Survey
SURVEY_447894,Senior Product Manager,Confidential Survey Participant,Senior,10,223644.59384541714,Organizational Salary Survey
SURVEY_731372,Junior Software Engineer,Confidential Survey Participant,Junior/Entry,1,67795.80958939088,Organizational Salary Survey
SURVEY_313578,Mid-Level Data Scientist,Confidential Survey Participant,Mid-Level,4,128895.37836386537,Organizational Salary Survey
SURVEY_875442,Senior Software Engineer,Confidential Survey Participant,Senior,6,119638.17609269526,Organizational Salary Survey
SURVEY_967783,Executive Software Engineer,Confidential Survey Participant,Executive/Principal,10,273369.6299911163,Organizational Salary Survey
SURVEY_337740,Mid-Level Data Scientist,Confidential Survey Participant,Mid-Level,6,110242.81363543343,Organizational Salary Survey
SURVEY_458489,Mid-Level Product Manager,Confidential Survey Participant,Mid-Level,5,121204.62047770574,Organizational Salary Survey
SURVEY_167283,Mid-Level Data Engineer,Confidential Survey Participant,Mid-Level,6,127141.73018893166,Organizational Salary Survey
SURVEY_253425,Junior Data Scientist,Confidential Survey Participant,Junior/Entry,2,88433.05222395074,Organizational Salary Survey
SURVEY_845171,Executive Product Manager,Confidential Survey Participant,Executive/Principal,17,250440.45383592666,Organizational Salary Survey
SURVEY_172487,Mid-Level Data Engineer,Confidential Survey Participant,Mid-Level,5,118903.4645960311,Organizational Salary Survey
SURVEY_806875,Mid-Level Data Scientist,Confidential Survey Participant,Mid-Level,5,115747.15063060354,Organizational Salary Survey
SURVEY_326191,Senior Software Engineer,Confidential Survey Participant,Senior,8,127316.30476417743,Organizational Salary Survey
SURVEY_618632,Mid-Level Data Scientist,Confidential Survey Participant,Mid-Level,6,123919.98369309363,Organizational Salary Survey
SURVEY_623118,Junior Data Engineer,Confidential Survey Participant,Junior/Entry,0,92649.92125499235,Organizational Salary Survey
SURVEY_552949,Senior Data Scientist,Confidential Survey Participant,Senior,9,198532.72974198218,Organizational Salary Survey
SURVEY_325988,Senior Software Engineer,Confidential Survey Participant,Senior,6,122712.4453846364,Organizational Salary Survey
SURVEY_953077,Junior Software Engineer,Confidential Survey Participant,Junior/Entry,0,63096.38831963239,Organizational Salary Survey
SURVEY_884509,Mid-Level Software Engineer,Confidential Survey Participant,Mid-Level,6,85372.6368460724,Organizational Salary Survey
SURVEY_280331,Mid-Level Data Engineer,Confidential Survey Participant,Mid-Level,3,124054.47160783286,Organizational Salary Survey
SURVEY_888598,Senior Data Engineer,Confidential Survey Participant,Senior,11,167116.6703931844,Organizational Salary Survey
SURVEY_157769,Mid-Level Data Scientist,Confidential Survey Participant,Mid-Level,6,114883.5578720685,Organizational Salary Survey
SURVEY_554569,Executive Data Scientist,Confidential Survey Participant,Executive/Principal,14,346722.18810780597,Organizational Salary Survey
SURVEY_266800,Mid-Level Data Analyst,Confidential Survey Participant,Mid-Level,4,106611.96381682815,Organizational Salary Survey
SURVEY_396970,Senior Data Engineer,Confidential Survey Participant,Senior,11,166372.3056657531,Organizational Salary Survey
SURVEY_406972,Mid-Level Data Engineer,Confidential Survey Participant,Mid-Level,6,119874.84712864542,Organizational Salary Survey
SURVEY_878628,Junior Software Engineer,Confidential Survey Participant,Junior/Entry,1,67989.77454645633,Organizational Salary Survey
SURVEY_545466,Mid-Level Data Engineer,Confidential Survey Participant,Mid-Level,6,129049.20137666281,Organizational Salary Survey
SURVEY_363690,Junior Data Engineer,Confidential Survey Participant,Junior/Entry,2,74631.62051025617,Organizational Salary Survey
SURVEY_721731,Senior Software Engineer,Confidential Survey Participant,Senior,6,155195.44940287745,Organizational Salary Survey
SURVEY_178047,Mid-Level Product Manager,Confidential Survey Participant,Mid-Level,4,152133.86668108567,Organizational Salary Survey
SURVEY_924392,Mid-Level Software Engineer,Confidential Survey Participant,Mid-Level,5,93421.59077763425,Organizational Salary Survey
SURVEY_493422,Senior Project Manager,Confidential Survey Participant,Senior,11,155025.9701159521,Organizational Salary Survey
SURVEY_255671,Executive Data Engineer,Confidential Survey Participant,Executive/Principal,10,249808.35989146496,Organizational Salary Survey
SURVEY_523141,Mid-Level Product Manager,Confidential Survey Participant,Mid-Level,6,156112.45348053734,Organizational Salary Survey
SURVEY_805107,Executive Data Analyst,Confidential Survey Participant,Executive/Principal,14,279081.8769786479,Organizational Salary Survey
SURVEY_124915,Executive Data Scientist,Confidential Survey Participant,Executive/Principal,15,260156.33018907826,Organizational Salary Survey
SURVEY_865546,Junior Data Engineer,Confidential Survey Participant,Junior/Entry,0,84212.74611538013,Organizational Salary Survey
SURVEY_558552,Mid-Level Data Scientist,Confidential Survey Participant,Mid-Level,5,137006.60621286853,Organizational Salary Survey
SURVEY_922173,Junior Project Manager,Confidential Survey Participant,Junior/Entry,0,62183.404383199035,Organizational Salary Survey
SURVEY_110683,Mid-Level Project Manager,Confidential Survey Participant,Mid-Level,4,88815.11451422333,Organizational Salary Survey
SURVEY_938332,Executive DevOps Engineer,Confidential Survey Participant,Executive/Principal,16,276436.729641121,Organizational Salary Survey
SURVEY_513076,Senior Data Analyst,Confidential Survey Participant,Senior,9,136713.33793377786,Organizational Salary Survey
SURVEY_705051,Senior Data Scientist,Confidential Survey Participant,Senior,7,187419.04336976635,Organizational Salary Survey
SURVEY_788767,Executive Data Engineer,Confidential Survey Participant,Executive/Principal,12,250991.74765183628,Organizational Salary Survey
SURVEY_172242,Senior Product Manager,Confidential Survey Participant,Senior,10,177466.49666995,Organizational Salary Survey
SURVEY_157386,Mid-Level Software Engineer,Confidential Survey Participant,Mid-Level,5,85436.75191511904,Organizational Salary Survey
SURVEY_636570,Mid-Level Software Engineer,Confidential Survey Participant,Mid-Level,5,100914.21789930685,Organizational Salary Survey
SURVEY_114690,Mid-Level Data Analyst,Confidential Survey Participant,Mid-Level,6,85586.6861477186,Organizational Salary Survey
SURVEY_962319,Mid-Level Data Analyst,Confidential Survey Participant,Mid-Level,3,90331.48447656262,Organizational Salary Survey
SURVEY_746770,Mid-Level Software Engineer,Confidential Survey Participant,Mid-Level,5,105099.91970071946,Organizational Salary Survey
SURVEY_613831,Senior Software Engineer,Confidential Survey Participant,Senior,11,147089.21362566928,Organizational Salary Survey
SURVEY_887068,Senior Software Engineer,Confidential Survey Participant,Senior,9,154977.11104909217,Organizational Salary Survey
SURVEY_882120,Junior Software Engineer,Confidential Survey Participant,Junior/Entry,0,73911.68051824966,Organizational Salary Survey
SURVEY_298838,Senior Data Engineer,Confidential Survey Participant,Senior,7,166658.49621018014,Organizational Salary Survey
SURVEY_726752,Mid-Level Software Engineer,Confidential Survey Participant,Mid-Level,4,109641.33456898689,Organizational Salary Survey
SURVEY_783107,Senior Data Engineer,Confidential Survey Participant,Senior,8,172125.57244902852,Organizational Salary Survey
SURVEY_953498,Junior Data Analyst,Confidential Survey Participant,Junior/Entry,2,68604.63896174214,Organizational Salary Survey
SURVEY_859013,Junior Product Manager,Confidential Survey Participant,Junior/Entry,2,107774.27773219696,Organizational Salary Survey
SURVEY_544415,Mid-Level DevOps Engineer,Confidential Survey Participant,Mid-Level,5,112213.78303766347,Organizational Salary Survey
SURVEY_446740,Mid-Level Data Scientist,Confidential Survey Participant,Mid-Level,4,137072.67561905718,Organizational Salary Survey
SURVEY_631072,Senior Software Engineer,Confidential Survey Participant,Senior,10,158428.47684011774,Organizational Salary Survey
SURVEY_574479,Mid-Level Software Engineer,Confidential Survey Participant,Mid-Level,4,106964.70366078301,Organizational Salary Survey
SURVEY_593143,Mid-Level Data Engineer,Confidential Survey Participant,Mid-Level,4,112834.26965080679,Organizational Salary Survey
SURVEY_290022,Mid-Level Software Engineer,Confidential Survey Participant,Mid-Level,3,95927.35003516314,Organizational Salary Survey
SURVEY_928504,Mid-Level Data Scientist,Confidential Survey Participant,Mid-Level,3,108434.22151923823,Organizational Salary Survey
SURVEY_236816,Executive Data Analyst,Confidential Survey Participant,Executive/Principal,13,190173.33148936013,Organizational Salary Survey
SURVEY_150056,Mid-Level Software Engineer,Confidential Survey Participant,Mid-Level,3,97065.59352368614,Organizational Salary Survey
SURVEY_187373,Mid-Level Data Analyst,Confidential Survey Participant,Mid-Level,4,87040.6264815215,Organizational Salary Survey
SURVEY_452902,Mid-Level DevOps Engineer,Confidential Survey Participant,Mid-Level,6,141680.72017321404,Organizational Salary Survey
SURVEY_789491,Senior Data Analyst,Confidential Survey Participant,Senior,9,146620.10455848256,Organizational Salary Survey
SURVEY_174127,Mid-Level Product Manager,Confidential Survey Participant,Mid-Level,6,129126.97312231541,Organizational Salary Survey
SURVEY_290920,Senior Software Engineer,Confidential Survey Participant,Senior,9,119673.16633551008,Organizational Salary Survey
SURVEY_728010,Junior Data Scientist,Confidential Survey Participant,Junior/Entry,1,72603.5353447413,Organizational Salary Survey
SURVEY_634307,Executive Data Analyst,Confidential Survey Participant,Executive/Principal,19,232157.9346033242,Organizational Salary Survey
SURVEY_942008,Mid-Level Project Manager,Confidential Survey Participant,Mid-Level,6,99315.60983152609,Organizational Salary Survey
SURVEY_348715,Junior Project Manager,Confidential Survey Participant,Junior/Entry,1,62687.14828054645,Organizational Salary Survey
SURVEY_125673,Junior Project Manager,Confidential Survey Participant,Junior/Entry,1,66775.8221732567,Organizational Salary Survey
SURVEY_680658,Junior Data Scientist,Confidential Survey Participant,Junior/Entry,1,97271.48867978387,Organizational Salary Survey
SURVEY_123196,Mid-Level Software Engineer,Confidential Survey Participant,Mid-Level,5,88353.09081797475,Organizational Salary Survey
SURVEY_999140,Executive Data Engineer,Confidential Survey Participant,Executive/Principal,15,239069.17504861677,Organizational Salary Survey
SURVEY_887780,Mid-Level Software Engineer,Confidential Survey Participant,Mid-Level,4,94709.35198358457,Organizational Salary Survey
SURVEY_154795,Senior Data Scientist,Confidential Survey Participant,Senior,9,158587.48470206722,Organizational Salary Survey
SURVEY_986008,Mid-Level Data Analyst,Confidential Survey Participant,Mid-Level,4,91298.48613523389,Organizational Salary Survey
SURVEY_199102,Senior Data Scientist,Confidential Survey Participant,Senior,9,159864.3026522669,Organizational Salary Survey
SURVEY_694594,Mid-Level Data Engineer,Confidential Survey Participant,Mid-Level,5,112654.58478027722,Organizational Salary Survey
SURVEY_672664,Executive Product Manager,Confidential Survey Participant,Executive/Principal,19,367906.51302800386,Organizational Salary Survey
SURVEY_973624,Junior Product Manager,Confidential Survey Participant,Junior/Entry,1,104539.20672737708,Organizational Salary Survey
SURVEY_242902,Senior Data Engineer,Confidential Survey Participant,Senior,6,171225.91616524127,Organizational Salary Survey
SURVEY_684949,Executive Software Engineer,Confidential Survey Participant,Executive/Principal,10,197081.26918121864,Organizational Salary Survey
SURVEY_611481,Mid-Level Software Engineer,Confidential Survey Participant,Mid-Level,3,104635.87931356239,Organizational Salary Survey
SURVEY_216165,Junior Software Engineer,Confidential Survey Participant,Junior/Entry,0,69884.3715530753,Organizational Salary Survey
SURVEY_268603,Senior Software Engineer,Confidential Survey Participant,Senior,9,135698.15757111544,Organizational Salary Survey
SURVEY_421840,Junior Data Analyst,Confidential Survey Participant,Junior/Entry,2,56975.61444506486,Organizational Salary Survey
SURVEY_261950,Executive Software Engineer,Confidential Survey Participant,Executive/Principal,11,241148.98684840975,Organizational Salary Survey
SURVEY_572832,Mid-Level Data Analyst,Confidential Survey Participant,Mid-Level,4,110624.01494216941,Organizational Salary Survey
SURVEY_994816,Senior Software Engineer,Confidential Survey Participant,Senior,11,141444.94265073072,Organizational Salary Survey
SURVEY_796428,Mid-Level Data Scientist,Confidential Survey Participant,Mid-Level,3,141360.01669197314,Organizational Salary Survey
SURVEY_350522,Mid-Level Project Manager,Confidential Survey Participant,Mid-Level,5,106662.50850218521,Organizational Salary Survey
SURVEY_134319,Mid-Level Data Analyst,Confidential Survey Participant,Mid-Level,3,104091.85430999406,Organizational Salary Survey
SURVEY_839955,Senior Data Engineer,Confidential Survey Participant,Senior,6,187483.21772972654,Organizational Salary Survey
SURVEY_641917,Senior Product Manager,Confidential Survey Participant,Senior,7,176628.10269010416,Organizational Salary Survey
SURVEY_593880,Mid-Level Data Engineer,Confidential Survey Participant,Mid-Level,3,111284.79669030977,Organizational Salary Survey
SURVEY_603676,Junior Data Scientist,Confidential Survey Participant,Junior/Entry,0,80162.38952151754,Organizational Salary Survey
SURVEY_258398,Junior Project Manager,Confidential Survey Participant,Junior/Entry,0,67818.95181872876,Organizational Salary Survey
SURVEY_250415,Executive DevOps Engineer,Confidential Survey Participant,Executive/Principal,14,250401.80006581554,Organizational Salary Survey
SURVEY_482340,Executive Data Scientist,Confidential Survey Participant,Executive/Principal,16,294508.3613702131,Organizational Salary Survey
SURVEY_198187,Senior Data Analyst,Confidential Survey Participant,Senior,9,134078.7022833614,Organizational Salary Survey
SURVEY_282260,Executive Software Engineer,Confidential Survey Participant,Executive/Principal,11,278355.53704596317,Organizational Salary Survey
SURVEY_182802,Senior Software Engineer,Confidential Survey Participant,Senior,7,155296.08459125017,Organizational Salary Survey
SURVEY_304677,Junior Project Manager,Confidential Survey Participant,Junior/Entry,2,64950.04809198775,Organizational Salary Survey
SURVEY_894137,Executive Project Manager,Confidential Survey Participant,Executive/Principal,11,198923.34807774317,Organizational Salary Survey
SURVEY_747302,Senior Software Engineer,Confidential Survey Participant,Senior,7,155823.0635394124,Organizational Salary Survey
SURVEY_407998,Junior Data Scientist,Confidential Survey Participant,Junior/Entry,2,77852.55040759823,Organizational Salary Survey
SURVEY_797926,Senior Project Manager,Confidential Survey Participant,Senior,7,155265.6077358993,Organizational Salary Survey
SURVEY_454169,Senior DevOps Engineer,Confidential Survey Participant,Senior,7,154978.68176664473,Organizational Salary Survey
SURVEY_274195,Mid-Level Data Scientist,Confidential Survey Participant,Mid-Level,4,109013.0914568694,Organizational Salary Survey
SURVEY_741988,Mid-Level Data Scientist,Confidential Survey Participant,Mid-Level,3,126486.27832666642,Organizational Salary Survey
SURVEY_507104,Junior Software Engineer,Confidential Survey Participant,Junior/Entry,0,56693.710600948754,Organizational Salary Survey
SURVEY_856190,Mid-Level Data Scientist,Confidential Survey Participant,Mid-Level,6,119474.72159967823,Organizational Salary Survey
SURVEY_412480,Senior Product Manager,Confidential Survey Participant,Senior,10,199630.51127619037,Organizational Salary Survey
SURVEY_229570,Senior Data Scientist,Confidential Survey Participant,Senior,6,188297.45192592763,Organizational Salary Survey
SURVEY_374722,Mid-Level Software Engineer,Confidential Survey Participant,Mid-Level,4,90778.58414209541,Organizational Salary Survey
SURVEY_430676,Senior Product Manager,Confidential Survey Participant,Senior,6,179137.62287034973,Organizational Salary Survey
SURVEY_680713,Senior Data Engineer,Confidential Survey Participant,Senior,6,188848.43537263008,Organizational Salary Survey
SURVEY_962086,Senior Software Engineer,Confidential Survey Participant,Senior,7,150874.35416598187,Organizational Salary Survey
SURVEY_591353,Senior Data Analyst,Confidential Survey Participant,Senior,6,126844.56922898421,Organizational Salary Survey
SURVEY_652635,Senior Data Scientist,Confidential Survey Participant,Senior,6,168728.63712201145,Organizational Salary Survey
SURVEY_569585,Mid-Level Software Engineer,Confidential Survey Participant,Mid-Level,5,88336.40932924722,Organizational Salary Survey
SURVEY_560673,Mid-Level Data Scientist,Confidential Survey Participant,Mid-Level,6,118971.21069882267,Organizational Salary Survey
SURVEY_936642,Mid-Level Data Analyst,Confidential Survey Participant,Mid-Level,5,84332.1935505643,Organizational Salary Survey
SURVEY_643681,Mid-Level Software Engineer,Confidential Survey Participant,Mid-Level,6,94185.58629271206,Organizational Salary Survey
SURVEY_193940,Senior Data Engineer,Confidential Survey Participant,Senior,9,196522.39960690934,Organizational Salary Survey
SURVEY_688383,Senior Software Engineer,Confidential Survey Participant,Senior,8,151359.32749586322,Organizational Salary Survey
SURVEY_590005,Mid-Level Project Manager,Confidential Survey Participant,Mid-Level,6,106967.46076417723,Organizational Salary Survey
SURVEY_421439,Mid-Level Software Engineer,Confidential Survey Participant,Mid-Level,5,111558.2554216287,Organizational Salary Survey
SURVEY_420860,Senior Data Scientist,Confidential Survey Participant,Senior,9,153880.59679530334,Organizational Salary Survey
SURVEY_557326,Junior Product Manager,Confidential Survey Participant,Junior/Entry,2,108994.28699199695,Organizational Salary Survey
SURVEY_533921,Junior Product Manager,Confidential Survey Participant,Junior/Entry,1,101753.62422614035,Organizational Salary Survey
SURVEY_975829,Mid-Level Data Scientist,Confidential Survey Participant,Mid-Level,6,112789.57359877577,Organizational Salary Survey
SURVEY_641503,Senior Software Engineer,Confidential Survey Participant,Senior,8,133610.35160900682,Organizational Salary Survey
SURVEY_304332,Executive Data Analyst,Confidential Survey Participant,Executive/Principal,17,217171.81073258107,Organizational Salary Survey
SURVEY_507358,Senior Data Scientist,Confidential Survey Participant,Senior,6,160338.4309804768,Organizational Salary Survey
SURVEY_585752,Mid-Level Data Engineer,Confidential Survey Participant,Mid-Level,6,126258.97910966632,Organizational Salary Survey
SURVEY_818991,Mid-Level Data Analyst,Confidential Survey Participant,Mid-Level,5,89758.63437261959,Organizational Salary Survey
SURVEY_474292,Junior Data Engineer,Confidential Survey Participant,Junior/Entry,2,74464.19777639984,Organizational Salary Survey
SURVEY_666263,Mid-Level Project Manager,Confidential Survey Participant,Mid-Level,3,88121.16831741817,Organizational Salary Survey
SURVEY_197252,Senior Data Scientist,Confidential Survey Participant,Senior,7,168276.85161798008,Organizational Salary Survey
SURVEY_636559,Mid-Level Data Analyst,Confidential Survey Participant,Mid-Level,3,96150.09567083069,Organizational Salary Survey
SURVEY_986991,Junior Software Engineer,Confidential Survey Participant,Junior/Entry,2,56606.33174450957,Organizational Salary Survey
SURVEY_923572,Senior Product Manager,Confidential Survey Participant,Senior,11,220584.38568771476,Organizational Salary Survey
SURVEY_847748,Senior Data Analyst,Confidential Survey Participant,Senior,6,136751.5454879684,Organizational Salary Survey
SURVEY_270895,Executive Data Scientist,Confidential Survey Participant,Executive/Principal,11,283685.52591089165,Organizational Salary Survey
SURVEY_103594,Mid-Level Product Manager,Confidential Survey Participant,Mid-Level,5,140922.56035912962,Organizational Salary Survey
SURVEY_752477,Mid-Level Data Engineer,Confidential Survey Participant,Mid-Level,3,125066.70995798633,Organizational Salary Survey
SURVEY_926697,Junior Data Engineer,Confidential Survey Participant,Junior/Entry,0,81471.89988904574,Organizational Salary Survey
SURVEY_545916,Mid-Level Software Engineer,Confidential Survey Participant,Mid-Level,3,84814.23793260084,Organizational Salary Survey
SURVEY_491516,Executive Data Engineer,Confidential Survey Participant,Executive/Principal,15,256115.8604637565,Organizational Salary Survey
SURVEY_860372,Executive Software Engineer,Confidential Survey Participant,Executive/Principal,17,249303.95961421545,Organizational Salary Survey
SURVEY_676091,Mid-Level Data Engineer,Confidential Survey Participant,Mid-Level,3,112840.81361273337,Organizational Salary Survey
SURVEY_231888,Executive Data Scientist,Confidential Survey Participant,Executive/Principal,16,232761.92613978504,Organizational Salary Survey
SURVEY_531217,Mid-Level Software Engineer,Confidential Survey Participant,Mid-Level,5,94247.9787778451,Organizational Salary Survey
SURVEY_490537,Executive Data Scientist,Confidential Survey Participant,Executive/Principal,16,292734.51072476397,Organizational Salary Survey
SURVEY_679482,Junior Data Analyst,Confidential Survey Participant,Junior/Entry,1,61662.23901790051,Organizational Salary Survey
SURVEY_345508,Mid-Level Software Engineer,Confidential Survey Participant,Mid-Level,4,107044.75109552659,Organizational Salary Survey
SURVEY_996938,Junior Data Scientist,Confidential Survey Participant,Junior/Entry,0,79401.22702365396,Organizational Salary Survey
SURVEY_469600,Senior Product Manager,Confidential Survey Participant,Senior,6,225840.72389000398,Organizational Salary Survey
SURVEY_785951,Mid-Level Data Engineer,Confidential Survey Participant,Mid-Level,3,132485.8897079017,Organizational Salary Survey
SURVEY_632749,Mid-Level Data Scientist,Confidential Survey Participant,Mid-Level,4,143617.98503501742,Organizational Salary Survey
SURVEY_848842,Senior Project Manager,Confidential Survey Participant,Senior,6,128615.93401725158,Organizational Salary Survey
SURVEY_273795,Senior DevOps Engineer,Confidential Survey Participant,Senior,7,165998.1072233722,Organizational Salary Survey
SURVEY_835314,Senior Data Analyst,Confidential Survey Participant,Senior,10,121759.8421665255,Organizational Salary Survey
SURVEY_483618,Executive Data Analyst,Confidential Survey Participant,Executive/Principal,17,188242.7485650856,Organizational Salary Survey
SURVEY_378466,Mid-Level Data Scientist,Confidential Survey Participant,Mid-Level,4,112696.31302287448,Organizational Salary Survey
SURVEY_737712,Executive Software Engineer,Confidential Survey Participant,Executive/Principal,16,188381.87497471145,Organizational Salary Survey
SURVEY_759409,Senior Software Engineer,Confidential Survey Participant,Senior,11,158466.52418957622,Organizational Salary Survey
SURVEY_466146,Mid-Level Data Engineer,Confidential Survey Participant,Mid-Level,3,119206.75117414053,Organizational Salary Survey
SURVEY_209886,Mid-Level Data Engineer,Confidential Survey Participant,Mid-Level,4,112439.47215465715,Organizational Salary Survey
SURVEY_999874,Mid-Level Data Scientist,Confidential Survey Participant,Mid-Level,4,125762.96769754293,Organizational Salary Survey
SURVEY_655459,Mid-Level Project Manager,Confidential Survey Participant,Mid-Level,5,104413.59187299728,Organizational Salary Survey
SURVEY_919426,Junior Data Engineer,Confidential Survey Participant,Junior/Entry,1,72088.84732512322,Organizational Salary Survey
SURVEY_399922,Executive Data Scientist,Confidential Survey Participant,Executive/Principal,17,319930.6738200046,Organizational Salary Survey
SURVEY_541958,Mid-Level Data Analyst,Confidential Survey Participant,Mid-Level,3,93256.44355769739,Organizational Salary Survey
SURVEY_698891,Mid-Level Project Manager,Confidential Survey Participant,Mid-Level,6,107156.84034769227,Organizational Salary Survey
SURVEY_341128,Junior Product Manager,Confidential Survey Participant,Junior/Entry,1,85638.7549783338,Organizational Salary Survey
SURVEY_470955,Senior Software Engineer,Confidential Survey Participant,Senior,10,142586.59511903065,Organizational Salary Survey
SURVEY_280443,Junior Software Engineer,Confidential Survey Participant,Junior/Entry,1,56649.24185666619,Organizational Salary Survey
SURVEY_460287,Mid-Level Software Engineer,Confidential Survey Participant,Mid-Level,3,94303.83164388213,Organizational Salary Survey
SURVEY_505735,Senior Data Scientist,Confidential Survey Participant,Senior,7,168718.88955887928,Organizational Salary Survey
SURVEY_996707,Senior Data Analyst,Confidential Survey Participant,Senior,10,140746.71229977015,Organizational Salary Survey
SURVEY_231119,Junior Software Engineer,Confidential Survey Participant,Junior/Entry,0,68046.40734846418,Organizational Salary Survey
SURVEY_568823,Executive Software Engineer,Confidential Survey Participant,Executive/Principal,19,200494.84566971907,Organizational Salary Survey
SURVEY_366820,Senior Software Engineer,Confidential Survey Participant,Senior,8,120690.4885935187,Organizational Salary Survey
SURVEY_667278,Senior Product Manager,Confidential Survey Participant,Senior,6,221090.95060369416,Organizational Salary Survey
SURVEY_937036,Mid-Level Software Engineer,Confidential Survey Participant,Mid-Level,4,100009.45548197108,Organizational Salary Survey
SURVEY_102514,Executive Software Engineer,Confidential Survey Participant,Executive/Principal,12,216660.23270216113,Organizational Salary Survey
SURVEY_880758,Mid-Level Software Engineer,Confidential Survey Participant,Mid-Level,3,100520.76132193679,Organizational Salary Survey
SURVEY_505493,Senior Software Engineer,Confidential Survey Participant,Senior,10,129698.12302398538,Organizational Salary Survey
SURVEY_331263,Mid-Level Software Engineer,Confidential Survey Participant,Mid-Level,5,111618.91877022036,Organizational Salary Survey
SURVEY_452431,Mid-Level Software Engineer,Confidential Survey Participant,Mid-Level,6,110587.75689799222,Organizational Salary Survey
SURVEY_990643,Junior Software Engineer,Confidential Survey Participant,Junior/Entry,1,60296.81894406322,Organizational Salary Survey
SURVEY_893095,Executive Data Engineer,Confidential Survey Participant,Executive/Principal,18,266211.11048695876,Organizational Salary Survey
SURVEY_725563,Mid-Level DevOps Engineer,Confidential Survey Participant,Mid-Level,6,113580.53128801282,Organizational Salary Survey
SURVEY_529738,Mid-Level Product Manager,Confidential Survey Participant,Mid-Level,5,122014.71190370321,Organizational Salary Survey
SURVEY_784140,Mid-Level Data Analyst,Confidential Survey Participant,Mid-Level,6,85846.09503970035,Organizational Salary Survey
SURVEY_396973,Senior Data Engineer,Confidential Survey Participant,Senior,9,171794.0119214563,Organizational Salary Survey
SURVEY_552041,Junior Data Engineer,Confidential Survey Participant,Junior/Entry,2,95490.62410169048,Organizational Salary Survey
SURVEY_163755,Mid-Level Project Manager,Confidential Survey Participant,Mid-Level,6,87582.57650350108,Organizational Salary Survey
SURVEY_176819,Mid-Level Data Engineer,Confidential Survey Participant,Mid-Level,5,125198.74810657221,Organizational Salary Survey
SURVEY_276484,Senior Data Analyst,Confidential Survey Participant,Senior,6,130618.67577469941,Organizational Salary Survey
SURVEY_525390,Junior DevOps Engineer,Confidential Survey Participant,Junior/Entry,0,95651.62980055879,Organizational Salary Survey
SURVEY_875246,Mid-Level Project Manager,Confidential Survey Participant,Mid-Level,5,97538.38090678619,Organizational Salary Survey
SURVEY_696692,Mid-Level Software Engineer,Confidential Survey Participant,Mid-Level,4,101681.43011822784,Organizational Salary Survey
SURVEY_379399,Mid-Level Data Analyst,Confidential Survey Participant,Mid-Level,6,91060.39648016606,Organizational Salary Survey
SURVEY_124947,Senior Software Engineer,Confidential Survey Participant,Senior,11,127866.50386408532,Organizational Salary Survey
SURVEY_796854,Mid-Level Data Analyst,Confidential Survey Participant,Mid-Level,6,95782.99744826989,Organizational Salary Survey
SURVEY_913554,Junior Software Engineer,Confidential Survey Participant,Junior/Entry,2,59232.41889251146,Organizational Salary Survey
SURVEY_133378,Mid-Level Software Engineer,Confidential Survey Participant,Mid-Level,5,93008.60741919419,Organizational Salary Survey
SURVEY_174924,Mid-Level Product Manager,Confidential Survey Participant,Mid-Level,4,126420.66982009647,Organizational Salary Survey
SURVEY_864365,Mid-Level Software Engineer,Confidential Survey Participant,Mid-Level,3,110006.38770963649,Organizational Salary Survey
SURVEY_106917,Mid-Level Software Engineer,Confidential Survey Participant,Mid-Level,4,110565.6382597618,Organizational Salary Survey
SURVEY_737808,Senior Data Engineer,Confidential Survey Participant,Senior,7,175210.97503545106,Organizational Salary Survey
SURVEY_276844,Executive Software Engineer,Confidential Survey Participant,Executive/Principal,15,185537.53625657893,Organizational Salary Survey
SURVEY_228026,Mid-Level Software Engineer,Confidential Survey Participant,Mid-Level,4,110258.3340118791,Organizational Salary Survey
SURVEY_850542,Junior Data Scientist,Confidential Survey Participant,Junior/Entry,2,77575.67321065138,Organizational Salary Survey
SURVEY_951875,Executive Data Analyst,Confidential Survey Participant,Executive/Principal,13,234918.10459185336,Organizational Salary Survey
SURVEY_334519,Mid-Level Software Engineer,Confidential Survey Participant,Mid-Level,4,89251.37172888593,Organizational Salary Survey
SURVEY_905247,Mid-Level Data Engineer,Confidential Survey Participant,Mid-Level,4,142620.19625247768,Organizational Salary Survey
SURVEY_965429,Senior Data Scientist,Confidential Survey Participant,Senior,7,187716.7111687309,Organizational Salary Survey
SURVEY_226667,Senior Software Engineer,Confidential Survey Participant,Senior,7,145783.8838631671,Organizational Salary Survey
SURVEY_569286,Mid-Level Software Engineer,Confidential Survey Participant,Mid-Level,4,99732.96153160017,Organizational Salary Survey
SURVEY_895097,Junior Project Manager,Confidential Survey Participant,Junior/Entry,2,75335.97263562924,Organizational Salary Survey
SURVEY_494146,Executive Data Scientist,Confidential Survey Participant,Executive/Principal,16,314337.0182519825,Organizational Salary Survey
SURVEY_838351,Mid-Level Data Engineer,Confidential Survey Participant,Mid-Level,6,135089.67972495905,Organizational Salary Survey
SURVEY_653476,Junior Software Engineer,Confidential Survey Participant,Junior/Entry,1,69542.7348350466,Organizational Salary Survey
SURVEY_818186,Mid-Level Software Engineer,Confidential Survey Participant,Mid-Level,4,91287.95146184794,Organizational Salary Survey
SURVEY_850216,Mid-Level Project Manager,Confidential Survey Participant,Mid-Level,6,108650.82471169643,Organizational Salary Survey
SURVEY_416242,Executive Data Analyst,Confidential Survey Participant,Executive/Principal,17,190535.2093396108,Organizational Salary Survey
SURVEY_292339,Senior Product Manager,Confidential Survey Participant,Senior,11,203086.06903417723,Organizational Salary Survey
SURVEY_571836,Mid-Level Project Manager,Confidential Survey Participant,Mid-Level,5,90125.84031741216,Organizational Salary Survey
SURVEY_187946,Executive Data Analyst,Confidential Survey Participant,Executive/Principal,12,225540.93299900298,Organizational Salary Survey
SURVEY_211862,Mid-Level Project Manager,Confidential Survey Participant,Mid-Level,6,91469.90465787043,Organizational Salary Survey
SURVEY_801461,Mid-Level Software Engineer,Confidential Survey Participant,Mid-Level,3,106501.90871384919,Organizational Salary Survey
SURVEY_865119,Mid-Level Software Engineer,Confidential Survey Participant,Mid-Level,4,84613.560561437,Organizational Salary Survey
SURVEY_573837,Mid-Level Data Analyst,Confidential Survey Participant,Mid-Level,5,109145.757882987,Organizational Salary Survey
SURVEY_721137,Mid-Level Project Manager,Confidential Survey Participant,Mid-Level,4,98856.45982019042,Organizational Salary Survey
SURVEY_730545,Mid-Level Data Analyst,Confidential Survey Participant,Mid-Level,3,87262.2940004406,Organizational Salary Survey
SURVEY_411102,Mid-Level Data Scientist,Confidential Survey Participant,Mid-Level,5,141409.9348413147,Organizational Salary Survey
SURVEY_992791,Mid-Level Software Engineer,Confidential Survey Participant,Mid-Level,6,90613.41814347227,Organizational Salary Survey
SURVEY_879931,Executive Project Manager,Confidential Survey Participant,Executive/Principal,16,184543.975048212,Organizational Salary Survey
SURVEY_712851,Senior Project Manager,Confidential Survey Participant,Senior,11,142680.93004221356,Organizational Salary Survey
SURVEY_696096,Senior Data Analyst,Confidential Survey Participant,Senior,6,147325.75832380782,Organizational Salary Survey
SURVEY_475387,Executive Data Engineer,Confidential Survey Participant,Executive/Principal,11,322274.1953359004,Organizational Salary Survey
SURVEY_872840,Mid-Level Project Manager,Confidential Survey Participant,Mid-Level,5,102122.44178157291,Organizational Salary Survey
SURVEY_769043,Mid-Level Software Engineer,Confidential Survey Participant,Mid-Level,4,99564.03674902997,Organizational Salary Survey
SURVEY_697669,Mid-Level Software Engineer,Confidential Survey Participant,Mid-Level,6,84213.17148576493,Organizational Salary Survey
SURVEY_822936,Mid-Level Software Engineer,Confidential Survey Participant,Mid-Level,6,88920.19577500313,Organizational Salary Survey
SURVEY_826460,Mid-Level Data Analyst,Confidential Survey Participant,Mid-Level,3,95087.24767041745,Organizational Salary Survey
SURVEY_942271,Junior Software Engineer,Confidential Survey Participant,Junior/Entry,0,69165.08253058704,Organizational Salary Survey
SURVEY_943365,Executive Data Engineer,Confidential Survey Participant,Executive/Principal,19,242714.67593655482,Organizational Salary Survey
SURVEY_596914,Junior Data Engineer,Confidential Survey Participant,Junior/Entry,0,90815.08253601607,Organizational Salary Survey
SURVEY_430453,Executive Data Scientist,Confidential Survey Participant,Executive/Principal,17,242461.53152794263,Organizational Salary Survey
SURVEY_200883,Mid-Level Data Engineer,Confidential Survey Participant,Mid-Level,6,131610.6666239304,Organizational Salary Survey
SURVEY_856980,Mid-Level Product Manager,Confidential Survey Participant,Mid-Level,5,150402.53363811484,Organizational Salary Survey
SURVEY_772926,Mid-Level Data Analyst,Confidential Survey Participant,Mid-Level,3,89000.05511575608,Organizational Salary Survey
SURVEY_496096,Executive Data Engineer,Confidential Survey Participant,Executive/Principal,17,291599.0777176489,Organizational Salary Survey
SURVEY_276720,Mid-Level Software Engineer,Confidential Survey Participant,Mid-Level,5,104451.22154727587,Organizational Salary Survey
SURVEY_230154,Junior Project Manager,Confidential Survey Participant,Junior/Entry,0,62902.18406874734,Organizational Salary Survey
SURVEY_807140,Junior DevOps Engineer,Confidential Survey Participant,Junior/Entry,0,92164.32735895121,Organizational Salary Survey
SURVEY_612012,Mid-Level Data Analyst,Confidential Survey Participant,Mid-Level,5,96670.65842019022,Organizational Salary Survey
SURVEY_648326,Junior Software Engineer,Confidential Survey Participant,Junior/Entry,1,75197.81180980025,Organizational Salary Survey
SURVEY_384288,Executive Data Analyst,Confidential Survey Participant,Executive/Principal,15,253086.61602437467,Organizational Salary Survey
SURVEY_910918,Junior Software Engineer,Confidential Survey Participant,Junior/Entry,0,58548.779191248526,Organizational Salary Survey
SURVEY_908941,Mid-Level Data Engineer,Confidential Survey Participant,Mid-Level,4,120937.99987390761,Organizational Salary Survey
SURVEY_905160,Mid-Level Software Engineer,Confidential Survey Participant,Mid-Level,3,111870.8147201049,Organizational Salary Survey
SURVEY_485603,Executive Project Manager,Confidential Survey Participant,Executive/Principal,12,259956.71682621574,Organizational Salary Survey
SURVEY_274868,Mid-Level Software Engineer,Confidential Survey Participant,Mid-Level,4,90129.81288513019,Organizational Salary Survey
SURVEY_109925,Senior Data Scientist,Confidential Survey Participant,Senior,10,187987.3530801702,Organizational Salary Survey
SURVEY_293077,Junior Data Analyst,Confidential Survey Participant,Junior/Entry,2,60898.520603881276,Organizational Salary Survey
SURVEY_579430,Mid-Level Data Engineer,Confidential Survey Participant,Mid-Level,3,118127.74062077522,Organizational Salary Survey
SURVEY_717229,Junior Data Analyst,Confidential Survey Participant,Junior/Entry,2,63090.938633888654,Organizational Salary Survey
SURVEY_698619,Mid-Level Data Scientist,Confidential Survey Participant,Mid-Level,5,136892.50410291724,Organizational Salary Survey
SURVEY_851569,Junior Data Engineer,Confidential Survey Participant,Junior/Entry,0,78161.57661092747,Organizational Salary Survey
SURVEY_207920,Junior Data Engineer,Confidential Survey Participant,Junior/Entry,0,73254.00832649415,Organizational Salary Survey
SURVEY_297190,Senior DevOps Engineer,Confidential Survey Participant,Senior,9,187191.5070521812,Organizational Salary Survey
SURVEY_492654,Mid-Level Data Analyst,Confidential Survey Participant,Mid-Level,5,106439.15954060572,Organizational Salary Survey
SURVEY_232361,Senior Data Scientist,Confidential Survey Participant,Senior,9,158189.8439980497,Organizational Salary Survey
SURVEY_965895,Mid-Level Data Engineer,Confidential Survey Participant,Mid-Level,6,127956.77625685322,Organizational Salary Survey
SURVEY_332796,Executive Software Engineer,Confidential Survey Participant,Executive/Principal,10,265443.85911025613,Organizational Salary Survey
SURVEY_502259,Executive Software Engineer,Confidential Survey Participant,Executive/Principal,11,197482.78477576823,Organizational Salary Survey
SURVEY_696327,Mid-Level Product Manager,Confidential Survey Participant,Mid-Level,5,120126.2113114643,Organizational Salary Survey
SURVEY_184098,Senior Data Engineer,Confidential Survey Participant,Senior,10,194564.5650272893,Organizational Salary Survey
SURVEY_514395,Mid-Level Data Analyst,Confidential Survey Participant,Mid-Level,4,101373.47388866355,Organizational Salary Survey
SURVEY_490674,Senior Data Scientist,Confidential Survey Participant,Senior,6,172931.212721353,Organizational Salary Survey
SURVEY_459403,Senior Product Manager,Confidential Survey Participant,Senior,7,216393.35780172207,Organizational Salary Survey
SURVEY_184110,Senior Data Analyst,Confidential Survey Participant,Senior,11,146586.56961483342,Organizational Salary Survey
SURVEY_421343,Mid-Level Product Manager,Confidential Survey Participant,Mid-Level,6,137078.20921171535,Organizational Salary Survey
SURVEY_446059,Mid-Level Data Scientist,Confidential Survey Participant,Mid-Level,4,127571.75349214049,Organizational Salary Survey
SURVEY_590816,Mid-Level Data Engineer,Confidential Survey Participant,Mid-Level,6,125326.69621318819,Organizational Salary Survey
SURVEY_479521,Senior Software Engineer,Confidential Survey Participant,Senior,10,142082.2832866899,Organizational Salary Survey
SURVEY_421910,Senior Data Engineer,Confidential Survey Participant,Senior,10,204517.1407485354,Organizational Salary Survey
SURVEY_617532,Junior Software Engineer,Confidential Survey Participant,Junior/Entry,2,58091.92895757855,Organizational Salary Survey
SURVEY_190944,Mid-Level Product Manager,Confidential Survey Participant,Mid-Level,6,120696.85377184604,Organizational Salary Survey
SURVEY_878784,Mid-Level Software Engineer,Confidential Survey Participant,Mid-Level,4,92433.95561705211,Organizational Salary Survey
SURVEY_855081,Mid-Level Data Analyst,Confidential Survey Participant,Mid-Level,5,98066.1589020071,Organizational Salary Survey
SURVEY_682238,Junior Software Engineer,Confidential Survey Participant,Junior/Entry,0,73553.5179342186,Organizational Salary Survey
SURVEY_864518,Senior Software Engineer,Confidential Survey Participant,Senior,10,156430.24990740357,Organizational Salary Survey
SURVEY_361693,Mid-Level Product Manager,Confidential Survey Participant,Mid-Level,4,138983.00993595665,Organizational Salary Survey
SURVEY_288147,Senior Data Analyst,Confidential Survey Participant,Senior,7,140512.65579842462,Organizational Salary Survey
SURVEY_611347,Mid-Level Data Engineer,Confidential Survey Participant,Mid-Level,6,117899.46801506334,Organizational Salary Survey
SURVEY_687687,Mid-Level Data Analyst,Confidential Survey Participant,Mid-Level,6,101406.84809863009,Organizational Salary Survey
SURVEY_774945,Mid-Level Software Engineer,Confidential Survey Participant,Mid-Level,5,96437.05421415101,Organizational Salary Survey
SURVEY_953685,Executive Project Manager,Confidential Survey Participant,Executive/Principal,13,248498.4030771579,Organizational Salary Survey
SURVEY_501658,Mid-Level DevOps Engineer,Confidential Survey Participant,Mid-Level,5,109460.82866511746,Organizational Salary Survey
SURVEY_301364,Mid-Level Software Engineer,Confidential Survey Participant,Mid-Level,6,84727.95335002609,Organizational Salary Survey
SURVEY_308083,Mid-Level Data Engineer,Confidential Survey Participant,Mid-Level,6,109878.92127998035,Organizational Salary Survey
SURVEY_318545,Mid-Level Software Engineer,Confidential Survey Participant,Mid-Level,6,110684.8330015552,Organizational Salary Survey
SURVEY_538224,Junior Data Engineer,Confidential Survey Participant,Junior/Entry,2,93508.33627951042,Organizational Salary Survey
SURVEY_583786,Executive Software Engineer,Confidential Survey Participant,Executive/Principal,18,187052.6097778225,Organizational Salary Survey
SURVEY_835824,Mid-Level Project Manager,Confidential Survey Participant,Mid-Level,6,91199.89792176858,Organizational Salary Survey
SURVEY_335600,Mid-Level Data Analyst,Confidential Survey Participant,Mid-Level,6,111879.03996406084,Organizational Salary Survey
SURVEY_536783,Mid-Level Software Engineer,Confidential Survey Participant,Mid-Level,6,90874.2589623404,Organizational Salary Survey
SURVEY_245226,Mid-Level Data Engineer,Confidential Survey Participant,Mid-Level,4,130294.53476614767,Organizational Salary Survey
SURVEY_490129,Mid-Level Software Engineer,Confidential Survey Participant,Mid-Level,6,86600.86817230762,Organizational Salary Survey
SURVEY_168747,Senior Data Analyst,Confidential Survey Participant,Senior,7,128889.19174897252,Organizational Salary Survey
SURVEY_100287,Mid-Level Project Manager,Confidential Survey Participant,Mid-Level,5,104538.78519318003,Organizational Salary Survey
SURVEY_202420,Mid-Level Project Manager,Confidential Survey Participant,Mid-Level,3,93286.1907815017,Organizational Salary Survey
SURVEY_582460,Senior Data Analyst,Confidential Survey Participant,Senior,10,135506.37592625173,Organizational Salary Survey
SURVEY_988943,Senior Software Engineer,Confidential Survey Participant,Senior,8,146366.6240936045,Organizational Salary Survey
SURVEY_921535,Executive Software Engineer,Confidential Survey Participant,Executive/Principal,10,208850.58088620164,Organizational Salary Survey
SURVEY_447182,Senior Software Engineer,Confidential Survey Participant,Senior,10,159191.43158595488,Organizational Salary Survey
SURVEY_146256,Mid-Level Data Engineer,Confidential Survey Participant,Mid-Level,6,124614.23930895369,Organizational Salary Survey
SURVEY_965296,Senior Data Engineer,Confidential Survey Participant,Senior,11,186371.0116123791,Organizational Salary Survey
SURVEY_508294,Senior Data Analyst,Confidential Survey Participant,Senior,9,132216.48837167706,Organizational Salary Survey
SURVEY_209185,Mid-Level Data Scientist,Confidential Survey Participant,Mid-Level,6,127585.68620554605,Organizational Salary Survey
SURVEY_893047,Senior Data Scientist,Confidential Survey Participant,Senior,8,161045.04576378473,Organizational Salary Survey
SURVEY_794545,Mid-Level Data Analyst,Confidential Survey Participant,Mid-Level,5,84429.14245329084,Organizational Salary Survey
SURVEY_793651,Senior Software Engineer,Confidential Survey Participant,Senior,9,141319.89904327755,Organizational Salary Survey
SURVEY_214443,Executive Software Engineer,Confidential Survey Participant,Executive/Principal,16,246498.54658183872,Organizational Salary Survey
SURVEY_386761,Junior Data Analyst,Confidential Survey Participant,Junior/Entry,2,61973.69236631864,Organizational Salary Survey
SURVEY_998000,Senior Product Manager,Confidential Survey Participant,Senior,8,195426.57516224153,Organizational Salary Survey
SURVEY_877815,Junior Project Manager,Confidential Survey Participant,Junior/Entry,0,75324.73868033905,Organizational Salary Survey
SURVEY_473281,Mid-Level Data Scientist,Confidential Survey Participant,Mid-Level,3,118865.32495804138,Organizational Salary Survey
SURVEY_244591,Executive Software Engineer,Confidential Survey Participant,Executive/Principal,18,243786.6762076124,Organizational Salary Survey
SURVEY_502331,Mid-Level DevOps Engineer,Confidential Survey Participant,Mid-Level,5,136411.5665884576,Organizational Salary Survey
SURVEY_867433,Mid-Level DevOps Engineer,Confidential Survey Participant,Mid-Level,4,117118.4909577678,Organizational Salary Survey
SURVEY_999989,Mid-Level Data Scientist,Confidential Survey Participant,Mid-Level,4,125124.40863687621,Organizational Salary Survey
SURVEY_652473,Senior Data Engineer,Confidential Survey Participant,Senior,9,205316.57728790364,Organizational Salary Survey
SURVEY_192395,Mid-Level Software Engineer,Confidential Survey Participant,Mid-Level,4,88615.1402533488,Organizational Salary Survey
SURVEY_508265,Senior Data Scientist,Confidential Survey Participant,Senior,9,203102.70539549476,Organizational Salary Survey
SURVEY_994020,Mid-Level Project Manager,Confidential Survey Participant,Mid-Level,5,94125.21023666601,Organizational Salary Survey
SURVEY_174587,Senior Software Engineer,Confidential Survey Participant,Senior,11,142790.41752223676,Organizational Salary Survey
SURVEY_660626,Junior Software Engineer,Confidential Survey Participant,Junior/Entry,0,72742.13733900372,Organizational Salary Survey
SURVEY_401304,Executive Software Engineer,Confidential Survey Participant,Executive/Principal,16,277542.98207829293,Organizational Salary Survey
SURVEY_553161,Junior Software Engineer,Confidential Survey Participant,Junior/Entry,0,75884.5978127088,Organizational Salary Survey
SURVEY_630054,Mid-Level Data Engineer,Confidential Survey Participant,Mid-Level,6,122241.45629438668,Organizational Salary Survey
SURVEY_601708,Senior Software Engineer,Confidential Survey Participant,Senior,8,147690.01259182315,Organizational Salary Survey
SURVEY_741340,Mid-Level Data Engineer,Confidential Survey Participant,Mid-Level,3,118112.1680667542,Organizational Salary Survey
SURVEY_647748,Senior Software Engineer,Confidential Survey Participant,Senior,9,158693.43929576597,Organizational Salary Survey
SURVEY_771311,Mid-Level Software Engineer,Confidential Survey Participant,Mid-Level,6,111599.99418806894,Organizational Salary Survey
SURVEY_894790,Junior Data Analyst,Confidential Survey Participant,Junior/Entry,1,60653.61210338552,Organizational Salary Survey
SURVEY_831711,Senior Data Analyst,Confidential Survey Participant,Senior,8,141681.2798329879,Organizational Salary Survey
SURVEY_669891,Mid-Level Product Manager,Confidential Survey Participant,Mid-Level,3,124215.09806665003,Organizational Salary Survey
SURVEY_974808,Executive Software Engineer,Confidential Survey Participant,Executive/Principal,18,272673.01697661966,Organizational Salary Survey
SURVEY_778532,Mid-Level Project Manager,Confidential Survey Participant,Mid-Level,6,105419.28927514095,Organizational Salary Survey
SURVEY_115252,Executive Product Manager,Confidential Survey Participant,Executive/Principal,12,265831.55051338184,Organizational Salary Survey
SURVEY_808268,Mid-Level Data Scientist,Confidential Survey Participant,Mid-Level,4,133099.3752280428,Organizational Salary Survey
SURVEY_158143,Mid-Level Software Engineer,Confidential Survey Participant,Mid-Level,3,96732.00298342443,Organizational Salary Survey
SURVEY_543475,Senior DevOps Engineer,Confidential Survey Participant,Senior,7,205887.69562320708,Organizational Salary Survey
SURVEY_613837,Mid-Level Software Engineer,Confidential Survey Participant,Mid-Level,6,104952.15547343531,Organizational Salary Survey
SURVEY_968344,Mid-Level Project Manager,Confidential Survey Participant,Mid-Level,6,86631.73890130834,Organizational Salary Survey
SURVEY_280142,Mid-Level Product Manager,Confidential Survey Participant,Mid-Level,4,145134.76194533493,Organizational Salary Survey
SURVEY_866011,Senior Software Engineer,Confidential Survey Participant,Senior,8,127832.3875422434,Organizational Salary Survey
SURVEY_859059,Mid-Level Software Engineer,Confidential Survey Participant,Mid-Level,5,96482.23871149145,Organizational Salary Survey
SURVEY_610375,Executive Data Analyst,Confidential Survey Participant,Executive/Principal,14,184523.51764855615,Organizational Salary Survey
SURVEY_102562,Senior Data Analyst,Confidential Survey Participant,Senior,8,158911.41072037848,Organizational Salary Survey
SURVEY_121068,Mid-Level Data Analyst,Confidential Survey Participant,Mid-Level,6,102970.82765944218,Organizational Salary Survey
SURVEY_881230,Mid-Level Software Engineer,Confidential Survey Participant,Mid-Level,6,106325.77455596816,Organizational Salary Survey
SURVEY_953236,Junior Data Scientist,Confidential Survey Participant,Junior/Entry,1,81465.85740913263,Organizational Salary Survey
SURVEY_237551,Executive Data Engineer,Confidential Survey Participant,Executive/Principal,15,340713.5006437012,Organizational Salary Survey
SURVEY_957429,Senior Software Engineer,Confidential Survey Participant,Senior,9,141808.74365629646,Organizational Salary Survey
SURVEY_532705,Mid-Level Data Engineer,Confidential Survey Participant,Mid-Level,4,116233.625536244,Organizational Salary Survey
SURVEY_793349,Mid-Level Software Engineer,Confidential Survey Participant,Mid-Level,5,84895.872960302,Organizational Salary Survey
SURVEY_878096,Mid-Level Software Engineer,Confidential Survey Participant,Mid-Level,5,91318.50255310195,Organizational Salary Survey
SURVEY_705237,Mid-Level Software Engineer,Confidential Survey Participant,Mid-Level,5,96728.81536386834,Organizational Salary Survey
SURVEY_169172,Senior Data Engineer,Confidential Survey Participant,Senior,11,186351.8369885042,Organizational Salary Survey
SURVEY_142222,Mid-Level Data Analyst,Confidential Survey Participant,Mid-Level,4,103800.13280093369,Organizational Salary Survey
SURVEY_234467,Junior Software Engineer,Confidential Survey Participant,Junior/Entry,0,61597.79123624665,Organizational Salary Survey
SURVEY_416909,Executive Software Engineer,Confidential Survey Participant,Executive/Principal,12,242494.61157887647,Organizational Salary Survey
SURVEY_786386,Junior Data Analyst,Confidential Survey Participant,Junior/Entry,1,74296.41282839021,Organizational Salary Survey
SURVEY_706715,Junior Software Engineer,Confidential Survey Participant,Junior/Entry,1,60474.78926203526,Organizational Salary Survey
SURVEY_491653,Senior Data Analyst,Confidential Survey Participant,Senior,8,124307.43388612653,Organizational Salary Survey
SURVEY_407841,Mid-Level Data Analyst,Confidential Survey Participant,Mid-Level,4,107409.02273087676,Organizational Salary Survey
SURVEY_452485,Mid-Level Software Engineer,Confidential Survey Participant,Mid-Level,6,99626.3476882097,Organizational Salary Survey
SURVEY_627251,Mid-Level Data Scientist,Confidential Survey Participant,Mid-Level,3,118741.61403165903,Organizational Salary Survey
SURVEY_325708,Senior Product Manager,Confidential Survey Participant,Senior,9,214204.46744491567,Organizational Salary Survey
SURVEY_310349,Senior Software Engineer,Confidential Survey Participant,Senior,6,145143.0429236698,Organizational Salary Survey
SURVEY_501891,Mid-Level Data Scientist,Confidential Survey Participant,Mid-Level,5,134315.36847042685,Organizational Salary Survey
SURVEY_958992,Senior Software Engineer,Confidential Survey Participant,Senior,10,140276.89046013672,Organizational Salary Survey
SURVEY_832000,Junior Software Engineer,Confidential Survey Participant,Junior/Entry,0,65498.40343589144,Organizational Salary Survey
SURVEY_540757,Mid-Level Data Analyst,Confidential Survey Participant,Mid-Level,3,103242.81866172851,Organizational Salary Survey
SURVEY_449758,Junior Software Engineer,Confidential Survey Participant,Junior/Entry,2,69993.9302237155,Organizational Salary Survey
SURVEY_783694,Senior Software Engineer,Confidential Survey Participant,Senior,9,132111.41552315338,Organizational Salary Survey
SURVEY_817073,Junior Data Engineer,Confidential Survey Participant,Junior/Entry,0,97515.70236330807,Organizational Salary Survey
SURVEY_370617,Senior Data Analyst,Confidential Survey Participant,Senior,8,156893.69893421262,Organizational Salary Survey
SURVEY_366817,Junior Project Manager,Confidential Survey Participant,Junior/Entry,0,60427.32728971851,Organizational Salary Survey
SURVEY_773196,Mid-Level Data Analyst,Confidential Survey Participant,Mid-Level,5,103325.96078352092,Organizational Salary Survey
SURVEY_480879,Senior Data Scientist,Confidential Survey Participant,Senior,11,174247.021232267,Organizational Salary Survey
SURVEY_535988,Mid-Level Data Analyst,Confidential Survey Participant,Mid-Level,4,97385.43596395478,Organizational Salary Survey
SURVEY_897976,Mid-Level Project Manager,Confidential Survey Participant,Mid-Level,4,93168.68163300003,Organizational Salary Survey
SURVEY_656068,Senior Software Engineer,Confidential Survey Participant,Senior,7,134722.92604667024,Organizational Salary Survey
SURVEY_273025,Senior Data Analyst,Confidential Survey Participant,Senior,11,120302.90429420564,Organizational Salary Survey
SURVEY_801937,Junior Data Analyst,Confidential Survey Participant,Junior/Entry,0,58297.399927897764,Organizational Salary Survey
SURVEY_954774,Mid-Level Data Engineer,Confidential Survey Participant,Mid-Level,3,118868.79251212448,Organizational Salary Survey
SURVEY_683462,Mid-Level Data Analyst,Confidential Survey Participant,Mid-Level,6,97987.77224902649,Organizational Salary Survey
SURVEY_853758,Senior Software Engineer,Confidential Survey Participant,Senior,10,149933.97069000773,Organizational Salary Survey
SURVEY_559802,Mid-Level Data Analyst,Confidential Survey Participant,Mid-Level,6,86875.11660086749,Organizational Salary Survey
SURVEY_666324,Mid-Level Data Scientist,Confidential Survey Participant,Mid-Level,6,111294.58921023112,Organizational Salary Survey
SURVEY_541038,Mid-Level Data Engineer,Confidential Survey Participant,Mid-Level,5,122214.8348422476,Organizational Salary Survey
SURVEY_697382,Executive Data Scientist,Confidential Survey Participant,Executive/Principal,11,323000.696622176,Organizational Salary Survey
SURVEY_964280,Mid-Level Data Scientist,Confidential Survey Participant,Mid-Level,4,135998.02929855124,Organizational Salary Survey
SURVEY_389142,Mid-Level Software Engineer,Confidential Survey Participant,Mid-Level,5,104783.00014532544,Organizational Salary Survey
SURVEY_458865,Mid-Level Software Engineer,Confidential Survey Participant,Mid-Level,4,100521.52314721426,Organizational Salary Survey
SURVEY_648275,Mid-Level Data Analyst,Confidential Survey Participant,Mid-Level,5,107450.180836412,Organizational Salary Survey
SURVEY_341816,Mid-Level Software Engineer,Confidential Survey Participant,Mid-Level,6,100951.7095610997,Organizational Salary Survey
SURVEY_562902,Mid-Level Data Analyst,Confidential Survey Participant,Mid-Level,3,101169.91225410577,Organizational Salary Survey
SURVEY_536227,Senior Product Manager,Confidential Survey Participant,Senior,8,181991.64654556938,Organizational Salary Survey
SURVEY_879206,Mid-Level Software Engineer,Confidential Survey Participant,Mid-Level,3,93860.48419800687,Organizational Salary Survey
SURVEY_341801,Senior Data Analyst,Confidential Survey Participant,Senior,7,144754.8283089068,Organizational Salary Survey
SURVEY_750457,Senior Project Manager,Confidential Survey Participant,Senior,6,132459.30576419324,Organizational Salary Survey
SURVEY_758419,Junior Data Scientist,Confidential Survey Participant,Junior/Entry,1,73058.82382405504,Organizational Salary Survey
SURVEY_991795,Mid-Level Software Engineer,Confidential Survey Participant,Mid-Level,5,84432.66575667333,Organizational Salary Survey
SURVEY_390781,Senior DevOps Engineer,Confidential Survey Participant,Senior,9,173789.97421927107,Organizational Salary Survey
SURVEY_984732,Junior DevOps Engineer,Confidential Survey Participant,Junior/Entry,1,82295.13908827843,Organizational Salary Survey
SURVEY_861388,Junior Software Engineer,Confidential Survey Participant,Junior/Entry,2,70649.30212359669,Organizational Salary Survey
SURVEY_544684,Mid-Level Project Manager,Confidential Survey Participant,Mid-Level,3,86756.32831507201,Organizational Salary Survey
SURVEY_769644,Mid-Level Data Engineer,Confidential Survey Participant,Mid-Level,5,140949.10689042963,Organizational Salary Survey
SURVEY_642328,Junior Data Analyst,Confidential Survey Participant,Junior/Entry,1,69051.23154579136,Organizational Salary Survey
SURVEY_708892,Mid-Level Data Analyst,Confidential Survey Participant,Mid-Level,6,89449.43540238203,Organizational Salary Survey
SURVEY_108776,Senior Data Analyst,Confidential Survey Participant,Senior,10,143175.04474983807,Organizational Salary Survey
SURVEY_728381,Mid-Level Software Engineer,Confidential Survey Participant,Mid-Level,5,96626.9124446425,Organizational Salary Survey
SURVEY_335372,Junior Product Manager,Confidential Survey Participant,Junior/Entry,1,82647.84136697365,Organizational Salary Survey
SURVEY_687261,Mid-Level Software Engineer,Confidential Survey Participant,Mid-Level,6,111454.08887928346,Organizational Salary Survey
SURVEY_433910,Senior DevOps Engineer,Confidential Survey Participant,Senior,11,172025.88226697597,Organizational Salary Survey
SURVEY_868334,Mid-Level Data Analyst,Confidential Survey Participant,Mid-Level,5,107499.56907979414,Organizational Salary Survey
SURVEY_939560,Mid-Level Software Engineer,Confidential Survey Participant,Mid-Level,4,94624.35608495794,Organizational Salary Survey
SURVEY_956872,Junior Project Manager,Confidential Survey Participant,Junior/Entry,0,72836.99748370679,Organizational Salary Survey
SURVEY_739982,Senior Software Engineer,Confidential Survey Participant,Senior,7,126630.24432540007,Organizational Salary Survey
SURVEY_652575,Junior Data Analyst,Confidential Survey Participant,Junior/Entry,0,63965.905150107086,Organizational Salary Survey
SURVEY_598166,Senior Data Analyst,Confidential Survey Participant,Senior,9,156054.03065971716,Organizational Salary Survey
SURVEY_263617,Junior Data Scientist,Confidential Survey Participant,Junior/Entry,0,98492.8596879919,Organizational Salary Survey
SURVEY_641921,Mid-Level Software Engineer,Confidential Survey Participant,Mid-Level,5,109264.8627068179,Organizational Salary Survey
SURVEY_338562,Mid-Level Product Manager,Confidential Survey Participant,Mid-Level,6,147695.96554981152,Organizational Salary Survey
SURVEY_621161,Junior Data Analyst,Confidential Survey Participant,Junior/Entry,2,74376.283689714,Organizational Salary Survey
SURVEY_840666,Mid-Level Software Engineer,Confidential Survey Participant,Mid-Level,6,104176.84640230711,Organizational Salary Survey
SURVEY_816609,Mid-Level Data Scientist,Confidential Survey Participant,Mid-Level,5,137936.23276817257,Organizational Salary Survey
SURVEY_933947,Mid-Level Data Analyst,Confidential Survey Participant,Mid-Level,5,90118.18832267328,Organizational Salary Survey
SURVEY_462459,Senior Data Scientist,Confidential Survey Participant,Senior,7,180707.23639014852,Organizational Salary Survey
SURVEY_261320,Junior Data Scientist,Confidential Survey Participant,Junior/Entry,1,95870.33599416865,Organizational Salary Survey
SURVEY_919527,Senior Software Engineer,Confidential Survey Participant,Senior,8,156787.5636477944,Organizational Salary Survey
SURVEY_772709,Executive Software Engineer,Confidential Survey Participant,Executive/Principal,19,231735.1071665434,Organizational Salary Survey
SURVEY_334198,Senior Data Analyst,Confidential Survey Participant,Senior,11,158622.59085613696,Organizational Salary Survey
SURVEY_595791,Senior Software Engineer,Confidential Survey Participant,Senior,11,142216.29979407307,Organizational Salary Survey
SURVEY_629269,Senior Data Engineer,Confidential Survey Participant,Senior,7,187107.32542613518,Organizational Salary Survey
SURVEY_573420,Senior Software Engineer,Confidential Survey Participant,Senior,11,136246.22106485988,Organizational Salary Survey
SURVEY_172703,Junior Project Manager,Confidential Survey Participant,Junior/Entry,2,75284.51087305561,Organizational Salary Survey
SURVEY_232447,Executive Project Manager,Confidential Survey Participant,Executive/Principal,12,250517.8803573208,Organizational Salary Survey
SURVEY_119942,Mid-Level Data Analyst,Confidential Survey Participant,Mid-Level,4,102417.50483180478,Organizational Salary Survey
SURVEY_481075,Junior Data Engineer,Confidential Survey Participant,Junior/Entry,1,83516.42429189081,Organizational Salary Survey
SURVEY_488144,Executive Software Engineer,Confidential Survey Participant,Executive/Principal,18,272706.1484710597,Organizational Salary Survey
SURVEY_806605,Senior Data Analyst,Confidential Survey Participant,Senior,10,144321.2654518469,Organizational Salary Survey
SURVEY_122499,Executive Software Engineer,Confidential Survey Participant,Executive/Principal,18,247785.25337830512,Organizational Salary Survey
SURVEY_196330,Junior Data Analyst,Confidential Survey Participant,Junior/Entry,1,72569.90921451768,Organizational Salary Survey
SURVEY_391056,Mid-Level Data Engineer,Confidential Survey Participant,Mid-Level,6,136753.63947070457,Organizational Salary Survey
SURVEY_333873,Senior Software Engineer,Confidential Survey Participant,Senior,8,126116.4900742025,Organizational Salary Survey
SURVEY_203537,Mid-Level Software Engineer,Confidential Survey Participant,Mid-Level,5,98186.34584545613,Organizational Salary Survey
SURVEY_836767,Junior Data Scientist,Confidential Survey Participant,Junior/Entry,0,84122.22577062044,Organizational Salary Survey
SURVEY_915855,Junior Product Manager,Confidential Survey Participant,Junior/Entry,1,80674.85330287297,Organizational Salary Survey
SURVEY_973090,Junior Data Analyst,Confidential Survey Participant,Junior/Entry,1,75048.17849222643,Organizational Salary Survey
SURVEY_803294,Mid-Level Software Engineer,Confidential Survey Participant,Mid-Level,4,84349.33708395892,Organizational Salary Survey
SURVEY_266943,Mid-Level Data Engineer,Confidential Survey Participant,Mid-Level,5,133773.18280358193,Organizational Salary Survey
SURVEY_709164,Senior Software Engineer,Confidential Survey Participant,Senior,10,155486.89613896477,Organizational Salary Survey
SURVEY_235833,Senior Software Engineer,Confidential Survey Participant,Senior,9,156444.68507815726,Organizational Salary Survey
SURVEY_330954,Mid-Level DevOps Engineer,Confidential Survey Participant,Mid-Level,4,124769.8124008929,Organizational Salary Survey
SURVEY_556195,Junior Software Engineer,Confidential Survey Participant,Junior/Entry,0,71816.53011785191,Organizational Salary Survey
SURVEY_890749,Executive Software Engineer,Confidential Survey Participant,Executive/Principal,19,252415.00846501582,Organizational Salary Survey
SURVEY_883249,Senior Data Engineer,Confidential Survey Participant,Senior,10,179069.89965476727,Organizational Salary Survey
SURVEY_765720,Mid-Level Software Engineer,Confidential Survey Participant,Mid-Level,3,97268.62683422698,Organizational Salary Survey
SURVEY_400525,Executive Data Analyst,Confidential Survey Participant,Executive/Principal,14,264646.2782846594,Organizational Salary Survey
SURVEY_374198,Junior Software Engineer,Confidential Survey Participant,Junior/Entry,2,57080.537743057,Organizational Salary Survey
SURVEY_403276,Junior Data Scientist,Confidential Survey Participant,Junior/Entry,1,84419.97499020005,Organizational Salary Survey
SURVEY_367171,Senior Software Engineer,Confidential Survey Participant,Senior,11,132409.37642665423,Organizational Salary Survey
SURVEY_434504,Junior Product Manager,Confidential Survey Participant,Junior/Entry,1,101302.97828966928,Organizational Salary Survey
SURVEY_346472,Senior Software Engineer,Confidential Survey Participant,Senior,10,152751.34100917855,Organizational Salary Survey
SURVEY_813189,Senior Project Manager,Confidential Survey Participant,Senior,9,159292.94232042818,Organizational Salary Survey
SURVEY_685103,Mid-Level Data Scientist,Confidential Survey Participant,Mid-Level,5,113640.35821717318,Organizational Salary Survey
SURVEY_367643,Mid-Level Data Engineer,Confidential Survey Participant,Mid-Level,6,111325.9398902259,Organizational Salary Survey
SURVEY_981239,Senior Software Engineer,Confidential Survey Participant,Senior,9,132368.32090317202,Organizational Salary Survey
SURVEY_168504,Senior Data Engineer,Confidential Survey Participant,Senior,7,166775.45446602887,Organizational Salary Survey
SURVEY_283273,Senior Data Scientist,Confidential Survey Participant,Senior,10,191451.66773344405,Organizational Salary Survey
SURVEY_386623,Senior Data Engineer,Confidential Survey Participant,Senior,7,163525.79036646502,Organizational Salary Survey
SURVEY_127050,Mid-Level Data Analyst,Confidential Survey Participant,Mid-Level,6,104455.80245428586,Organizational Salary Survey
SURVEY_267114,Junior Software Engineer,Confidential Survey Participant,Junior/Entry,2,74822.57197378403,Organizational Salary Survey
SURVEY_107534,Junior Data Scientist,Confidential Survey Participant,Junior/Entry,1,79337.13264546548,Organizational Salary Survey
SURVEY_110806,Senior Project Manager,Confidential Survey Participant,Senior,6,145170.23943112968,Organizational Salary Survey
SURVEY_189187,Junior Data Analyst,Confidential Survey Participant,Junior/Entry,1,71570.6826463883,Organizational Salary Survey
SURVEY_808942,Mid-Level Data Engineer,Confidential Survey Participant,Mid-Level,3,120988.83191827107,Organizational Salary Survey
SURVEY_937041,Executive Data Engineer,Confidential Survey Participant,Executive/Principal,14,273413.67880716186,Organizational Salary Survey
SURVEY_749318,Junior Software Engineer,Confidential Survey Participant,Junior/Entry,2,71818.1708047578,Organizational Salary Survey
SURVEY_414057,Executive Data Analyst,Confidential Survey Participant,Executive/Principal,15,200620.81994550524,Organizational Salary Survey
SURVEY_240722,Executive Data Scientist,Confidential Survey Participant,Executive/Principal,12,306702.8871225832,Organizational Salary Survey
SURVEY_407257,Mid-Level Software Engineer,Confidential Survey Participant,Mid-Level,4,105382.17391107962,Organizational Salary Survey
SURVEY_775471,Junior Data Engineer,Confidential Survey Participant,Junior/Entry,0,72693.67683474843,Organizational Salary Survey
SURVEY_169642,Junior Product Manager,Confidential Survey Participant,Junior/Entry,1,85710.74101336437,Organizational Salary Survey
SURVEY_959222,Mid-Level DevOps Engineer,Confidential Survey Participant,Mid-Level,5,121734.78592828759,Organizational Salary Survey
SURVEY_373606,Mid-Level Software Engineer,Confidential Survey Participant,Mid-Level,6,109432.73020576562,Organizational Salary Survey
SURVEY_654049,Mid-Level Data Engineer,Confidential Survey Participant,Mid-Level,4,117999.34883496695,Organizational Salary Survey
SURVEY_346225,Executive Data Engineer,Confidential Survey Participant,Executive/Principal,10,353693.4100388337,Organizational Salary Survey
SURVEY_476788,Mid-Level Data Analyst,Confidential Survey Participant,Mid-Level,6,87744.98824844895,Organizational Salary Survey
SURVEY_256825,Mid-Level Data Engineer,Confidential Survey Participant,Mid-Level,4,114857.1372748849,Organizational Salary Survey
SURVEY_382838,Mid-Level Product Manager,Confidential Survey Participant,Mid-Level,4,120598.757574148,Organizational Salary Survey
SURVEY_756646,Junior Product Manager,Confidential Survey Participant,Junior/Entry,1,87661.33451014075,Organizational Salary Survey
SURVEY_411926,Mid-Level Data Analyst,Confidential Survey Participant,Mid-Level,5,99858.65150628627,Organizational Salary Survey
SURVEY_144019,Senior Data Scientist,Confidential Survey Participant,Senior,11,153743.5910025219,Organizational Salary Survey
SURVEY_909795,Mid-Level Project Manager,Confidential Survey Participant,Mid-Level,3,107227.30841698266,Organizational Salary Survey
SURVEY_639955,Mid-Level Software Engineer,Confidential Survey Participant,Mid-Level,3,105289.32239108528,Organizational Salary Survey
SURVEY_234698,Junior Data Analyst,Confidential Survey Participant,Junior/Entry,2,75167.5111224568,Organizational Salary Survey
SURVEY_110322,Junior Data Scientist,Confidential Survey Participant,Junior/Entry,0,87253.42719192144,Organizational Salary Survey
SURVEY_153290,Senior Data Analyst,Confidential Survey Participant,Senior,10,120901.1713234953,Organizational Salary Survey
SURVEY_923726,Mid-Level Software Engineer,Confidential Survey Participant,Mid-Level,5,91809.07844454351,Organizational Salary Survey
SURVEY_272548,Senior Data Scientist,Confidential Survey Participant,Senior,6,203749.51364728407,Organizational Salary Survey
SURVEY_533458,Senior Project Manager,Confidential Survey Participant,Senior,6,134238.86543095802,Organizational Salary Survey
SURVEY_501135,Mid-Level Data Engineer,Confidential Survey Participant,Mid-Level,4,124180.34474309205,Organizational Salary Survey
SURVEY_796345,Mid-Level Product Manager,Confidential Survey Participant,Mid-Level,6,151557.38265965658,Organizational Salary Survey
SURVEY_223003,Executive Data Engineer,Confidential Survey Participant,Executive/Principal,19,263790.3694981468,Organizational Salary Survey
SURVEY_530365,Senior Software Engineer,Confidential Survey Participant,Senior,11,138051.65217178795,Organizational Salary Survey
SURVEY_634605,Mid-Level Software Engineer,Confidential Survey Participant,Mid-Level,4,103282.81334629952,Organizational Salary Survey
SURVEY_306058,Senior Data Engineer,Confidential Survey Participant,Senior,11,184953.61254330716,Organizational Salary Survey
SURVEY_159329,Mid-Level Project Manager,Confidential Survey Participant,Mid-Level,6,91905.4700352443,Organizational Salary Survey
SURVEY_139999,Junior Product Manager,Confidential Survey Participant,Junior/Entry,1,101471.42977196064,Organizational Salary Survey
SURVEY_550924,Senior Product Manager,Confidential Survey Participant,Senior,9,198462.46392747638,Organizational Salary Survey
SURVEY_113098,Mid-Level Project Manager,Confidential Survey Participant,Mid-Level,5,105500.3529734106,Organizational Salary Survey
SURVEY_380133,Junior Product Manager,Confidential Survey Participant,Junior/Entry,0,107390.74116042939,Organizational Salary Survey
SURVEY_389163,Mid-Level Data Engineer,Confidential Survey Participant,Mid-Level,3,139104.04613666172,Organizational Salary Survey
SURVEY_298773,Senior Software Engineer,Confidential Survey Participant,Senior,8,121839.96824988886,Organizational Salary Survey
SURVEY_952357,Mid-Level Data Scientist,Confidential Survey Participant,Mid-Level,5,131964.94996204888,Organizational Salary Survey
SURVEY_977640,Senior Software Engineer,Confidential Survey Participant,Senior,9,156444.74386237148,Organizational Salary Survey
SURVEY_509014,Senior DevOps Engineer,Confidential Survey Participant,Senior,7,196380.6508175576,Organizational Salary Survey
SURVEY_233829,Mid-Level Project Manager,Confidential Survey Participant,Mid-Level,4,100984.78057692235,Organizational Salary Survey
SURVEY_774084,Junior Product Manager,Confidential Survey Participant,Junior/Entry,0,100678.59282881003,Organizational Salary Survey
SURVEY_329958,Senior Data Analyst,Confidential Survey Participant,Senior,6,150795.71245258307,Organizational Salary Survey
SURVEY_749349,Senior Software Engineer,Confidential Survey Participant,Senior,9,137499.2589235541,Organizational Salary Survey
SURVEY_753819,Junior Software Engineer,Confidential Survey Participant,Junior/Entry,2,74220.88968059489,Organizational Salary Survey
SURVEY_996867,Senior Data Scientist,Confidential Survey Participant,Senior,8,157328.21972804883,Organizational Salary Survey
SURVEY_305699,Mid-Level Software Engineer,Confidential Survey Participant,Mid-Level,5,88393.25143391949,Organizational Salary Survey
SURVEY_148022,Mid-Level Project Manager,Confidential Survey Participant,Mid-Level,5,92365.1791301062,Organizational Salary Survey
SURVEY_682356,Junior Software Engineer,Confidential Survey Participant,Junior/Entry,0,73748.43915884371,Organizational Salary Survey
SURVEY_936986,Senior Data Engineer,Confidential Survey Participant,Senior,6,166600.7253161027,Organizational Salary Survey
SURVEY_911764,Senior Data Engineer,Confidential Survey Participant,Senior,11,184107.11705591768,Organizational Salary Survey
SURVEY_217538,Mid-Level Data Scientist,Confidential Survey Participant,Mid-Level,3,113065.77773070615,Organizational Salary Survey
SURVEY_761027,Mid-Level Software Engineer,Confidential Survey Participant,Mid-Level,3,94365.86092994432,Organizational Salary Survey
SURVEY_861442,Senior Data Engineer,Confidential Survey Participant,Senior,9,201418.21750720788,Organizational Salary Survey
SURVEY_843040,Senior Data Scientist,Confidential Survey Participant,Senior,6,155392.73498916102,Organizational Salary Survey
SURVEY_872365,Mid-Level Software Engineer,Confidential Survey Participant,Mid-Level,3,85755.32609136608,Organizational Salary Survey
SURVEY_723921,Mid-Level Product Manager,Confidential Survey Participant,Mid-Level,6,141454.25763240302,Organizational Salary Survey
SURVEY_451315,Junior Software Engineer,Confidential Survey Participant,Junior/Entry,2,58456.01670539075,Organizational Salary Survey
SURVEY_545003,Mid-Level Software Engineer,Confidential Survey Participant,Mid-Level,4,87098.4519200149,Organizational Salary Survey
SURVEY_652902,Junior Software Engineer,Confidential Survey Participant,Junior/Entry,1,72237.75534985376,Organizational Salary Survey
SURVEY_777097,Mid-Level Software Engineer,Confidential Survey Participant,Mid-Level,3,84384.84044443046,Organizational Salary Survey
SURVEY_548305,Mid-Level Software Engineer,Confidential Survey Participant,Mid-Level,6,101898.8175220895,Organizational Salary Survey
SURVEY_247079,Senior Data Engineer,Confidential Survey Participant,Senior,8,165881.54392453292,Organizational Salary Survey
SURVEY_595218,Mid-Level Data Scientist,Confidential Survey Participant,Mid-Level,3,124279.33268961313,Organizational Salary Survey
SURVEY_472108,Mid-Level Software Engineer,Confidential Survey Participant,Mid-Level,3,110527.48437964471,Organizational Salary Survey
SURVEY_459859,Senior Data Analyst,Confidential Survey Participant,Senior,9,156347.08222661552,Organizational Salary Survey
SURVEY_943169,Mid-Level Data Engineer,Confidential Survey Participant,Mid-Level,6,143186.94163389414,Organizational Salary Survey
SURVEY_175616,Senior DevOps Engineer,Confidential Survey Participant,Senior,6,169463.1934079636,Organizational Salary Survey
SURVEY_190935,Senior Software Engineer,Confidential Survey Participant,Senior,11,136480.4687120243,Organizational Salary Survey
SURVEY_644946,Mid-Level Software Engineer,Confidential Survey Participant,Mid-Level,3,95490.29362933758,Organizational Salary Survey
SURVEY_265516,Executive Software Engineer,Confidential Survey Participant,Executive/Principal,17,205443.15482153144,Organizational Salary Survey
SURVEY_522696,Junior Data Scientist,Confidential Survey Participant,Junior/Entry,0,83851.32955088698,Organizational Salary Survey
SURVEY_608846,Senior Product Manager,Confidential Survey Participant,Senior,11,218245.1389336408,Organizational Salary Survey
SURVEY_727749,Mid-Level Software Engineer,Confidential Survey Participant,Mid-Level,6,89296.1571207885,Organizational Salary Survey
SURVEY_430098,Executive Project Manager,Confidential Survey Participant,Executive/Principal,10,197125.87604177915,Organizational Salary Survey
SURVEY_933743,Junior Software Engineer,Confidential Survey Participant,Junior/Entry,0,68871.87351221229,Organizational Salary Survey
SURVEY_632059,Mid-Level Data Engineer,Confidential Survey Participant,Mid-Level,5,119511.74726940857,Organizational Salary Survey
SURVEY_963806,Senior Product Manager,Confidential Survey Participant,Senior,11,229776.81641798856,Organizational Salary Survey
SURVEY_486320,Junior Product Manager,Confidential Survey Participant,Junior/Entry,2,106740.39668610455,Organizational Salary Survey
SURVEY_503807,Mid-Level Data Scientist,Confidential Survey Participant,Mid-Level,6,108350.92408984508,Organizational Salary Survey
SURVEY_555634,Junior Software Engineer,Confidential Survey Participant,Junior/Entry,2,62449.156290949366,Organizational Salary Survey
SURVEY_174591,Mid-Level Software Engineer,Confidential Survey Participant,Mid-Level,5,103032.20657895665,Organizational Salary Survey
SURVEY_588603,Mid-Level Software Engineer,Confidential Survey Participant,Mid-Level,4,87005.26246406796,Organizational Salary Survey
SURVEY_947696,Mid-Level Software Engineer,Confidential Survey Participant,Mid-Level,4,94403.47920770172,Organizational Salary Survey
SURVEY_754468,Mid-Level Data Engineer,Confidential Survey Participant,Mid-Level,5,141411.501212244,Organizational Salary Survey
SURVEY_112181,Mid-Level Data Analyst,Confidential Survey Participant,Mid-Level,5,84722.604163241,Organizational Salary Survey
SURVEY_649613,Mid-Level Data Analyst,Confidential Survey Participant,Mid-Level,5,91221.76662495158,Organizational Salary Survey
SURVEY_240827,Mid-Level Software Engineer,Confidential Survey Participant,Mid-Level,6,95313.98960064421,Organizational Salary Survey
SURVEY_958285,Junior Data Scientist,Confidential Survey Participant,Junior/Entry,0,83724.57308574957,Organizational Salary Survey
SURVEY_506094,Mid-Level Data Scientist,Confidential Survey Participant,Mid-Level,3,125551.86193978282,Organizational Salary Survey
SURVEY_504150,Senior Data Analyst,Confidential Survey Participant,Senior,6,159449.6550912993,Organizational Salary Survey
SURVEY_747817,Mid-Level DevOps Engineer,Confidential Survey Participant,Mid-Level,4,124513.3100022468,Organizational Salary Survey
SURVEY_596629,Mid-Level Data Scientist,Confidential Survey Participant,Mid-Level,5,139641.16583135995,Organizational Salary Survey
SURVEY_225219,Senior Data Scientist,Confidential Survey Participant,Senior,7,187940.010325072,Organizational Salary Survey
SURVEY_407972,Mid-Level Software Engineer,Confidential Survey Participant,Mid-Level,3,99115.39763762843,Organizational Salary Survey
SURVEY_633923,Mid-Level Software Engineer,Confidential Survey Participant,Mid-Level,5,99859.17854914832,Organizational Salary Survey
SURVEY_402556,Junior Data Scientist,Confidential Survey Participant,Junior/Entry,1,89250.4247071763,Organizational Salary Survey
SURVEY_142810,Mid-Level Software Engineer,Confidential Survey Participant,Mid-Level,5,91828.82151301793,Organizational Salary Survey
SURVEY_794279,Mid-Level Data Scientist,Confidential Survey Participant,Mid-Level,5,138678.98771509944,Organizational Salary Survey
SURVEY_599266,Junior Data Analyst,Confidential Survey Participant,Junior/Entry,2,72388.71738545732,Organizational Salary Survey
SURVEY_955899,Junior DevOps Engineer,Confidential Survey Participant,Junior/Entry,2,89108.69667469524,Organizational Salary Survey
SURVEY_727494,Senior Project Manager,Confidential Survey Participant,Senior,7,148919.7083832655,Organizational Salary Survey
SURVEY_322405,Junior Product Manager,Confidential Survey Participant,Junior/Entry,2,108967.53392689834,Organizational Salary Survey
SURVEY_341174,Senior Data Engineer,Confidential Survey Participant,Senior,10,177834.4442443412,Organizational Salary Survey
SURVEY_343240,Junior Software Engineer,Confidential Survey Participant,Junior/Entry,2,68250.09009692773,Organizational Salary Survey
SURVEY_658890,Senior Software Engineer,Confidential Survey Participant,Senior,7,146412.53381262143,Organizational Salary Survey
SURVEY_655213,Mid-Level Software Engineer,Confidential Survey Participant,Mid-Level,4,97285.87366737876,Organizational Salary Survey
SURVEY_843676,Mid-Level Software Engineer,Confidential Survey Participant,Mid-Level,4,90403.42105936873,Organizational Salary Survey
SURVEY_407803,Senior Data Analyst,Confidential Survey Participant,Senior,6,145885.60764344494,Organizational Salary Survey
SURVEY_679747,Mid-Level Data Engineer,Confidential Survey Participant,Mid-Level,5,118737.55735248394,Organizational Salary Survey
SURVEY_636994,Executive Data Scientist,Confidential Survey Participant,Executive/Principal,13,344672.95178227196,Organizational Salary Survey
SURVEY_386236,Mid-Level Data Engineer,Confidential Survey Participant,Mid-Level,5,143983.76929732977,Organizational Salary Survey
SURVEY_506925,Junior Product Manager,Confidential Survey Participant,Junior/Entry,2,88338.1162007176,Organizational Salary Survey
SURVEY_596517,Senior Software Engineer,Confidential Survey Participant,Senior,6,146718.71961703632,Organizational Salary Survey
SURVEY_141690,Mid-Level Data Scientist,Confidential Survey Participant,Mid-Level,4,131815.76814697986,Organizational Salary Survey
SURVEY_748961,Executive Data Engineer,Confidential Survey Participant,Executive/Principal,10,324528.2590755758,Organizational Salary Survey
SURVEY_994660,Executive Project Manager,Confidential Survey Participant,Executive/Principal,14,243330.72448804718,Organizational Salary Survey
SURVEY_174722,Junior Software Engineer,Confidential Survey Participant,Junior/Entry,1,76697.79129405583,Organizational Salary Survey
SURVEY_323661,Junior Data Analyst,Confidential Survey Participant,Junior/Entry,0,73785.47955507378,Organizational Salary Survey
SURVEY_496140,Executive Data Analyst,Confidential Survey Participant,Executive/Principal,12,196870.55061856285,Organizational Salary Survey
SURVEY_436914,Junior DevOps Engineer,Confidential Survey Participant,Junior/Entry,1,74203.92034271531,Organizational Salary Survey
SURVEY_424245,Junior Data Engineer,Confidential Survey Participant,Junior/Entry,1,95866.71371321728,Organizational Salary Survey
SURVEY_588762,Junior DevOps Engineer,Confidential Survey Participant,Junior/Entry,2,89582.02448788141,Organizational Salary Survey
SURVEY_972988,Senior Project Manager,Confidential Survey Participant,Senior,6,157713.40925412453,Organizational Salary Survey
SURVEY_505341,Mid-Level Software Engineer,Confidential Survey Participant,Mid-Level,6,85041.84614396626,Organizational Salary Survey
SURVEY_901103,Mid-Level Software Engineer,Confidential Survey Participant,Mid-Level,5,101096.69909098446,Organizational Salary Survey
SURVEY_619221,Senior Product Manager,Confidential Survey Participant,Senior,9,185131.25503782148,Organizational Salary Survey
SURVEY_835919,Mid-Level Software Engineer,Confidential Survey Participant,Mid-Level,5,93532.51406741975,Organizational Salary Survey
SURVEY_760665,Senior Product Manager,Confidential Survey Participant,Senior,8,190942.52896734394,Organizational Salary Survey
SURVEY_467326,Junior Software Engineer,Confidential Survey Participant,Junior/Entry,1,75071.81060779317,Organizational Salary Survey
SURVEY_940801,Mid-Level Data Analyst,Confidential Survey Participant,Mid-Level,5,103388.02584866795,Organizational Salary Survey
SURVEY_787771,Senior Project Manager,Confidential Survey Participant,Senior,11,130057.89777030231,Organizational Salary Survey
SURVEY_276144,Mid-Level Data Analyst,Confidential Survey Participant,Mid-Level,4,92605.03297004769,Organizational Salary Survey
SURVEY_415983,Mid-Level Software Engineer,Confidential Survey Participant,Mid-Level,5,85719.10051498364,Organizational Salary Survey
SURVEY_195339,Junior Data Engineer,Confidential Survey Participant,Junior/Entry,1,86083.07345004239,Organizational Salary Survey
SURVEY_767296,Mid-Level Software Engineer,Confidential Survey Participant,Mid-Level,6,87385.37212009456,Organizational Salary Survey
SURVEY_748060,Senior Data Scientist,Confidential Survey Participant,Senior,7,194571.55527571277,Organizational Salary Survey
SURVEY_749282,Senior Software Engineer,Confidential Survey Participant,Senior,11,120153.1574246318,Organizational Salary Survey
SURVEY_140429,Mid-Level Software Engineer,Confidential Survey Participant,Mid-Level,5,84469.63227150135,Organizational Salary Survey
SURVEY_147070,Senior Data Analyst,Confidential Survey Participant,Senior,9,143073.83045384943,Organizational Salary Survey
SURVEY_677437,Junior Data Scientist,Confidential Survey Participant,Junior/Entry,2,86126.56963676357,Organizational Salary Survey
SURVEY_917306,Mid-Level Data Analyst,Confidential Survey Participant,Mid-Level,6,111683.80464328903,Organizational Salary Survey
SURVEY_671522,Mid-Level Data Engineer,Confidential Survey Participant,Mid-Level,3,123895.51341585658,Organizational Salary Survey
SURVEY_731282,Senior Data Engineer,Confidential Survey Participant,Senior,11,180320.53447895066,Organizational Salary Survey
SURVEY_475568,Mid-Level Product Manager,Confidential Survey Participant,Mid-Level,5,149385.1062380425,Organizational Salary Survey
SURVEY_972559,Executive Software Engineer,Confidential Survey Participant,Executive/Principal,16,231997.66353990397,Organizational Salary Survey
SURVEY_789071,Mid-Level Data Scientist,Confidential Survey Participant,Mid-Level,4,142034.86369862928,Organizational Salary Survey
SURVEY_323013,Junior Data Scientist,Confidential Survey Participant,Junior/Entry,1,92840.71921386091,Organizational Salary Survey
SURVEY_675451,Executive Product Manager,Confidential Survey Participant,Executive/Principal,10,309319.4990116984,Organizational Salary Survey
SURVEY_435692,Junior Product Manager,Confidential Survey Participant,Junior/Entry,2,96321.5089863781,Organizational Salary Survey
SURVEY_616824,Junior Software Engineer,Confidential Survey Participant,Junior/Entry,1,64629.38755141564,Organizational Salary Survey
SURVEY_514259,Mid-Level Project Manager,Confidential Survey Participant,Mid-Level,5,98559.12717304613,Organizational Salary Survey
SURVEY_294294,Mid-Level Data Scientist,Confidential Survey Participant,Mid-Level,4,128387.234551653,Organizational Salary Survey
SURVEY_156099,Senior Software Engineer,Confidential Survey Participant,Senior,11,147937.86599969142,Organizational Salary Survey
SURVEY_318912,Junior Project Manager,Confidential Survey Participant,Junior/Entry,0,74039.67811344052,Organizational Salary Survey
SURVEY_573301,Junior Data Scientist,Confidential Survey Participant,Junior/Entry,1,78109.93550335268,Organizational Salary Survey
SURVEY_697559,Junior Software Engineer,Confidential Survey Participant,Junior/Entry,1,72712.31624681523,Organizational Salary Survey
SURVEY_161863,Junior Data Scientist,Confidential Survey Participant,Junior/Entry,0,83865.63366290921,Organizational Salary Survey
SURVEY_614944,Senior Software Engineer,Confidential Survey Participant,Senior,10,122202.6720146813,Organizational Salary Survey
SURVEY_469738,Senior Project Manager,Confidential Survey Participant,Senior,11,150725.14379148718,Organizational Salary Survey
SURVEY_235631,Mid-Level Data Engineer,Confidential Survey Participant,Mid-Level,3,112523.5777104495,Organizational Salary Survey
SURVEY_622582,Mid-Level Project Manager,Confidential Survey Participant,Mid-Level,3,102772.75093913247,Organizational Salary Survey
SURVEY_910392,Mid-Level Data Analyst,Confidential Survey Participant,Mid-Level,3,86559.84948932347,Organizational Salary Survey
SURVEY_985367,Executive Software Engineer,Confidential Survey Participant,Executive/Principal,14,176136.16859947625,Organizational Salary Survey
SURVEY_507357,Executive Product Manager,Confidential Survey Participant,Executive/Principal,19,267155.6077817987,Organizational Salary Survey
SURVEY_903735,Mid-Level Data Engineer,Confidential Survey Participant,Mid-Level,6,113793.7908914751,Organizational Salary Survey
SURVEY_764263,Senior DevOps Engineer,Confidential Survey Participant,Senior,8,198596.451016122,Organizational Salary Survey
SURVEY_875748,Mid-Level Data Engineer,Confidential Survey Participant,Mid-Level,6,139772.10009872113,Organizational Salary Survey
SURVEY_461792,Junior Data Scientist,Confidential Survey Participant,Junior/Entry,1,78000.92609125421,Organizational Salary Survey
SURVEY_896478,Junior Software Engineer,Confidential Survey Participant,Junior/Entry,1,59387.29968237902,Organizational Salary Survey
SURVEY_749937,Mid-Level Software Engineer,Confidential Survey Participant,Mid-Level,4,103264.60673840537,Organizational Salary Survey
SURVEY_188556,Mid-Level Software Engineer,Confidential Survey Participant,Mid-Level,6,89526.65547648416,Organizational Salary Survey
SURVEY_249391,Mid-Level Project Manager,Confidential Survey Participant,Mid-Level,6,97006.879518636,Organizational Salary Survey
SURVEY_450505,Junior Software Engineer,Confidential Survey Participant,Junior/Entry,2,74093.09898322965,Organizational Salary Survey
SURVEY_371421,Mid-Level Data Analyst,Confidential Survey Participant,Mid-Level,6,111548.77269781636,Organizational Salary Survey
SURVEY_325216,Mid-Level DevOps Engineer,Confidential Survey Participant,Mid-Level,4,128878.82822572862,Organizational Salary Survey
SURVEY_647266,Junior Software Engineer,Confidential Survey Participant,Junior/Entry,1,74078.13743317436,Organizational Salary Survey
SURVEY_187144,Executive Data Analyst,Confidential Survey Participant,Executive/Principal,18,269692.4312690203,Organizational Salary Survey
SURVEY_832816,Mid-Level Data Analyst,Confidential Survey Participant,Mid-Level,3,92171.22294815342,Organizational Salary Survey
SURVEY_409786,Senior Data Engineer,Confidential Survey Participant,Senior,7,169085.6632636027,Organizational Salary Survey
SURVEY_684811,Senior Data Analyst,Confidential Survey Participant,Senior,7,119893.31768822332,Organizational Salary Survey
SURVEY_853374,Junior Software Engineer,Confidential Survey Participant,Junior/Entry,1,69577.8979459206,Organizational Salary Survey
SURVEY_692498,Senior Software Engineer,Confidential Survey Participant,Senior,10,149439.7281767254,Organizational Salary Survey
SURVEY_328582,Mid-Level Data Engineer,Confidential Survey Participant,Mid-Level,4,137353.19696844436,Organizational Salary Survey
SURVEY_293290,Senior Product Manager,Confidential Survey Participant,Senior,8,197445.51224322518,Organizational Salary Survey
SURVEY_526690,Senior Software Engineer,Confidential Survey Participant,Senior,9,159186.6796950965,Organizational Salary Survey
SURVEY_593036,Junior Data Analyst,Confidential Survey Participant,Junior/Entry,0,59342.351809143,Organizational Salary Survey
SURVEY_777046,Mid-Level Product Manager,Confidential Survey Participant,Mid-Level,5,155490.45756197209,Organizational Salary Survey
SURVEY_788249,Mid-Level Software Engineer,Confidential Survey Participant,Mid-Level,6,92795.71521982056,Organizational Salary Survey
SURVEY_583305,Mid-Level Data Scientist,Confidential Survey Participant,Mid-Level,4,118514.56518244956,Organizational Salary Survey
SURVEY_456816,Mid-Level Data Scientist,Confidential Survey Participant,Mid-Level,6,110420.59742995497,Organizational Salary Survey
SURVEY_120504,Senior Software Engineer,Confidential Survey Participant,Senior,6,123662.28461958296,Organizational Salary Survey
SURVEY_681394,Senior Product Manager,Confidential Survey Participant,Senior,8,208283.74104909293,Organizational Salary Survey
SURVEY_382302,Mid-Level Data Scientist,Confidential Survey Participant,Mid-Level,4,122677.9788214905,Organizational Salary Survey
SURVEY_951998,Mid-Level Software Engineer,Confidential Survey Participant,Mid-Level,6,97277.2001580474,Organizational Salary Survey
SURVEY_699017,Mid-Level Data Analyst,Confidential Survey Participant,Mid-Level,3,91535.93481562892,Organizational Salary Survey
SURVEY_174280,Junior Data Analyst,Confidential Survey Participant,Junior/Entry,1,56092.915641634674,Organizational Salary Survey
SURVEY_998596,Junior Software Engineer,Confidential Survey Participant,Junior/Entry,1,64062.60180475912,Organizational Salary Survey
SURVEY_508441,Mid-Level Software Engineer,Confidential Survey Participant,Mid-Level,4,101559.53454695325,Organizational Salary Survey
SURVEY_132836,Senior Software Engineer,Confidential Survey Participant,Senior,11,125982.47231530804,Organizational Salary Survey
SURVEY_387790,Junior Software Engineer,Confidential Survey Participant,Junior/Entry,2,64506.36190329876,Organizational Salary Survey
SURVEY_419266,Mid-Level Data Scientist,Confidential Survey Participant,Mid-Level,3,112428.55000079851,Organizational Salary Survey
SURVEY_239734,Junior Data Analyst,Confidential Survey Participant,Junior/Entry,0,66476.30395693373,Organizational Salary Survey
SURVEY_635146,Executive Data Engineer,Confidential Survey Participant,Executive/Principal,16,258496.69531080822,Organizational Salary Survey
SURVEY_539789,Senior Data Engineer,Confidential Survey Participant,Senior,9,183093.97886076884,Organizational Salary Survey
SURVEY_232727,Mid-Level Data Analyst,Confidential Survey Participant,Mid-Level,4,107131.8975439002,Organizational Salary Survey
SURVEY_886105,Senior Software Engineer,Confidential Survey Participant,Senior,9,148652.24365893228,Organizational Salary Survey
SURVEY_697194,Executive Product Manager,Confidential Survey Participant,Executive/Principal,15,373814.9883653898,Organizational Salary Survey
SURVEY_378038,Mid-Level Data Engineer,Confidential Survey Participant,Mid-Level,3,140648.78323602086,Organizational Salary Survey
SURVEY_180929,Mid-Level Data Engineer,Confidential Survey Participant,Mid-Level,3,141877.26092586108,Organizational Salary Survey
SURVEY_266206,Mid-Level Data Scientist,Confidential Survey Participant,Mid-Level,5,119411.6631404849,Organizational Salary Survey
SURVEY_781655,Senior Product Manager,Confidential Survey Participant,Senior,7,213866.42818894744,Organizational Salary Survey
SURVEY_124097,Mid-Level Data Scientist,Confidential Survey Participant,Mid-Level,4,116996.14994916342,Organizational Salary Survey
SURVEY_472068,Junior Software Engineer,Confidential Survey Participant,Junior/Entry,0,62344.17590134275,Organizational Salary Survey
SURVEY_613999,Mid-Level DevOps Engineer,Confidential Survey Participant,Mid-Level,5,120634.6240484045,Organizational Salary Survey
SURVEY_452139,Senior Project Manager,Confidential Survey Participant,Senior,10,121754.46544736269,Organizational Salary Survey
SURVEY_448245,Mid-Level Data Analyst,Confidential Survey Participant,Mid-Level,6,104017.3581331041,Organizational Salary Survey
SURVEY_943864,Mid-Level Software Engineer,Confidential Survey Participant,Mid-Level,5,84789.67110743314,Organizational Salary Survey
SURVEY_632729,Senior Data Engineer,Confidential Survey Participant,Senior,6,174979.22602934795,Organizational Salary Survey
SURVEY_831456,Mid-Level DevOps Engineer,Confidential Survey Participant,Mid-Level,3,118583.75208223076,Organizational Salary Survey
SURVEY_394698,Mid-Level Software Engineer,Confidential Survey Participant,Mid-Level,5,104969.96037354477,Organizational Salary Survey
SURVEY_546924,Mid-Level Data Analyst,Confidential Survey Participant,Mid-Level,4,88344.14198738123,Organizational Salary Survey
SURVEY_214713,Executive Project Manager,Confidential Survey Participant,Executive/Principal,12,279182.8519056344,Organizational Salary Survey
SURVEY_796021,Junior Data Scientist,Confidential Survey Participant,Junior/Entry,1,95479.93828372136,Organizational Salary Survey
SURVEY_521466,Junior Software Engineer,Confidential Survey Participant,Junior/Entry,2,74938.27635938114,Organizational Salary Survey
SURVEY_673654,Mid-Level Data Engineer,Confidential Survey Participant,Mid-Level,4,119878.08338411366,Organizational Salary Survey
SURVEY_384668,Mid-Level Data Engineer,Confidential Survey Participant,Mid-Level,5,138328.07439424115,Organizational Salary Survey
SURVEY_703276,Senior Project Manager,Confidential Survey Participant,Senior,8,156641.4291476144,Organizational Salary Survey
SURVEY_363277,Mid-Level Software Engineer,Confidential Survey Participant,Mid-Level,6,84850.15939402895,Organizational Salary Survey
SURVEY_450653,Mid-Level Data Engineer,Confidential Survey Participant,Mid-Level,6,128584.40948808663,Organizational Salary Survey
SURVEY_803925,Mid-Level Data Engineer,Confidential Survey Participant,Mid-Level,6,115420.96437935137,Organizational Salary Survey
SURVEY_471459,Senior Product Manager,Confidential Survey Participant,Senior,8,218755.6249666972,Organizational Salary Survey
SURVEY_535363,Senior Data Analyst,Confidential Survey Participant,Senior,10,124935.90010397488,Organizational Salary Survey
SURVEY_207769,Junior DevOps Engineer,Confidential Survey Participant,Junior/Entry,2,83107.37356995723,Organizational Salary Survey
SURVEY_147168,Junior Project Manager,Confidential Survey Participant,Junior/Entry,0,60940.36919361244,Organizational Salary Survey
SURVEY_401128,Junior Data Engineer,Confidential Survey Participant,Junior/Entry,2,94228.81146722879,Organizational Salary Survey
SURVEY_586860,Mid-Level Data Engineer,Confidential Survey Participant,Mid-Level,6,108843.50623700945,Organizational Salary Survey
SURVEY_752577,Mid-Level Product Manager,Confidential Survey Participant,Mid-Level,4,144951.08605683246,Organizational Salary Survey
SURVEY_436560,Mid-Level DevOps Engineer,Confidential Survey Participant,Mid-Level,5,134472.01438964857,Organizational Salary Survey
SURVEY_513501,Junior Data Engineer,Confidential Survey Participant,Junior/Entry,2,84643.71097545412,Organizational Salary Survey
SURVEY_128270,Junior Project Manager,Confidential Survey Participant,Junior/Entry,1,72406.3406057802,Organizational Salary Survey
SURVEY_738546,Mid-Level Project Manager,Confidential Survey Participant,Mid-Level,5,94223.6796311212,Organizational Salary Survey
SURVEY_762869,Senior Product Manager,Confidential Survey Participant,Senior,9,229411.87363151627,Organizational Salary Survey
SURVEY_520456,Executive Project Manager,Confidential Survey Participant,Executive/Principal,15,181225.64779381955,Organizational Salary Survey
SURVEY_341464,Mid-Level Data Engineer,Confidential Survey Participant,Mid-Level,5,131543.63288021027,Organizational Salary Survey
SURVEY_926773,Junior Software Engineer,Confidential Survey Participant,Junior/Entry,2,74838.622378718,Organizational Salary Survey
SURVEY_877810,Junior Data Engineer,Confidential Survey Participant,Junior/Entry,0,87221.14305808615,Organizational Salary Survey
SURVEY_768715,Mid-Level Software Engineer,Confidential Survey Participant,Mid-Level,5,88165.28084474946,Organizational Salary Survey
SURVEY_112840,Junior Software Engineer,Confidential Survey Participant,Junior/Entry,0,69094.20284973958,Organizational Salary Survey
SURVEY_379705,Junior Software Engineer,Confidential Survey Participant,Junior/Entry,1,73141.73595407976,Organizational Salary Survey
SURVEY_207004,Mid-Level Software Engineer,Confidential Survey Participant,Mid-Level,5,92156.91383219427,Organizational Salary Survey
SURVEY_617723,Mid-Level Data Analyst,Confidential Survey Participant,Mid-Level,6,85750.17104212144,Organizational Salary Survey
SURVEY_454453,Mid-Level Data Analyst,Confidential Survey Participant,Mid-Level,4,104485.5304675981,Organizational Salary Survey
SURVEY_397539,Junior Data Analyst,Confidential Survey Participant,Junior/Entry,0,71313.7903062836,Organizational Salary Survey
SURVEY_557228,Mid-Level Software Engineer,Confidential Survey Participant,Mid-Level,4,88963.23704259639,Organizational Salary Survey
SURVEY_161040,Senior Data Analyst,Confidential Survey Participant,Senior,11,148413.07166511955,Organizational Salary Survey
SURVEY_132336,Mid-Level Product Manager,Confidential Survey Participant,Mid-Level,6,143794.19513493325,Organizational Salary Survey
SURVEY_172311,Mid-Level Project Manager,Confidential Survey Participant,Mid-Level,4,102380.42776291643,Organizational Salary Survey
SURVEY_401787,Mid-Level Software Engineer,Confidential Survey Participant,Mid-Level,4,92765.3827862864,Organizational Salary Survey
SURVEY_284353,Mid-Level Software Engineer,Confidential Survey Participant,Mid-Level,6,103366.02951571411,Organizational Salary Survey
SURVEY_500599,Senior Data Analyst,Confidential Survey Participant,Senior,10,122082.25394773863,Organizational Salary Survey
SURVEY_135516,Mid-Level Software Engineer,Confidential Survey Participant,Mid-Level,5,109642.89567707088,Organizational Salary Survey
SURVEY_217942,Senior Software Engineer,Confidential Survey Participant,Senior,7,151320.2666581265,Organizational Salary Survey
SURVEY_774794,Mid-Level Software Engineer,Confidential Survey Participant,Mid-Level,5,96975.68588298926,Organizational Salary Survey
SURVEY_833431,Mid-Level Software Engineer,Confidential Survey Participant,Mid-Level,5,86373.4480943859,Organizational Salary Survey
SURVEY_740339,Mid-Level Data Analyst,Confidential Survey Participant,Mid-Level,5,111419.77945656798,Organizational Salary Survey
SURVEY_419441,Mid-Level Data Analyst,Confidential Survey Participant,Mid-Level,3,96242.00476263383,Organizational Salary Survey
SURVEY_100972,Mid-Level Data Engineer,Confidential Survey Participant,Mid-Level,4,120017.77785121562,Organizational Salary Survey
SURVEY_569153,Junior Software Engineer,Confidential Survey Participant,Junior/Entry,0,76707.88592688121,Organizational Salary Survey
SURVEY_768725,Senior Software Engineer,Confidential Survey Participant,Senior,8,134025.2427788309,Organizational Salary Survey
SURVEY_893324,Mid-Level Data Scientist,Confidential Survey Participant,Mid-Level,6,139785.13484121056,Organizational Salary Survey
SURVEY_603003,Junior Data Engineer,Confidential Survey Participant,Junior/Entry,2,75410.60378505506,Organizational Salary Survey
SURVEY_703262,Senior Product Manager,Confidential Survey Participant,Senior,9,213733.51922835506,Organizational Salary Survey
SURVEY_354037,Junior Data Scientist,Confidential Survey Participant,Junior/Entry,2,92384.91557100558,Organizational Salary Survey
SURVEY_495722,Executive Software Engineer,Confidential Survey Participant,Executive/Principal,14,275618.7173166359,Organizational Salary Survey
SURVEY_976343,Mid-Level Software Engineer,Confidential Survey Participant,Mid-Level,6,107057.6352583357,Organizational Salary Survey
SURVEY_321768,Junior Software Engineer,Confidential Survey Participant,Junior/Entry,1,60220.5528653356,Organizational Salary Survey
SURVEY_444490,Executive Data Engineer,Confidential Survey Participant,Executive/Principal,13,275852.65933509625,Organizational Salary Survey
SURVEY_607604,Senior Data Analyst,Confidential Survey Participant,Senior,9,121405.23314042193,Organizational Salary Survey
SURVEY_878332,Mid-Level Data Analyst,Confidential Survey Participant,Mid-Level,6,84381.69159777033,Organizational Salary Survey
SURVEY_564166,Junior Data Scientist,Confidential Survey Participant,Junior/Entry,1,73461.37580480706,Organizational Salary Survey
SURVEY_693781,Mid-Level Project Manager,Confidential Survey Participant,Mid-Level,5,91329.86687935582,Organizational Salary Survey
SURVEY_528214,Mid-Level Software Engineer,Confidential Survey Participant,Mid-Level,6,107635.33904901394,Organizational Salary Survey
SURVEY_554772,Mid-Level Project Manager,Confidential Survey Participant,Mid-Level,4,109407.97118324054,Organizational Salary Survey
SURVEY_409533,Executive Software Engineer,Confidential Survey Participant,Executive/Principal,13,215795.9771687859,Organizational Salary Survey
SURVEY_344667,Junior Data Analyst,Confidential Survey Participant,Junior/Entry,1,66359.59848505758,Organizational Salary Survey
SURVEY_667508,Mid-Level Software Engineer,Confidential Survey Participant,Mid-Level,3,102065.66517005593,Organizational Salary Survey
SURVEY_385052,Mid-Level Data Engineer,Confidential Survey Participant,Mid-Level,3,127862.98446617015,Organizational Salary Survey
SURVEY_568425,Senior Project Manager,Confidential Survey Participant,Senior,6,130676.05568271148,Organizational Salary Survey
SURVEY_839765,Senior Product Manager,Confidential Survey Participant,Senior,7,216372.1528849572,Organizational Salary Survey
SURVEY_201625,Mid-Level Software Engineer,Confidential Survey Participant,Mid-Level,5,93801.91546579938,Organizational Salary Survey
SURVEY_435914,Mid-Level DevOps Engineer,Confidential Survey Participant,Mid-Level,4,129299.55450660485,Organizational Salary Survey
SURVEY_774342,Junior Product Manager,Confidential Survey Participant,Junior/Entry,0,105678.10472522477,Organizational Salary Survey
SURVEY_490194,Senior Software Engineer,Confidential Survey Participant,Senior,10,155384.98954821183,Organizational Salary Survey
SURVEY_831830,Mid-Level DevOps Engineer,Confidential Survey Participant,Mid-Level,4,111128.40194731763,Organizational Salary Survey
SURVEY_923180,Executive Project Manager,Confidential Survey Participant,Executive/Principal,14,188222.77053698336,Organizational Salary Survey
SURVEY_189364,Junior Product Manager,Confidential Survey Participant,Junior/Entry,0,84483.92998139819,Organizational Salary Survey
SURVEY_131689,Junior Data Engineer,Confidential Survey Participant,Junior/Entry,2,79227.16058903668,Organizational Salary Survey
SURVEY_718330,Senior Data Scientist,Confidential Survey Participant,Senior,7,193498.47517580405,Organizational Salary Survey
SURVEY_234749,Senior Data Engineer,Confidential Survey Participant,Senior,8,180232.7041957121,Organizational Salary Survey
SURVEY_902236,Junior Data Scientist,Confidential Survey Participant,Junior/Entry,1,81405.56482950844,Organizational Salary Survey
SURVEY_641125,Junior Product Manager,Confidential Survey Participant,Junior/Entry,1,100820.3416636652,Organizational Salary Survey
SURVEY_423731,Mid-Level Software Engineer,Confidential Survey Participant,Mid-Level,4,87585.40338094607,Organizational Salary Survey
SURVEY_816815,Mid-Level Software Engineer,Confidential Survey Participant,Mid-Level,6,105023.29228263181,Organizational Salary Survey
SURVEY_247821,Executive Project Manager,Confidential Survey Participant,Executive/Principal,16,203725.84205823325,Organizational Salary Survey
SURVEY_768377,Junior Project Manager,Confidential Survey Participant,Junior/Entry,0,72486.32252347482,Organizational Salary Survey
SURVEY_263029,Mid-Level Data Analyst,Confidential Survey Participant,Mid-Level,6,92100.63140821621,Organizational Salary Survey
SURVEY_660099,Mid-Level Data Engineer,Confidential Survey Participant,Mid-Level,5,134087.45785228017,Organizational Salary Survey
SURVEY_914034,Executive DevOps Engineer,Confidential Survey Participant,Executive/Principal,14,272849.9057301557,Organizational Salary Survey
SURVEY_982279,Senior Software Engineer,Confidential Survey Participant,Senior,11,131898.84947168588,Organizational Salary Survey
SURVEY_291054,Executive Software Engineer,Confidential Survey Participant,Executive/Principal,16,253919.06969116163,Organizational Salary Survey
SURVEY_836479,Junior Data Scientist,Confidential Survey Participant,Junior/Entry,1,93206.35990889475,Organizational Salary Survey
SURVEY_372990,Junior Software Engineer,Confidential Survey Participant,Junior/Entry,2,58999.3517270043,Organizational Salary Survey
SURVEY_893116,Mid-Level Data Analyst,Confidential Survey Participant,Mid-Level,6,111201.51077671982,Organizational Salary Survey
SURVEY_534417,Mid-Level Data Engineer,Confidential Survey Participant,Mid-Level,5,132814.13175234434,Organizational Salary Survey
SURVEY_629364,Senior Data Analyst,Confidential Survey Participant,Senior,8,128250.82660615556,Organizational Salary Survey
SURVEY_648368,Mid-Level Data Analyst,Confidential Survey Participant,Mid-Level,6,84769.12255585998,Organizational Salary Survey
SURVEY_261249,Mid-Level Software Engineer,Confidential Survey Participant,Mid-Level,3,100050.60733876942,Organizational Salary Survey
SURVEY_963645,Senior Software Engineer,Confidential Survey Participant,Senior,6,140184.28381847008,Organizational Salary Survey
SURVEY_624312,Mid-Level Project Manager,Confidential Survey Participant,Mid-Level,5,93755.83207881113,Organizational Salary Survey
SURVEY_369568,Mid-Level Data Engineer,Confidential Survey Participant,Mid-Level,4,119333.64478315874,Organizational Salary Survey
SURVEY_714310,Executive Data Engineer,Confidential Survey Participant,Executive/Principal,11,358528.0686591058,Organizational Salary Survey
SURVEY_946411,Mid-Level Software Engineer,Confidential Survey Participant,Mid-Level,3,111610.98259688467,Organizational Salary Survey
SURVEY_690277,Senior Data Engineer,Confidential Survey Participant,Senior,11,153444.0363987474,Organizational Salary Survey
SURVEY_509770,Senior Software Engineer,Confidential Survey Participant,Senior,11,152045.564067614,Organizational Salary Survey
SURVEY_324808,Junior Software Engineer,Confidential Survey Participant,Junior/Entry,1,60652.83864882929,Organizational Salary Survey
SURVEY_905163,Senior Product Manager,Confidential Survey Participant,Senior,10,226616.5066621127,Organizational Salary Survey
SURVEY_856363,Senior Software Engineer,Confidential Survey Participant,Senior,6,144629.74640642665,Organizational Salary Survey
SURVEY_867783,Mid-Level Data Analyst,Confidential Survey Participant,Mid-Level,3,89042.1941256556,Organizational Salary Survey
SURVEY_635682,Executive Data Engineer,Confidential Survey Participant,Executive/Principal,19,302540.3189378703,Organizational Salary Survey
SURVEY_412405,Mid-Level Data Scientist,Confidential Survey Participant,Mid-Level,6,138438.50227243762,Organizational Salary Survey
SURVEY_496416,Junior Project Manager,Confidential Survey Participant,Junior/Entry,2,72740.58064011167,Organizational Salary Survey
SURVEY_560041,Mid-Level DevOps Engineer,Confidential Survey Participant,Mid-Level,3,125476.02980288606,Organizational Salary Survey
SURVEY_891912,Mid-Level Software Engineer,Confidential Survey Participant,Mid-Level,5,95121.8835841715,Organizational Salary Survey
SURVEY_434064,Mid-Level Data Engineer,Confidential Survey Participant,Mid-Level,6,115680.8102207185,Organizational Salary Survey
SURVEY_280274,Mid-Level Data Engineer,Confidential Survey Participant,Mid-Level,4,112116.24985627219,Organizational Salary Survey
SURVEY_164300,Senior Data Analyst,Confidential Survey Participant,Senior,10,146497.77845161647,Organizational Salary Survey
SURVEY_167963,Junior Software Engineer,Confidential Survey Participant,Junior/Entry,2,58315.666857315,Organizational Salary Survey
SURVEY_431884,Mid-Level Data Analyst,Confidential Survey Participant,Mid-Level,3,94482.57732359404,Organizational Salary Survey
SURVEY_158359,Mid-Level Software Engineer,Confidential Survey Participant,Mid-Level,3,88243.61237177688,Organizational Salary Survey
SURVEY_415754,Executive Data Engineer,Confidential Survey Participant,Executive/Principal,10,269564.34857452486,Organizational Salary Survey
SURVEY_443384,Senior Software Engineer,Confidential Survey Participant,Senior,8,142162.88383057358,Organizational Salary Survey
SURVEY_210356,Junior Product Manager,Confidential Survey Participant,Junior/Entry,0,101096.46553724096,Organizational Salary Survey
SURVEY_361621,Mid-Level Data Analyst,Confidential Survey Participant,Mid-Level,6,109913.64643103814,Organizational Salary Survey
SURVEY_264221,Senior Data Scientist,Confidential Survey Participant,Senior,6,175359.5953491509,Organizational Salary Survey
SURVEY_121535,Mid-Level Software Engineer,Confidential Survey Participant,Mid-Level,5,105433.30302055906,Organizational Salary Survey
SURVEY_603063,Mid-Level Data Scientist,Confidential Survey Participant,Mid-Level,3,111553.99595038302,Organizational Salary Survey
SURVEY_741763,Senior Data Analyst,Confidential Survey Participant,Senior,11,130467.4286475055,Organizational Salary Survey
SURVEY_163305,Senior Data Scientist,Confidential Survey Participant,Senior,10,193892.61675639343,Organizational Salary Survey
SURVEY_519663,Senior Software Engineer,Confidential Survey Participant,Senior,8,121336.98081650454,Organizational Salary Survey
SURVEY_870768,Junior Software Engineer,Confidential Survey Participant,Junior/Entry,2,64491.59882608951,Organizational Salary Survey
SURVEY_756507,Mid-Level Data Analyst,Confidential Survey Participant,Mid-Level,5,92355.03691494491,Organizational Salary Survey
SURVEY_141164,Mid-Level Software Engineer,Confidential Survey Participant,Mid-Level,5,107672.14668271365,Organizational Salary Survey
SURVEY_478771,Mid-Level Software Engineer,Confidential Survey Participant,Mid-Level,3,106600.34876147032,Organizational Salary Survey
SURVEY_289292,Senior Software Engineer,Confidential Survey Participant,Senior,11,124924.15630111538,Organizational Salary Survey
SURVEY_531355,Senior Data Analyst,Confidential Survey Participant,Senior,6,132010.35384221433,Organizational Salary Survey
SURVEY_672722,Mid-Level Data Scientist,Confidential Survey Participant,Mid-Level,3,127873.00694729575,Organizational Salary Survey
SURVEY_498501,Mid-Level Project Manager,Confidential Survey Participant,Mid-Level,5,101153.81348801954,Organizational Salary Survey
SURVEY_980344,Senior Data Analyst,Confidential Survey Participant,Senior,8,121844.46635598423,Organizational Salary Survey
SURVEY_524368,Mid-Level Software Engineer,Confidential Survey Participant,Mid-Level,3,99580.56361715606,Organizational Salary Survey
SURVEY_403674,Mid-Level Software Engineer,Confidential Survey Participant,Mid-Level,5,97580.69722589049,Organizational Salary Survey
SURVEY_424254,Junior Data Analyst,Confidential Survey Participant,Junior/Entry,0,65542.5084264014,Organizational Salary Survey
SURVEY_994674,Mid-Level Data Engineer,Confidential Survey Participant,Mid-Level,5,123612.09772594567,Organizational Salary Survey
SURVEY_592460,Mid-Level Software Engineer,Confidential Survey Participant,Mid-Level,4,89279.49925800729,Organizational Salary Survey
SURVEY_580996,Senior Software Engineer,Confidential Survey Participant,Senior,10,131542.31396594024,Organizational Salary Survey
SURVEY_940539,Senior Data Engineer,Confidential Survey Participant,Senior,7,204893.81493246433,Organizational Salary Survey
SURVEY_387512,Executive Product Manager,Confidential Survey Participant,Executive/Principal,16,315859.81212632894,Organizational Salary Survey
SURVEY_615315,Senior Data Scientist,Confidential Survey Participant,Senior,8,187438.00351354454,Organizational Salary Survey
SURVEY_730984,Executive Software Engineer,Confidential Survey Participant,Executive/Principal,17,234680.601856679,Organizational Salary Survey
SURVEY_414586,Mid-Level Data Scientist,Confidential Survey Participant,Mid-Level,4,116026.43289789908,Organizational Salary Survey
SURVEY_984547,Junior Software Engineer,Confidential Survey Participant,Junior/Entry,0,66346.43522052559,Organizational Salary Survey
SURVEY_245414,Mid-Level Project Manager,Confidential Survey Participant,Mid-Level,3,106539.4557784647,Organizational Salary Survey
SURVEY_641854,Junior Software Engineer,Confidential Survey Participant,Junior/Entry,0,70265.40541053898,Organizational Salary Survey
SURVEY_494580,Senior Data Engineer,Confidential Survey Participant,Senior,6,175019.52113068398,Organizational Salary Survey
SURVEY_836602,Junior Data Analyst,Confidential Survey Participant,Junior/Entry,0,67003.28821066525,Organizational Salary Survey
SURVEY_330735,Mid-Level Software Engineer,Confidential Survey Participant,Mid-Level,4,91975.6680852336,Organizational Salary Survey
SURVEY_931889,Senior Data Scientist,Confidential Survey Participant,Senior,8,195645.3607352275,Organizational Salary Survey
SURVEY_175983,Mid-Level Data Analyst,Confidential Survey Participant,Mid-Level,6,94974.90434575563,Organizational Salary Survey
SURVEY_338956,Mid-Level Data Scientist,Confidential Survey Participant,Mid-Level,4,128501.96607485888,Organizational Salary Survey
SURVEY_181800,Senior Data Scientist,Confidential Survey Participant,Senior,6,173593.7730735543,Organizational Salary Survey
SURVEY_189124,Junior Project Manager,Confidential Survey Participant,Junior/Entry,1,74652.784949112,Organizational Salary Survey
SURVEY_221394,Senior DevOps Engineer,Confidential Survey Participant,Senior,8,155173.96250804386,Organizational Salary Survey
SURVEY_341336,Junior Data Scientist,Confidential Survey Participant,Junior/Entry,0,82799.36847250903,Organizational Salary Survey
SURVEY_748265,Mid-Level Software Engineer,Confidential Survey Participant,Mid-Level,3,85576.30035694779,Organizational Salary Survey
SURVEY_591935,Mid-Level Data Analyst,Confidential Survey Participant,Mid-Level,6,96229.1514486231,Organizational Salary Survey
SURVEY_599147,Junior Data Engineer,Confidential Survey Participant,Junior/Entry,1,89565.08897431547,Organizational Salary Survey
SURVEY_689512,Junior Product Manager,Confidential Survey Participant,Junior/Entry,2,90346.66558026205,Organizational Salary Survey
SURVEY_168502,Mid-Level Data Analyst,Confidential Survey Participant,Mid-Level,6,84653.51699924962,Organizational Salary Survey
SURVEY_329121,Mid-Level Project Manager,Confidential Survey Participant,Mid-Level,5,85059.55291704537,Organizational Salary Survey
SURVEY_201585,Junior Product Manager,Confidential Survey Participant,Junior/Entry,0,90873.1773018352,Organizational Salary Survey
SURVEY_330308,Mid-Level Data Engineer,Confidential Survey Participant,Mid-Level,6,132655.96548913,Organizational Salary Survey
SURVEY_701346,Mid-Level Software Engineer,Confidential Survey Participant,Mid-Level,3,110837.76971813812,Organizational Salary Survey
SURVEY_643712,Mid-Level Software Engineer,Confidential Survey Participant,Mid-Level,3,87835.393315382,Organizational Salary Survey
SURVEY_202219,Junior Software Engineer,Confidential Survey Participant,Junior/Entry,1,69142.54497238906,Organizational Salary Survey
SURVEY_994721,Mid-Level Data Engineer,Confidential Survey Participant,Mid-Level,5,135820.17718869128,Organizational Salary Survey
SURVEY_467478,Junior Data Engineer,Confidential Survey Participant,Junior/Entry,2,92096.74866495002,Organizational Salary Survey
SURVEY_317536,Senior Data Engineer,Confidential Survey Participant,Senior,11,199612.808749591,Organizational Salary Survey
SURVEY_402718,Senior Software Engineer,Confidential Survey Participant,Senior,11,129802.9343501961,Organizational Salary Survey
SURVEY_295867,Junior Data Scientist,Confidential Survey Participant,Junior/Entry,1,89717.51821591289,Organizational Salary Survey
SURVEY_609141,Mid-Level Software Engineer,Confidential Survey Participant,Mid-Level,5,85262.75863052226,Organizational Salary Survey
SURVEY_722767,Mid-Level Data Analyst,Confidential Survey Participant,Mid-Level,3,109131.8061442146,Organizational Salary Survey
SURVEY_875868,Mid-Level Project Manager,Confidential Survey Participant,Mid-Level,6,84156.83706151729,Organizational Salary Survey
SURVEY_767401,Mid-Level DevOps Engineer,Confidential Survey Participant,Mid-Level,6,135931.99230575887,Organizational Salary Survey
SURVEY_453295,Senior DevOps Engineer,Confidential Survey Participant,Senior,7,159394.5770511443,Organizational Salary Survey
SURVEY_360078,Junior Software Engineer,Confidential Survey Participant,Junior/Entry,0,73424.26125880686,Organizational Salary Survey
SURVEY_827792,Junior Data Engineer,Confidential Survey Participant,Junior/Entry,2,98622.88428560103,Organizational Salary Survey
SURVEY_214507,Junior Product Manager,Confidential Survey Participant,Junior/Entry,0,91296.9726034753,Organizational Salary Survey
SURVEY_657951,Executive Data Analyst,Confidential Survey Participant,Executive/Principal,13,247495.81699361475,Organizational Salary Survey
SURVEY_101651,Mid-Level Data Scientist,Confidential Survey Participant,Mid-Level,4,115599.72146647368,Organizational Salary Survey
SURVEY_679303,Mid-Level Project Manager,Confidential Survey Participant,Mid-Level,3,97353.57202171648,Organizational Salary Survey
SURVEY_555615,Mid-Level Data Scientist,Confidential Survey Participant,Mid-Level,4,139868.78143496645,Organizational Salary Survey
SURVEY_206901,Mid-Level Data Analyst,Confidential Survey Participant,Mid-Level,6,92850.16735602147,Organizational Salary Survey
SURVEY_555211,Mid-Level Product Manager,Confidential Survey Participant,Mid-Level,3,141783.94314460031,Organizational Salary Survey
SURVEY_307155,Junior Product Manager,Confidential Survey Participant,Junior/Entry,2,89809.03442533236,Organizational Salary Survey
SURVEY_166267,Senior Data Engineer,Confidential Survey Participant,Senior,9,155357.5839042591,Organizational Salary Survey
SURVEY_774297,Senior Software Engineer,Confidential Survey Participant,Senior,6,130540.29724370985,Organizational Salary Survey
SURVEY_453382,Executive Data Analyst,Confidential Survey Participant,Executive/Principal,17,264404.1906983334,Organizational Salary Survey
SURVEY_429666,Junior Data Analyst,Confidential Survey Participant,Junior/Entry,2,72010.37813121325,Organizational Salary Survey
SURVEY_141382,Mid-Level Data Scientist,Confidential Survey Participant,Mid-Level,3,119379.04554502037,Organizational Salary Survey
SURVEY_602012,Executive Data Scientist,Confidential Survey Participant,Executive/Principal,10,334855.3665268486,Organizational Salary Survey
SURVEY_888641,Senior Product Manager,Confidential Survey Participant,Senior,7,214361.6489251305,Organizational Salary Survey
SURVEY_768395,Senior Software Engineer,Confidential Survey Participant,Senior,10,139969.26975566914,Organizational Salary Survey
SURVEY_195949,Mid-Level Data Analyst,Confidential Survey Participant,Mid-Level,4,95070.65020260765,Organizational Salary Survey
SURVEY_999957,Executive Data Analyst,Confidential Survey Participant,Executive/Principal,11,247297.25682682742,Organizational Salary Survey
SURVEY_440812,Senior Data Scientist,Confidential Survey Participant,Senior,6,172723.92294134828,Organizational Salary Survey
SURVEY_177080,Mid-Level Product Manager,Confidential Survey Participant,Mid-Level,4,126502.7655193442,Organizational Salary Survey
SURVEY_367840,Mid-Level Data Engineer,Confidential Survey Participant,Mid-Level,6,140627.70964582526,Organizational Salary Survey
SURVEY_210807,Senior Data Engineer,Confidential Survey Participant,Senior,9,186027.11380971933,Organizational Salary Survey
SURVEY_397632,Junior Software Engineer,Confidential Survey Participant,Junior/Entry,1,59363.193792681355,Organizational Salary Survey
SURVEY_740638,Senior Data Analyst,Confidential Survey Participant,Senior,11,135657.71474172556,Organizational Salary Survey
SURVEY_123705,Senior Product Manager,Confidential Survey Participant,Senior,6,174476.2796572143,Organizational Salary Survey
SURVEY_231626,Senior Software Engineer,Confidential Survey Participant,Senior,7,137707.20601813387,Organizational Salary Survey
SURVEY_410340,Senior Software Engineer,Confidential Survey Participant,Senior,6,134614.8595178177,Organizational Salary Survey
SURVEY_679455,Executive Software Engineer,Confidential Survey Participant,Executive/Principal,10,246647.80586474476,Organizational Salary Survey
SURVEY_182201,Senior Data Analyst,Confidential Survey Participant,Senior,8,139295.4925747156,Organizational Salary Survey
SURVEY_147501,Junior Data Analyst,Confidential Survey Participant,Junior/Entry,0,75955.12936817069,Organizational Salary Survey
SURVEY_716748,Executive Data Engineer,Confidential Survey Participant,Executive/Principal,11,289477.77045649535,Organizational Salary Survey
SURVEY_519652,Senior DevOps Engineer,Confidential Survey Participant,Senior,10,205629.35111195172,Organizational Salary Survey
SURVEY_618050,Senior Data Analyst,Confidential Survey Participant,Senior,6,148966.08608456218,Organizational Salary Survey
SURVEY_412052,Executive Data Engineer,Confidential Survey Participant,Executive/Principal,14,275670.8421214217,Organizational Salary Survey
SURVEY_479197,Mid-Level Software Engineer,Confidential Survey Participant,Mid-Level,5,91441.43923784945,Organizational Salary Survey
SURVEY_916401,Mid-Level Software Engineer,Confidential Survey Participant,Mid-Level,5,105604.49421643649,Organizational Salary Survey
SURVEY_175567,Senior Product Manager,Confidential Survey Participant,Senior,9,183548.5546116892,Organizational Salary Survey
SURVEY_885106,Mid-Level Data Analyst,Confidential Survey Participant,Mid-Level,4,91259.03245898505,Organizational Salary Survey
SURVEY_611928,Mid-Level Data Engineer,Confidential Survey Participant,Mid-Level,5,125681.0587723351,Organizational Salary Survey
SURVEY_417600,Executive Data Scientist,Confidential Survey Participant,Executive/Principal,13,273718.2163555865,Organizational Salary Survey
SURVEY_976637,Senior Data Analyst,Confidential Survey Participant,Senior,8,135426.1151868931,Organizational Salary Survey
SURVEY_613540,Junior Data Engineer,Confidential Survey Participant,Junior/Entry,2,88619.83275192145,Organizational Salary Survey
SURVEY_532185,Junior Product Manager,Confidential Survey Participant,Junior/Entry,1,86285.59596162321,Organizational Salary Survey
SURVEY_994929,Senior Data Analyst,Confidential Survey Participant,Senior,6,156976.07211234307,Organizational Salary Survey
SURVEY_235207,Mid-Level Project Manager,Confidential Survey Participant,Mid-Level,3,108475.84989369981,Organizational Salary Survey
SURVEY_423026,Mid-Level Data Engineer,Confidential Survey Participant,Mid-Level,5,116057.56779312274,Organizational Salary Survey
SURVEY_102301,Mid-Level Data Analyst,Confidential Survey Participant,Mid-Level,5,89255.82899586548,Organizational Salary Survey
SURVEY_127830,Senior Data Analyst,Confidential Survey Participant,Senior,10,157387.7492931117,Organizational Salary Survey
SURVEY_197562,Mid-Level Software Engineer,Confidential Survey Participant,Mid-Level,4,103772.6807559959,Organizational Salary Survey
SURVEY_909873,Mid-Level Project Manager,Confidential Survey Participant,Mid-Level,4,87599.9406074567,Organizational Salary Survey
SURVEY_623459,Senior Data Engineer,Confidential Survey Participant,Senior,10,205780.09813552577,Organizational Salary Survey
SURVEY_767349,Mid-Level Data Analyst,Confidential Survey Participant,Mid-Level,3,108524.1840169255,Organizational Salary Survey
SURVEY_411430,Mid-Level Data Analyst,Confidential Survey Participant,Mid-Level,4,91145.65983721784,Organizational Salary Survey
SURVEY_305409,Senior Software Engineer,Confidential Survey Participant,Senior,7,136219.0692967521,Organizational Salary Survey
SURVEY_763953,Mid-Level Software Engineer,Confidential Survey Participant,Mid-Level,6,101659.15030724209,Organizational Salary Survey
SURVEY_561902,Mid-Level Software Engineer,Confidential Survey Participant,Mid-Level,3,100888.38129206629,Organizational Salary Survey
SURVEY_857279,Mid-Level Data Scientist,Confidential Survey Participant,Mid-Level,3,142094.39770167542,Organizational Salary Survey
SURVEY_320502,Senior Data Scientist,Confidential Survey Participant,Senior,6,163821.39990915614,Organizational Salary Survey
SURVEY_240205,Senior Software Engineer,Confidential Survey Participant,Senior,10,144163.93156194923,Organizational Salary Survey
SURVEY_221790,Mid-Level Data Analyst,Confidential Survey Participant,Mid-Level,6,105966.75934322066,Organizational Salary Survey
SURVEY_363128,Mid-Level Software Engineer,Confidential Survey Participant,Mid-Level,5,93998.88040440391,Organizational Salary Survey
SURVEY_759463,Junior DevOps Engineer,Confidential Survey Participant,Junior/Entry,2,93786.8270122413,Organizational Salary Survey
SURVEY_292272,Executive Software Engineer,Confidential Survey Participant,Executive/Principal,12,231350.26062895366,Organizational Salary Survey
SURVEY_731827,Senior Data Scientist,Confidential Survey Participant,Senior,11,193479.89957090022,Organizational Salary Survey
SURVEY_979160,Junior Software Engineer,Confidential Survey Participant,Junior/Entry,1,67527.03370792036,Organizational Salary Survey
SURVEY_944296,Senior DevOps Engineer,Confidential Survey Participant,Senior,11,170886.3162987059,Organizational Salary Survey
SURVEY_222004,Mid-Level Software Engineer,Confidential Survey Participant,Mid-Level,3,84238.54115775043,Organizational Salary Survey
SURVEY_187641,Junior DevOps Engineer,Confidential Survey Participant,Junior/Entry,1,80034.5720154062,Organizational Salary Survey
SURVEY_452348,Executive Software Engineer,Confidential Survey Participant,Executive/Principal,19,248302.06775850095,Organizational Salary Survey
SURVEY_711557,Junior Data Analyst,Confidential Survey Participant,Junior/Entry,0,62884.67090324002,Organizational Salary Survey
SURVEY_868615,Mid-Level Software Engineer,Confidential Survey Participant,Mid-Level,5,99996.68784236071,Organizational Salary Survey
SURVEY_740667,Mid-Level Data Scientist,Confidential Survey Participant,Mid-Level,6,123689.13456651547,Organizational Salary Survey
SURVEY_300987,Mid-Level Software Engineer,Confidential Survey Participant,Mid-Level,3,110552.16292393877,Organizational Salary Survey
SURVEY_492075,Mid-Level Product Manager,Confidential Survey Participant,Mid-Level,4,141401.5533840685,Organizational Salary Survey
SURVEY_304737,Mid-Level Data Analyst,Confidential Survey Participant,Mid-Level,3,100928.52636468776,Organizational Salary Survey
SURVEY_298337,Junior Data Scientist,Confidential Survey Participant,Junior/Entry,2,93953.67666505936,Organizational Salary Survey
SURVEY_904816,Mid-Level Data Scientist,Confidential Survey Participant,Mid-Level,5,124637.80364468304,Organizational Salary Survey
SURVEY_314842,Senior Project Manager,Confidential Survey Participant,Senior,9,144534.92914382994,Organizational Salary Survey
SURVEY_728857,Junior Data Analyst,Confidential Survey Participant,Junior/Entry,2,58907.67606730416,Organizational Salary Survey
SURVEY_959171,Junior Data Scientist,Confidential Survey Participant,Junior/Entry,1,88089.8854838798,Organizational Salary Survey
SURVEY_223286,Executive Software Engineer,Confidential Survey Participant,Executive/Principal,10,215462.99233973798,Organizational Salary Survey
SURVEY_369901,Senior Project Manager,Confidential Survey Participant,Senior,6,138482.14121075472,Organizational Salary Survey
SURVEY_670220,Senior Product Manager,Confidential Survey Participant,Senior,6,209874.93999057417,Organizational Salary Survey
SURVEY_983972,Junior Data Analyst,Confidential Survey Participant,Junior/Entry,2,73467.73154579935,Organizational Salary Survey
SURVEY_435899,Junior Software Engineer,Confidential Survey Participant,Junior/Entry,2,71437.80349464694,Organizational Salary Survey
SURVEY_670550,Junior Product Manager,Confidential Survey Participant,Junior/Entry,1,99369.92333697015,Organizational Salary Survey
SURVEY_556163,Executive Data Engineer,Confidential Survey Participant,Executive/Principal,12,350405.19849581656,Organizational Salary Survey
SURVEY_601454,Junior Software Engineer,Confidential Survey Participant,Junior/Entry,2,65736.85361480423,Organizational Salary Survey
SURVEY_156295,Mid-Level Project Manager,Confidential Survey Participant,Mid-Level,5,100747.13968358474,Organizational Salary Survey
SURVEY_123169,Mid-Level Data Scientist,Confidential Survey Participant,Mid-Level,5,130471.99600741937,Organizational Salary Survey
SURVEY_514301,Mid-Level Software Engineer,Confidential Survey Participant,Mid-Level,4,111095.69961738176,Organizational Salary Survey
SURVEY_300585,Mid-Level Software Engineer,Confidential Survey Participant,Mid-Level,6,109565.07799380405,Organizational Salary Survey
SURVEY_370985,Mid-Level DevOps Engineer,Confidential Survey Participant,Mid-Level,4,140159.6843978292,Organizational Salary Survey
SURVEY_356653,Junior Software Engineer,Confidential Survey Participant,Junior/Entry,0,57590.45628749983,Organizational Salary Survey
SURVEY_754192,Junior Data Engineer,Confidential Survey Participant,Junior/Entry,1,85482.98507936035,Organizational Salary Survey
SURVEY_792631,Junior Software Engineer,Confidential Survey Participant,Junior/Entry,0,68994.71447809624,Organizational Salary Survey
SURVEY_303666,Senior Project Manager,Confidential Survey Participant,Senior,6,124365.93327003131,Organizational Salary Survey
SURVEY_915467,Junior Data Analyst,Confidential Survey Participant,Junior/Entry,0,58248.616375964026,Organizational Salary Survey
SURVEY_553796,Executive Data Engineer,Confidential Survey Participant,Executive/Principal,10,285080.06096994877,Organizational Salary Survey
SURVEY_192416,Mid-Level Data Scientist,Confidential Survey Participant,Mid-Level,3,123348.8513499843,Organizational Salary Survey
SURVEY_907003,Mid-Level DevOps Engineer,Confidential Survey Participant,Mid-Level,5,121303.93605240328,Organizational Salary Survey
SURVEY_719960,Senior Data Engineer,Confidential Survey Participant,Senior,11,196044.58107862208,Organizational Salary Survey
SURVEY_303411,Mid-Level Software Engineer,Confidential Survey Participant,Mid-Level,3,90392.49818376049,Organizational Salary Survey
SURVEY_950304,Junior Data Analyst,Confidential Survey Participant,Junior/Entry,1,70595.82630972606,Organizational Salary Survey
SURVEY_373374,Junior Software Engineer,Confidential Survey Participant,Junior/Entry,1,72523.41025178322,Organizational Salary Survey
SURVEY_735293,Senior Data Scientist,Confidential Survey Participant,Senior,8,201196.35153932474,Organizational Salary Survey
SURVEY_358790,Senior Data Analyst,Confidential Survey Participant,Senior,6,150853.29059838614,Organizational Salary Survey
SURVEY_348222,Junior Software Engineer,Confidential Survey Participant,Junior/Entry,2,70838.80176039488,Organizational Salary Survey
SURVEY_838807,Senior Software Engineer,Confidential Survey Participant,Senior,8,132392.14425174304,Organizational Salary Survey
SURVEY_931919,Junior Software Engineer,Confidential Survey Participant,Junior/Entry,1,72246.66394384587,Organizational Salary Survey
SURVEY_740102,Mid-Level Data Engineer,Confidential Survey Participant,Mid-Level,3,114300.92642934958,Organizational Salary Survey
SURVEY_233232,Senior Data Analyst,Confidential Survey Participant,Senior,10,145923.3509864461,Organizational Salary Survey
SURVEY_897081,Senior DevOps Engineer,Confidential Survey Participant,Senior,6,160984.901232137,Organizational Salary Survey
SURVEY_257005,Mid-Level Data Scientist,Confidential Survey Participant,Mid-Level,4,110553.02232560884,Organizational Salary Survey
SURVEY_163827,Executive Project Manager,Confidential Survey Participant,Executive/Principal,12,234593.31351007195,Organizational Salary Survey
SURVEY_641794,Mid-Level Software Engineer,Confidential Survey Participant,Mid-Level,4,92196.79387509226,Organizational Salary Survey
SURVEY_261730,Mid-Level Project Manager,Confidential Survey Participant,Mid-Level,4,92137.50378375968,Organizational Salary Survey
SURVEY_383592,Junior Data Engineer,Confidential Survey Participant,Junior/Entry,2,93373.46032065501,Organizational Salary Survey
SURVEY_901979,Junior Product Manager,Confidential Survey Participant,Junior/Entry,2,97363.64949318847,Organizational Salary Survey
SURVEY_539036,Mid-Level Software Engineer,Confidential Survey Participant,Mid-Level,3,105059.16023848593,Organizational Salary Survey
SURVEY_250045,Junior Software Engineer,Confidential Survey Participant,Junior/Entry,0,74884.18825885515,Organizational Salary Survey
SURVEY_233599,Senior Software Engineer,Confidential Survey Participant,Senior,11,152383.4189088073,Organizational Salary Survey
SURVEY_721327,Senior Data Scientist,Confidential Survey Participant,Senior,7,166175.03555799412,Organizational Salary Survey
SURVEY_469323,Mid-Level Data Scientist,Confidential Survey Participant,Mid-Level,3,111540.91797848481,Organizational Salary Survey
SURVEY_206715,Executive Software Engineer,Confidential Survey Participant,Executive/Principal,10,244631.38351727734,Organizational Salary Survey
SURVEY_770807,Senior Data Engineer,Confidential Survey Participant,Senior,11,200409.52097082342,Organizational Salary Survey
SURVEY_171636,Mid-Level Data Engineer,Confidential Survey Participant,Mid-Level,6,138857.03494123995,Organizational Salary Survey
SURVEY_693356,Mid-Level Data Analyst,Confidential Survey Participant,Mid-Level,5,105698.63413498222,Organizational Salary Survey
SURVEY_328670,Mid-Level Data Analyst,Confidential Survey Participant,Mid-Level,3,96185.44487772562,Organizational Salary Survey
SURVEY_236767,Mid-Level Data Engineer,Confidential Survey Participant,Mid-Level,5,108557.78524975125,Organizational Salary Survey
SURVEY_492323,Mid-Level Data Analyst,Confidential Survey Participant,Mid-Level,4,110189.20113358911,Organizational Salary Survey
SURVEY_557882,Junior Data Analyst,Confidential Survey Participant,Junior/Entry,1,71490.15782620037,Organizational Salary Survey
SURVEY_961176,Mid-Level DevOps Engineer,Confidential Survey Participant,Mid-Level,4,121161.84675383709,Organizational Salary Survey
SURVEY_719955,Senior Project Manager,Confidential Survey Participant,Senior,7,146456.48758655586,Organizational Salary Survey
SURVEY_702296,Senior Software Engineer,Confidential Survey Participant,Senior,8,126714.83419854146,Organizational Salary Survey
SURVEY_178984,Mid-Level DevOps Engineer,Confidential Survey Participant,Mid-Level,5,128174.94681686968,Organizational Salary Survey
SURVEY_907269,Senior Data Engineer,Confidential Survey Participant,Senior,9,196043.54339878328,Organizational Salary Survey
SURVEY_844173,Mid-Level Product Manager,Confidential Survey Participant,Mid-Level,3,154983.36700318826,Organizational Salary Survey
SURVEY_641820,Mid-Level Software Engineer,Confidential Survey Participant,Mid-Level,3,95298.9745048765,Organizational Salary Survey
SURVEY_358649,Junior Data Scientist,Confidential Survey Participant,Junior/Entry,0,93281.63496298097,Organizational Salary Survey
SURVEY_792100,Junior Software Engineer,Confidential Survey Participant,Junior/Entry,2,59835.285591873864,Organizational Salary Survey
SURVEY_776446,Senior Data Engineer,Confidential Survey Participant,Senior,10,168377.32501685273,Organizational Salary Survey
SURVEY_323112,Executive Product Manager,Confidential Survey Participant,Executive/Principal,18,353114.1668138277,Organizational Salary Survey
SURVEY_894679,Senior Software Engineer,Confidential Survey Participant,Senior,8,140477.34313127113,Organizational Salary Survey
SURVEY_240695,Mid-Level DevOps Engineer,Confidential Survey Participant,Mid-Level,6,125531.97192086397,Organizational Salary Survey
SURVEY_856799,Junior Data Scientist,Confidential Survey Participant,Junior/Entry,2,79548.05951887388,Organizational Salary Survey
SURVEY_403920,Mid-Level Data Scientist,Confidential Survey Participant,Mid-Level,6,109924.45234191703,Organizational Salary Survey
SURVEY_712908,Junior Data Engineer,Confidential Survey Participant,Junior/Entry,2,79503.73828611251,Organizational Salary Survey
SURVEY_330508,Senior Project Manager,Confidential Survey Participant,Senior,11,136799.38146766214,Organizational Salary Survey
SURVEY_184497,Junior Data Scientist,Confidential Survey Participant,Junior/Entry,1,88671.36832216475,Organizational Salary Survey
SURVEY_575166,Junior Data Analyst,Confidential Survey Participant,Junior/Entry,0,70595.19934725319,Organizational Salary Survey
SURVEY_291890,Mid-Level Software Engineer,Confidential Survey Participant,Mid-Level,5,106461.96345772021,Organizational Salary Survey
SURVEY_649220,Senior Project Manager,Confidential Survey Participant,Senior,7,140322.9065024844,Organizational Salary Survey
SURVEY_126890,Mid-Level Software Engineer,Confidential Survey Participant,Mid-Level,6,96765.58120857352,Organizational Salary Survey
SURVEY_439999,Mid-Level Product Manager,Confidential Survey Participant,Mid-Level,3,125825.62824874847,Organizational Salary Survey
SURVEY_767140,Mid-Level Data Analyst,Confidential Survey Participant,Mid-Level,6,104674.54364423006,Organizational Salary Survey
SURVEY_770880,Mid-Level Software Engineer,Confidential Survey Participant,Mid-Level,5,110427.8146240828,Organizational Salary Survey
SURVEY_281090,Senior Data Analyst,Confidential Survey Participant,Senior,9,125660.4223011191,Organizational Salary Survey
SURVEY_878054,Junior Product Manager,Confidential Survey Participant,Junior/Entry,2,94264.79598087192,Organizational Salary Survey
SURVEY_645922,Mid-Level Data Analyst,Confidential Survey Participant,Mid-Level,6,97487.15835921529,Organizational Salary Survey
SURVEY_784345,Senior Data Scientist,Confidential Survey Participant,Senior,10,192553.17411626282,Organizational Salary Survey
SURVEY_986215,Junior Software Engineer,Confidential Survey Participant,Junior/Entry,1,67385.14446178486,Organizational Salary Survey
SURVEY_144605,Mid-Level Data Engineer,Confidential Survey Participant,Mid-Level,4,132130.79310519426,Organizational Salary Survey
SURVEY_208859,Mid-Level Product Manager,Confidential Survey Participant,Mid-Level,3,140769.826377068,Organizational Salary Survey
SURVEY_717952,Mid-Level Product Manager,Confidential Survey Participant,Mid-Level,3,153726.46557164137,Organizational Salary Survey
SURVEY_110487,Mid-Level Data Scientist,Confidential Survey Participant,Mid-Level,3,131198.67654900372,Organizational Salary Survey
SURVEY_235961,Mid-Level Data Engineer,Confidential Survey Participant,Mid-Level,4,118600.82782717393,Organizational Salary Survey
SURVEY_517875,Mid-Level Software Engineer,Confidential Survey Participant,Mid-Level,4,86982.80290565653,Organizational Salary Survey
SURVEY_193267,Senior Data Engineer,Confidential Survey Participant,Senior,11,153909.18875439893,Organizational Salary Survey
SURVEY_910029,Mid-Level Data Analyst,Confidential Survey Participant,Mid-Level,6,111811.0732884182,Organizational Salary Survey
SURVEY_202211,Mid-Level Data Scientist,Confidential Survey Participant,Mid-Level,3,109835.62596370462,Organizational Salary Survey
SURVEY_455706,Mid-Level Data Scientist,Confidential Survey Participant,Mid-Level,3,126482.23486421567,Organizational Salary Survey
SURVEY_845698,Mid-Level Data Engineer,Confidential Survey Participant,Mid-Level,3,120798.88875626367,Organizational Salary Survey
SURVEY_371342,Junior Data Scientist,Confidential Survey Participant,Junior/Entry,0,88197.08747270626,Organizational Salary Survey
SURVEY_439473,Mid-Level Project Manager,Confidential Survey Participant,Mid-Level,5,110620.37182046754,Organizational Salary Survey
SURVEY_330739,Mid-Level Software Engineer,Confidential Survey Participant,Mid-Level,5,91677.25075838706,Organizational Salary Survey
SURVEY_957875,Junior Product Manager,Confidential Survey Participant,Junior/Entry,2,83498.14430661245,Organizational Salary Survey
SURVEY_479779,Mid-Level Product Manager,Confidential Survey Participant,Mid-Level,5,129072.32142131384,Organizational Salary Survey
SURVEY_131487,Senior Data Engineer,Confidential Survey Participant,Senior,6,205790.26323433995,Organizational Salary Survey
SURVEY_994755,Senior Data Engineer,Confidential Survey Participant,Senior,7,198551.98831089056,Organizational Salary Survey
SURVEY_404157,Senior Software Engineer,Confidential Survey Participant,Senior,8,145438.1176113122,Organizational Salary Survey
SURVEY_488921,Senior Product Manager,Confidential Survey Participant,Senior,10,213101.79434297804,Organizational Salary Survey
SURVEY_789269,Mid-Level Data Engineer,Confidential Survey Participant,Mid-Level,5,119559.62876828095,Organizational Salary Survey
SURVEY_590238,Junior Data Analyst,Confidential Survey Participant,Junior/Entry,2,68397.33303355504,Organizational Salary Survey
SURVEY_213865,Senior Data Engineer,Confidential Survey Participant,Senior,7,179125.72672952406,Organizational Salary Survey
SURVEY_303174,Senior Product Manager,Confidential Survey Participant,Senior,6,214619.0136759846,Organizational Salary Survey
SURVEY_218343,Mid-Level Data Engineer,Confidential Survey Participant,Mid-Level,5,122147.90940650352,Organizational Salary Survey
SURVEY_379552,Mid-Level Software Engineer,Confidential Survey Participant,Mid-Level,3,111361.27483957786,Organizational Salary Survey
SURVEY_679284,Executive DevOps Engineer,Confidential Survey Participant,Executive/Principal,19,333644.287224768,Organizational Salary Survey
SURVEY_941015,Senior Data Engineer,Confidential Survey Participant,Senior,11,192577.95221599698,Organizational Salary Survey
SURVEY_900499,Executive DevOps Engineer,Confidential Survey Participant,Executive/Principal,11,241189.12663132133,Organizational Salary Survey
SURVEY_179664,Mid-Level Data Scientist,Confidential Survey Participant,Mid-Level,4,133824.05257429383,Organizational Salary Survey
SURVEY_404430,Junior Data Engineer,Confidential Survey Participant,Junior/Entry,2,91055.6793407811,Organizational Salary Survey
SURVEY_399047,Mid-Level Data Analyst,Confidential Survey Participant,Mid-Level,3,96616.83730002759,Organizational Salary Survey
SURVEY_851853,Mid-Level Data Engineer,Confidential Survey Participant,Mid-Level,5,135914.65355890442,Organizational Salary Survey
SURVEY_412059,Mid-Level Data Engineer,Confidential Survey Participant,Mid-Level,6,114364.5529337006,Organizational Salary Survey
SURVEY_308051,Junior Product Manager,Confidential Survey Participant,Junior/Entry,1,108366.64616755523,Organizational Salary Survey
SURVEY_596069,Senior Data Scientist,Confidential Survey Participant,Senior,10,188130.80670737257,Organizational Salary Survey
SURVEY_765093,Senior Product Manager,Confidential Survey Participant,Senior,10,179980.39809546142,Organizational Salary Survey
SURVEY_338187,Executive Software Engineer,Confidential Survey Participant,Executive/Principal,19,208295.02622390114,Organizational Salary Survey
SURVEY_462937,Executive Software Engineer,Confidential Survey Participant,Executive/Principal,18,178080.76189694848,Organizational Salary Survey
SURVEY_786436,Senior Data Scientist,Confidential Survey Participant,Senior,9,175647.85796509704,Organizational Salary Survey
SURVEY_743345,Mid-Level Software Engineer,Confidential Survey Participant,Mid-Level,5,98606.16723858616,Organizational Salary Survey
SURVEY_850064,Junior DevOps Engineer,Confidential Survey Participant,Junior/Entry,0,85072.82821699431,Organizational Salary Survey
SURVEY_592202,Mid-Level Data Engineer,Confidential Survey Participant,Mid-Level,3,134815.2891502123,Organizational Salary Survey
SURVEY_976768,Junior Software Engineer,Confidential Survey Participant,Junior/Entry,1,70287.8722852299,Organizational Salary Survey
SURVEY_925277,Executive Data Scientist,Confidential Survey Participant,Executive/Principal,19,265178.2915177091,Organizational Salary Survey
SURVEY_206414,Junior Software Engineer,Confidential Survey Participant,Junior/Entry,2,59755.424000154126,Organizational Salary Survey
SURVEY_511390,Mid-Level Software Engineer,Confidential Survey Participant,Mid-Level,5,105244.77575914314,Organizational Salary Survey
SURVEY_314680,Senior Project Manager,Confidential Survey Participant,Senior,7,123589.15206033528,Organizational Salary Survey
SURVEY_969792,Senior Data Engineer,Confidential Survey Participant,Senior,8,178344.3704625575,Organizational Salary Survey
SURVEY_768167,Senior Software Engineer,Confidential Survey Participant,Senior,6,140485.89904511897,Organizational Salary Survey
SURVEY_254014,Junior Data Analyst,Confidential Survey Participant,Junior/Entry,1,64675.70241690968,Organizational Salary Survey
SURVEY_515105,Senior Software Engineer,Confidential Survey Participant,Senior,11,124760.84108520565,Organizational Salary Survey
SURVEY_134961,Mid-Level Data Engineer,Confidential Survey Participant,Mid-Level,5,124214.12296229634,Organizational Salary Survey
SURVEY_575978,Mid-Level Product Manager,Confidential Survey Participant,Mid-Level,6,141814.51476487573,Organizational Salary Survey
SURVEY_616775,Mid-Level Data Analyst,Confidential Survey Participant,Mid-Level,5,95758.3110219074,Organizational Salary Survey
SURVEY_936081,Mid-Level Product Manager,Confidential Survey Participant,Mid-Level,4,148521.44824185327,Organizational Salary Survey
SURVEY_442028,Senior Software Engineer,Confidential Survey Participant,Senior,8,144981.15794735035,Organizational Salary Survey
SURVEY_533927,Junior Data Engineer,Confidential Survey Participant,Junior/Entry,1,88883.51088069467,Organizational Salary Survey
SURVEY_220218,Executive Product Manager,Confidential Survey Participant,Executive/Principal,16,334542.6304878316,Organizational Salary Survey
SURVEY_193589,Junior Product Manager,Confidential Survey Participant,Junior/Entry,2,96048.0743888687,Organizational Salary Survey
SURVEY_628576,Senior Software Engineer,Confidential Survey Participant,Senior,9,150545.405712477,Organizational Salary Survey
SURVEY_319060,Mid-Level Software Engineer,Confidential Survey Participant,Mid-Level,5,108685.02898261063,Organizational Salary Survey
SURVEY_416188,Mid-Level Data Scientist,Confidential Survey Participant,Mid-Level,5,140382.32783091234,Organizational Salary Survey
SURVEY_982517,Mid-Level Product Manager,Confidential Survey Participant,Mid-Level,5,121964.36274061387,Organizational Salary Survey
SURVEY_801899,Senior DevOps Engineer,Confidential Survey Participant,Senior,10,176767.90780121656,Organizational Salary Survey
SURVEY_611053,Junior Data Scientist,Confidential Survey Participant,Junior/Entry,1,93488.28554906326,Organizational Salary Survey
SURVEY_772739,Mid-Level DevOps Engineer,Confidential Survey Participant,Mid-Level,4,118541.59934004914,Organizational Salary Survey
SURVEY_864100,Senior Product Manager,Confidential Survey Participant,Senior,11,172515.3621127858,Organizational Salary Survey
SURVEY_611700,Mid-Level Project Manager,Confidential Survey Participant,Mid-Level,3,89167.59182984359,Organizational Salary Survey
SURVEY_389816,Junior Data Scientist,Confidential Survey Participant,Junior/Entry,0,79880.50113264062,Organizational Salary Survey
SURVEY_191485,Senior Data Scientist,Confidential Survey Participant,Senior,9,197446.63997710365,Organizational Salary Survey
SURVEY_567077,Mid-Level Data Engineer,Confidential Survey Participant,Mid-Level,3,108927.41164389766,Organizational Salary Survey
SURVEY_214681,Senior Data Scientist,Confidential Survey Participant,Senior,11,202477.32964946996,Organizational Salary Survey
SURVEY_369899,Mid-Level Software Engineer,Confidential Survey Participant,Mid-Level,6,110170.77490432643,Organizational Salary Survey
SURVEY_694574,Junior Software Engineer,Confidential Survey Participant,Junior/Entry,1,58020.5649886,Organizational Salary Survey
SURVEY_986779,Mid-Level Data Engineer,Confidential Survey Participant,Mid-Level,4,141764.59019795278,Organizational Salary Survey
SURVEY_753817,Mid-Level DevOps Engineer,Confidential Survey Participant,Mid-Level,5,108491.274760733,Organizational Salary Survey
SURVEY_445881,Mid-Level Data Analyst,Confidential Survey Participant,Mid-Level,4,109360.57687612575,Organizational Salary Survey
SURVEY_448471,Mid-Level Product Manager,Confidential Survey Participant,Mid-Level,3,129320.44073234472,Organizational Salary Survey
SURVEY_332400,Mid-Level Data Engineer,Confidential Survey Participant,Mid-Level,4,115551.83005764661,Organizational Salary Survey
SURVEY_508350,Executive Software Engineer,Confidential Survey Participant,Executive/Principal,12,256211.96177319952,Organizational Salary Survey
SURVEY_719793,Executive Data Engineer,Confidential Survey Participant,Executive/Principal,16,312172.0218736416,Organizational Salary Survey
SURVEY_754093,Junior Software Engineer,Confidential Survey Participant,Junior/Entry,0,75306.53889562072,Organizational Salary Survey
SURVEY_653705,Senior Project Manager,Confidential Survey Participant,Senior,10,124957.17057659672,Organizational Salary Survey
SURVEY_641447,Senior DevOps Engineer,Confidential Survey Participant,Senior,10,171196.05587208233,Organizational Salary Survey
SURVEY_105321,Executive Data Analyst,Confidential Survey Participant,Executive/Principal,17,206328.88138986475,Organizational Salary Survey
SURVEY_224451,Executive Data Engineer,Confidential Survey Participant,Executive/Principal,15,303432.4430967584,Organizational Salary Survey
SURVEY_441868,Junior Product Manager,Confidential Survey Participant,Junior/Entry,2,86017.11062240812,Organizational Salary Survey
SURVEY_737126,Executive Product Manager,Confidential Survey Participant,Executive/Principal,10,389846.48620276555,Organizational Salary Survey
SURVEY_272742,Mid-Level Data Analyst,Confidential Survey Participant,Mid-Level,4,99292.06521965435,Organizational Salary Survey
SURVEY_709354,Senior Project Manager,Confidential Survey Participant,Senior,10,122916.0163666495,Organizational Salary Survey
SURVEY_426501,Executive Product Manager,Confidential Survey Participant,Executive/Principal,11,376367.2627627332,Organizational Salary Survey
SURVEY_408852,Senior Data Scientist,Confidential Survey Participant,Senior,9,201484.88400433506,Organizational Salary Survey
SURVEY_937566,Junior Software Engineer,Confidential Survey Participant,Junior/Entry,1,74264.81475467914,Organizational Salary Survey
SURVEY_789585,Executive DevOps Engineer,Confidential Survey Participant,Executive/Principal,10,261697.39471621643,Organizational Salary Survey
SURVEY_440487,Mid-Level Data Scientist,Confidential Survey Participant,Mid-Level,6,121511.93672281888,Organizational Salary Survey
SURVEY_670172,Junior DevOps Engineer,Confidential Survey Participant,Junior/Entry,0,72021.6760150345,Organizational Salary Survey
SURVEY_624787,Mid-Level Data Engineer,Confidential Survey Participant,Mid-Level,3,130923.42158275493,Organizational Salary Survey
SURVEY_598982,Junior Software Engineer,Confidential Survey Participant,Junior/Entry,1,61414.12628576529,Organizational Salary Survey
SURVEY_209572,Mid-Level Data Analyst,Confidential Survey Participant,Mid-Level,3,106153.48956770262,Organizational Salary Survey
SURVEY_104451,Senior Product Manager,Confidential Survey Participant,Senior,10,196797.14170029512,Organizational Salary Survey
SURVEY_962171,Executive Software Engineer,Confidential Survey Participant,Executive/Principal,13,218956.03519601232,Organizational Salary Survey
SURVEY_794629,Mid-Level Product Manager,Confidential Survey Participant,Mid-Level,4,131585.64769470945,Organizational Salary Survey
SURVEY_825413,Executive Data Scientist,Confidential Survey Participant,Executive/Principal,14,275227.94062947587,Organizational Salary Survey
SURVEY_622647,Mid-Level Software Engineer,Confidential Survey Participant,Mid-Level,6,90810.84743509907,Organizational Salary Survey
SURVEY_598886,Senior Project Manager,Confidential Survey Participant,Senior,10,129315.94809011783,Organizational Salary Survey
SURVEY_760868,Junior Data Analyst,Confidential Survey Participant,Junior/Entry,0,69778.43597231443,Organizational Salary Survey
SURVEY_675457,Junior Software Engineer,Confidential Survey Participant,Junior/Entry,0,60759.08923826793,Organizational Salary Survey
SURVEY_180822,Junior Data Analyst,Confidential Survey Participant,Junior/Entry,1,76725.33783406728,Organizational Salary Survey
SURVEY_749597,Senior Software Engineer,Confidential Survey Participant,Senior,9,155511.24207842431,Organizational Salary Survey
SURVEY_982990,Executive Project Manager,Confidential Survey Participant,Executive/Principal,17,247358.1925978003,Organizational Salary Survey
SURVEY_198894,Senior Software Engineer,Confidential Survey Participant,Senior,11,124967.7475290793,Organizational Salary Survey
SURVEY_775286,Junior Software Engineer,Confidential Survey Participant,Junior/Entry,2,75421.17116723424,Organizational Salary Survey
SURVEY_268753,Executive Data Analyst,Confidential Survey Participant,Executive/Principal,15,188794.95144738804,Organizational Salary Survey
SURVEY_747184,Mid-Level Product Manager,Confidential Survey Participant,Mid-Level,6,136507.64912072688,Organizational Salary Survey
SURVEY_853525,Senior Product Manager,Confidential Survey Participant,Senior,10,219117.16692176447,Organizational Salary Survey
SURVEY_991038,Mid-Level Project Manager,Confidential Survey Participant,Mid-Level,3,85866.78843635423,Organizational Salary Survey
SURVEY_739709,Mid-Level Product Manager,Confidential Survey Participant,Mid-Level,4,125574.98558709168,Organizational Salary Survey
SURVEY_552936,Mid-Level Software Engineer,Confidential Survey Participant,Mid-Level,3,86848.8589301245,Organizational Salary Survey
SURVEY_376094,Mid-Level Data Scientist,Confidential Survey Participant,Mid-Level,4,124678.9234802657,Organizational Salary Survey
SURVEY_444030,Senior Data Engineer,Confidential Survey Participant,Senior,9,191731.51538321222,Organizational Salary Survey
SURVEY_554679,Junior Software Engineer,Confidential Survey Participant,Junior/Entry,0,69427.73299595216,Organizational Salary Survey
SURVEY_154657,Mid-Level Software Engineer,Confidential Survey Participant,Mid-Level,6,97112.78382489686,Organizational Salary Survey
SURVEY_343314,Mid-Level Software Engineer,Confidential Survey Participant,Mid-Level,6,105252.53083125384,Organizational Salary Survey
SURVEY_946401,Mid-Level Software Engineer,Confidential Survey Participant,Mid-Level,6,96402.85619879271,Organizational Salary Survey
SURVEY_116069,Senior Data Engineer,Confidential Survey Participant,Senior,9,158581.36788962112,Organizational Salary Survey
SURVEY_796308,Junior Data Engineer,Confidential Survey Participant,Junior/Entry,2,77761.88414073986,Organizational Salary Survey
SURVEY_536984,Mid-Level Software Engineer,Confidential Survey Participant,Mid-Level,3,96059.13267861125,Organizational Salary Survey
SURVEY_232749,Senior Software Engineer,Confidential Survey Participant,Senior,6,149998.57495121364,Organizational Salary Survey
SURVEY_566777,Executive Data Analyst,Confidential Survey Participant,Executive/Principal,17,216599.41381586945,Organizational Salary Survey
SURVEY_416305,Mid-Level Software Engineer,Confidential Survey Participant,Mid-Level,5,96867.91218676505,Organizational Salary Survey
SURVEY_444996,Mid-Level Data Scientist,Confidential Survey Participant,Mid-Level,4,143705.57173047843,Organizational Salary Survey
SURVEY_487479,Executive Project Manager,Confidential Survey Participant,Executive/Principal,17,210344.64667863684,Organizational Salary Survey
SURVEY_216933,Mid-Level Data Analyst,Confidential Survey Participant,Mid-Level,4,96847.32410474213,Organizational Salary Survey
SURVEY_841022,Mid-Level Product Manager,Confidential Survey Participant,Mid-Level,4,130281.83302858072,Organizational Salary Survey
SURVEY_444338,Senior DevOps Engineer,Confidential Survey Participant,Senior,9,154241.34092892535,Organizational Salary Survey
SURVEY_831600,Mid-Level Software Engineer,Confidential Survey Participant,Mid-Level,6,93569.11600858317,Organizational Salary Survey
SURVEY_639835,Senior Project Manager,Confidential Survey Participant,Senior,11,153319.30679969757,Organizational Salary Survey
SURVEY_579678,Junior Software Engineer,Confidential Survey Participant,Junior/Entry,1,60699.07495011685,Organizational Salary Survey
SURVEY_172826,Senior Product Manager,Confidential Survey Participant,Senior,9,200289.02373951883,Organizational Salary Survey
SURVEY_641288,Mid-Level Data Engineer,Confidential Survey Participant,Mid-Level,5,122937.93831353202,Organizational Salary Survey
SURVEY_336542,Junior Software Engineer,Confidential Survey Participant,Junior/Entry,0,61719.24353743561,Organizational Salary Survey
SURVEY_483147,Mid-Level Project Manager,Confidential Survey Participant,Mid-Level,3,98383.3262601359,Organizational Salary Survey
SURVEY_404591,Senior Data Engineer,Confidential Survey Participant,Senior,11,160560.84084683342,Organizational Salary Survey
SURVEY_949078,Mid-Level Data Analyst,Confidential Survey Participant,Mid-Level,3,84627.09114988528,Organizational Salary Survey
SURVEY_491306,Senior Data Scientist,Confidential Survey Participant,Senior,9,200272.77321161836,Organizational Salary Survey
SURVEY_812947,Junior Product Manager,Confidential Survey Participant,Junior/Entry,2,95219.95525254203,Organizational Salary Survey
SURVEY_110738,Mid-Level Data Analyst,Confidential Survey Participant,Mid-Level,6,111168.77536677159,Organizational Salary Survey
SURVEY_626958,Senior Software Engineer,Confidential Survey Participant,Senior,11,158944.52856842062,Organizational Salary Survey
SURVEY_365093,Mid-Level DevOps Engineer,Confidential Survey Participant,Mid-Level,6,127283.02609016748,Organizational Salary Survey
SURVEY_746813,Senior Software Engineer,Confidential Survey Participant,Senior,8,147926.61238473185,Organizational Salary Survey
SURVEY_165049,Mid-Level Data Scientist,Confidential Survey Participant,Mid-Level,6,130759.29663934726,Organizational Salary Survey
SURVEY_297285,Mid-Level Software Engineer,Confidential Survey Participant,Mid-Level,3,105078.39050402654,Organizational Salary Survey
SURVEY_812078,Mid-Level Data Engineer,Confidential Survey Participant,Mid-Level,6,121084.55575578219,Organizational Salary Survey
SURVEY_650167,Mid-Level Data Engineer,Confidential Survey Participant,Mid-Level,5,138652.2724521119,Organizational Salary Survey
SURVEY_180360,Senior Data Analyst,Confidential Survey Participant,Senior,7,131532.1957086135,Organizational Salary Survey
SURVEY_241381,Senior Data Engineer,Confidential Survey Participant,Senior,9,182851.6893597798,Organizational Salary Survey
SURVEY_870603,Executive Project Manager,Confidential Survey Participant,Executive/Principal,17,219689.17823106467,Organizational Salary Survey
SURVEY_600762,Mid-Level Product Manager,Confidential Survey Participant,Mid-Level,5,138152.1477084838,Organizational Salary Survey
SURVEY_675997,Mid-Level Data Scientist,Confidential Survey Participant,Mid-Level,4,122191.88186434223,Organizational Salary Survey
SURVEY_437965,Junior Data Engineer,Confidential Survey Participant,Junior/Entry,1,87225.25799882882,Organizational Salary Survey
SURVEY_558668,Mid-Level Data Engineer,Confidential Survey Participant,Mid-Level,3,129554.89369353773,Organizational Salary Survey
SURVEY_810381,Mid-Level Data Scientist,Confidential Survey Participant,Mid-Level,4,122632.31504719118,Organizational Salary Survey
SURVEY_958439,Junior Project Manager,Confidential Survey Participant,Junior/Entry,1,64746.26409093855,Organizational Salary Survey
SURVEY_522667,Mid-Level Data Analyst,Confidential Survey Participant,Mid-Level,4,86911.0916170488,Organizational Salary Survey
SURVEY_236081,Mid-Level Data Analyst,Confidential Survey Participant,Mid-Level,4,94282.24445640505,Organizational Salary Survey
SURVEY_977484,Mid-Level Project Manager,Confidential Survey Participant,Mid-Level,4,108622.75493898634,Organizational Salary Survey
SURVEY_110237,Mid-Level Product Manager,Confidential Survey Participant,Mid-Level,3,138049.15779833973,Organizational Salary Survey
SURVEY_720195,Mid-Level DevOps Engineer,Confidential Survey Participant,Mid-Level,4,135808.98431826092,Organizational Salary Survey
SURVEY_615316,Junior Data Engineer,Confidential Survey Participant,Junior/Entry,2,72181.84528416631,Organizational Salary Survey
SURVEY_845715,Mid-Level Software Engineer,Confidential Survey Participant,Mid-Level,5,87528.96382026374,Organizational Salary Survey
SURVEY_487765,Junior Data Engineer,Confidential Survey Participant,Junior/Entry,2,72952.5833965975,Organizational Salary Survey
SURVEY_721872,Junior Product Manager,Confidential Survey Participant,Junior/Entry,0,103070.3265499469,Organizational Salary Survey
SURVEY_300575,Junior Data Analyst,Confidential Survey Participant,Junior/Entry,1,63199.59216536076,Organizational Salary Survey
SURVEY_958554,Junior DevOps Engineer,Confidential Survey Participant,Junior/Entry,1,78839.4993694262,Organizational Salary Survey
SURVEY_651363,Senior Data Scientist,Confidential Survey Participant,Senior,8,191018.5922159629,Organizational Salary Survey
SURVEY_282617,Senior Software Engineer,Confidential Survey Participant,Senior,7,148021.65449852814,Organizational Salary Survey
SURVEY_567278,Junior Software Engineer,Confidential Survey Participant,Junior/Entry,2,73645.11136786103,Organizational Salary Survey
SURVEY_613732,Mid-Level Project Manager,Confidential Survey Participant,Mid-Level,3,88222.30222228255,Organizational Salary Survey
SURVEY_246994,Mid-Level Project Manager,Confidential Survey Participant,Mid-Level,4,86154.55807443788,Organizational Salary Survey
SURVEY_390922,Senior Data Scientist,Confidential Survey Participant,Senior,9,167796.9749184924,Organizational Salary Survey
SURVEY_144891,Senior Project Manager,Confidential Survey Participant,Senior,8,149806.85090080777,Organizational Salary Survey
SURVEY_778565,Junior Data Scientist,Confidential Survey Participant,Junior/Entry,2,81155.89165169494,Organizational Salary Survey
SURVEY_739320,Senior Project Manager,Confidential Survey Participant,Senior,9,137745.5545332647,Organizational Salary Survey
SURVEY_936337,Senior Data Engineer,Confidential Survey Participant,Senior,6,185391.46803915955,Organizational Salary Survey
SURVEY_864753,Mid-Level Project Manager,Confidential Survey Participant,Mid-Level,6,90187.5332844653,Organizational Salary Survey
SURVEY_734467,Mid-Level Software Engineer,Confidential Survey Participant,Mid-Level,5,110161.44434464257,Organizational Salary Survey
SURVEY_695711,Mid-Level Project Manager,Confidential Survey Participant,Mid-Level,6,85158.00515840421,Organizational Salary Survey
SURVEY_591892,Mid-Level DevOps Engineer,Confidential Survey Participant,Mid-Level,4,133639.22221406858,Organizational Salary Survey
SURVEY_901367,Mid-Level Project Manager,Confidential Survey Participant,Mid-Level,6,101456.94190797869,Organizational Salary Survey
SURVEY_103621,Mid-Level Software Engineer,Confidential Survey Participant,Mid-Level,4,89647.26417468459,Organizational Salary Survey
SURVEY_984722,Junior Data Analyst,Confidential Survey Participant,Junior/Entry,2,69553.35294827072,Organizational Salary Survey
SURVEY_761052,Mid-Level Data Analyst,Confidential Survey Participant,Mid-Level,6,95341.41774370881,Organizational Salary Survey
SURVEY_843743,Senior Product Manager,Confidential Survey Participant,Senior,9,204865.75866977317,Organizational Salary Survey
SURVEY_744728,Mid-Level Software Engineer,Confidential Survey Participant,Mid-Level,5,84551.01795049096,Organizational Salary Survey
SURVEY_945041,Mid-Level Software Engineer,Confidential Survey Participant,Mid-Level,3,86428.3162535076,Organizational Salary Survey
SURVEY_154633,Senior Data Engineer,Confidential Survey Participant,Senior,9,169709.08659004918,Organizational Salary Survey
SURVEY_741347,Junior Software Engineer,Confidential Survey Participant,Junior/Entry,2,57404.6387066344,Organizational Salary Survey
SURVEY_156620,Mid-Level Data Engineer,Confidential Survey Participant,Mid-Level,3,139690.65197181577,Organizational Salary Survey
SURVEY_592502,Junior Data Engineer,Confidential Survey Participant,Junior/Entry,1,95820.2422707744,Organizational Salary Survey
SURVEY_347858,Junior Data Scientist,Confidential Survey Participant,Junior/Entry,0,77159.09211588599,Organizational Salary Survey
SURVEY_768866,Mid-Level Data Analyst,Confidential Survey Participant,Mid-Level,4,94689.28203343893,Organizational Salary Survey
SURVEY_624718,Mid-Level Data Engineer,Confidential Survey Participant,Mid-Level,4,108831.3772142015,Organizational Salary Survey
SURVEY_349844,Mid-Level Data Scientist,Confidential Survey Participant,Mid-Level,3,124344.44990406104,Organizational Salary Survey
SURVEY_732264,Junior Project Manager,Confidential Survey Participant,Junior/Entry,0,71000.862968365,Organizational Salary Survey
SURVEY_628932,Mid-Level Data Analyst,Confidential Survey Participant,Mid-Level,4,102816.0012603209,Organizational Salary Survey
SURVEY_778646,Mid-Level Software Engineer,Confidential Survey Participant,Mid-Level,3,93911.35100294602,Organizational Salary Survey
SURVEY_866030,Mid-Level Data Engineer,Confidential Survey Participant,Mid-Level,4,137222.17571232418,Organizational Salary Survey
SURVEY_946029,Junior Data Scientist,Confidential Survey Participant,Junior/Entry,1,83766.862835029,Organizational Salary Survey
SURVEY_702880,Junior Software Engineer,Confidential Survey Participant,Junior/Entry,1,65216.31278801955,Organizational Salary Survey
SURVEY_414462,Junior Data Scientist,Confidential Survey Participant,Junior/Entry,2,75405.6149839154,Organizational Salary Survey
SURVEY_528728,Mid-Level Software Engineer,Confidential Survey Participant,Mid-Level,5,103371.01082001509,Organizational Salary Survey
SURVEY_612254,Senior Project Manager,Confidential Survey Participant,Senior,10,126665.68680487781,Organizational Salary Survey
SURVEY_544260,Senior Data Scientist,Confidential Survey Participant,Senior,6,178215.89097240925,Organizational Salary Survey
SURVEY_177776,Executive DevOps Engineer,Confidential Survey Participant,Executive/Principal,12,343115.22164979286,Organizational Salary Survey
SURVEY_676099,Mid-Level Data Engineer,Confidential Survey Participant,Mid-Level,5,130517.5260747065,Organizational Salary Survey
SURVEY_522687,Senior Data Scientist,Confidential Survey Participant,Senior,6,176021.15082289564,Organizational Salary Survey
SURVEY_942730,Senior Data Engineer,Confidential Survey Participant,Senior,11,162223.5565877082,Organizational Salary Survey
SURVEY_547381,Mid-Level Data Engineer,Confidential Survey Participant,Mid-Level,5,110300.21502558656,Organizational Salary Survey
SURVEY_654611,Senior DevOps Engineer,Confidential Survey Participant,Senior,6,189300.21292214526,Organizational Salary Survey
SURVEY_383131,Mid-Level Project Manager,Confidential Survey Participant,Mid-Level,5,109176.31849081017,Organizational Salary Survey
SURVEY_320057,Mid-Level Software Engineer,Confidential Survey Participant,Mid-Level,4,97207.30499408672,Organizational Salary Survey
SURVEY_317483,Mid-Level Data Scientist,Confidential Survey Participant,Mid-Level,5,128863.12374688842,Organizational Salary Survey
SURVEY_153869,Junior Data Scientist,Confidential Survey Participant,Junior/Entry,2,82176.56334771516,Organizational Salary Survey
SURVEY_313906,Mid-Level Data Engineer,Confidential Survey Participant,Mid-Level,3,112429.01166256295,Organizational Salary Survey
SURVEY_413278,Senior Data Scientist,Confidential Survey Participant,Senior,9,169878.05776654533,Organizational Salary Survey
SURVEY_236346,Executive Software Engineer,Confidential Survey Participant,Executive/Principal,18,262135.15255483738,Organizational Salary Survey
SURVEY_378264,Mid-Level Software Engineer,Confidential Survey Participant,Mid-Level,3,103468.16796838534,Organizational Salary Survey
SURVEY_134197,Mid-Level Data Engineer,Confidential Survey Participant,Mid-Level,5,125783.20921664064,Organizational Salary Survey
SURVEY_508549,Senior DevOps Engineer,Confidential Survey Participant,Senior,8,192261.84446469467,Organizational Salary Survey
SURVEY_221417,Mid-Level DevOps Engineer,Confidential Survey Participant,Mid-Level,6,109912.16427665539,Organizational Salary Survey
SURVEY_262317,Executive Product Manager,Confidential Survey Participant,Executive/Principal,16,251074.22907193511,Organizational Salary Survey
SURVEY_277125,Mid-Level Data Engineer,Confidential Survey Participant,Mid-Level,4,126270.69721041489,Organizational Salary Survey
SURVEY_492548,Mid-Level Software Engineer,Confidential Survey Participant,Mid-Level,5,99995.37868619748,Organizational Salary Survey
SURVEY_412457,Senior Data Scientist,Confidential Survey Participant,Senior,10,193755.55420341057,Organizational Salary Survey
SURVEY_363401,Mid-Level Data Scientist,Confidential Survey Participant,Mid-Level,6,126937.82241419714,Organizational Salary Survey
SURVEY_291784,Senior Data Engineer,Confidential Survey Participant,Senior,7,191600.44246636715,Organizational Salary Survey
SURVEY_871519,Mid-Level Data Analyst,Confidential Survey Participant,Mid-Level,6,100345.2506979509,Organizational Salary Survey
SURVEY_624114,Junior DevOps Engineer,Confidential Survey Participant,Junior/Entry,1,94659.84036636294,Organizational Salary Survey
SURVEY_791798,Senior Data Engineer,Confidential Survey Participant,Senior,6,174725.79458844574,Organizational Salary Survey
SURVEY_751274,Mid-Level Product Manager,Confidential Survey Participant,Mid-Level,6,122939.64418916646,Organizational Salary Survey
SURVEY_815097,Executive Software Engineer,Confidential Survey Participant,Executive/Principal,16,175536.23877984314,Organizational Salary Survey
SURVEY_634449,Mid-Level Software Engineer,Confidential Survey Participant,Mid-Level,6,99857.16836294235,Organizational Salary Survey
SURVEY_416066,Senior Data Scientist,Confidential Survey Participant,Senior,7,192224.62552867222,Organizational Salary Survey
SURVEY_846292,Junior Data Scientist,Confidential Survey Participant,Junior/Entry,2,95882.98807297145,Organizational Salary Survey
SURVEY_543103,Mid-Level Software Engineer,Confidential Survey Participant,Mid-Level,5,107381.53921117132,Organizational Salary Survey
SURVEY_155446,Mid-Level DevOps Engineer,Confidential Survey Participant,Mid-Level,5,112878.52083132503,Organizational Salary Survey
SURVEY_826099,Senior Product Manager,Confidential Survey Participant,Senior,9,210213.77600507744,Organizational Salary Survey
SURVEY_457894,Senior Data Scientist,Confidential Survey Participant,Senior,11,177237.12935531032,Organizational Salary Survey
SURVEY_125140,Mid-Level Data Scientist,Confidential Survey Participant,Mid-Level,4,124504.40545979944,Organizational Salary Survey
SURVEY_864494,Mid-Level Data Engineer,Confidential Survey Participant,Mid-Level,6,131279.85105598898,Organizational Salary Survey
SURVEY_381419,Mid-Level Software Engineer,Confidential Survey Participant,Mid-Level,5,91797.99933498527,Organizational Salary Survey
SURVEY_325938,Mid-Level Data Engineer,Confidential Survey Participant,Mid-Level,4,142568.21640966093,Organizational Salary Survey
SURVEY_337595,Mid-Level Project Manager,Confidential Survey Participant,Mid-Level,6,86209.45252301868,Organizational Salary Survey
SURVEY_553597,Mid-Level Data Scientist,Confidential Survey Participant,Mid-Level,6,114273.53044102421,Organizational Salary Survey
SURVEY_485549,Mid-Level Software Engineer,Confidential Survey Participant,Mid-Level,3,89873.34729123965,Organizational Salary Survey
SURVEY_596395,Senior Software Engineer,Confidential Survey Participant,Senior,6,151754.9198804848,Organizational Salary Survey
SURVEY_650855,Mid-Level Data Engineer,Confidential Survey Participant,Mid-Level,6,137600.46600717574,Organizational Salary Survey
SURVEY_124265,Senior Software Engineer,Confidential Survey Participant,Senior,7,153517.86011204767,Organizational Salary Survey
SURVEY_970643,Senior Software Engineer,Confidential Survey Participant,Senior,10,142118.06718154973,Organizational Salary Survey
SURVEY_935650,Mid-Level Product Manager,Confidential Survey Participant,Mid-Level,6,144741.74116730675,Organizational Salary Survey
SURVEY_586802,Mid-Level Data Analyst,Confidential Survey Participant,Mid-Level,6,89761.03690134302,Organizational Salary Survey
SURVEY_143003,Mid-Level Data Scientist,Confidential Survey Participant,Mid-Level,3,143414.32079623846,Organizational Salary Survey
SURVEY_354496,Executive Data Engineer,Confidential Survey Participant,Executive/Principal,11,298096.6551922672,Organizational Salary Survey
SURVEY_769733,Mid-Level Software Engineer,Confidential Survey Participant,Mid-Level,3,92230.41613597912,Organizational Salary Survey
SURVEY_673278,Junior Data Analyst,Confidential Survey Participant,Junior/Entry,1,72950.2338555784,Organizational Salary Survey
SURVEY_121560,Mid-Level Data Analyst,Confidential Survey Participant,Mid-Level,5,93173.51100899432,Organizational Salary Survey
SURVEY_863885,Mid-Level Data Scientist,Confidential Survey Participant,Mid-Level,5,113767.6983620666,Organizational Salary Survey
SURVEY_976706,Mid-Level Data Scientist,Confidential Survey Participant,Mid-Level,3,112556.90416737203,Organizational Salary Survey
SURVEY_713417,Executive Product Manager,Confidential Survey Participant,Executive/Principal,15,348340.6221829506,Organizational Salary Survey
SURVEY_887354,Mid-Level Project Manager,Confidential Survey Participant,Mid-Level,3,87173.69054514363,Organizational Salary Survey
SURVEY_379972,Mid-Level Data Analyst,Confidential Survey Participant,Mid-Level,6,97361.42613481593,Organizational Salary Survey
SURVEY_408866,Mid-Level Data Scientist,Confidential Survey Participant,Mid-Level,5,143759.51078511926,Organizational Salary Survey
SURVEY_452991,Junior Data Analyst,Confidential Survey Participant,Junior/Entry,2,74118.54830288517,Organizational Salary Survey
SURVEY_993462,Mid-Level Data Engineer,Confidential Survey Participant,Mid-Level,6,117066.92810622178,Organizational Salary Survey
SURVEY_980441,Junior Data Engineer,Confidential Survey Participant,Junior/Entry,1,92670.4957172852,Organizational Salary Survey
SURVEY_211741,Mid-Level Software Engineer,Confidential Survey Participant,Mid-Level,3,106125.53623170969,Organizational Salary Survey
SURVEY_585320,Executive Software Engineer,Confidential Survey Participant,Executive/Principal,10,258022.8398331667,Organizational Salary Survey
SURVEY_101039,Executive Software Engineer,Confidential Survey Participant,Executive/Principal,15,204371.11716833766,Organizational Salary Survey
SURVEY_687894,Senior DevOps Engineer,Confidential Survey Participant,Senior,8,167360.99982682223,Organizational Salary Survey
SURVEY_166535,Mid-Level Software Engineer,Confidential Survey Participant,Mid-Level,5,110489.4248893135,Organizational Salary Survey
SURVEY_184827,Mid-Level Software Engineer,Confidential Survey Participant,Mid-Level,3,92017.99086518372,Organizational Salary Survey
SURVEY_877024,Mid-Level Software Engineer,Confidential Survey Participant,Mid-Level,5,94833.19466794691,Organizational Salary Survey
SURVEY_669592,Senior Data Engineer,Confidential Survey Participant,Senior,7,172041.25455180783,Organizational Salary Survey
SURVEY_733525,Junior Software Engineer,Confidential Survey Participant,Junior/Entry,1,57963.587093467344,Organizational Salary Survey
SURVEY_958966,Mid-Level Data Analyst,Confidential Survey Participant,Mid-Level,4,103841.74604439783,Organizational Salary Survey
SURVEY_238022,Mid-Level Product Manager,Confidential Survey Participant,Mid-Level,4,159206.04634109675,Organizational Salary Survey
SURVEY_743096,Executive Product Manager,Confidential Survey Participant,Executive/Principal,16,290920.3037415989,Organizational Salary Survey
SURVEY_966163,Mid-Level Product Manager,Confidential Survey Participant,Mid-Level,3,132468.64040108403,Organizational Salary Survey
SURVEY_443183,Mid-Level Project Manager,Confidential Survey Participant,Mid-Level,5,88718.88286890206,Organizational Salary Survey
SURVEY_806744,Mid-Level Software Engineer,Confidential Survey Participant,Mid-Level,4,87360.08079229208,Organizational Salary Survey
SURVEY_659955,Mid-Level Data Engineer,Confidential Survey Participant,Mid-Level,3,128603.03654431025,Organizational Salary Survey
SURVEY_484256,Mid-Level Software Engineer,Confidential Survey Participant,Mid-Level,6,111853.26081459732,Organizational Salary Survey
SURVEY_371927,Junior Data Scientist,Confidential Survey Participant,Junior/Entry,1,84543.0451975181,Organizational Salary Survey
SURVEY_225121,Executive Data Analyst,Confidential Survey Participant,Executive/Principal,10,216578.2791677918,Organizational Salary Survey
SURVEY_147444,Executive Data Analyst,Confidential Survey Participant,Executive/Principal,11,270347.3520287097,Organizational Salary Survey
SURVEY_639514,Mid-Level Data Scientist,Confidential Survey Participant,Mid-Level,6,134767.3629910923,Organizational Salary Survey
SURVEY_769232,Executive Project Manager,Confidential Survey Participant,Executive/Principal,11,248729.61827250718,Organizational Salary Survey
SURVEY_394672,Senior Data Engineer,Confidential Survey Participant,Senior,10,200941.88488760917,Organizational Salary Survey
SURVEY_195056,Junior Data Analyst,Confidential Survey Participant,Junior/Entry,1,70268.28590019254,Organizational Salary Survey
SURVEY_140885,Executive Data Scientist,Confidential Survey Participant,Executive/Principal,10,309391.0260322705,Organizational Salary Survey
SURVEY_752756,Mid-Level Data Analyst,Confidential Survey Participant,Mid-Level,6,105831.49213336922,Organizational Salary Survey
SURVEY_662081,Mid-Level Software Engineer,Confidential Survey Participant,Mid-Level,6,110983.29596047409,Organizational Salary Survey
SURVEY_583612,Senior Software Engineer,Confidential Survey Participant,Senior,11,149940.05868690356,Organizational Salary Survey
SURVEY_565159,Mid-Level Software Engineer,Confidential Survey Participant,Mid-Level,6,97236.13036815816,Organizational Salary Survey
SURVEY_110993,Senior Software Engineer,Confidential Survey Participant,Senior,7,136092.30303746086,Organizational Salary Survey
SURVEY_927827,Mid-Level Project Manager,Confidential Survey Participant,Mid-Level,3,109900.61763362866,Organizational Salary Survey
SURVEY_321431,Senior Software Engineer,Confidential Survey Participant,Senior,6,124719.01751247319,Organizational Salary Survey
SURVEY_347252,Senior Software Engineer,Confidential Survey Participant,Senior,6,149925.77265307607,Organizational Salary Survey
SURVEY_918083,Senior Data Scientist,Confidential Survey Participant,Senior,9,189886.91361413285,Organizational Salary Survey
SURVEY_361216,Senior Data Analyst,Confidential Survey Participant,Senior,6,144336.89141562753,Organizational Salary Survey
SURVEY_470729,Mid-Level Software Engineer,Confidential Survey Participant,Mid-Level,5,105114.83197446537,Organizational Salary Survey
SURVEY_541486,Junior Data Scientist,Confidential Survey Participant,Junior/Entry,1,80452.87077443778,Organizational Salary Survey
SURVEY_488977,Junior Project Manager,Confidential Survey Participant,Junior/Entry,0,76622.5526235616,Organizational Salary Survey
SURVEY_119033,Senior Data Analyst,Confidential Survey Participant,Senior,11,160680.98856117885,Organizational Salary Survey
SURVEY_514261,Mid-Level Data Engineer,Confidential Survey Participant,Mid-Level,6,129652.8364453912,Organizational Salary Survey
SURVEY_820595,Executive Data Scientist,Confidential Survey Participant,Executive/Principal,15,231468.0556118474,Organizational Salary Survey
SURVEY_554150,Executive Software Engineer,Confidential Survey Participant,Executive/Principal,11,196860.82600304575,Organizational Salary Survey
SURVEY_171488,Junior Data Analyst,Confidential Survey Participant,Junior/Entry,2,74182.78902456356,Organizational Salary Survey
SURVEY_453499,Mid-Level Software Engineer,Confidential Survey Participant,Mid-Level,6,107680.813419648,Organizational Salary Survey
SURVEY_354767,Junior Software Engineer,Confidential Survey Participant,Junior/Entry,1,58692.42522638927,Organizational Salary Survey
SURVEY_777472,Mid-Level Data Engineer,Confidential Survey Participant,Mid-Level,6,121849.65166660737,Organizational Salary Survey
SURVEY_702782,Mid-Level Data Scientist,Confidential Survey Participant,Mid-Level,3,124777.5958924792,Organizational Salary Survey
SURVEY_419035,Mid-Level Software Engineer,Confidential Survey Participant,Mid-Level,6,103782.71844231653,Organizational Salary Survey
SURVEY_476561,Mid-Level Data Scientist,Confidential Survey Participant,Mid-Level,5,114622.52446785745,Organizational Salary Survey
SURVEY_862521,Mid-Level Data Analyst,Confidential Survey Participant,Mid-Level,5,106443.633037412,Organizational Salary Survey
SURVEY_353273,Senior Data Engineer,Confidential Survey Participant,Senior,9,159172.86158430125,Organizational Salary Survey
SURVEY_340064,Executive DevOps Engineer,Confidential Survey Participant,Executive/Principal,12,277634.4808432883,Organizational Salary Survey
SURVEY_737388,Senior Data Engineer,Confidential Survey Participant,Senior,6,165407.43383959262,Organizational Salary Survey
SURVEY_213376,Mid-Level DevOps Engineer,Confidential Survey Participant,Mid-Level,4,108549.53400600245,Organizational Salary Survey
SURVEY_117791,Junior Project Manager,Confidential Survey Participant,Junior/Entry,2,71360.98137902317,Organizational Salary Survey
SURVEY_378670,Junior Data Scientist,Confidential Survey Participant,Junior/Entry,0,88127.27248083989,Organizational Salary Survey
SURVEY_775873,Executive DevOps Engineer,Confidential Survey Participant,Executive/Principal,13,255887.9059013267,Organizational Salary Survey
SURVEY_896954,Senior Project Manager,Confidential Survey Participant,Senior,7,120530.46219872353,Organizational Salary Survey
SURVEY_830087,Senior Data Scientist,Confidential Survey Participant,Senior,7,182544.63107813592,Organizational Salary Survey
SURVEY_865685,Junior Data Analyst,Confidential Survey Participant,Junior/Entry,2,61395.68780088402,Organizational Salary Survey
SURVEY_998532,Executive Data Engineer,Confidential Survey Participant,Executive/Principal,14,305315.53277149226,Organizational Salary Survey
SURVEY_887032,Executive Data Analyst,Confidential Survey Participant,Executive/Principal,11,255311.9009293053,Organizational Salary Survey
SURVEY_304418,Mid-Level Product Manager,Confidential Survey Participant,Mid-Level,4,157470.01886777757,Organizational Salary Survey
SURVEY_546347,Mid-Level Software Engineer,Confidential Survey Participant,Mid-Level,6,87982.59511183943,Organizational Salary Survey
SURVEY_684465,Mid-Level Product Manager,Confidential Survey Participant,Mid-Level,6,127592.46164065825,Organizational Salary Survey
SURVEY_365110,Mid-Level Product Manager,Confidential Survey Participant,Mid-Level,5,136758.914232196,Organizational Salary Survey
SURVEY_425614,Senior Software Engineer,Confidential Survey Participant,Senior,9,155014.40493879584,Organizational Salary Survey
SURVEY_237537,Mid-Level Data Analyst,Confidential Survey Participant,Mid-Level,4,86140.08578589193,Organizational Salary Survey
SURVEY_282647,Junior Project Manager,Confidential Survey Participant,Junior/Entry,1,67775.43825128721,Organizational Salary Survey
SURVEY_366491,Junior Data Analyst,Confidential Survey Participant,Junior/Entry,0,64727.675883976444,Organizational Salary Survey
SURVEY_871886,Senior Software Engineer,Confidential Survey Participant,Senior,7,129673.8729033002,Organizational Salary Survey
SURVEY_818988,Mid-Level Data Scientist,Confidential Survey Participant,Mid-Level,3,143940.1429398887,Organizational Salary Survey
SURVEY_554581,Mid-Level Software Engineer,Confidential Survey Participant,Mid-Level,6,85558.88799254362,Organizational Salary Survey
SURVEY_605123,Mid-Level Data Engineer,Confidential Survey Participant,Mid-Level,4,115003.43256451578,Organizational Salary Survey
SURVEY_345824,Mid-Level Software Engineer,Confidential Survey Participant,Mid-Level,5,89706.82495086108,Organizational Salary Survey
SURVEY_945496,Junior Data Engineer,Confidential Survey Participant,Junior/Entry,1,75420.55661471217,Organizational Salary Survey
SURVEY_952819,Mid-Level Data Analyst,Confidential Survey Participant,Mid-Level,5,99969.21894057182,Organizational Salary Survey
SURVEY_617809,Executive DevOps Engineer,Confidential Survey Participant,Executive/Principal,10,281298.0947684744,Organizational Salary Survey
SURVEY_445168,Mid-Level Data Engineer,Confidential Survey Participant,Mid-Level,4,140479.68940916497,Organizational Salary Survey
SURVEY_938293,Mid-Level Data Analyst,Confidential Survey Participant,Mid-Level,4,104997.11473922769,Organizational Salary Survey
SURVEY_304014,Junior Data Scientist,Confidential Survey Participant,Junior/Entry,0,78627.58008215774,Organizational Salary Survey
SURVEY_745883,Mid-Level DevOps Engineer,Confidential Survey Participant,Mid-Level,6,115578.65676239521,Organizational Salary Survey
SURVEY_861776,Mid-Level Project Manager,Confidential Survey Participant,Mid-Level,3,101263.50308902799,Organizational Salary Survey
SURVEY_109479,Junior Data Engineer,Confidential Survey Participant,Junior/Entry,2,98173.13025333874,Organizational Salary Survey
SURVEY_540651,Mid-Level Project Manager,Confidential Survey Participant,Mid-Level,6,109111.16908669143,Organizational Salary Survey
SURVEY_913830,Executive Software Engineer,Confidential Survey Participant,Executive/Principal,15,185564.64725699293,Organizational Salary Survey
SURVEY_677406,Mid-Level Software Engineer,Confidential Survey Participant,Mid-Level,5,105652.807329207,Organizational Salary Survey
SURVEY_263178,Mid-Level Data Engineer,Confidential Survey Participant,Mid-Level,6,120805.44043034491,Organizational Salary Survey
SURVEY_418127,Senior Product Manager,Confidential Survey Participant,Senior,7,175361.86252376038,Organizational Salary Survey
SURVEY_688989,Senior Software Engineer,Confidential Survey Participant,Senior,6,119956.48875151404,Organizational Salary Survey
SURVEY_123039,Junior Data Scientist,Confidential Survey Participant,Junior/Entry,0,80758.2347701282,Organizational Salary Survey
SURVEY_410812,Senior Project Manager,Confidential Survey Participant,Senior,10,152193.2571664407,Organizational Salary Survey
SURVEY_472477,Executive Data Analyst,Confidential Survey Participant,Executive/Principal,15,178206.96205964504,Organizational Salary Survey
SURVEY_580956,Senior Software Engineer,Confidential Survey Participant,Senior,7,142180.41104069905,Organizational Salary Survey
SURVEY_823951,Senior Software Engineer,Confidential Survey Participant,Senior,7,119767.46356189132,Organizational Salary Survey
SURVEY_208221,Mid-Level Product Manager,Confidential Survey Participant,Mid-Level,3,142019.8907879296,Organizational Salary Survey
SURVEY_393435,Senior Project Manager,Confidential Survey Participant,Senior,9,138024.39595774302,Organizational Salary Survey
SURVEY_580787,Mid-Level Software Engineer,Confidential Survey Participant,Mid-Level,5,103250.8223699801,Organizational Salary Survey
SURVEY_496679,Mid-Level DevOps Engineer,Confidential Survey Participant,Mid-Level,5,125201.97362643553,Organizational Salary Survey
SURVEY_342644,Mid-Level Software Engineer,Confidential Survey Participant,Mid-Level,4,100992.94097067507,Organizational Salary Survey
SURVEY_333598,Senior Data Analyst,Confidential Survey Participant,Senior,9,133090.1864245308,Organizational Salary Survey
SURVEY_968307,Mid-Level Data Analyst,Confidential Survey Participant,Mid-Level,3,109060.89355978319,Organizational Salary Survey
SURVEY_761875,Mid-Level Product Manager,Confidential Survey Participant,Mid-Level,4,122970.65630734325,Organizational Salary Survey
SURVEY_700132,Mid-Level Software Engineer,Confidential Survey Participant,Mid-Level,4,96206.58654840813,Organizational Salary Survey
SURVEY_972414,Mid-Level DevOps Engineer,Confidential Survey Participant,Mid-Level,4,133886.91451526323,Organizational Salary Survey
SURVEY_437556,Junior Software Engineer,Confidential Survey Participant,Junior/Entry,0,71164.92306917554,Organizational Salary Survey
SURVEY_983092,Junior Data Analyst,Confidential Survey Participant,Junior/Entry,2,69734.6875640238,Organizational Salary Survey
SURVEY_744517,Mid-Level Data Scientist,Confidential Survey Participant,Mid-Level,5,143119.88295721269,Organizational Salary Survey
SURVEY_123695,Mid-Level Project Manager,Confidential Survey Participant,Mid-Level,3,110621.65371940713,Organizational Salary Survey
SURVEY_499676,Junior Project Manager,Confidential Survey Participant,Junior/Entry,2,73052.6879377605,Organizational Salary Survey
SURVEY_147317,Junior Data Scientist,Confidential Survey Participant,Junior/Entry,0,72466.37723196865,Organizational Salary Survey
SURVEY_592319,Mid-Level Data Analyst,Confidential Survey Participant,Mid-Level,6,88253.6509037368,Organizational Salary Survey
SURVEY_333114,Junior Software Engineer,Confidential Survey Participant,Junior/Entry,2,65309.315009237784,Organizational Salary Survey
SURVEY_368054,Junior Data Analyst,Confidential Survey Participant,Junior/Entry,0,74228.32983566263,Organizational Salary Survey
SURVEY_634622,Mid-Level Software Engineer,Confidential Survey Participant,Mid-Level,5,107044.69754413556,Organizational Salary Survey
SURVEY_568266,Senior Data Engineer,Confidential Survey Participant,Senior,10,205180.0035288551,Organizational Salary Survey
SURVEY_762062,Junior Data Engineer,Confidential Survey Participant,Junior/Entry,2,86860.29855504824,Organizational Salary Survey
SURVEY_861111,Mid-Level Software Engineer,Confidential Survey Participant,Mid-Level,3,111335.95860965666,Organizational Salary Survey
SURVEY_947344,Mid-Level Data Analyst,Confidential Survey Participant,Mid-Level,5,98543.41554672942,Organizational Salary Survey
SURVEY_446010,Executive Project Manager,Confidential Survey Participant,Executive/Principal,17,262738.30867026997,Organizational Salary Survey
SURVEY_510295,Junior Software Engineer,Confidential Survey Participant,Junior/Entry,0,72122.20855657538,Organizational Salary Survey
SURVEY_279146,Mid-Level Software Engineer,Confidential Survey Participant,Mid-Level,5,107789.14748749147,Organizational Salary Survey
SURVEY_895830,Senior Data Scientist,Confidential Survey Participant,Senior,6,176797.92895064116,Organizational Salary Survey
SURVEY_744541,Junior Data Analyst,Confidential Survey Participant,Junior/Entry,1,67169.48531742171,Organizational Salary Survey
SURVEY_651313,Executive Project Manager,Confidential Survey Participant,Executive/Principal,14,274979.7026450764,Organizational Salary Survey
SURVEY_638728,Mid-Level Software Engineer,Confidential Survey Participant,Mid-Level,4,101003.49253234567,Organizational Salary Survey
SURVEY_620346,Mid-Level Data Analyst,Confidential Survey Participant,Mid-Level,6,97682.33458502356,Organizational Salary Survey
SURVEY_781326,Senior Project Manager,Confidential Survey Participant,Senior,10,153575.04276002967,Organizational Salary Survey
SURVEY_390202,Mid-Level Data Analyst,Confidential Survey Participant,Mid-Level,4,85182.45882206877,Organizational Salary Survey
SURVEY_192226,Mid-Level Data Analyst,Confidential Survey Participant,Mid-Level,3,89200.28886633953,Organizational Salary Survey
SURVEY_710576,Mid-Level Software Engineer,Confidential Survey Participant,Mid-Level,6,95406.19928598391,Organizational Salary Survey
SURVEY_529420,Executive Product Manager,Confidential Survey Participant,Executive/Principal,10,260663.90418263277,Organizational Salary Survey
SURVEY_637558,Junior Software Engineer,Confidential Survey Participant,Junior/Entry,0,74362.17250089352,Organizational Salary Survey
SURVEY_681576,Senior Project Manager,Confidential Survey Participant,Senior,9,157856.17680858824,Organizational Salary Survey
SURVEY_286780,Junior Data Engineer,Confidential Survey Participant,Junior/Entry,0,75147.73727099705,Organizational Salary Survey
SURVEY_599992,Mid-Level Software Engineer,Confidential Survey Participant,Mid-Level,5,108462.9527115067,Organizational Salary Survey
SURVEY_766951,Junior Software Engineer,Confidential Survey Participant,Junior/Entry,1,72870.38359564361,Organizational Salary Survey
SURVEY_832613,Mid-Level Data Engineer,Confidential Survey Participant,Mid-Level,5,111030.79853351238,Organizational Salary Survey
SURVEY_378725,Mid-Level Data Engineer,Confidential Survey Participant,Mid-Level,4,117717.8620290078,Organizational Salary Survey
SURVEY_141471,Senior Data Engineer,Confidential Survey Participant,Senior,9,182412.85400291727,Organizational Salary Survey
SURVEY_727263,Junior Product Manager,Confidential Survey Participant,Junior/Entry,1,100697.25093323049,Organizational Salary Survey
SURVEY_540569,Junior Data Engineer,Confidential Survey Participant,Junior/Entry,1,89164.25856963135,Organizational Salary Survey
SURVEY_234423,Senior Data Engineer,Confidential Survey Participant,Senior,10,163230.42541971453,Organizational Salary Survey
SURVEY_915903,Executive Project Manager,Confidential Survey Participant,Executive/Principal,12,220181.74480823427,Organizational Salary Survey
SURVEY_638706,Mid-Level Data Analyst,Confidential Survey Participant,Mid-Level,3,111558.36185550476,Organizational Salary Survey
SURVEY_175839,Mid-Level Data Scientist,Confidential Survey Participant,Mid-Level,4,123333.19716188725,Organizational Salary Survey
SURVEY_985899,Mid-Level Data Analyst,Confidential Survey Participant,Mid-Level,6,96431.06953053383,Organizational Salary Survey
SURVEY_775027,Senior Data Scientist,Confidential Survey Participant,Senior,10,192599.15052709088,Organizational Salary Survey
SURVEY_465189,Mid-Level Software Engineer,Confidential Survey Participant,Mid-Level,5,92630.49413729322,Organizational Salary Survey
SURVEY_632236,Junior Data Analyst,Confidential Survey Participant,Junior/Entry,0,67759.8289810054,Organizational Salary Survey
SURVEY_645981,Senior Software Engineer,Confidential Survey Participant,Senior,10,138971.25379125186,Organizational Salary Survey
SURVEY_520797,Junior Data Engineer,Confidential Survey Participant,Junior/Entry,1,96545.50611249011,Organizational Salary Survey
SURVEY_915786,Executive Product Manager,Confidential Survey Participant,Executive/Principal,19,313328.0444451684,Organizational Salary Survey
SURVEY_772645,Mid-Level Data Analyst,Confidential Survey Participant,Mid-Level,3,107492.57764363561,Organizational Salary Survey
SURVEY_730858,Junior Data Scientist,Confidential Survey Participant,Junior/Entry,0,85285.77907467537,Organizational Salary Survey
SURVEY_921973,Mid-Level Data Engineer,Confidential Survey Participant,Mid-Level,4,108304.37432116695,Organizational Salary Survey
SURVEY_387139,Senior DevOps Engineer,Confidential Survey Participant,Senior,10,165859.16309334288,Organizational Salary Survey
SURVEY_887131,Junior Software Engineer,Confidential Survey Participant,Junior/Entry,0,72478.01976645179,Organizational Salary Survey
SURVEY_135721,Mid-Level Software Engineer,Confidential Survey Participant,Mid-Level,3,85456.86310092731,Organizational Salary Survey
SURVEY_443622,Senior Data Analyst,Confidential Survey Participant,Senior,10,131205.46447654156,Organizational Salary Survey
SURVEY_776149,Mid-Level Data Engineer,Confidential Survey Participant,Mid-Level,6,135925.39758678287,Organizational Salary Survey
SURVEY_447717,Junior Product Manager,Confidential Survey Participant,Junior/Entry,1,94096.70785831261,Organizational Salary Survey
SURVEY_854619,Junior Data Engineer,Confidential Survey Participant,Junior/Entry,2,76191.20557124417,Organizational Salary Survey
SURVEY_828248,Junior Software Engineer,Confidential Survey Participant,Junior/Entry,0,60504.498996345326,Organizational Salary Survey
SURVEY_764630,Junior Software Engineer,Confidential Survey Participant,Junior/Entry,2,64904.97009044194,Organizational Salary Survey
SURVEY_231471,Mid-Level Data Analyst,Confidential Survey Participant,Mid-Level,3,95302.71665554323,Organizational Salary Survey
SURVEY_354233,Junior Software Engineer,Confidential Survey Participant,Junior/Entry,2,76862.66933975584,Organizational Salary Survey
SURVEY_967506,Senior Data Analyst,Confidential Survey Participant,Senior,7,145121.52885866322,Organizational Salary Survey
SURVEY_448801,Executive Data Scientist,Confidential Survey Participant,Executive/Principal,14,336874.94925756124,Organizational Salary Survey
SURVEY_570825,Mid-Level Project Manager,Confidential Survey Participant,Mid-Level,3,84959.65868085159,Organizational Salary Survey
SURVEY_430369,Executive DevOps Engineer,Confidential Survey Participant,Executive/Principal,10,275000.7497318533,Organizational Salary Survey
SURVEY_266980,Mid-Level Software Engineer,Confidential Survey Participant,Mid-Level,5,106119.8884030907,Organizational Salary Survey
SURVEY_374095,Senior DevOps Engineer,Confidential Survey Participant,Senior,11,164420.81472547384,Organizational Salary Survey
SURVEY_672175,Mid-Level Data Engineer,Confidential Survey Participant,Mid-Level,6,137075.69771681685,Organizational Salary Survey
SURVEY_676195,Senior Data Engineer,Confidential Survey Participant,Senior,11,179103.20375010127,Organizational Salary Survey
SURVEY_961754,Mid-Level Software Engineer,Confidential Survey Participant,Mid-Level,3,103442.8166980011,Organizational Salary Survey
SURVEY_324242,Mid-Level Software Engineer,Confidential Survey Participant,Mid-Level,6,101209.06007012146,Organizational Salary Survey
SURVEY_668384,Senior Data Engineer,Confidential Survey Participant,Senior,11,154880.80476052235,Organizational Salary Survey
SURVEY_193527,Senior Product Manager,Confidential Survey Participant,Senior,7,180434.15554193992,Organizational Salary Survey
SURVEY_509418,Mid-Level Data Engineer,Confidential Survey Participant,Mid-Level,3,114629.36429854968,Organizational Salary Survey
SURVEY_648702,Mid-Level Software Engineer,Confidential Survey Participant,Mid-Level,4,97805.72311268697,Organizational Salary Survey
SURVEY_437042,Mid-Level Project Manager,Confidential Survey Participant,Mid-Level,3,96423.60913785952,Organizational Salary Survey
SURVEY_355510,Senior Project Manager,Confidential Survey Participant,Senior,10,147801.92247900637,Organizational Salary Survey
SURVEY_175256,Junior Data Analyst,Confidential Survey Participant,Junior/Entry,2,70420.22706334619,Organizational Salary Survey
SURVEY_995284,Junior Data Scientist,Confidential Survey Participant,Junior/Entry,1,79271.25846844885,Organizational Salary Survey
SURVEY_541514,Mid-Level Software Engineer,Confidential Survey Participant,Mid-Level,4,85430.64998378657,Organizational Salary Survey
SURVEY_479228,Senior Data Analyst,Confidential Survey Participant,Senior,11,120016.703113648,Organizational Salary Survey
SURVEY_250335,Mid-Level Product Manager,Confidential Survey Participant,Mid-Level,4,136097.64962884242,Organizational Salary Survey
SURVEY_406357,Executive Data Scientist,Confidential Survey Participant,Executive/Principal,10,264342.2560888954,Organizational Salary Survey
SURVEY_882620,Senior Data Scientist,Confidential Survey Participant,Senior,10,205853.87147143748,Organizational Salary Survey
SURVEY_468758,Senior Software Engineer,Confidential Survey Participant,Senior,10,121822.65101115713,Organizational Salary Survey
SURVEY_697657,Senior Software Engineer,Confidential Survey Participant,Senior,7,142964.55179980243,Organizational Salary Survey
SURVEY_406842,Mid-Level Software Engineer,Confidential Survey Participant,Mid-Level,6,106888.1181744186,Organizational Salary Survey
SURVEY_338892,Executive Data Scientist,Confidential Survey Participant,Executive/Principal,14,263442.538226873,Organizational Salary Survey
SURVEY_533504,Junior Data Analyst,Confidential Survey Participant,Junior/Entry,0,69335.64651848802,Organizational Salary Survey
SURVEY_236464,Mid-Level Software Engineer,Confidential Survey Participant,Mid-Level,5,101386.80259565494,Organizational Salary Survey
SURVEY_332588,Executive Data Scientist,Confidential Survey Participant,Executive/Principal,11,340211.53227094875,Organizational Salary Survey
SURVEY_182409,Mid-Level Data Engineer,Confidential Survey Participant,Mid-Level,3,129705.43831950806,Organizational Salary Survey
SURVEY_244476,Mid-Level Data Engineer,Confidential Survey Participant,Mid-Level,5,115535.87819539686,Organizational Salary Survey
SURVEY_830149,Mid-Level Project Manager,Confidential Survey Participant,Mid-Level,3,87348.2603418596,Organizational Salary Survey
SURVEY_974582,Mid-Level Data Engineer,Confidential Survey Participant,Mid-Level,4,125174.71269484372,Organizational Salary Survey
SURVEY_742808,Senior Project Manager,Confidential Survey Participant,Senior,7,151334.5915737815,Organizational Salary Survey
SURVEY_752469,Senior Software Engineer,Confidential Survey Participant,Senior,8,129790.45208339734,Organizational Salary Survey
SURVEY_633609,Senior Project Manager,Confidential Survey Participant,Senior,10,143712.21861716599,Organizational Salary Survey
SURVEY_341094,Junior Data Scientist,Confidential Survey Participant,Junior/Entry,1,91701.89398976888,Organizational Salary Survey
SURVEY_515097,Senior Data Scientist,Confidential Survey Participant,Senior,10,165631.85667978783,Organizational Salary Survey
SURVEY_706496,Mid-Level Data Analyst,Confidential Survey Participant,Mid-Level,3,111711.32247550703,Organizational Salary Survey
SURVEY_559773,Senior Software Engineer,Confidential Survey Participant,Senior,8,151371.2239145568,Organizational Salary Survey
SURVEY_383890,Mid-Level Data Engineer,Confidential Survey Participant,Mid-Level,5,120607.15172487796,Organizational Salary Survey
SURVEY_230468,Junior DevOps Engineer,Confidential Survey Participant,Junior/Entry,1,80308.24176644698,Organizational Salary Survey
SURVEY_615686,Junior Data Engineer,Confidential Survey Participant,Junior/Entry,1,87204.50495078783,Organizational Salary Survey
SURVEY_818190,Senior Data Analyst,Confidential Survey Participant,Senior,11,144052.22016683227,Organizational Salary Survey
SURVEY_952240,Junior Project Manager,Confidential Survey Participant,Junior/Entry,0,75044.85739414085,Organizational Salary Survey
SURVEY_514117,Mid-Level Data Scientist,Confidential Survey Participant,Mid-Level,3,121662.2647212971,Organizational Salary Survey
SURVEY_426675,Mid-Level Product Manager,Confidential Survey Participant,Mid-Level,5,144347.25819170626,Organizational Salary Survey
SURVEY_572629,Mid-Level Software Engineer,Confidential Survey Participant,Mid-Level,4,101095.53424155152,Organizational Salary Survey
SURVEY_919692,Mid-Level Software Engineer,Confidential Survey Participant,Mid-Level,5,102718.36697277839,Organizational Salary Survey
SURVEY_891323,Mid-Level Data Analyst,Confidential Survey Participant,Mid-Level,6,93098.52225683571,Organizational Salary Survey
SURVEY_170723,Mid-Level Data Analyst,Confidential Survey Participant,Mid-Level,5,99259.02091599995,Organizational Salary Survey
SURVEY_494724,Mid-Level Data Analyst,Confidential Survey Participant,Mid-Level,5,107288.00477941983,Organizational Salary Survey
SURVEY_949111,Junior Data Engineer,Confidential Survey Participant,Junior/Entry,1,90139.32151657871,Organizational Salary Survey
SURVEY_108878,Mid-Level Project Manager,Confidential Survey Participant,Mid-Level,4,92461.08654690906,Organizational Salary Survey
SURVEY_702151,Junior Data Analyst,Confidential Survey Participant,Junior/Entry,2,68929.68822807822,Organizational Salary Survey
SURVEY_279948,Junior Software Engineer,Confidential Survey Participant,Junior/Entry,2,69006.34711500673,Organizational Salary Survey
SURVEY_664868,Mid-Level Data Analyst,Confidential Survey Participant,Mid-Level,3,95261.9995149363,Organizational Salary Survey
SURVEY_558621,Senior Data Scientist,Confidential Survey Participant,Senior,10,186977.0942004303,Organizational Salary Survey
SURVEY_506387,Mid-Level Software Engineer,Confidential Survey Participant,Mid-Level,5,88996.79115884124,Organizational Salary Survey
SURVEY_891379,Junior Data Engineer,Confidential Survey Participant,Junior/Entry,0,78701.44782064932,Organizational Salary Survey
SURVEY_307495,Mid-Level Data Scientist,Confidential Survey Participant,Mid-Level,3,142978.1781484291,Organizational Salary Survey
SURVEY_514297,Senior Product Manager,Confidential Survey Participant,Senior,9,218553.51329880307,Organizational Salary Survey
SURVEY_368203,Junior Software Engineer,Confidential Survey Participant,Junior/Entry,2,61093.02658786449,Organizational Salary Survey
SURVEY_839398,Mid-Level Project Manager,Confidential Survey Participant,Mid-Level,3,106878.13919759697,Organizational Salary Survey
SURVEY_103971,Mid-Level Software Engineer,Confidential Survey Participant,Mid-Level,6,108443.64112783728,Organizational Salary Survey
SURVEY_843287,Junior Data Engineer,Confidential Survey Participant,Junior/Entry,0,75971.03949291025,Organizational Salary Survey
SURVEY_572425,Mid-Level DevOps Engineer,Confidential Survey Participant,Mid-Level,6,143437.41224691615,Organizational Salary Survey
SURVEY_632864,Executive Software Engineer,Confidential Survey Participant,Executive/Principal,18,200056.54331550095,Organizational Salary Survey
SURVEY_386102,Senior Software Engineer,Confidential Survey Participant,Senior,9,129100.5293977887,Organizational Salary Survey
SURVEY_940286,Mid-Level Data Scientist,Confidential Survey Participant,Mid-Level,5,109833.8327046893,Organizational Salary Survey
SURVEY_414880,Mid-Level Software Engineer,Confidential Survey Participant,Mid-Level,5,98772.81004862551,Organizational Salary Survey
SURVEY_890174,Mid-Level Product Manager,Confidential Survey Participant,Mid-Level,3,159630.4400674185,Organizational Salary Survey
SURVEY_178358,Mid-Level Data Engineer,Confidential Survey Participant,Mid-Level,3,129592.10656092849,Organizational Salary Survey
SURVEY_599528,Mid-Level Data Scientist,Confidential Survey Participant,Mid-Level,6,143327.01263838564,Organizational Salary Survey
SURVEY_519116,Mid-Level Project Manager,Confidential Survey Participant,Mid-Level,6,109953.94600723714,Organizational Salary Survey
SURVEY_473286,Mid-Level Software Engineer,Confidential Survey Participant,Mid-Level,3,107558.1213340816,Organizational Salary Survey
SURVEY_306736,Mid-Level Data Analyst,Confidential Survey Participant,Mid-Level,3,90561.85693237916,Organizational Salary Survey
SURVEY_347380,Mid-Level Product Manager,Confidential Survey Participant,Mid-Level,4,139952.43537130964,Organizational Salary Survey
SURVEY_775670,Junior Data Analyst,Confidential Survey Participant,Junior/Entry,1,66840.11680776262,Organizational Salary Survey
SURVEY_900100,Mid-Level Software Engineer,Confidential Survey Participant,Mid-Level,3,94791.6553009074,Organizational Salary Survey
SURVEY_125822,Senior Project Manager,Confidential Survey Participant,Senior,6,143819.59209723372,Organizational Salary Survey
SURVEY_488098,Mid-Level Data Scientist,Confidential Survey Participant,Mid-Level,6,117059.0436340146,Organizational Salary Survey
SURVEY_103237,Senior Data Analyst,Confidential Survey Participant,Senior,11,148195.7081521319,Organizational Salary Survey
SURVEY_155559,Mid-Level Software Engineer,Confidential Survey Participant,Mid-Level,6,95727.97727093645,Organizational Salary Survey
SURVEY_162188,Junior Software Engineer,Confidential Survey Participant,Junior/Entry,2,65299.43184871287,Organizational Salary Survey
SURVEY_379278,Senior DevOps Engineer,Confidential Survey Participant,Senior,8,164608.09885694485,Organizational Salary Survey
SURVEY_769816,Senior Software Engineer,Confidential Survey Participant,Senior,11,146590.45594111466,Organizational Salary Survey
SURVEY_402720,Mid-Level Software Engineer,Confidential Survey Participant,Mid-Level,4,92523.0932002653,Organizational Salary Survey
SURVEY_460813,Mid-Level Data Engineer,Confidential Survey Participant,Mid-Level,6,134652.27066183672,Organizational Salary Survey
SURVEY_666604,Mid-Level Data Analyst,Confidential Survey Participant,Mid-Level,5,106084.16007394713,Organizational Salary Survey
SURVEY_990316,Mid-Level Data Engineer,Confidential Survey Participant,Mid-Level,4,121326.65092117319,Organizational Salary Survey
SURVEY_424334,Senior Software Engineer,Confidential Survey Participant,Senior,11,128111.6209484469,Organizational Salary Survey
SURVEY_157429,Junior Software Engineer,Confidential Survey Participant,Junior/Entry,2,65156.397414061736,Organizational Salary Survey
SURVEY_333796,Junior Data Engineer,Confidential Survey Participant,Junior/Entry,0,84168.59344754707,Organizational Salary Survey
SURVEY_646574,Executive Project Manager,Confidential Survey Participant,Executive/Principal,14,240442.17208584637,Organizational Salary Survey
SURVEY_447495,Senior Software Engineer,Confidential Survey Participant,Senior,6,153266.12177462576,Organizational Salary Survey
SURVEY_401429,Executive Data Engineer,Confidential Survey Participant,Executive/Principal,11,353119.3973179766,Organizational Salary Survey
SURVEY_649399,Senior Data Analyst,Confidential Survey Participant,Senior,8,154495.70881311188,Organizational Salary Survey
SURVEY_270962,Senior Data Analyst,Confidential Survey Participant,Senior,10,136553.69896381063,Organizational Salary Survey
SURVEY_579278,Junior Product Manager,Confidential Survey Participant,Junior/Entry,1,106455.84612724982,Organizational Salary Survey
SURVEY_859445,Senior Data Engineer,Confidential Survey Participant,Senior,6,176288.32056559258,Organizational Salary Survey
SURVEY_386639,Mid-Level Data Analyst,Confidential Survey Participant,Mid-Level,6,92610.1784525634,Organizational Salary Survey
SURVEY_540528,Mid-Level Data Engineer,Confidential Survey Participant,Mid-Level,4,139134.27845083698,Organizational Salary Survey
SURVEY_957476,Junior Software Engineer,Confidential Survey Participant,Junior/Entry,0,57829.13821577483,Organizational Salary Survey
SURVEY_208680,Senior Software Engineer,Confidential Survey Participant,Senior,11,160522.2727324405,Organizational Salary Survey
SURVEY_136543,Mid-Level Project Manager,Confidential Survey Participant,Mid-Level,5,85684.03173288086,Organizational Salary Survey
SURVEY_183806,Mid-Level Project Manager,Confidential Survey Participant,Mid-Level,6,105200.73633431304,Organizational Salary Survey
SURVEY_794643,Mid-Level Project Manager,Confidential Survey Participant,Mid-Level,4,109705.90773170568,Organizational Salary Survey
SURVEY_599788,Senior Software Engineer,Confidential Survey Participant,Senior,11,141771.3424888875,Organizational Salary Survey
SURVEY_342572,Executive Data Scientist,Confidential Survey Participant,Executive/Principal,10,237542.2708821155,Organizational Salary Survey
SURVEY_556910,Junior Software Engineer,Confidential Survey Participant,Junior/Entry,2,60469.037980901325,Organizational Salary Survey
SURVEY_270549,Senior Project Manager,Confidential Survey Participant,Senior,7,127171.03297882783,Organizational Salary Survey
SURVEY_231353,Executive Product Manager,Confidential Survey Participant,Executive/Principal,10,373937.4642536684,Organizational Salary Survey
SURVEY_918819,Senior Project Manager,Confidential Survey Participant,Senior,6,144805.16019149806,Organizational Salary Survey
SURVEY_469195,Mid-Level Data Scientist,Confidential Survey Participant,Mid-Level,5,125173.3448213147,Organizational Salary Survey
SURVEY_515944,Junior Product Manager,Confidential Survey Participant,Junior/Entry,2,107490.24826835193,Organizational Salary Survey
SURVEY_354609,Junior Software Engineer,Confidential Survey Participant,Junior/Entry,1,69224.36394985257,Organizational Salary Survey
SURVEY_186252,Executive Product Manager,Confidential Survey Participant,Executive/Principal,16,301355.6147501441,Organizational Salary Survey
SURVEY_818799,Mid-Level Data Analyst,Confidential Survey Participant,Mid-Level,4,92003.27116975994,Organizational Salary Survey
SURVEY_834266,Mid-Level Product Manager,Confidential Survey Participant,Mid-Level,3,144896.04093453393,Organizational Salary Survey
SURVEY_588613,Mid-Level DevOps Engineer,Confidential Survey Participant,Mid-Level,6,121591.05215428991,Organizational Salary Survey
SURVEY_723255,Mid-Level Software Engineer,Confidential Survey Participant,Mid-Level,4,101189.58208034476,Organizational Salary Survey
SURVEY_558036,Mid-Level Data Scientist,Confidential Survey Participant,Mid-Level,5,138176.3069309591,Organizational Salary Survey
SURVEY_708262,Junior DevOps Engineer,Confidential Survey Participant,Junior/Entry,0,84595.23287972588,Organizational Salary Survey
SURVEY_305890,Junior Data Engineer,Confidential Survey Participant,Junior/Entry,2,86924.56421252234,Organizational Salary Survey
SURVEY_116847,Senior Data Engineer,Confidential Survey Participant,Senior,9,162477.37066550777,Organizational Salary Survey
SURVEY_459907,Junior Data Engineer,Confidential Survey Participant,Junior/Entry,2,87617.12417848912,Organizational Salary Survey
SURVEY_786588,Senior Data Analyst,Confidential Survey Participant,Senior,6,145189.28609493034,Organizational Salary Survey
SURVEY_188688,Mid-Level Product Manager,Confidential Survey Participant,Mid-Level,4,137357.20263531577,Organizational Salary Survey
SURVEY_756683,Junior Software Engineer,Confidential Survey Participant,Junior/Entry,0,60744.492324654784,Organizational Salary Survey
SURVEY_864826,Senior Data Analyst,Confidential Survey Participant,Senior,10,152014.93079049155,Organizational Salary Survey
SURVEY_102219,Senior Data Engineer,Confidential Survey Participant,Senior,11,193322.1874723504,Organizational Salary Survey
SURVEY_578556,Senior Project Manager,Confidential Survey Participant,Senior,8,148758.01367137628,Organizational Salary Survey
SURVEY_777171,Senior Software Engineer,Confidential Survey Participant,Senior,11,147233.9405851202,Organizational Salary Survey
SURVEY_730091,Junior Data Scientist,Confidential Survey Participant,Junior/Entry,0,86335.81331804956,Organizational Salary Survey
SURVEY_235923,Executive Software Engineer,Confidential Survey Participant,Executive/Principal,12,249540.20974827828,Organizational Salary Survey
SURVEY_587139,Mid-Level Software Engineer,Confidential Survey Participant,Mid-Level,6,106809.28071083402,Organizational Salary Survey
SURVEY_131345,Senior Software Engineer,Confidential Survey Participant,Senior,10,157509.19906834213,Organizational Salary Survey
SURVEY_587922,Junior Software Engineer,Confidential Survey Participant,Junior/Entry,2,73938.88665552635,Organizational Salary Survey
SURVEY_187138,Mid-Level Software Engineer,Confidential Survey Participant,Mid-Level,3,96549.89056410531,Organizational Salary Survey
SURVEY_597587,Mid-Level Data Engineer,Confidential Survey Participant,Mid-Level,3,139448.52074901666,Organizational Salary Survey
SURVEY_536061,Mid-Level Software Engineer,Confidential Survey Participant,Mid-Level,6,95701.78728111199,Organizational Salary Survey
SURVEY_734021,Mid-Level Data Scientist,Confidential Survey Participant,Mid-Level,5,122922.72786489257,Organizational Salary Survey
SURVEY_970724,Mid-Level Data Engineer,Confidential Survey Participant,Mid-Level,4,112737.73092373145,Organizational Salary Survey
SURVEY_372734,Senior DevOps Engineer,Confidential Survey Participant,Senior,9,167130.00278789958,Organizational Salary Survey
SURVEY_748727,Mid-Level Data Engineer,Confidential Survey Participant,Mid-Level,3,114979.30050923758,Organizational Salary Survey
SURVEY_360612,Senior Software Engineer,Confidential Survey Participant,Senior,11,120786.59471287862,Organizational Salary Survey
SURVEY_721039,Junior Software Engineer,Confidential Survey Participant,Junior/Entry,1,60067.63288002472,Organizational Salary Survey
SURVEY_490154,Senior Project Manager,Confidential Survey Participant,Senior,11,119999.50608145662,Organizational Salary Survey
SURVEY_771478,Junior Software Engineer,Confidential Survey Participant,Junior/Entry,0,76593.54445193084,Organizational Salary Survey
SURVEY_691213,Mid-Level Product Manager,Confidential Survey Participant,Mid-Level,6,138386.43765382268,Organizational Salary Survey
SURVEY_211505,Junior DevOps Engineer,Confidential Survey Participant,Junior/Entry,2,98816.40066478564,Organizational Salary Survey
SURVEY_781747,Mid-Level Data Engineer,Confidential Survey Participant,Mid-Level,5,143739.7046412324,Organizational Salary Survey
SURVEY_333124,Senior Data Scientist,Confidential Survey Participant,Senior,8,168694.56368992693,Organizational Salary Survey
SURVEY_517581,Senior DevOps Engineer,Confidential Survey Participant,Senior,6,177883.53750167313,Organizational Salary Survey
SURVEY_329436,Mid-Level Data Engineer,Confidential Survey Participant,Mid-Level,6,125241.1416216217,Organizational Salary Survey
SURVEY_940412,Junior Data Engineer,Confidential Survey Participant,Junior/Entry,1,86021.7700799319,Organizational Salary Survey
SURVEY_749410,Mid-Level Data Analyst,Confidential Survey Participant,Mid-Level,5,106746.11661980097,Organizational Salary Survey
SURVEY_408141,Senior Data Scientist,Confidential Survey Participant,Senior,10,205088.82875245996,Organizational Salary Survey
SURVEY_896045,Senior Software Engineer,Confidential Survey Participant,Senior,9,130032.80576022399,Organizational Salary Survey
SURVEY_234681,Senior Software Engineer,Confidential Survey Participant,Senior,8,144850.6322504568,Organizational Salary Survey
SURVEY_236381,Executive Data Engineer,Confidential Survey Participant,Executive/Principal,14,246823.9116094472,Organizational Salary Survey
SURVEY_779835,Mid-Level Data Engineer,Confidential Survey Participant,Mid-Level,6,135043.39243418502,Organizational Salary Survey
SURVEY_964356,Mid-Level Data Analyst,Confidential Survey Participant,Mid-Level,3,95337.01761289104,Organizational Salary Survey
SURVEY_842944,Junior Data Analyst,Confidential Survey Participant,Junior/Entry,2,71373.55918540178,Organizational Salary Survey
SURVEY_969525,Mid-Level Data Engineer,Confidential Survey Participant,Mid-Level,5,122625.32848609365,Organizational Salary Survey
SURVEY_695890,Mid-Level Software Engineer,Confidential Survey Participant,Mid-Level,4,98923.76813126208,Organizational Salary Survey
SURVEY_327836,Mid-Level Data Scientist,Confidential Survey Participant,Mid-Level,4,115277.58627902548,Organizational Salary Survey
SURVEY_630557,Executive Product Manager,Confidential Survey Participant,Executive/Principal,18,271981.4585789729,Organizational Salary Survey
SURVEY_671684,Mid-Level Data Engineer,Confidential Survey Participant,Mid-Level,6,115340.86283162748,Organizational Salary Survey
SURVEY_327418,Junior Software Engineer,Confidential Survey Participant,Junior/Entry,1,59626.80769249476,Organizational Salary Survey
SURVEY_133934,Mid-Level Data Engineer,Confidential Survey Participant,Mid-Level,4,125395.76407568925,Organizational Salary Survey
SURVEY_141658,Mid-Level Data Scientist,Confidential Survey Participant,Mid-Level,6,137380.25761944253,Organizational Salary Survey
SURVEY_324139,Mid-Level Project Manager,Confidential Survey Participant,Mid-Level,6,93155.5530837457,Organizational Salary Survey
SURVEY_419568,Senior Software Engineer,Confidential Survey Participant,Senior,7,158757.1460480679,Organizational Salary Survey
SURVEY_463608,Mid-Level DevOps Engineer,Confidential Survey Participant,Mid-Level,6,134319.7915505113,Organizational Salary Survey
SURVEY_642118,Mid-Level Data Analyst,Confidential Survey Participant,Mid-Level,6,90740.941768678,Organizational Salary Survey
SURVEY_269997,Senior Data Engineer,Confidential Survey Participant,Senior,7,182456.7901814069,Organizational Salary Survey
SURVEY_415037,Mid-Level Data Engineer,Confidential Survey Participant,Mid-Level,3,133174.13020364675,Organizational Salary Survey
SURVEY_348225,Senior Data Analyst,Confidential Survey Participant,Senior,9,150723.5817740476,Organizational Salary Survey
SURVEY_712153,Mid-Level Product Manager,Confidential Survey Participant,Mid-Level,6,132222.77961469814,Organizational Salary Survey
SURVEY_391148,Senior Data Analyst,Confidential Survey Participant,Senior,7,126770.76771724036,Organizational Salary Survey
SURVEY_191927,Junior Data Analyst,Confidential Survey Participant,Junior/Entry,1,57210.44573525965,Organizational Salary Survey
SURVEY_950647,Junior Data Engineer,Confidential Survey Participant,Junior/Entry,1,85958.38498155664,Organizational Salary Survey
SURVEY_362430,Junior Software Engineer,Confidential Survey Participant,Junior/Entry,2,72994.2636392929,Organizational Salary Survey
SURVEY_835133,Mid-Level Data Analyst,Confidential Survey Participant,Mid-Level,3,104290.72734662802,Organizational Salary Survey
SURVEY_894570,Mid-Level Data Analyst,Confidential Survey Participant,Mid-Level,5,84651.9859505986,Organizational Salary Survey
SURVEY_527669,Mid-Level Software Engineer,Confidential Survey Participant,Mid-Level,3,84277.70085603824,Organizational Salary Survey
SURVEY_313144,Junior Product Manager,Confidential Survey Participant,Junior/Entry,1,94494.8077854874,Organizational Salary Survey
SURVEY_620914,Senior Data Engineer,Confidential Survey Participant,Senior,10,155568.3702361456,Organizational Salary Survey
SURVEY_469360,Executive Data Engineer,Confidential Survey Participant,Executive/Principal,16,318464.487258469,Organizational Salary Survey
SURVEY_268910,Junior Data Engineer,Confidential Survey Participant,Junior/Entry,2,94362.01153344398,Organizational Salary Survey
SURVEY_819272,Mid-Level Data Engineer,Confidential Survey Participant,Mid-Level,5,137475.7460019556,Organizational Salary Survey
SURVEY_245047,Mid-Level Data Scientist,Confidential Survey Participant,Mid-Level,3,108368.7323346576,Organizational Salary Survey
SURVEY_572262,Mid-Level Product Manager,Confidential Survey Participant,Mid-Level,4,134146.22477315358,Organizational Salary Survey
SURVEY_196070,Senior Software Engineer,Confidential Survey Participant,Senior,9,154097.9515856946,Organizational Salary Survey
SURVEY_188197,Mid-Level Data Engineer,Confidential Survey Participant,Mid-Level,3,125078.39500745172,Organizational Salary Survey
SURVEY_793086,Mid-Level DevOps Engineer,Confidential Survey Participant,Mid-Level,4,118126.01900586403,Organizational Salary Survey
SURVEY_166365,Senior DevOps Engineer,Confidential Survey Participant,Senior,8,206890.02159075058,Organizational Salary Survey
SURVEY_219781,Senior Data Scientist,Confidential Survey Participant,Senior,8,155276.36431993588,Organizational Salary Survey
SURVEY_557657,Junior Product Manager,Confidential Survey Participant,Junior/Entry,1,87708.31077106971,Organizational Salary Survey
SURVEY_394098,Mid-Level Data Engineer,Confidential Survey Participant,Mid-Level,6,109504.3774418294,Organizational Salary Survey
SURVEY_455701,Executive Data Engineer,Confidential Survey Participant,Executive/Principal,10,281444.28188801114,Organizational Salary Survey
SURVEY_114822,Senior Software Engineer,Confidential Survey Participant,Senior,8,142672.2738344186,Organizational Salary Survey
SURVEY_558025,Senior Data Engineer,Confidential Survey Participant,Senior,8,192544.07914799533,Organizational Salary Survey
SURVEY_255286,Junior Data Scientist,Confidential Survey Participant,Junior/Entry,1,80652.72115887045,Organizational Salary Survey
SURVEY_684588,Mid-Level Data Scientist,Confidential Survey Participant,Mid-Level,5,113847.02497080731,Organizational Salary Survey
SURVEY_722710,Mid-Level Product Manager,Confidential Survey Participant,Mid-Level,5,137871.75584557638,Organizational Salary Survey
SURVEY_800135,Mid-Level DevOps Engineer,Confidential Survey Participant,Mid-Level,4,118385.46261248495,Organizational Salary Survey
SURVEY_269877,Mid-Level Software Engineer,Confidential Survey Participant,Mid-Level,5,88596.21060584324,Organizational Salary Survey
SURVEY_744354,Mid-Level DevOps Engineer,Confidential Survey Participant,Mid-Level,5,117887.66982747667,Organizational Salary Survey
SURVEY_240242,Mid-Level Data Analyst,Confidential Survey Participant,Mid-Level,3,101728.79651064474,Organizational Salary Survey
SURVEY_686010,Mid-Level Data Engineer,Confidential Survey Participant,Mid-Level,6,134482.45473933604,Organizational Salary Survey
SURVEY_940151,Mid-Level Project Manager,Confidential Survey Participant,Mid-Level,3,88923.98192754653,Organizational Salary Survey
SURVEY_595589,Mid-Level Product Manager,Confidential Survey Participant,Mid-Level,3,137535.17959156327,Organizational Salary Survey
SURVEY_263588,Senior Data Engineer,Confidential Survey Participant,Senior,8,183649.99124974452,Organizational Salary Survey
SURVEY_647562,Executive Product Manager,Confidential Survey Participant,Executive/Principal,12,343693.2404903069,Organizational Salary Survey
SURVEY_194106,Senior Software Engineer,Confidential Survey Participant,Senior,10,160915.52362481243,Organizational Salary Survey
SURVEY_466307,Mid-Level Product Manager,Confidential Survey Participant,Mid-Level,6,120071.25149574937,Organizational Salary Survey
SURVEY_494702,Junior Data Engineer,Confidential Survey Participant,Junior/Entry,0,88087.13483483097,Organizational Salary Survey
SURVEY_600631,Executive Data Scientist,Confidential Survey Participant,Executive/Principal,15,291209.9017115078,Organizational Salary Survey
SURVEY_931450,Senior Product Manager,Confidential Survey Participant,Senior,7,183580.906890609,Organizational Salary Survey
SURVEY_190218,Junior Data Analyst,Confidential Survey Participant,Junior/Entry,2,58316.11566389854,Organizational Salary Survey
SURVEY_993792,Mid-Level Product Manager,Confidential Survey Participant,Mid-Level,5,141559.46107354772,Organizational Salary Survey
SURVEY_482451,Mid-Level Data Engineer,Confidential Survey Participant,Mid-Level,6,135168.96605820413,Organizational Salary Survey
SURVEY_807344,Mid-Level Software Engineer,Confidential Survey Participant,Mid-Level,6,99396.94091592212,Organizational Salary Survey
SURVEY_905322,Mid-Level Data Analyst,Confidential Survey Participant,Mid-Level,6,102470.44243350484,Organizational Salary Survey
SURVEY_740200,Mid-Level Project Manager,Confidential Survey Participant,Mid-Level,5,88994.66506596286,Organizational Salary Survey
SURVEY_405249,Senior Data Scientist,Confidential Survey Participant,Senior,7,173333.4395601142,Organizational Salary Survey
SURVEY_532720,Executive Product Manager,Confidential Survey Participant,Executive/Principal,12,315085.2304286211,Organizational Salary Survey
SURVEY_291509,Junior Product Manager,Confidential Survey Participant,Junior/Entry,0,82015.57648865665,Organizational Salary Survey
SURVEY_120815,Senior Software Engineer,Confidential Survey Participant,Senior,11,135865.0309021923,Organizational Salary Survey
SURVEY_243558,Senior Data Engineer,Confidential Survey Participant,Senior,6,177280.81938923974,Organizational Salary Survey
SURVEY_320875,Mid-Level Product Manager,Confidential Survey Participant,Mid-Level,6,155751.18408126562,Organizational Salary Survey
SURVEY_122514,Junior Data Scientist,Confidential Survey Participant,Junior/Entry,0,90777.54934305152,Organizational Salary Survey
SURVEY_863473,Mid-Level Data Scientist,Confidential Survey Participant,Mid-Level,5,123572.5256231297,Organizational Salary Survey
SURVEY_859033,Senior Data Scientist,Confidential Survey Participant,Senior,6,196094.57909782656,Organizational Salary Survey
SURVEY_864102,Junior Project Manager,Confidential Survey Participant,Junior/Entry,2,67111.77971383109,Organizational Salary Survey
SURVEY_442624,Executive Data Scientist,Confidential Survey Participant,Executive/Principal,14,230724.0975158902,Organizational Salary Survey
SURVEY_644768,Mid-Level Software Engineer,Confidential Survey Participant,Mid-Level,3,86772.86941364578,Organizational Salary Survey
SURVEY_755472,Senior Data Scientist,Confidential Survey Participant,Senior,7,199877.56593462397,Organizational Salary Survey
SURVEY_761431,Mid-Level Project Manager,Confidential Survey Participant,Mid-Level,4,92187.4988312717,Organizational Salary Survey
SURVEY_843436,Executive Data Analyst,Confidential Survey Participant,Executive/Principal,17,245957.72360059072,Organizational Salary Survey
SURVEY_609348,Junior Data Scientist,Confidential Survey Participant,Junior/Entry,0,83909.42610330322,Organizational Salary Survey
SURVEY_594547,Senior Product Manager,Confidential Survey Participant,Senior,11,184978.74732004854,Organizational Salary Survey
SURVEY_331976,Mid-Level Data Engineer,Confidential Survey Participant,Mid-Level,5,138290.65023006685,Organizational Salary Survey
SURVEY_583764,Senior Project Manager,Confidential Survey Participant,Senior,6,144129.96340356258,Organizational Salary Survey
SURVEY_751131,Executive Data Scientist,Confidential Survey Participant,Executive/Principal,19,358821.5718717398,Organizational Salary Survey
SURVEY_392915,Mid-Level Project Manager,Confidential Survey Participant,Mid-Level,3,92058.49372669394,Organizational Salary Survey
SURVEY_909346,Junior Data Engineer,Confidential Survey Participant,Junior/Entry,2,93462.76713093188,Organizational Salary Survey
SURVEY_733958,Junior Project Manager,Confidential Survey Participant,Junior/Entry,0,57853.05224658534,Organizational Salary Survey
SURVEY_601233,Junior Software Engineer,Confidential Survey Participant,Junior/Entry,2,63764.24790928857,Organizational Salary Survey
SURVEY_780549,Mid-Level Data Analyst,Confidential Survey Participant,Mid-Level,3,111553.80136326505,Organizational Salary Survey
SURVEY_164271,Senior Project Manager,Confidential Survey Participant,Senior,10,149808.69369426594,Organizational Salary Survey
SURVEY_439687,Junior Data Engineer,Confidential Survey Participant,Junior/Entry,1,90962.45547857265,Organizational Salary Survey
SURVEY_861118,Mid-Level Data Engineer,Confidential Survey Participant,Mid-Level,6,117809.62679409856,Organizational Salary Survey
SURVEY_293542,Senior Project Manager,Confidential Survey Participant,Senior,8,155702.19468568702,Organizational Salary Survey
SURVEY_901999,Junior DevOps Engineer,Confidential Survey Participant,Junior/Entry,2,90137.6315269471,Organizational Salary Survey
SURVEY_378442,Senior Software Engineer,Confidential Survey Participant,Senior,7,141744.44449036318,Organizational Salary Survey
SURVEY_567691,Mid-Level Software Engineer,Confidential Survey Participant,Mid-Level,3,111241.30895531373,Organizational Salary Survey
SURVEY_368579,Executive Data Analyst,Confidential Survey Participant,Executive/Principal,13,237611.92192965894,Organizational Salary Survey
SURVEY_909357,Executive Data Scientist,Confidential Survey Participant,Executive/Principal,17,270534.72050200665,Organizational Salary Survey
SURVEY_347672,Mid-Level Project Manager,Confidential Survey Participant,Mid-Level,4,103501.97990411195,Organizational Salary Survey
SURVEY_660843,Executive Data Scientist,Confidential Survey Participant,Executive/Principal,12,345682.2214398626,Organizational Salary Survey
SURVEY_923984,Mid-Level Project Manager,Confidential Survey Participant,Mid-Level,5,99437.0689302021,Organizational Salary Survey
SURVEY_703247,Executive Project Manager,Confidential Survey Participant,Executive/Principal,18,276868.2773214562,Organizational Salary Survey
SURVEY_176017,Senior Software Engineer,Confidential Survey Participant,Senior,8,152730.12874216665,Organizational Salary Survey
SURVEY_502853,Executive Software Engineer,Confidential Survey Participant,Executive/Principal,18,230265.60665202537,Organizational Salary Survey
SURVEY_834941,Executive Data Engineer,Confidential Survey Participant,Executive/Principal,17,252537.9053445178,Organizational Salary Survey
SURVEY_377210,Senior Product Manager,Confidential Survey Participant,Senior,8,190982.39989504137,Organizational Salary Survey
SURVEY_371269,Junior Data Engineer,Confidential Survey Participant,Junior/Entry,0,92321.75541652631,Organizational Salary Survey
SURVEY_177955,Mid-Level Product Manager,Confidential Survey Participant,Mid-Level,6,138673.47522951866,Organizational Salary Survey
SURVEY_812768,Executive Data Analyst,Confidential Survey Participant,Executive/Principal,16,246644.56144588106,Organizational Salary Survey
SURVEY_729252,Mid-Level Data Analyst,Confidential Survey Participant,Mid-Level,4,87196.99320156,Organizational Salary Survey
SURVEY_159994,Mid-Level DevOps Engineer,Confidential Survey Participant,Mid-Level,4,110287.90640110768,Organizational Salary Survey
SURVEY_406684,Mid-Level Data Engineer,Confidential Survey Participant,Mid-Level,3,136477.75525157378,Organizational Salary Survey
SURVEY_771999,Junior Data Scientist,Confidential Survey Participant,Junior/Entry,1,89484.2188699456,Organizational Salary Survey
SURVEY_310417,Junior Data Scientist,Confidential Survey Participant,Junior/Entry,1,94830.65523167659,Organizational Salary Survey
SURVEY_126293,Junior Data Analyst,Confidential Survey Participant,Junior/Entry,2,62806.02996581421,Organizational Salary Survey
SURVEY_886688,Senior Product Manager,Confidential Survey Participant,Senior,11,185096.40233643737,Organizational Salary Survey
SURVEY_973309,Mid-Level Product Manager,Confidential Survey Participant,Mid-Level,5,132228.82594236458,Organizational Salary Survey
SURVEY_941174,Junior Data Scientist,Confidential Survey Participant,Junior/Entry,0,83169.68311667506,Organizational Salary Survey
SURVEY_495898,Mid-Level Project Manager,Confidential Survey Participant,Mid-Level,5,85243.2061844784,Organizational Salary Survey
SURVEY_891012,Mid-Level Product Manager,Confidential Survey Participant,Mid-Level,3,144573.09970218362,Organizational Salary Survey
SURVEY_614513,Mid-Level Data Engineer,Confidential Survey Participant,Mid-Level,6,120640.63844053546,Organizational Salary Survey
SURVEY_813386,Executive Software Engineer,Confidential Survey Participant,Executive/Principal,13,277908.9077975259,Organizational Salary Survey
SURVEY_356593,Junior Data Scientist,Confidential Survey Participant,Junior/Entry,2,78556.62234640028,Organizational Salary Survey
SURVEY_537171,Mid-Level Software Engineer,Confidential Survey Participant,Mid-Level,4,102785.27466838132,Organizational Salary Survey
SURVEY_149382,Junior Data Engineer,Confidential Survey Participant,Junior/Entry,2,73825.80335493888,Organizational Salary Survey
SURVEY_322945,Mid-Level Data Engineer,Confidential Survey Participant,Mid-Level,6,117701.1700293862,Organizational Salary Survey
SURVEY_477567,Mid-Level Software Engineer,Confidential Survey Participant,Mid-Level,5,100425.22253237737,Organizational Salary Survey
SURVEY_786387,Junior Data Analyst,Confidential Survey Participant,Junior/Entry,2,70131.38650325403,Organizational Salary Survey
SURVEY_277644,Mid-Level Data Scientist,Confidential Survey Participant,Mid-Level,6,123662.79130674763,Organizational Salary Survey
SURVEY_439163,Executive Data Scientist,Confidential Survey Participant,Executive/Principal,14,309375.4620069865,Organizational Salary Survey
SURVEY_708531,Mid-Level Product Manager,Confidential Survey Participant,Mid-Level,4,149453.14431975258,Organizational Salary Survey
SURVEY_198321,Senior Data Analyst,Confidential Survey Participant,Senior,9,143975.08120645428,Organizational Salary Survey
SURVEY_234227,Junior Data Analyst,Confidential Survey Participant,Junior/Entry,0,76625.14208122708,Organizational Salary Survey
SURVEY_944366,Senior Software Engineer,Confidential Survey Participant,Senior,6,154405.54867316253,Organizational Salary Survey
SURVEY_707217,Mid-Level Data Analyst,Confidential Survey Participant,Mid-Level,5,86341.30183857639,Organizational Salary Survey
SURVEY_172628,Mid-Level Data Analyst,Confidential Survey Participant,Mid-Level,5,90527.42472458442,Organizational Salary Survey
SURVEY_616430,Junior Data Scientist,Confidential Survey Participant,Junior/Entry,0,95872.15935517695,Organizational Salary Survey
SURVEY_205001,Mid-Level Data Analyst,Confidential Survey Participant,Mid-Level,3,95105.07137323415,Organizational Salary Survey
SURVEY_204138,Mid-Level Software Engineer,Confidential Survey Participant,Mid-Level,3,105212.09058952393,Organizational Salary Survey
SURVEY_166449,Junior DevOps Engineer,Confidential Survey Participant,Junior/Entry,1,96520.0821321883,Organizational Salary Survey
SURVEY_299533,Mid-Level Software Engineer,Confidential Survey Participant,Mid-Level,5,101538.20202790757,Organizational Salary Survey
SURVEY_113679,Senior Data Engineer,Confidential Survey Participant,Senior,8,185908.52630213494,Organizational Salary Survey
SURVEY_157294,Executive Project Manager,Confidential Survey Participant,Executive/Principal,10,279536.3109590707,Organizational Salary Survey
SURVEY_791148,Senior Data Scientist,Confidential Survey Participant,Senior,11,178960.39334385915,Organizational Salary Survey
SURVEY_644658,Mid-Level Data Scientist,Confidential Survey Participant,Mid-Level,3,108315.10794749824,Organizational Salary Survey
SURVEY_822625,Mid-Level Software Engineer,Confidential Survey Participant,Mid-Level,6,84686.7483282381,Organizational Salary Survey
SURVEY_623677,Executive Data Scientist,Confidential Survey Participant,Executive/Principal,18,304209.5264898492,Organizational Salary Survey
SURVEY_827339,Junior Data Analyst,Confidential Survey Participant,Junior/Entry,1,58182.73711887788,Organizational Salary Survey
SURVEY_143657,Senior Data Engineer,Confidential Survey Participant,Senior,7,155884.73197780352,Organizational Salary Survey
SURVEY_346578,Mid-Level Data Engineer,Confidential Survey Participant,Mid-Level,3,117388.30159488757,Organizational Salary Survey
SURVEY_560230,Mid-Level Software Engineer,Confidential Survey Participant,Mid-Level,3,101658.02419295651,Organizational Salary Survey
SURVEY_639381,Senior Product Manager,Confidential Survey Participant,Senior,6,205298.49334222535,Organizational Salary Survey
SURVEY_108490,Senior Data Engineer,Confidential Survey Participant,Senior,9,173994.5369683028,Organizational Salary Survey
SURVEY_642431,Mid-Level Software Engineer,Confidential Survey Participant,Mid-Level,5,86846.77708935988,Organizational Salary Survey
SURVEY_255828,Senior Data Engineer,Confidential Survey Participant,Senior,7,203943.7335199115,Organizational Salary Survey
SURVEY_523101,Mid-Level Product Manager,Confidential Survey Participant,Mid-Level,4,136969.25866859028,Organizational Salary Survey
SURVEY_307809,Mid-Level Software Engineer,Confidential Survey Participant,Mid-Level,4,109956.4048244375,Organizational Salary Survey
SURVEY_546346,Executive Software Engineer,Confidential Survey Participant,Executive/Principal,10,237194.80777846364,Organizational Salary Survey
SURVEY_491141,Senior DevOps Engineer,Confidential Survey Participant,Senior,9,181688.74285151798,Organizational Salary Survey
SURVEY_806042,Mid-Level Software Engineer,Confidential Survey Participant,Mid-Level,5,105131.74726368005,Organizational Salary Survey
SURVEY_489941,Senior Project Manager,Confidential Survey Participant,Senior,9,139059.58286756132,Organizational Salary Survey
SURVEY_897917,Junior Data Scientist,Confidential Survey Participant,Junior/Entry,1,93103.19478852506,Organizational Salary Survey
SURVEY_471524,Mid-Level Data Engineer,Confidential Survey Participant,Mid-Level,5,138405.8029173904,Organizational Salary Survey
SURVEY_860439,Executive Data Engineer,Confidential Survey Participant,Executive/Principal,11,352464.6426822391,Organizational Salary Survey
SURVEY_139916,Mid-Level Data Engineer,Confidential Survey Participant,Mid-Level,6,141973.9695025279,Organizational Salary Survey
SURVEY_819067,Mid-Level Data Analyst,Confidential Survey Participant,Mid-Level,6,87219.15687298587,Organizational Salary Survey
SURVEY_912937,Junior Product Manager,Confidential Survey Participant,Junior/Entry,1,98384.19265436467,Organizational Salary Survey
SURVEY_983436,Junior Software Engineer,Confidential Survey Participant,Junior/Entry,1,64053.322735936796,Organizational Salary Survey
SURVEY_325033,Junior Product Manager,Confidential Survey Participant,Junior/Entry,0,105496.03414611697,Organizational Salary Survey
SURVEY_317561,Senior Software Engineer,Confidential Survey Participant,Senior,9,127582.46834061033,Organizational Salary Survey
SURVEY_252376,Senior Data Analyst,Confidential Survey Participant,Senior,7,131878.3890600906,Organizational Salary Survey
SURVEY_515862,Mid-Level Project Manager,Confidential Survey Participant,Mid-Level,6,93509.3240760425,Organizational Salary Survey
SURVEY_616253,Executive Data Engineer,Confidential Survey Participant,Executive/Principal,17,352654.55084722344,Organizational Salary Survey
SURVEY_229895,Junior Data Analyst,Confidential Survey Participant,Junior/Entry,1,63377.12755650493,Organizational Salary Survey
SURVEY_154721,Executive Product Manager,Confidential Survey Participant,Executive/Principal,18,336173.151166841,Organizational Salary Survey
SURVEY_675989,Senior Project Manager,Confidential Survey Participant,Senior,8,129654.45804979757,Organizational Salary Survey
SURVEY_954122,Mid-Level Software Engineer,Confidential Survey Participant,Mid-Level,4,100817.7468634785,Organizational Salary Survey
SURVEY_823216,Junior Data Scientist,Confidential Survey Participant,Junior/Entry,1,72086.1538266744,Organizational Salary Survey
SURVEY_460238,Mid-Level Data Analyst,Confidential Survey Participant,Mid-Level,6,106648.56041279985,Organizational Salary Survey
SURVEY_337176,Mid-Level DevOps Engineer,Confidential Survey Participant,Mid-Level,4,112747.31831278479,Organizational Salary Survey
SURVEY_149019,Executive Software Engineer,Confidential Survey Participant,Executive/Principal,17,224147.32450940233,Organizational Salary Survey
SURVEY_514056,Junior Software Engineer,Confidential Survey Participant,Junior/Entry,0,75313.74122764294,Organizational Salary Survey
SURVEY_457732,Mid-Level Data Scientist,Confidential Survey Participant,Mid-Level,3,128154.3842466164,Organizational Salary Survey
SURVEY_907828,Mid-Level Software Engineer,Confidential Survey Participant,Mid-Level,5,102967.30477879297,Organizational Salary Survey
SURVEY_563736,Senior Data Scientist,Confidential Survey Participant,Senior,7,172901.92142724767,Organizational Salary Survey
SURVEY_338683,Mid-Level DevOps Engineer,Confidential Survey Participant,Mid-Level,3,122321.12328802899,Organizational Salary Survey
SURVEY_926926,Mid-Level Data Analyst,Confidential Survey Participant,Mid-Level,3,100262.00313651079,Organizational Salary Survey
SURVEY_754822,Senior Data Analyst,Confidential Survey Participant,Senior,7,139276.16797219822,Organizational Salary Survey
SURVEY_431812,Mid-Level Data Analyst,Confidential Survey Participant,Mid-Level,3,105341.35677779857,Organizational Salary Survey
SURVEY_210967,Junior Software Engineer,Confidential Survey Participant,Junior/Entry,2,60942.096771646895,Organizational Salary Survey
SURVEY_992637,Mid-Level Project Manager,Confidential Survey Participant,Mid-Level,3,99757.29900522392,Organizational Salary Survey
SURVEY_250365,Junior Software Engineer,Confidential Survey Participant,Junior/Entry,0,62742.23197650744,Organizational Salary Survey
SURVEY_952927,Senior Software Engineer,Confidential Survey Participant,Senior,8,125326.507794418,Organizational Salary Survey
SURVEY_830166,Senior Data Analyst,Confidential Survey Participant,Senior,11,150837.70117906993,Organizational Salary Survey
SURVEY_614787,Junior Software Engineer,Confidential Survey Participant,Junior/Entry,0,69296.86779437255,Organizational Salary Survey
SURVEY_688634,Executive Data Scientist,Confidential Survey Participant,Executive/Principal,12,339430.2753261495,Organizational Salary Survey
SURVEY_308132,Junior Software Engineer,Confidential Survey Participant,Junior/Entry,0,70211.07073779732,Organizational Salary Survey
SURVEY_641272,Mid-Level Software Engineer,Confidential Survey Participant,Mid-Level,5,85970.17200337227,Organizational Salary Survey
SURVEY_129245,Senior Data Engineer,Confidential Survey Participant,Senior,8,183612.75693421037,Organizational Salary Survey
SURVEY_751290,Junior Product Manager,Confidential Survey Participant,Junior/Entry,1,99053.7164453959,Organizational Salary Survey
SURVEY_202004,Junior Data Analyst,Confidential Survey Participant,Junior/Entry,1,58292.52058784444,Organizational Salary Survey
SURVEY_565809,Mid-Level Software Engineer,Confidential Survey Participant,Mid-Level,3,95497.26090416238,Organizational Salary Survey
SURVEY_493372,Senior Product Manager,Confidential Survey Participant,Senior,11,172071.05223220694,Organizational Salary Survey
SURVEY_876391,Senior Product Manager,Confidential Survey Participant,Senior,6,176825.7772896011,Organizational Salary Survey
SURVEY_736155,Executive Data Scientist,Confidential Survey Participant,Executive/Principal,14,312626.4174531824,Organizational Salary Survey
SURVEY_733420,Junior Data Analyst,Confidential Survey Participant,Junior/Entry,1,69865.44816494785,Organizational Salary Survey
SURVEY_717316,Junior Project Manager,Confidential Survey Participant,Junior/Entry,0,66372.5663015635,Organizational Salary Survey
SURVEY_959866,Senior Product Manager,Confidential Survey Participant,Senior,8,206859.50857661245,Organizational Salary Survey
SURVEY_948546,Junior Product Manager,Confidential Survey Participant,Junior/Entry,2,88386.72172458327,Organizational Salary Survey
SURVEY_808022,Junior Data Analyst,Confidential Survey Participant,Junior/Entry,1,75732.35313413711,Organizational Salary Survey
SURVEY_427298,Mid-Level Software Engineer,Confidential Survey Participant,Mid-Level,5,102046.15541068559,Organizational Salary Survey
SURVEY_931203,Junior Software Engineer,Confidential Survey Participant,Junior/Entry,1,63520.96755073152,Organizational Salary Survey
SURVEY_877918,Junior Software Engineer,Confidential Survey Participant,Junior/Entry,1,67681.6387994323,Organizational Salary Survey
SURVEY_271166,Mid-Level DevOps Engineer,Confidential Survey Participant,Mid-Level,6,123140.76621675762,Organizational Salary Survey
SURVEY_625102,Mid-Level Software Engineer,Confidential Survey Participant,Mid-Level,5,106001.59909738072,Organizational Salary Survey
SURVEY_116424,Mid-Level Software Engineer,Confidential Survey Participant,Mid-Level,3,109601.47984577266,Organizational Salary Survey
SURVEY_696396,Mid-Level Software Engineer,Confidential Survey Participant,Mid-Level,3,91706.27664665897,Organizational Salary Survey
SURVEY_153955,Senior Data Scientist,Confidential Survey Participant,Senior,6,182779.48882438504,Organizational Salary Survey
SURVEY_372177,Mid-Level Data Analyst,Confidential Survey Participant,Mid-Level,6,107850.42837081921,Organizational Salary Survey
SURVEY_746802,Mid-Level Data Engineer,Confidential Survey Participant,Mid-Level,3,115194.89282806002,Organizational Salary Survey
SURVEY_579425,Mid-Level Data Scientist,Confidential Survey Participant,Mid-Level,4,113546.29319819796,Organizational Salary Survey
SURVEY_355157,Mid-Level Software Engineer,Confidential Survey Participant,Mid-Level,6,98352.45549504396,Organizational Salary Survey
SURVEY_506957,Junior Software Engineer,Confidential Survey Participant,Junior/Entry,0,65941.0791359677,Organizational Salary Survey
SURVEY_898714,Mid-Level Data Scientist,Confidential Survey Participant,Mid-Level,6,117303.91219212135,Organizational Salary Survey
SURVEY_532746,Junior Data Analyst,Confidential Survey Participant,Junior/Entry,1,70689.76343873811,Organizational Salary Survey
SURVEY_814038,Senior Data Scientist,Confidential Survey Participant,Senior,11,179767.41836929834,Organizational Salary Survey
SURVEY_350906,Executive DevOps Engineer,Confidential Survey Participant,Executive/Principal,12,338974.31371778477,Organizational Salary Survey
SURVEY_914540,Senior Data Engineer,Confidential Survey Participant,Senior,8,197650.60922967343,Organizational Salary Survey
SURVEY_206233,Mid-Level Software Engineer,Confidential Survey Participant,Mid-Level,3,110398.2319554134,Organizational Salary Survey
SURVEY_829688,Mid-Level Data Scientist,Confidential Survey Participant,Mid-Level,3,116233.90816857008,Organizational Salary Survey
SURVEY_565845,Senior Software Engineer,Confidential Survey Participant,Senior,7,138606.673646446,Organizational Salary Survey
SURVEY_557150,Junior Project Manager,Confidential Survey Participant,Junior/Entry,0,76063.56243317878,Organizational Salary Survey
SURVEY_601887,Mid-Level Software Engineer,Confidential Survey Participant,Mid-Level,3,95712.05767689731,Organizational Salary Survey
SURVEY_313994,Mid-Level Software Engineer,Confidential Survey Participant,Mid-Level,6,96972.71117751903,Organizational Salary Survey
SURVEY_710478,Senior Software Engineer,Confidential Survey Participant,Senior,11,131745.59360100818,Organizational Salary Survey
SURVEY_197079,Mid-Level DevOps Engineer,Confidential Survey Participant,Mid-Level,5,119253.81096602115,Organizational Salary Survey
SURVEY_318076,Senior Product Manager,Confidential Survey Participant,Senior,8,182435.06911481774,Organizational Salary Survey
SURVEY_889475,Mid-Level Data Scientist,Confidential Survey Participant,Mid-Level,3,136918.676908334,Organizational Salary Survey
SURVEY_730100,Junior Data Analyst,Confidential Survey Participant,Junior/Entry,1,57848.979343090636,Organizational Salary Survey
SURVEY_713825,Senior DevOps Engineer,Confidential Survey Participant,Senior,7,201265.98151731276,Organizational Salary Survey
SURVEY_748763,Mid-Level Data Engineer,Confidential Survey Participant,Mid-Level,6,131263.06752081017,Organizational Salary Survey
SURVEY_864187,Mid-Level Software Engineer,Confidential Survey Participant,Mid-Level,3,110080.80670276609,Organizational Salary Survey
SURVEY_730652,Junior Software Engineer,Confidential Survey Participant,Junior/Entry,2,62992.17464556103,Organizational Salary Survey
SURVEY_276692,Mid-Level Product Manager,Confidential Survey Participant,Mid-Level,4,156166.12311652175,Organizational Salary Survey
SURVEY_138475,Mid-Level Data Scientist,Confidential Survey Participant,Mid-Level,5,127830.14630000805,Organizational Salary Survey
SURVEY_271743,Mid-Level Software Engineer,Confidential Survey Participant,Mid-Level,5,93610.44610997834,Organizational Salary Survey
SURVEY_957998,Mid-Level Software Engineer,Confidential Survey Participant,Mid-Level,3,85454.06671482354,Organizational Salary Survey
SURVEY_591676,Mid-Level Software Engineer,Confidential Survey Participant,Mid-Level,6,108609.33252564784,Organizational Salary Survey
SURVEY_443645,Mid-Level Software Engineer,Confidential Survey Participant,Mid-Level,3,110010.63479818981,Organizational Salary Survey
SURVEY_699144,Mid-Level Data Scientist,Confidential Survey Participant,Mid-Level,4,136367.66691444858,Organizational Salary Survey
SURVEY_985645,Mid-Level Data Analyst,Confidential Survey Participant,Mid-Level,5,97245.66725641603,Organizational Salary Survey
SURVEY_834881,Mid-Level Project Manager,Confidential Survey Participant,Mid-Level,5,105672.80107213614,Organizational Salary Survey
SURVEY_536563,Mid-Level Data Analyst,Confidential Survey Participant,Mid-Level,6,105797.80475837098,Organizational Salary Survey
SURVEY_206758,Mid-Level Data Analyst,Confidential Survey Participant,Mid-Level,6,91861.89253873898,Organizational Salary Survey
SURVEY_443358,Junior Software Engineer,Confidential Survey Participant,Junior/Entry,2,57095.73410021024,Organizational Salary Survey
SURVEY_644501,Executive Software Engineer,Confidential Survey Participant,Executive/Principal,18,219425.784965063,Organizational Salary Survey
SURVEY_831643,Mid-Level Product Manager,Confidential Survey Participant,Mid-Level,6,148607.39881677544,Organizational Salary Survey
SURVEY_867143,Junior Data Analyst,Confidential Survey Participant,Junior/Entry,2,56107.53443439022,Organizational Salary Survey
SURVEY_406796,Mid-Level Software Engineer,Confidential Survey Participant,Mid-Level,4,92348.94235478768,Organizational Salary Survey
SURVEY_119522,Mid-Level Data Scientist,Confidential Survey Participant,Mid-Level,3,121014.8262808394,Organizational Salary Survey
SURVEY_195500,Junior Data Engineer,Confidential Survey Participant,Junior/Entry,2,72979.33838459826,Organizational Salary Survey
SURVEY_767753,Mid-Level Software Engineer,Confidential Survey Participant,Mid-Level,6,86646.1021021548,Organizational Salary Survey
SURVEY_654658,Senior Software Engineer,Confidential Survey Participant,Senior,6,142554.55944275175,Organizational Salary Survey
SURVEY_287613,Executive Data Analyst,Confidential Survey Participant,Executive/Principal,19,188031.35142101205,Organizational Salary Survey
SURVEY_801925,Junior Project Manager,Confidential Survey Participant,Junior/Entry,0,65412.004865501454,Organizational Salary Survey
SURVEY_557934,Junior Data Engineer,Confidential Survey Participant,Junior/Entry,1,79957.27554300736,Organizational Salary Survey
SURVEY_142164,Mid-Level Software Engineer,Confidential Survey Participant,Mid-Level,3,85902.28395531427,Organizational Salary Survey
SURVEY_328804,Mid-Level Product Manager,Confidential Survey Participant,Mid-Level,4,155543.94869046484,Organizational Salary Survey
SURVEY_605534,Junior Data Scientist,Confidential Survey Participant,Junior/Entry,2,76091.16811404111,Organizational Salary Survey
SURVEY_313587,Senior DevOps Engineer,Confidential Survey Participant,Senior,6,168989.85013393988,Organizational Salary Survey
SURVEY_888712,Junior Product Manager,Confidential Survey Participant,Junior/Entry,0,107239.47881452176,Organizational Salary Survey
SURVEY_397007,Junior Data Analyst,Confidential Survey Participant,Junior/Entry,1,68626.74446692634,Organizational Salary Survey
SURVEY_235483,Executive Data Analyst,Confidential Survey Participant,Executive/Principal,18,184972.32503252957,Organizational Salary Survey
SURVEY_874099,Junior Software Engineer,Confidential Survey Participant,Junior/Entry,2,56089.00666813175,Organizational Salary Survey
SURVEY_774295,Mid-Level Product Manager,Confidential Survey Participant,Mid-Level,5,158451.62946657042,Organizational Salary Survey
SURVEY_507260,Mid-Level Data Analyst,Confidential Survey Participant,Mid-Level,5,86340.23936028841,Organizational Salary Survey
SURVEY_744905,Senior Data Scientist,Confidential Survey Participant,Senior,9,196814.85290610313,Organizational Salary Survey
SURVEY_223040,Mid-Level Project Manager,Confidential Survey Participant,Mid-Level,4,94807.6335213572,Organizational Salary Survey
SURVEY_757812,Senior Data Analyst,Confidential Survey Participant,Senior,10,130477.4095541424,Organizational Salary Survey
SURVEY_848154,Executive Data Analyst,Confidential Survey Participant,Executive/Principal,17,259537.34730228118,Organizational Salary Survey
SURVEY_497040,Junior Software Engineer,Confidential Survey Participant,Junior/Entry,2,74451.58002875524,Organizational Salary Survey
SURVEY_447574,Mid-Level Project Manager,Confidential Survey Participant,Mid-Level,3,87472.03581856853,Organizational Salary Survey
SURVEY_296269,Junior Product Manager,Confidential Survey Participant,Junior/Entry,1,83665.22621665556,Organizational Salary Survey
SURVEY_981426,Junior Software Engineer,Confidential Survey Participant,Junior/Entry,1,70879.56188752934,Organizational Salary Survey
SURVEY_130543,Mid-Level Data Analyst,Confidential Survey Participant,Mid-Level,4,105851.60180950181,Organizational Salary Survey
SURVEY_449268,Mid-Level Data Analyst,Confidential Survey Participant,Mid-Level,5,97340.98273933913,Organizational Salary Survey
SURVEY_136279,Mid-Level Software Engineer,Confidential Survey Participant,Mid-Level,4,110898.51403018559,Organizational Salary Survey
SURVEY_431905,Senior Project Manager,Confidential Survey Participant,Senior,8,122103.00492130379,Organizational Salary Survey
SURVEY_516018,Mid-Level Product Manager,Confidential Survey Participant,Mid-Level,4,145909.57812967218,Organizational Salary Survey
SURVEY_376730,Junior Data Scientist,Confidential Survey Participant,Junior/Entry,2,91009.70946661643,Organizational Salary Survey
SURVEY_919398,Senior Data Analyst,Confidential Survey Participant,Senior,10,153501.83723480528,Organizational Salary Survey
SURVEY_999697,Mid-Level Data Scientist,Confidential Survey Participant,Mid-Level,3,122075.51812438415,Organizational Salary Survey
SURVEY_854279,Senior Data Analyst,Confidential Survey Participant,Senior,10,152553.6291619304,Organizational Salary Survey
SURVEY_587415,Mid-Level Project Manager,Confidential Survey Participant,Mid-Level,6,85408.13136908638,Organizational Salary Survey
SURVEY_941675,Junior Software Engineer,Confidential Survey Participant,Junior/Entry,0,69745.22542820116,Organizational Salary Survey
SURVEY_400761,Senior Software Engineer,Confidential Survey Participant,Senior,10,156340.94173980213,Organizational Salary Survey
SURVEY_851488,Junior Data Engineer,Confidential Survey Participant,Junior/Entry,1,93310.25653726635,Organizational Salary Survey
SURVEY_331792,Senior Software Engineer,Confidential Survey Participant,Senior,9,134073.79766324803,Organizational Salary Survey
SURVEY_894083,Senior Project Manager,Confidential Survey Participant,Senior,7,136269.59260413173,Organizational Salary Survey
SURVEY_642035,Mid-Level Data Analyst,Confidential Survey Participant,Mid-Level,3,95431.53283367402,Organizational Salary Survey
SURVEY_509163,Mid-Level Software Engineer,Confidential Survey Participant,Mid-Level,3,98110.07629640539,Organizational Salary Survey
SURVEY_115451,Senior Software Engineer,Confidential Survey Participant,Senior,11,128512.63945400737,Organizational Salary Survey
SURVEY_754294,Senior Software Engineer,Confidential Survey Participant,Senior,9,123207.60180874002,Organizational Salary Survey
SURVEY_248437,Mid-Level Data Analyst,Confidential Survey Participant,Mid-Level,3,97063.29479368479,Organizational Salary Survey
SURVEY_484325,Executive Software Engineer,Confidential Survey Participant,Executive/Principal,10,181831.4956030335,Organizational Salary Survey
SURVEY_228145,Senior Data Engineer,Confidential Survey Participant,Senior,8,174162.8592492426,Organizational Salary Survey
SURVEY_872073,Mid-Level Software Engineer,Confidential Survey Participant,Mid-Level,5,106378.03904362815,Organizational Salary Survey
SURVEY_946333,Junior Product Manager,Confidential Survey Participant,Junior/Entry,0,81980.26847041327,Organizational Salary Survey
SURVEY_968026,Senior Software Engineer,Confidential Survey Participant,Senior,7,151793.3189758334,Organizational Salary Survey
SURVEY_215767,Mid-Level Software Engineer,Confidential Survey Participant,Mid-Level,5,107710.76172764774,Organizational Salary Survey
SURVEY_206679,Junior DevOps Engineer,Confidential Survey Participant,Junior/Entry,0,89071.50545212624,Organizational Salary Survey
SURVEY_203410,Senior Project Manager,Confidential Survey Participant,Senior,11,141042.49135414016,Organizational Salary Survey
SURVEY_684653,Junior Data Analyst,Confidential Survey Participant,Junior/Entry,1,70384.76147607947,Organizational Salary Survey
SURVEY_655697,Mid-Level Software Engineer,Confidential Survey Participant,Mid-Level,6,99144.62592948113,Organizational Salary Survey
SURVEY_374195,Mid-Level Software Engineer,Confidential Survey Participant,Mid-Level,3,91220.10795512724,Organizational Salary Survey
SURVEY_481958,Mid-Level Project Manager,Confidential Survey Participant,Mid-Level,6,87855.30566278852,Organizational Salary Survey
SURVEY_153485,Executive DevOps Engineer,Confidential Survey Participant,Executive/Principal,19,225390.0855945759,Organizational Salary Survey
SURVEY_321725,Mid-Level Data Analyst,Confidential Survey Participant,Mid-Level,3,93771.62947892839,Organizational Salary Survey
SURVEY_495144,Senior Software Engineer,Confidential Survey Participant,Senior,6,150312.70756720996,Organizational Salary Survey
SURVEY_782020,Junior Product Manager,Confidential Survey Participant,Junior/Entry,0,109690.71223538445,Organizational Salary Survey
SURVEY_670857,Senior Software Engineer,Confidential Survey Participant,Senior,10,148351.4989747207,Organizational Salary Survey
SURVEY_203128,Mid-Level Data Engineer,Confidential Survey Participant,Mid-Level,4,132678.69300533712,Organizational Salary Survey
SURVEY_809678,Junior Project Manager,Confidential Survey Participant,Junior/Entry,1,64148.450563593244,Organizational Salary Survey
SURVEY_832212,Mid-Level Project Manager,Confidential Survey Participant,Mid-Level,4,102876.96547334453,Organizational Salary Survey
SURVEY_478868,Mid-Level Software Engineer,Confidential Survey Participant,Mid-Level,3,90552.66135837091,Organizational Salary Survey
SURVEY_632256,Mid-Level Data Scientist,Confidential Survey Participant,Mid-Level,6,130133.3872302478,Organizational Salary Survey
SURVEY_131531,Mid-Level Software Engineer,Confidential Survey Participant,Mid-Level,6,94419.78087024859,Organizational Salary Survey
SURVEY_146263,Junior Software Engineer,Confidential Survey Participant,Junior/Entry,1,57891.321941629496,Organizational Salary Survey
SURVEY_770938,Executive Data Analyst,Confidential Survey Participant,Executive/Principal,17,234176.87135209228,Organizational Salary Survey
SURVEY_913384,Mid-Level Product Manager,Confidential Survey Participant,Mid-Level,3,136839.1617958301,Organizational Salary Survey
SURVEY_790481,Senior Data Scientist,Confidential Survey Participant,Senior,11,153406.1970617699,Organizational Salary Survey
SURVEY_853806,Junior Data Analyst,Confidential Survey Participant,Junior/Entry,1,59929.695551743884,Organizational Salary Survey
SURVEY_917631,Junior Project Manager,Confidential Survey Participant,Junior/Entry,2,64665.60440689027,Organizational Salary Survey
SURVEY_953619,Senior Data Engineer,Confidential Survey Participant,Senior,11,154345.01439793676,Organizational Salary Survey
SURVEY_206911,Senior Product Manager,Confidential Survey Participant,Senior,7,226097.43470573248,Organizational Salary Survey
SURVEY_492472,Junior Software Engineer,Confidential Survey Participant,Junior/Entry,0,63464.18762058021,Organizational Salary Survey
SURVEY_391659,Mid-Level Data Scientist,Confidential Survey Participant,Mid-Level,5,125613.06870439275,Organizational Salary Survey
SURVEY_461760,Mid-Level Data Engineer,Confidential Survey Participant,Mid-Level,6,110430.91135553714,Organizational Salary Survey
SURVEY_611490,Mid-Level Product Manager,Confidential Survey Participant,Mid-Level,4,122730.4237333051,Organizational Salary Survey
SURVEY_529101,Senior Product Manager,Confidential Survey Participant,Senior,8,189944.82798311466,Organizational Salary Survey
SURVEY_186311,Junior Project Manager,Confidential Survey Participant,Junior/Entry,1,71309.5200912078,Organizational Salary Survey
SURVEY_171030,Mid-Level Software Engineer,Confidential Survey Participant,Mid-Level,4,99925.58336050335,Organizational Salary Survey
SURVEY_581686,Mid-Level Product Manager,Confidential Survey Participant,Mid-Level,3,130063.8776377723,Organizational Salary Survey
SURVEY_442442,Senior Software Engineer,Confidential Survey Participant,Senior,7,125087.54353816654,Organizational Salary Survey
SURVEY_113350,Mid-Level Software Engineer,Confidential Survey Participant,Mid-Level,3,92833.39663634884,Organizational Salary Survey
SURVEY_653666,Junior Data Engineer,Confidential Survey Participant,Junior/Entry,0,92660.31542335592,Organizational Salary Survey
SURVEY_121278,Junior Data Analyst,Confidential Survey Participant,Junior/Entry,1,71388.4761123431,Organizational Salary Survey
SURVEY_142278,Executive Data Engineer,Confidential Survey Participant,Executive/Principal,18,237275.5826084108,Organizational Salary Survey
SURVEY_849238,Mid-Level Data Scientist,Confidential Survey Participant,Mid-Level,4,122062.46757528123,Organizational Salary Survey
SURVEY_868990,Senior Software Engineer,Confidential Survey Participant,Senior,9,155813.21554422143,Organizational Salary Survey
SURVEY_888040,Executive DevOps Engineer,Confidential Survey Participant,Executive/Principal,10,225630.67851423222,Organizational Salary Survey
SURVEY_433150,Senior Data Analyst,Confidential Survey Participant,Senior,10,133928.88956945046,Organizational Salary Survey
SURVEY_704185,Senior DevOps Engineer,Confidential Survey Participant,Senior,6,154589.6146104668,Organizational Salary Survey
SURVEY_361754,Executive Software Engineer,Confidential Survey Participant,Executive/Principal,13,242658.330311825,Organizational Salary Survey
SURVEY_769073,Executive DevOps Engineer,Confidential Survey Participant,Executive/Principal,10,264598.78456312383,Organizational Salary Survey
SURVEY_539461,Senior Project Manager,Confidential Survey Participant,Senior,11,125676.81642445835,Organizational Salary Survey
SURVEY_986458,Mid-Level Product Manager,Confidential Survey Participant,Mid-Level,5,128834.73779760393,Organizational Salary Survey
SURVEY_596325,Senior Software Engineer,Confidential Survey Participant,Senior,10,154512.19128923965,Organizational Salary Survey
SURVEY_180211,Junior Project Manager,Confidential Survey Participant,Junior/Entry,1,60604.77694221005,Organizational Salary Survey
SURVEY_458135,Junior Data Analyst,Confidential Survey Participant,Junior/Entry,0,68757.52855880398,Organizational Salary Survey
SURVEY_787056,Senior Project Manager,Confidential Survey Participant,Senior,7,139129.08494375699,Organizational Salary Survey
SURVEY_536609,Mid-Level Data Analyst,Confidential Survey Participant,Mid-Level,5,99872.22148794825,Organizational Salary Survey
SURVEY_275593,Mid-Level Data Engineer,Confidential Survey Participant,Mid-Level,6,141371.4974901169,Organizational Salary Survey
SURVEY_237256,Executive Project Manager,Confidential Survey Participant,Executive/Principal,13,271420.77909694135,Organizational Salary Survey
SURVEY_779487,Senior Data Analyst,Confidential Survey Participant,Senior,8,140946.85580306224,Organizational Salary Survey
SURVEY_983949,Junior DevOps Engineer,Confidential Survey Participant,Junior/Entry,1,93624.1630594058,Organizational Salary Survey
SURVEY_941612,Executive Software Engineer,Confidential Survey Participant,Executive/Principal,14,223271.90707439586,Organizational Salary Survey
SURVEY_215609,Mid-Level Product Manager,Confidential Survey Participant,Mid-Level,5,134861.72051948917,Organizational Salary Survey
SURVEY_738230,Senior Software Engineer,Confidential Survey Participant,Senior,10,147611.32900761793,Organizational Salary Survey
SURVEY_389396,Junior Project Manager,Confidential Survey Participant,Junior/Entry,1,62784.41426264915,Organizational Salary Survey
SURVEY_741462,Junior Product Manager,Confidential Survey Participant,Junior/Entry,2,94377.28204567744,Organizational Salary Survey
SURVEY_371346,Senior Data Engineer,Confidential Survey Participant,Senior,11,163732.4705031259,Organizational Salary Survey
SURVEY_272818,Junior Software Engineer,Confidential Survey Participant,Junior/Entry,2,64362.90205777546,Organizational Salary Survey
SURVEY_908432,Senior Data Scientist,Confidential Survey Participant,Senior,11,175106.89875941572,Organizational Salary Survey
SURVEY_142983,Junior Product Manager,Confidential Survey Participant,Junior/Entry,2,101399.57644506871,Organizational Salary Survey
SURVEY_802272,Senior Data Analyst,Confidential Survey Participant,Senior,9,123264.60415841798,Organizational Salary Survey
SURVEY_347902,Senior Software Engineer,Confidential Survey Participant,Senior,6,144686.41881530292,Organizational Salary Survey
SURVEY_624186,Mid-Level Data Analyst,Confidential Survey Participant,Mid-Level,3,99617.2845721331,Organizational Salary Survey
SURVEY_347274,Mid-Level Data Scientist,Confidential Survey Participant,Mid-Level,5,114913.43911271887,Organizational Salary Survey
SURVEY_966739,Mid-Level Data Scientist,Confidential Survey Participant,Mid-Level,5,126071.8100923907,Organizational Salary Survey
SURVEY_319664,Mid-Level Software Engineer,Confidential Survey Participant,Mid-Level,4,110010.31689520463,Organizational Salary Survey
SURVEY_222999,Mid-Level Data Analyst,Confidential Survey Participant,Mid-Level,3,105105.7523161068,Organizational Salary Survey
SURVEY_232535,Junior Software Engineer,Confidential Survey Participant,Junior/Entry,2,57428.751818274,Organizational Salary Survey
SURVEY_890990,Mid-Level Software Engineer,Confidential Survey Participant,Mid-Level,4,101346.63006461739,Organizational Salary Survey
SURVEY_207078,Senior Software Engineer,Confidential Survey Participant,Senior,6,140212.24126884365,Organizational Salary Survey
SURVEY_576435,Mid-Level Software Engineer,Confidential Survey Participant,Mid-Level,6,99269.5022764702,Organizational Salary Survey
SURVEY_200646,Mid-Level DevOps Engineer,Confidential Survey Participant,Mid-Level,3,109121.07322064434,Organizational Salary Survey
SURVEY_271082,Mid-Level Software Engineer,Confidential Survey Participant,Mid-Level,6,85139.51612363447,Organizational Salary Survey
SURVEY_619867,Junior Project Manager,Confidential Survey Participant,Junior/Entry,1,67106.74011634542,Organizational Salary Survey
SURVEY_616638,Senior Data Analyst,Confidential Survey Participant,Senior,6,127881.72024995075,Organizational Salary Survey
SURVEY_635603,Mid-Level Product Manager,Confidential Survey Participant,Mid-Level,3,125527.92099557313,Organizational Salary Survey
SURVEY_125496,Junior Data Engineer,Confidential Survey Participant,Junior/Entry,2,97316.00931474098,Organizational Salary Survey
SURVEY_344076,Junior Data Engineer,Confidential Survey Participant,Junior/Entry,2,72206.85341342865,Organizational Salary Survey
SURVEY_784396,Junior Software Engineer,Confidential Survey Participant,Junior/Entry,0,74213.69823310534,Organizational Salary Survey
SURVEY_275799,Senior Project Manager,Confidential Survey Participant,Senior,7,135997.0513985701,Organizational Salary Survey
SURVEY_659198,Mid-Level Data Engineer,Confidential Survey Participant,Mid-Level,6,118490.9946713285,Organizational Salary Survey
SURVEY_888731,Executive Data Analyst,Confidential Survey Participant,Executive/Principal,17,218317.25080643233,Organizational Salary Survey
SURVEY_682959,Senior Project Manager,Confidential Survey Participant,Senior,8,132060.0232059137,Organizational Salary Survey
SURVEY_327958,Executive Product Manager,Confidential Survey Participant,Executive/Principal,17,317867.19523900584,Organizational Salary Survey
SURVEY_618896,Senior Data Scientist,Confidential Survey Participant,Senior,10,200640.88392369196,Organizational Salary Survey
SURVEY_787256,Junior Data Scientist,Confidential Survey Participant,Junior/Entry,1,94152.86952166937,Organizational Salary Survey
SURVEY_787745,Executive Data Scientist,Confidential Survey Participant,Executive/Principal,18,321699.8757431018,Organizational Salary Survey
SURVEY_969698,Mid-Level Data Engineer,Confidential Survey Participant,Mid-Level,4,137671.7931757948,Organizational Salary Survey
SURVEY_498063,Executive Project Manager,Confidential Survey Participant,Executive/Principal,15,260032.9859069182,Organizational Salary Survey
SURVEY_903342,Senior Data Analyst,Confidential Survey Participant,Senior,8,126199.57793291517,Organizational Salary Survey
SURVEY_824755,Mid-Level Software Engineer,Confidential Survey Participant,Mid-Level,6,89133.91906431981,Organizational Salary Survey
SURVEY_804286,Mid-Level Project Manager,Confidential Survey Participant,Mid-Level,6,106857.01915316058,Organizational Salary Survey
SURVEY_622861,Mid-Level Software Engineer,Confidential Survey Participant,Mid-Level,5,100355.70430799843,Organizational Salary Survey
SURVEY_487803,Junior DevOps Engineer,Confidential Survey Participant,Junior/Entry,0,88586.36685019558,Organizational Salary Survey
SURVEY_866552,Executive Data Engineer,Confidential Survey Participant,Executive/Principal,13,295482.4010643091,Organizational Salary Survey
SURVEY_153293,Junior Product Manager,Confidential Survey Participant,Junior/Entry,0,96350.4794435728,Organizational Salary Survey
SURVEY_782327,Mid-Level Software Engineer,Confidential Survey Participant,Mid-Level,6,106178.68559537274,Organizational Salary Survey
SURVEY_495707,Mid-Level Data Engineer,Confidential Survey Participant,Mid-Level,4,131129.510433809,Organizational Salary Survey
SURVEY_218628,Senior Data Engineer,Confidential Survey Participant,Senior,6,206314.90978758872,Organizational Salary Survey
SURVEY_147575,Senior Product Manager,Confidential Survey Participant,Senior,6,203088.98429663453,Organizational Salary Survey
SURVEY_219573,Executive Data Scientist,Confidential Survey Participant,Executive/Principal,19,270422.1796788509,Organizational Salary Survey
SURVEY_893268,Mid-Level Data Engineer,Confidential Survey Participant,Mid-Level,3,143712.95186292907,Organizational Salary Survey
SURVEY_469001,Mid-Level Software Engineer,Confidential Survey Participant,Mid-Level,4,90024.54363520726,Organizational Salary Survey
SURVEY_199853,Junior Product Manager,Confidential Survey Participant,Junior/Entry,1,107034.72333980959,Organizational Salary Survey
SURVEY_592235,Senior Data Engineer,Confidential Survey Participant,Senior,11,201361.5636162973,Organizational Salary Survey
SURVEY_335113,Senior Software Engineer,Confidential Survey Participant,Senior,6,143913.50773492505,Organizational Salary Survey
SURVEY_684638,Mid-Level Project Manager,Confidential Survey Participant,Mid-Level,3,96745.50000212308,Organizational Salary Survey
SURVEY_349202,Junior Data Scientist,Confidential Survey Participant,Junior/Entry,2,83476.60530188293,Organizational Salary Survey
SURVEY_131721,Mid-Level Data Scientist,Confidential Survey Participant,Mid-Level,5,115107.99852239642,Organizational Salary Survey
SURVEY_585146,Mid-Level Project Manager,Confidential Survey Participant,Mid-Level,6,100258.93840711046,Organizational Salary Survey
SURVEY_201748,Junior Data Analyst,Confidential Survey Participant,Junior/Entry,0,67823.3855493209,Organizational Salary Survey
SURVEY_662904,Mid-Level Data Analyst,Confidential Survey Participant,Mid-Level,4,92710.31446060832,Organizational Salary Survey
SURVEY_846015,Junior Data Analyst,Confidential Survey Participant,Junior/Entry,1,63168.068470564525,Organizational Salary Survey
SURVEY_608288,Mid-Level Project Manager,Confidential Survey Participant,Mid-Level,6,97397.11911028302,Organizational Salary Survey
SURVEY_464167,Executive DevOps Engineer,Confidential Survey Participant,Executive/Principal,18,243272.79494934677,Organizational Salary Survey
SURVEY_701025,Senior Data Analyst,Confidential Survey Participant,Senior,9,133831.56539157816,Organizational Salary Survey
SURVEY_868255,Mid-Level Data Engineer,Confidential Survey Participant,Mid-Level,3,115639.7447125575,Organizational Salary Survey
SURVEY_392350,Mid-Level Software Engineer,Confidential Survey Participant,Mid-Level,3,108444.28320736477,Organizational Salary Survey
SURVEY_919968,Senior DevOps Engineer,Confidential Survey Participant,Senior,9,183693.14142968348,Organizational Salary Survey
SURVEY_994367,Mid-Level Product Manager,Confidential Survey Participant,Mid-Level,5,123305.94100377978,Organizational Salary Survey
SURVEY_892602,Junior Software Engineer,Confidential Survey Participant,Junior/Entry,2,56001.87684946256,Organizational Salary Survey
SURVEY_740637,Mid-Level DevOps Engineer,Confidential Survey Participant,Mid-Level,6,108916.87125795538,Organizational Salary Survey
SURVEY_735005,Junior Product Manager,Confidential Survey Participant,Junior/Entry,0,99899.38900074532,Organizational Salary Survey
SURVEY_103692,Mid-Level Data Analyst,Confidential Survey Participant,Mid-Level,5,95894.3263988329,Organizational Salary Survey
SURVEY_333732,Mid-Level Software Engineer,Confidential Survey Participant,Mid-Level,5,93247.40383796273,Organizational Salary Survey
SURVEY_122402,Senior Data Analyst,Confidential Survey Participant,Senior,8,136921.0509563748,Organizational Salary Survey
SURVEY_130825,Senior Data Scientist,Confidential Survey Participant,Senior,11,180405.90291242057,Organizational Salary Survey
SURVEY_748246,Mid-Level Product Manager,Confidential Survey Participant,Mid-Level,3,150135.20264993768,Organizational Salary Survey
SURVEY_363579,Mid-Level Software Engineer,Confidential Survey Participant,Mid-Level,4,97622.78525939288,Organizational Salary Survey
SURVEY_434986,Senior Software Engineer,Confidential Survey Participant,Senior,8,125036.36517410325,Organizational Salary Survey
SURVEY_558244,Mid-Level Data Analyst,Confidential Survey Participant,Mid-Level,6,87800.98887954498,Organizational Salary Survey
SURVEY_939583,Senior Data Analyst,Confidential Survey Participant,Senior,10,133231.99700913316,Organizational Salary Survey
SURVEY_919106,Executive Data Analyst,Confidential Survey Participant,Executive/Principal,18,277718.56601535616,Organizational Salary Survey
SURVEY_232464,Mid-Level Data Scientist,Confidential Survey Participant,Mid-Level,5,109829.11359792453,Organizational Salary Survey
SURVEY_269926,Executive Product Manager,Confidential Survey Participant,Executive/Principal,11,362332.3997678649,Organizational Salary Survey
SURVEY_195921,Mid-Level Software Engineer,Confidential Survey Participant,Mid-Level,4,102107.81938302967,Organizational Salary Survey
SURVEY_374038,Mid-Level Software Engineer,Confidential Survey Participant,Mid-Level,4,89755.32260875676,Organizational Salary Survey
SURVEY_549760,Junior Data Engineer,Confidential Survey Participant,Junior/Entry,0,91978.50687441719,Organizational Salary Survey
SURVEY_484316,Junior Data Analyst,Confidential Survey Participant,Junior/Entry,2,59528.022936244364,Organizational Salary Survey
SURVEY_515597,Junior Data Scientist,Confidential Survey Participant,Junior/Entry,0,93597.90731432036,Organizational Salary Survey
SURVEY_245519,Senior Data Engineer,Confidential Survey Participant,Senior,11,170318.85462129407,Organizational Salary Survey
SURVEY_599326,Executive Product Manager,Confidential Survey Participant,Executive/Principal,15,292834.4820914027,Organizational Salary Survey
SURVEY_341872,Mid-Level Software Engineer,Confidential Survey Participant,Mid-Level,4,105820.82921192059,Organizational Salary Survey
SURVEY_159594,Senior Software Engineer,Confidential Survey Participant,Senior,7,120856.48329968231,Organizational Salary Survey
SURVEY_249735,Senior Data Engineer,Confidential Survey Participant,Senior,8,169436.89326593882,Organizational Salary Survey
SURVEY_983823,Senior Software Engineer,Confidential Survey Participant,Senior,7,119304.55415445748,Organizational Salary Survey
SURVEY_356756,Mid-Level Software Engineer,Confidential Survey Participant,Mid-Level,6,101976.50591502347,Organizational Salary Survey
SURVEY_191166,Mid-Level Data Scientist,Confidential Survey Participant,Mid-Level,6,139629.69915918016,Organizational Salary Survey
SURVEY_418225,Mid-Level Software Engineer,Confidential Survey Participant,Mid-Level,6,111207.29952933949,Organizational Salary Survey
SURVEY_246653,Mid-Level Data Scientist,Confidential Survey Participant,Mid-Level,6,127389.81392893993,Organizational Salary Survey
SURVEY_313689,Senior Data Scientist,Confidential Survey Participant,Senior,9,162214.71460476913,Organizational Salary Survey
SURVEY_836483,Junior Product Manager,Confidential Survey Participant,Junior/Entry,2,95056.5423510989,Organizational Salary Survey
SURVEY_823887,Mid-Level Software Engineer,Confidential Survey Participant,Mid-Level,4,106484.5472985474,Organizational Salary Survey
SURVEY_425535,Senior Project Manager,Confidential Survey Participant,Senior,11,148080.83021099254,Organizational Salary Survey
SURVEY_341859,Mid-Level Software Engineer,Confidential Survey Participant,Mid-Level,3,104273.89135023968,Organizational Salary Survey
SURVEY_371172,Mid-Level Software Engineer,Confidential Survey Participant,Mid-Level,6,103660.15537074357,Organizational Salary Survey
SURVEY_594133,Mid-Level Project Manager,Confidential Survey Participant,Mid-Level,6,105500.26504085654,Organizational Salary Survey
SURVEY_895250,Senior DevOps Engineer,Confidential Survey Participant,Senior,10,204527.89621123814,Organizational Salary Survey
SURVEY_536259,Mid-Level Data Engineer,Confidential Survey Participant,Mid-Level,6,141564.19969893218,Organizational Salary Survey
SURVEY_873354,Junior Data Analyst,Confidential Survey Participant,Junior/Entry,2,63947.161184728604,Organizational Salary Survey
SURVEY_872209,Junior Project Manager,Confidential Survey Participant,Junior/Entry,0,68285.12764097755,Organizational Salary Survey
SURVEY_572437,Executive Product Manager,Confidential Survey Participant,Executive/Principal,14,251095.75784656685,Organizational Salary Survey
SURVEY_554156,Mid-Level Product Manager,Confidential Survey Participant,Mid-Level,6,156453.5518752306,Organizational Salary Survey
SURVEY_104902,Mid-Level Software Engineer,Confidential Survey Participant,Mid-Level,3,87107.72738755128,Organizational Salary Survey
SURVEY_181461,Mid-Level Product Manager,Confidential Survey Participant,Mid-Level,5,159456.99104385363,Organizational Salary Survey
SURVEY_684038,Mid-Level Software Engineer,Confidential Survey Participant,Mid-Level,4,100390.89436576357,Organizational Salary Survey
SURVEY_726222,Junior Data Scientist,Confidential Survey Participant,Junior/Entry,0,87503.86006862338,Organizational Salary Survey
SURVEY_843673,Executive Software Engineer,Confidential Survey Participant,Executive/Principal,12,252116.77749268088,Organizational Salary Survey
SURVEY_376812,Mid-Level Software Engineer,Confidential Survey Participant,Mid-Level,5,102386.88931774013,Organizational Salary Survey
SURVEY_358662,Executive Project Manager,Confidential Survey Participant,Executive/Principal,10,252662.72752354093,Organizational Salary Survey
SURVEY_419388,Mid-Level Software Engineer,Confidential Survey Participant,Mid-Level,6,85767.44668175706,Organizational Salary Survey
SURVEY_965248,Mid-Level Data Analyst,Confidential Survey Participant,Mid-Level,3,89671.2216500401,Organizational Salary Survey
SURVEY_155017,Junior DevOps Engineer,Confidential Survey Participant,Junior/Entry,0,87756.29859722761,Organizational Salary Survey
SURVEY_105693,Executive Software Engineer,Confidential Survey Participant,Executive/Principal,12,250598.5422683532,Organizational Salary Survey
SURVEY_659753,Executive Data Engineer,Confidential Survey Participant,Executive/Principal,10,240134.596574687,Organizational Salary Survey
SURVEY_897539,Mid-Level DevOps Engineer,Confidential Survey Participant,Mid-Level,6,127588.09023742663,Organizational Salary Survey
SURVEY_944008,Mid-Level Data Analyst,Confidential Survey Participant,Mid-Level,6,84854.46941674768,Organizational Salary Survey
SURVEY_474969,Junior Software Engineer,Confidential Survey Participant,Junior/Entry,0,63978.03126377044,Organizational Salary Survey
SURVEY_511914,Mid-Level Project Manager,Confidential Survey Participant,Mid-Level,6,96406.5844956604,Organizational Salary Survey
SURVEY_558163,Junior Data Analyst,Confidential Survey Participant,Junior/Entry,1,71720.27661774955,Organizational Salary Survey
SURVEY_362186,Mid-Level Data Analyst,Confidential Survey Participant,Mid-Level,5,89195.68240562057,Organizational Salary Survey
SURVEY_679215,Mid-Level Software Engineer,Confidential Survey Participant,Mid-Level,5,84607.20041804883,Organizational Salary Survey
SURVEY_110209,Mid-Level Data Scientist,Confidential Survey Participant,Mid-Level,4,140906.86126849597,Organizational Salary Survey
SURVEY_213590,Mid-Level Data Analyst,Confidential Survey Participant,Mid-Level,5,110171.1472922724,Organizational Salary Survey
SURVEY_816671,Junior Product Manager,Confidential Survey Participant,Junior/Entry,1,81013.92442203913,Organizational Salary Survey
SURVEY_330175,Senior Software Engineer,Confidential Survey Participant,Senior,6,138749.85924164415,Organizational Salary Survey
SURVEY_336073,Executive Data Engineer,Confidential Survey Participant,Executive/Principal,19,346404.0181841428,Organizational Salary Survey
SURVEY_208871,Junior Software Engineer,Confidential Survey Participant,Junior/Entry,1,56243.7485696957,Organizational Salary Survey
SURVEY_433732,Mid-Level Software Engineer,Confidential Survey Participant,Mid-Level,5,98400.83189596247,Organizational Salary Survey
SURVEY_355935,Junior Data Engineer,Confidential Survey Participant,Junior/Entry,1,78969.43318796236,Organizational Salary Survey
SURVEY_255307,Junior Software Engineer,Confidential Survey Participant,Junior/Entry,1,62921.65276536771,Organizational Salary Survey
SURVEY_351739,Junior Project Manager,Confidential Survey Participant,Junior/Entry,1,76747.89066134706,Organizational Salary Survey
SURVEY_803428,Junior Project Manager,Confidential Survey Participant,Junior/Entry,1,61177.83856070135,Organizational Salary Survey
SURVEY_185524,Junior Software Engineer,Confidential Survey Participant,Junior/Entry,0,73801.98098084527,Organizational Salary Survey
SURVEY_105472,Senior Project Manager,Confidential Survey Participant,Senior,7,134537.5096649602,Organizational Salary Survey
SURVEY_829426,Executive Product Manager,Confidential Survey Participant,Executive/Principal,17,340828.70540734456,Organizational Salary Survey
SURVEY_220116,Executive Project Manager,Confidential Survey Participant,Executive/Principal,19,178060.9348197552,Organizational Salary Survey
SURVEY_492797,Mid-Level Software Engineer,Confidential Survey Participant,Mid-Level,3,104971.63073647305,Organizational Salary Survey
SURVEY_475541,Junior Data Analyst,Confidential Survey Participant,Junior/Entry,0,62965.09693479152,Organizational Salary Survey
SURVEY_402979,Junior Data Scientist,Confidential Survey Participant,Junior/Entry,1,89527.98896877146,Organizational Salary Survey
SURVEY_670535,Executive Software Engineer,Confidential Survey Participant,Executive/Principal,14,267710.9164631663,Organizational Salary Survey
SURVEY_446414,Senior Project Manager,Confidential Survey Participant,Senior,11,159368.6289794546,Organizational Salary Survey
SURVEY_588472,Senior Software Engineer,Confidential Survey Participant,Senior,11,119779.47107955423,Organizational Salary Survey
SURVEY_351360,Junior Data Analyst,Confidential Survey Participant,Junior/Entry,0,66302.83216646865,Organizational Salary Survey
SURVEY_605528,Mid-Level Data Scientist,Confidential Survey Participant,Mid-Level,5,137693.5101326685,Organizational Salary Survey
SURVEY_607161,Junior Software Engineer,Confidential Survey Participant,Junior/Entry,2,58922.128655578235,Organizational Salary Survey
SURVEY_193418,Executive Data Scientist,Confidential Survey Participant,Executive/Principal,13,246012.8395141389,Organizational Salary Survey
SURVEY_779699,Mid-Level DevOps Engineer,Confidential Survey Participant,Mid-Level,3,114552.28541555832,Organizational Salary Survey
SURVEY_959387,Junior Data Analyst,Confidential Survey Participant,Junior/Entry,1,68863.83071230486,Organizational Salary Survey
SURVEY_438251,Mid-Level Data Analyst,Confidential Survey Participant,Mid-Level,4,110601.03708889913,Organizational Salary Survey
SURVEY_668199,Mid-Level Product Manager,Confidential Survey Participant,Mid-Level,5,127713.6636895916,Organizational Salary Survey
SURVEY_278571,Executive Data Engineer,Confidential Survey Participant,Executive/Principal,11,272930.03592926124,Organizational Salary Survey
SURVEY_946717,Mid-Level Project Manager,Confidential Survey Participant,Mid-Level,4,94718.76105872248,Organizational Salary Survey
SURVEY_724032,Executive Software Engineer,Confidential Survey Participant,Executive/Principal,14,278621.6855137855,Organizational Salary Survey
SURVEY_631966,Senior Software Engineer,Confidential Survey Participant,Senior,8,146817.17976148252,Organizational Salary Survey
SURVEY_179278,Mid-Level Data Engineer,Confidential Survey Participant,Mid-Level,6,139192.06915769805,Organizational Salary Survey
SURVEY_498178,Mid-Level Product Manager,Confidential Survey Participant,Mid-Level,3,123665.45574421293,Organizational Salary Survey
SURVEY_610063,Senior Software Engineer,Confidential Survey Participant,Senior,10,124500.93102052352,Organizational Salary Survey
SURVEY_118006,Mid-Level Data Scientist,Confidential Survey Participant,Mid-Level,6,130368.78094646955,Organizational Salary Survey
SURVEY_128149,Executive Data Scientist,Confidential Survey Participant,Executive/Principal,18,228273.57780708707,Organizational Salary Survey
SURVEY_254199,Mid-Level Software Engineer,Confidential Survey Participant,Mid-Level,4,87814.06849476168,Organizational Salary Survey
SURVEY_653599,Mid-Level Project Manager,Confidential Survey Participant,Mid-Level,5,92914.58907142903,Organizational Salary Survey
SURVEY_388499,Senior Product Manager,Confidential Survey Participant,Senior,9,223936.32142017887,Organizational Salary Survey
SURVEY_672595,Executive Software Engineer,Confidential Survey Participant,Executive/Principal,15,211423.81542179492,Organizational Salary Survey
SURVEY_918652,Junior Data Scientist,Confidential Survey Participant,Junior/Entry,0,79022.03994029877,Organizational Salary Survey
SURVEY_632796,Executive Data Scientist,Confidential Survey Participant,Executive/Principal,13,237390.3058341302,Organizational Salary Survey
SURVEY_819146,Senior Project Manager,Confidential Survey Participant,Senior,10,131206.63895147856,Organizational Salary Survey
SURVEY_412915,Mid-Level Data Scientist,Confidential Survey Participant,Mid-Level,3,114937.23814733543,Organizational Salary Survey
SURVEY_101557,Junior Data Analyst,Confidential Survey Participant,Junior/Entry,1,66117.6068765181,Organizational Salary Survey
SURVEY_369484,Junior Product Manager,Confidential Survey Participant,Junior/Entry,0,90754.5348190267,Organizational Salary Survey
SURVEY_972734,Mid-Level Data Engineer,Confidential Survey Participant,Mid-Level,5,131568.92289595437,Organizational Salary Survey
SURVEY_624890,Senior Data Analyst,Confidential Survey Participant,Senior,11,158952.82068980372,Organizational Salary Survey
SURVEY_572897,Junior Project Manager,Confidential Survey Participant,Junior/Entry,0,70978.68882703187,Organizational Salary Survey
SURVEY_394942,Senior Software Engineer,Confidential Survey Participant,Senior,6,142357.73930097287,Organizational Salary Survey
SURVEY_778330,Mid-Level Data Scientist,Confidential Survey Participant,Mid-Level,4,131082.5619048875,Organizational Salary Survey
SURVEY_933206,Junior Data Analyst,Confidential Survey Participant,Junior/Entry,0,74442.78436651867,Organizational Salary Survey
SURVEY_755055,Junior Product Manager,Confidential Survey Participant,Junior/Entry,2,92561.87923202982,Organizational Salary Survey
SURVEY_350461,Executive Data Scientist,Confidential Survey Participant,Executive/Principal,14,302674.0316428666,Organizational Salary Survey
SURVEY_407440,Senior Data Scientist,Confidential Survey Participant,Senior,7,155325.87736694328,Organizational Salary Survey
SURVEY_676509,Mid-Level Software Engineer,Confidential Survey Participant,Mid-Level,4,111104.76062440882,Organizational Salary Survey
SURVEY_186946,Mid-Level Product Manager,Confidential Survey Participant,Mid-Level,4,141630.95765353984,Organizational Salary Survey
SURVEY_673823,Mid-Level Data Scientist,Confidential Survey Participant,Mid-Level,4,140790.0343449088,Organizational Salary Survey
SURVEY_698739,Junior Software Engineer,Confidential Survey Participant,Junior/Entry,0,58476.876013077126,Organizational Salary Survey
SURVEY_274592,Mid-Level Data Analyst,Confidential Survey Participant,Mid-Level,6,85147.67689704592,Organizational Salary Survey
SURVEY_380300,Mid-Level Product Manager,Confidential Survey Participant,Mid-Level,6,144276.09760928978,Organizational Salary Survey
SURVEY_738140,Senior Data Analyst,Confidential Survey Participant,Senior,9,143490.16119280146,Organizational Salary Survey
SURVEY_822566,Junior Data Engineer,Confidential Survey Participant,Junior/Entry,2,92665.40516264107,Organizational Salary Survey
SURVEY_864096,Senior Project Manager,Confidential Survey Participant,Senior,9,129165.92724714987,Organizational Salary Survey
SURVEY_478703,Senior Data Analyst,Confidential Survey Participant,Senior,9,148598.57894581175,Organizational Salary Survey
SURVEY_882166,Mid-Level Software Engineer,Confidential Survey Participant,Mid-Level,3,94544.61923312074,Organizational Salary Survey
SURVEY_530327,Junior Data Scientist,Confidential Survey Participant,Junior/Entry,2,77155.81323549477,Organizational Salary Survey
SURVEY_886578,Mid-Level Software Engineer,Confidential Survey Participant,Mid-Level,3,92822.43291508763,Organizational Salary Survey
SURVEY_655442,Executive Software Engineer,Confidential Survey Participant,Executive/Principal,16,257168.60356689247,Organizational Salary Survey
SURVEY_336003,Junior Data Analyst,Confidential Survey Participant,Junior/Entry,1,67504.7800834549,Organizational Salary Survey
SURVEY_416531,Senior Data Analyst,Confidential Survey Participant,Senior,8,129205.4170150307,Organizational Salary Survey
SURVEY_447406,Executive Data Scientist,Confidential Survey Participant,Executive/Principal,11,294344.66946479474,Organizational Salary Survey
SURVEY_993832,Junior Data Engineer,Confidential Survey Participant,Junior/Entry,2,87338.8444366982,Organizational Salary Survey
SURVEY_747646,Senior Software Engineer,Confidential Survey Participant,Senior,6,151338.58407781582,Organizational Salary Survey
SURVEY_249043,Senior DevOps Engineer,Confidential Survey Participant,Senior,9,162641.56833288397,Organizational Salary Survey
SURVEY_906455,Senior Data Analyst,Confidential Survey Participant,Senior,7,127737.28226577159,Organizational Salary Survey
SURVEY_199665,Junior Data Engineer,Confidential Survey Participant,Junior/Entry,0,79334.28619074263,Organizational Salary Survey
SURVEY_674786,Senior Software Engineer,Confidential Survey Participant,Senior,11,152946.81994234634,Organizational Salary Survey
SURVEY_833759,Mid-Level Software Engineer,Confidential Survey Participant,Mid-Level,3,109278.31912252048,Organizational Salary Survey
SURVEY_775215,Executive DevOps Engineer,Confidential Survey Participant,Executive/Principal,10,336161.13830118795,Organizational Salary Survey
SURVEY_564310,Mid-Level DevOps Engineer,Confidential Survey Participant,Mid-Level,6,135915.65381234052,Organizational Salary Survey
SURVEY_834353,Mid-Level Data Engineer,Confidential Survey Participant,Mid-Level,6,140865.75002459623,Organizational Salary Survey
SURVEY_526576,Mid-Level Data Scientist,Confidential Survey Participant,Mid-Level,4,108620.7159364381,Organizational Salary Survey
SURVEY_166265,Mid-Level Software Engineer,Confidential Survey Participant,Mid-Level,6,110634.65233061611,Organizational Salary Survey
SURVEY_236162,Senior Data Analyst,Confidential Survey Participant,Senior,11,154195.51225585572,Organizational Salary Survey
SURVEY_396848,Mid-Level Project Manager,Confidential Survey Participant,Mid-Level,6,107300.90125281959,Organizational Salary Survey
SURVEY_772315,Executive Software Engineer,Confidential Survey Participant,Executive/Principal,16,233255.01008132243,Organizational Salary Survey
SURVEY_807713,Mid-Level Product Manager,Confidential Survey Participant,Mid-Level,3,122036.64320462773,Organizational Salary Survey
SURVEY_439391,Executive Software Engineer,Confidential Survey Participant,Executive/Principal,14,196997.472006773,Organizational Salary Survey
SURVEY_361318,Senior DevOps Engineer,Confidential Survey Participant,Senior,7,173625.92543603168,Organizational Salary Survey
SURVEY_208323,Mid-Level Data Engineer,Confidential Survey Participant,Mid-Level,6,129378.00297657153,Organizational Salary Survey
SURVEY_510979,Junior DevOps Engineer,Confidential Survey Participant,Junior/Entry,1,97308.8774585855,Organizational Salary Survey
SURVEY_590458,Executive Software Engineer,Confidential Survey Participant,Executive/Principal,18,180539.8155470119,Organizational Salary Survey
SURVEY_337321,Junior Product Manager,Confidential Survey Participant,Junior/Entry,0,82014.83942096938,Organizational Salary Survey
SURVEY_618621,Mid-Level Data Scientist,Confidential Survey Participant,Mid-Level,5,128408.12640859521,Organizational Salary Survey
SURVEY_429547,Mid-Level Data Engineer,Confidential Survey Participant,Mid-Level,4,133543.9233207579,Organizational Salary Survey
SURVEY_447988,Mid-Level Product Manager,Confidential Survey Participant,Mid-Level,6,131683.2271780726,Organizational Salary Survey
SURVEY_375387,Mid-Level Project Manager,Confidential Survey Participant,Mid-Level,3,107037.91647166149,Organizational Salary Survey
SURVEY_366009,Junior Project Manager,Confidential Survey Participant,Junior/Entry,2,58331.65234140047,Organizational Salary Survey
SURVEY_509037,Mid-Level Data Analyst,Confidential Survey Participant,Mid-Level,5,89423.75543848424,Organizational Salary Survey
SURVEY_112944,Senior Data Analyst,Confidential Survey Participant,Senior,11,158400.28255971038,Organizational Salary Survey
SURVEY_842975,Mid-Level Data Engineer,Confidential Survey Participant,Mid-Level,3,121182.26170338396,Organizational Salary Survey
SURVEY_791416,Mid-Level Project Manager,Confidential Survey Participant,Mid-Level,4,91116.52820065638,Organizational Salary Survey
SURVEY_811257,Mid-Level Software Engineer,Confidential Survey Participant,Mid-Level,3,91067.76335155359,Organizational Salary Survey
SURVEY_617722,Junior Data Analyst,Confidential Survey Participant,Junior/Entry,0,67269.06536930229,Organizational Salary Survey
SURVEY_663374,Mid-Level Data Engineer,Confidential Survey Participant,Mid-Level,4,119615.72822174361,Organizational Salary Survey
SURVEY_147583,Senior Project Manager,Confidential Survey Participant,Senior,9,140709.01790435528,Organizational Salary Survey
SURVEY_525097,Senior Data Engineer,Confidential Survey Participant,Senior,10,182630.24044232705,Organizational Salary Survey
SURVEY_274288,Senior DevOps Engineer,Confidential Survey Participant,Senior,11,177739.16561415102,Organizational Salary Survey
SURVEY_399953,Mid-Level Data Engineer,Confidential Survey Participant,Mid-Level,6,112500.09932577988,Organizational Salary Survey
SURVEY_462203,Mid-Level Data Scientist,Confidential Survey Participant,Mid-Level,3,135286.05259862746,Organizational Salary Survey
SURVEY_260936,Junior Software Engineer,Confidential Survey Participant,Junior/Entry,0,67295.77314463044,Organizational Salary Survey
SURVEY_571748,Mid-Level Product Manager,Confidential Survey Participant,Mid-Level,6,137119.02031724065,Organizational Salary Survey
SURVEY_914727,Executive Project Manager,Confidential Survey Participant,Executive/Principal,12,180962.42763472392,Organizational Salary Survey
SURVEY_873252,Mid-Level Software Engineer,Confidential Survey Participant,Mid-Level,6,86813.37060368038,Organizational Salary Survey
SURVEY_884254,Junior Software Engineer,Confidential Survey Participant,Junior/Entry,1,68487.84490469524,Organizational Salary Survey
SURVEY_213857,Mid-Level Software Engineer,Confidential Survey Participant,Mid-Level,6,85710.99112346198,Organizational Salary Survey
SURVEY_636024,Mid-Level Data Scientist,Confidential Survey Participant,Mid-Level,4,113420.71078474881,Organizational Salary Survey
SURVEY_835638,Mid-Level Software Engineer,Confidential Survey Participant,Mid-Level,3,104111.36584706408,Organizational Salary Survey
SURVEY_911538,Executive Software Engineer,Confidential Survey Participant,Executive/Principal,13,188721.47234132793,Organizational Salary Survey
SURVEY_227536,Senior Data Engineer,Confidential Survey Participant,Senior,8,202354.34753493936,Organizational Salary Survey
SURVEY_190749,Mid-Level Product Manager,Confidential Survey Participant,Mid-Level,3,142551.3622658597,Organizational Salary Survey
SURVEY_619779,Junior Software Engineer,Confidential Survey Participant,Junior/Entry,0,67758.5966188773,Organizational Salary Survey
SURVEY_487835,Mid-Level Data Scientist,Confidential Survey Participant,Mid-Level,6,128201.73388920503,Organizational Salary Survey
SURVEY_418413,Executive Software Engineer,Confidential Survey Participant,Executive/Principal,10,246271.24005761367,Organizational Salary Survey
SURVEY_409464,Mid-Level Data Scientist,Confidential Survey Participant,Mid-Level,3,110460.17635551596,Organizational Salary Survey
SURVEY_486329,Senior Data Analyst,Confidential Survey Participant,Senior,8,142981.99909961704,Organizational Salary Survey
SURVEY_487595,Junior Software Engineer,Confidential Survey Participant,Junior/Entry,2,74343.7702008155,Organizational Salary Survey
SURVEY_628390,Senior Data Analyst,Confidential Survey Participant,Senior,9,134210.00045832826,Organizational Salary Survey
SURVEY_815197,Junior Data Analyst,Confidential Survey Participant,Junior/Entry,2,67938.1317605014,Organizational Salary Survey
SURVEY_463161,Mid-Level Data Engineer,Confidential Survey Participant,Mid-Level,6,138525.76618480554,Organizational Salary Survey
SURVEY_195098,Mid-Level Project Manager,Confidential Survey Participant,Mid-Level,6,86178.23674177562,Organizational Salary Survey
SURVEY_820403,Mid-Level Software Engineer,Confidential Survey Participant,Mid-Level,5,87705.12807951051,Organizational Salary Survey
SURVEY_110760,Mid-Level Data Scientist,Confidential Survey Participant,Mid-Level,4,118402.39594382784,Organizational Salary Survey
SURVEY_497182,Junior Software Engineer,Confidential Survey Participant,Junior/Entry,1,59949.69643879563,Organizational Salary Survey
SURVEY_587866,Junior Software Engineer,Confidential Survey Participant,Junior/Entry,0,69137.78633453736,Organizational Salary Survey
SURVEY_462196,Mid-Level Data Engineer,Confidential Survey Participant,Mid-Level,5,111659.98139826096,Organizational Salary Survey
SURVEY_291063,Executive DevOps Engineer,Confidential Survey Participant,Executive/Principal,11,302250.1401276906,Organizational Salary Survey
SURVEY_130247,Junior Data Scientist,Confidential Survey Participant,Junior/Entry,1,84263.3109324,Organizational Salary Survey
SURVEY_834088,Junior Software Engineer,Confidential Survey Participant,Junior/Entry,0,71199.20049541103,Organizational Salary Survey
SURVEY_992127,Junior Data Scientist,Confidential Survey Participant,Junior/Entry,2,78612.5536290855,Organizational Salary Survey
SURVEY_513910,Executive Data Scientist,Confidential Survey Participant,Executive/Principal,12,323718.8185805091,Organizational Salary Survey
SURVEY_218051,Senior Software Engineer,Confidential Survey Participant,Senior,8,159986.73895702817,Organizational Salary Survey
SURVEY_449271,Junior Data Scientist,Confidential Survey Participant,Junior/Entry,2,73569.71204353309,Organizational Salary Survey
SURVEY_847746,Mid-Level Software Engineer,Confidential Survey Participant,Mid-Level,5,84895.13156855822,Organizational Salary Survey
SURVEY_138154,Mid-Level Software Engineer,Confidential Survey Participant,Mid-Level,4,98886.35572550209,Organizational Salary Survey
SURVEY_429095,Mid-Level Software Engineer,Confidential Survey Participant,Mid-Level,6,99491.8904925788,Organizational Salary Survey
SURVEY_500820,Mid-Level Data Analyst,Confidential Survey Participant,Mid-Level,3,108402.37789924169,Organizational Salary Survey
SURVEY_933021,Senior Software Engineer,Confidential Survey Participant,Senior,8,124756.10399904937,Organizational Salary Survey
SURVEY_929643,Mid-Level Project Manager,Confidential Survey Participant,Mid-Level,6,84457.1069990356,Organizational Salary Survey
SURVEY_976157,Mid-Level DevOps Engineer,Confidential Survey Participant,Mid-Level,5,111409.34474202005,Organizational Salary Survey
SURVEY_690228,Mid-Level Product Manager,Confidential Survey Participant,Mid-Level,3,147766.8860756901,Organizational Salary Survey
SURVEY_183799,Mid-Level Project Manager,Confidential Survey Participant,Mid-Level,4,86026.42987241776,Organizational Salary Survey
SURVEY_884650,Mid-Level Data Scientist,Confidential Survey Participant,Mid-Level,3,110761.67553004065,Organizational Salary Survey
SURVEY_527833,Executive Data Analyst,Confidential Survey Participant,Executive/Principal,13,195407.1756748809,Organizational Salary Survey
SURVEY_546442,Senior Data Analyst,Confidential Survey Participant,Senior,8,157205.28353243897,Organizational Salary Survey
SURVEY_501654,Junior Software Engineer,Confidential Survey Participant,Junior/Entry,1,61468.02765964973,Organizational Salary Survey
SURVEY_216981,Mid-Level Software Engineer,Confidential Survey Participant,Mid-Level,5,94083.91760561494,Organizational Salary Survey
SURVEY_923410,Mid-Level Product Manager,Confidential Survey Participant,Mid-Level,5,127794.85178058642,Organizational Salary Survey
SURVEY_830549,Executive DevOps Engineer,Confidential Survey Participant,Executive/Principal,16,246213.89420565384,Organizational Salary Survey
SURVEY_102509,Executive Data Analyst,Confidential Survey Participant,Executive/Principal,19,225966.51388457866,Organizational Salary Survey
SURVEY_505412,Executive Data Scientist,Confidential Survey Participant,Executive/Principal,14,230143.48511558428,Organizational Salary Survey
SURVEY_526551,Mid-Level Software Engineer,Confidential Survey Participant,Mid-Level,4,108525.8688809458,Organizational Salary Survey
SURVEY_979111,Executive Software Engineer,Confidential Survey Participant,Executive/Principal,10,244853.0332535993,Organizational Salary Survey
SURVEY_878511,Executive Data Analyst,Confidential Survey Participant,Executive/Principal,13,202214.69306525865,Organizational Salary Survey
SURVEY_886659,Senior Data Scientist,Confidential Survey Participant,Senior,9,167639.58448603214,Organizational Salary Survey
SURVEY_131107,Mid-Level Project Manager,Confidential Survey Participant,Mid-Level,4,105677.8914270477,Organizational Salary Survey
SURVEY_352905,Executive Data Analyst,Confidential Survey Participant,Executive/Principal,19,216233.5704941479,Organizational Salary Survey
SURVEY_308165,Mid-Level Data Scientist,Confidential Survey Participant,Mid-Level,4,141460.22943206152,Organizational Salary Survey
SURVEY_456410,Mid-Level Data Scientist,Confidential Survey Participant,Mid-Level,5,120414.3445201633,Organizational Salary Survey
SURVEY_206647,Senior Product Manager,Confidential Survey Participant,Senior,10,205155.93838266525,Organizational Salary Survey
SURVEY_483261,Junior Product Manager,Confidential Survey Participant,Junior/Entry,2,86868.0774095412,Organizational Salary Survey
SURVEY_535452,Senior Data Scientist,Confidential Survey Participant,Senior,10,166101.958442806,Organizational Salary Survey
SURVEY_206043,Mid-Level Software Engineer,Confidential Survey Participant,Mid-Level,5,96179.81895302518,Organizational Salary Survey
SURVEY_823111,Mid-Level Data Scientist,Confidential Survey Participant,Mid-Level,3,129120.62455996091,Organizational Salary Survey
SURVEY_768177,Senior Data Scientist,Confidential Survey Participant,Senior,9,186740.93733087776,Organizational Salary Survey
SURVEY_272518,Senior Data Analyst,Confidential Survey Participant,Senior,7,119246.3942084521,Organizational Salary Survey
SURVEY_273105,Junior Software Engineer,Confidential Survey Participant,Junior/Entry,1,66956.80549968286,Organizational Salary Survey
SURVEY_198576,Mid-Level Software Engineer,Confidential Survey Participant,Mid-Level,5,93890.3145842751,Organizational Salary Survey
SURVEY_861179,Junior Data Scientist,Confidential Survey Participant,Junior/Entry,0,92209.01102496714,Organizational Salary Survey
SURVEY_227285,Mid-Level DevOps Engineer,Confidential Survey Participant,Mid-Level,3,114341.91599311662,Organizational Salary Survey
SURVEY_715171,Mid-Level Data Scientist,Confidential Survey Participant,Mid-Level,5,135235.2356036694,Organizational Salary Survey
SURVEY_174739,Mid-Level DevOps Engineer,Confidential Survey Participant,Mid-Level,3,124241.25890965613,Organizational Salary Survey
SURVEY_172047,Junior Product Manager,Confidential Survey Participant,Junior/Entry,1,82367.6174688024,Organizational Salary Survey
SURVEY_602451,Junior Data Scientist,Confidential Survey Participant,Junior/Entry,1,84403.14401774947,Organizational Salary Survey
SURVEY_674210,Senior Data Engineer,Confidential Survey Participant,Senior,8,200046.61588189245,Organizational Salary Survey
SURVEY_682606,Mid-Level Data Scientist,Confidential Survey Participant,Mid-Level,3,137420.7374649736,Organizational Salary Survey
SURVEY_712282,Mid-Level Data Analyst,Confidential Survey Participant,Mid-Level,6,87025.35314799516,Organizational Salary Survey
SURVEY_268645,Executive DevOps Engineer,Confidential Survey Participant,Executive/Principal,15,275800.44540739694,Organizational Salary Survey
SURVEY_908418,Senior Project Manager,Confidential Survey Participant,Senior,8,149689.71223465475,Organizational Salary Survey
SURVEY_197276,Mid-Level Software Engineer,Confidential Survey Participant,Mid-Level,6,104492.9610443262,Organizational Salary Survey
SURVEY_711143,Mid-Level Product Manager,Confidential Survey Participant,Mid-Level,4,120922.01418112704,Organizational Salary Survey
SURVEY_112809,Senior Data Scientist,Confidential Survey Participant,Senior,6,199970.85439893886,Organizational Salary Survey
SURVEY_867368,Executive Data Scientist,Confidential Survey Participant,Executive/Principal,16,266457.9052199196,Organizational Salary Survey
SURVEY_487017,Mid-Level Product Manager,Confidential Survey Participant,Mid-Level,5,139184.75672646405,Organizational Salary Survey
SURVEY_117146,Junior Data Engineer,Confidential Survey Participant,Junior/Entry,2,77195.81608062508,Organizational Salary Survey
SURVEY_832935,Senior Project Manager,Confidential Survey Participant,Senior,7,154057.51345142213,Organizational Salary Survey
SURVEY_927467,Senior Software Engineer,Confidential Survey Participant,Senior,9,154967.99511792872,Organizational Salary Survey
SURVEY_978511,Junior Data Engineer,Confidential Survey Participant,Junior/Entry,1,91940.92252178025,Organizational Salary Survey
SURVEY_941962,Senior Data Scientist,Confidential Survey Participant,Senior,6,203187.262908,Organizational Salary Survey
SURVEY_254930,Mid-Level Software Engineer,Confidential Survey Participant,Mid-Level,6,103753.44257865692,Organizational Salary Survey
SURVEY_438888,Junior Data Engineer,Confidential Survey Participant,Junior/Entry,0,94719.46726937777,Organizational Salary Survey
SURVEY_990055,Mid-Level Data Analyst,Confidential Survey Participant,Mid-Level,4,85547.5562559071,Organizational Salary Survey
SURVEY_354618,Senior Project Manager,Confidential Survey Participant,Senior,11,153888.46572295166,Organizational Salary Survey
SURVEY_415717,Mid-Level Software Engineer,Confidential Survey Participant,Mid-Level,5,89865.59461263551,Organizational Salary Survey
SURVEY_143796,Senior Project Manager,Confidential Survey Participant,Senior,9,119262.72153053756,Organizational Salary Survey
SURVEY_533573,Mid-Level Data Engineer,Confidential Survey Participant,Mid-Level,5,130729.88397097238,Organizational Salary Survey
SURVEY_853602,Mid-Level Project Manager,Confidential Survey Participant,Mid-Level,6,104032.94847318507,Organizational Salary Survey
SURVEY_478713,Senior Data Scientist,Confidential Survey Participant,Senior,7,169455.19129584197,Organizational Salary Survey
SURVEY_594055,Mid-Level Data Engineer,Confidential Survey Participant,Mid-Level,5,127559.3599793286,Organizational Salary Survey
SURVEY_621211,Mid-Level Software Engineer,Confidential Survey Participant,Mid-Level,5,109260.03306102702,Organizational Salary Survey
SURVEY_498208,Junior Software Engineer,Confidential Survey Participant,Junior/Entry,1,70404.45086379451,Organizational Salary Survey
SURVEY_723397,Mid-Level Data Scientist,Confidential Survey Participant,Mid-Level,4,112821.11780078035,Organizational Salary Survey
SURVEY_308064,Mid-Level Data Scientist,Confidential Survey Participant,Mid-Level,5,126790.48059565698,Organizational Salary Survey
SURVEY_783309,Senior Data Scientist,Confidential Survey Participant,Senior,10,189036.95203089772,Organizational Salary Survey
SURVEY_573174,Junior Data Engineer,Confidential Survey Participant,Junior/Entry,2,83099.94659685883,Organizational Salary Survey
SURVEY_877792,Senior Data Analyst,Confidential Survey Participant,Senior,10,131815.8103429719,Organizational Salary Survey
SURVEY_839986,Junior Data Engineer,Confidential Survey Participant,Junior/Entry,0,80456.46778261679,Organizational Salary Survey
SURVEY_453026,Mid-Level Data Analyst,Confidential Survey Participant,Mid-Level,3,101355.05683174853,Organizational Salary Survey
SURVEY_638018,Senior Data Analyst,Confidential Survey Participant,Senior,11,154834.73057046338,Organizational Salary Survey
SURVEY_698092,Executive Software Engineer,Confidential Survey Participant,Executive/Principal,12,225671.86462766654,Organizational Salary Survey
SURVEY_293721,Mid-Level Product Manager,Confidential Survey Participant,Mid-Level,3,126375.7432907114,Organizational Salary Survey
SURVEY_808773,Senior Software Engineer,Confidential Survey Participant,Senior,10,125274.13357525044,Organizational Salary Survey
SURVEY_432629,Mid-Level Project Manager,Confidential Survey Participant,Mid-Level,3,89596.74356384425,Organizational Salary Survey
SURVEY_432811,Senior Software Engineer,Confidential Survey Participant,Senior,6,135734.47439584887,Organizational Salary Survey
SURVEY_914010,Mid-Level Product Manager,Confidential Survey Participant,Mid-Level,6,138370.72067186236,Organizational Salary Survey
SURVEY_411868,Mid-Level Data Analyst,Confidential Survey Participant,Mid-Level,6,93775.1460899133,Organizational Salary Survey
SURVEY_886759,Junior Data Analyst,Confidential Survey Participant,Junior/Entry,1,67271.42655242997,Organizational Salary Survey
SURVEY_506715,Mid-Level Data Analyst,Confidential Survey Participant,Mid-Level,5,94113.01965857758,Organizational Salary Survey
SURVEY_152337,Senior Project Manager,Confidential Survey Participant,Senior,7,142826.89868397094,Organizational Salary Survey
SURVEY_439367,Mid-Level Data Analyst,Confidential Survey Participant,Mid-Level,3,109009.61669363435,Organizational Salary Survey
SURVEY_609665,Executive Data Scientist,Confidential Survey Participant,Executive/Principal,15,227280.19523250734,Organizational Salary Survey
SURVEY_420077,Senior Software Engineer,Confidential Survey Participant,Senior,10,122756.75999238549,Organizational Salary Survey
SURVEY_522065,Junior Data Analyst,Confidential Survey Participant,Junior/Entry,0,73504.28597377638,Organizational Salary Survey
SURVEY_266037,Executive Project Manager,Confidential Survey Participant,Executive/Principal,18,204428.47312952025,Organizational Salary Survey
SURVEY_681145,Mid-Level Data Analyst,Confidential Survey Participant,Mid-Level,5,84543.61271326673,Organizational Salary Survey
SURVEY_347858,Mid-Level Software Engineer,Confidential Survey Participant,Mid-Level,6,98956.02845964013,Organizational Salary Survey
SURVEY_674789,Mid-Level Data Engineer,Confidential Survey Participant,Mid-Level,4,114676.19946787303,Organizational Salary Survey
SURVEY_655502,Junior Software Engineer,Confidential Survey Participant,Junior/Entry,2,71175.604819943,Organizational Salary Survey
SURVEY_532808,Executive Software Engineer,Confidential Survey Participant,Executive/Principal,17,211041.25574309833,Organizational Salary Survey
SURVEY_523905,Mid-Level Data Engineer,Confidential Survey Participant,Mid-Level,5,121933.64803740726,Organizational Salary Survey
SURVEY_215836,Junior DevOps Engineer,Confidential Survey Participant,Junior/Entry,1,75515.16897993165,Organizational Salary Survey
SURVEY_423558,Junior Software Engineer,Confidential Survey Participant,Junior/Entry,1,73314.23578302129,Organizational Salary Survey
SURVEY_520644,Senior Product Manager,Confidential Survey Participant,Senior,6,172134.57287752288,Organizational Salary Survey
SURVEY_650103,Senior Software Engineer,Confidential Survey Participant,Senior,11,149481.7069910846,Organizational Salary Survey
SURVEY_587450,Mid-Level Data Engineer,Confidential Survey Participant,Mid-Level,6,124001.99571256535,Organizational Salary Survey
SURVEY_397630,Mid-Level Software Engineer,Confidential Survey Participant,Mid-Level,5,100754.63878790598,Organizational Salary Survey
SURVEY_835058,Mid-Level Data Engineer,Confidential Survey Participant,Mid-Level,4,111807.69818836608,Organizational Salary Survey
SURVEY_605255,Mid-Level Software Engineer,Confidential Survey Participant,Mid-Level,3,85874.30450860794,Organizational Salary Survey
SURVEY_366805,Junior Data Engineer,Confidential Survey Participant,Junior/Entry,2,96312.92204156924,Organizational Salary Survey
SURVEY_178906,Mid-Level Product Manager,Confidential Survey Participant,Mid-Level,4,129805.56774560452,Organizational Salary Survey
SURVEY_924433,Junior Software Engineer,Confidential Survey Participant,Junior/Entry,2,72890.04370874671,Organizational Salary Survey
SURVEY_253256,Senior Software Engineer,Confidential Survey Participant,Senior,9,133207.9113947824,Organizational Salary Survey
SURVEY_681032,Senior Data Analyst,Confidential Survey Participant,Senior,7,157890.64401093594,Organizational Salary Survey
SURVEY_177304,Mid-Level Project Manager,Confidential Survey Participant,Mid-Level,6,111677.32717063923,Organizational Salary Survey
SURVEY_725286,Mid-Level Software Engineer,Confidential Survey Participant,Mid-Level,6,90986.9178001979,Organizational Salary Survey
SURVEY_299148,Executive Project Manager,Confidential Survey Participant,Executive/Principal,19,251513.888199009,Organizational Salary Survey
SURVEY_747507,Mid-Level Product Manager,Confidential Survey Participant,Mid-Level,5,125477.24876787906,Organizational Salary Survey
SURVEY_570621,Mid-Level Software Engineer,Confidential Survey Participant,Mid-Level,3,108832.62877891584,Organizational Salary Survey
SURVEY_312595,Senior Data Engineer,Confidential Survey Participant,Senior,7,198457.2414105902,Organizational Salary Survey
SURVEY_462404,Mid-Level Software Engineer,Confidential Survey Participant,Mid-Level,5,102999.0539424084,Organizational Salary Survey
SURVEY_720478,Junior Project Manager,Confidential Survey Participant,Junior/Entry,2,56550.11588148034,Organizational Salary Survey
SURVEY_575888,Mid-Level Data Engineer,Confidential Survey Participant,Mid-Level,4,112314.73735673775,Organizational Salary Survey
SURVEY_215407,Mid-Level Data Scientist,Confidential Survey Participant,Mid-Level,6,127597.70352486175,Organizational Salary Survey
SURVEY_629373,Mid-Level Data Engineer,Confidential Survey Participant,Mid-Level,6,142525.12451906918,Organizational Salary Survey
SURVEY_409740,Mid-Level Data Engineer,Confidential Survey Participant,Mid-Level,3,136432.155575867,Organizational Salary Survey
SURVEY_569889,Junior Data Engineer,Confidential Survey Participant,Junior/Entry,1,89909.58226608213,Organizational Salary Survey
SURVEY_976674,Junior Product Manager,Confidential Survey Participant,Junior/Entry,0,88593.12286281728,Organizational Salary Survey
SURVEY_403541,Mid-Level Data Analyst,Confidential Survey Participant,Mid-Level,3,97246.16915242028,Organizational Salary Survey
SURVEY_406685,Junior Data Analyst,Confidential Survey Participant,Junior/Entry,2,64952.95009059647,Organizational Salary Survey
SURVEY_353458,Mid-Level Data Engineer,Confidential Survey Participant,Mid-Level,5,110031.03503516097,Organizational Salary Survey
SURVEY_660936,Mid-Level Software Engineer,Confidential Survey Participant,Mid-Level,5,87260.12241668442,Organizational Salary Survey
SURVEY_566333,Mid-Level Product Manager,Confidential Survey Participant,Mid-Level,5,130756.7309549336,Organizational Salary Survey
SURVEY_651171,Mid-Level Software Engineer,Confidential Survey Participant,Mid-Level,3,100917.6525129365,Organizational Salary Survey
SURVEY_637500,Mid-Level Product Manager,Confidential Survey Participant,Mid-Level,3,141393.96564644368,Organizational Salary Survey
SURVEY_644781,Mid-Level Data Scientist,Confidential Survey Participant,Mid-Level,3,138782.18173122662,Organizational Salary Survey
SURVEY_870531,Mid-Level Data Engineer,Confidential Survey Participant,Mid-Level,3,127960.05536519595,Organizational Salary Survey
SURVEY_224292,Junior Data Engineer,Confidential Survey Participant,Junior/Entry,0,96312.27907850941,Organizational Salary Survey
SURVEY_413811,Mid-Level Data Analyst,Confidential Survey Participant,Mid-Level,4,90253.87564502218,Organizational Salary Survey
SURVEY_578858,Mid-Level DevOps Engineer,Confidential Survey Participant,Mid-Level,5,109990.59308496944,Organizational Salary Survey
SURVEY_254147,Mid-Level Data Scientist,Confidential Survey Participant,Mid-Level,3,120457.76168910052,Organizational Salary Survey
SURVEY_285050,Mid-Level Data Engineer,Confidential Survey Participant,Mid-Level,4,133771.061417453,Organizational Salary Survey
SURVEY_874766,Mid-Level Project Manager,Confidential Survey Participant,Mid-Level,3,84781.12237585866,Organizational Salary Survey
SURVEY_131033,Senior Data Engineer,Confidential Survey Participant,Senior,7,197607.70944494448,Organizational Salary Survey
SURVEY_188693,Mid-Level Software Engineer,Confidential Survey Participant,Mid-Level,6,104795.19382834226,Organizational Salary Survey
SURVEY_432937,Mid-Level DevOps Engineer,Confidential Survey Participant,Mid-Level,3,118965.04320359371,Organizational Salary Survey
SURVEY_490109,Senior Data Engineer,Confidential Survey Participant,Senior,6,190702.22120004942,Organizational Salary Survey
SURVEY_392607,Executive Software Engineer,Confidential Survey Participant,Executive/Principal,15,206556.27870578374,Organizational Salary Survey
SURVEY_160874,Senior Software Engineer,Confidential Survey Participant,Senior,9,156302.66338887313,Organizational Salary Survey
SURVEY_591157,Junior Software Engineer,Confidential Survey Participant,Junior/Entry,2,73131.34392858908,Organizational Salary Survey
SURVEY_499756,Mid-Level Product Manager,Confidential Survey Participant,Mid-Level,6,120676.78260683945,Organizational Salary Survey
SURVEY_325442,Mid-Level Project Manager,Confidential Survey Participant,Mid-Level,3,109220.64522671692,Organizational Salary Survey
SURVEY_243991,Mid-Level Software Engineer,Confidential Survey Participant,Mid-Level,6,109967.00966734102,Organizational Salary Survey
SURVEY_103136,Junior Project Manager,Confidential Survey Participant,Junior/Entry,2,68860.44233931544,Organizational Salary Survey
SURVEY_168040,Senior Data Engineer,Confidential Survey Participant,Senior,9,165917.62462825974,Organizational Salary Survey
SURVEY_142759,Junior Data Engineer,Confidential Survey Participant,Junior/Entry,0,73143.19262034222,Organizational Salary Survey
SURVEY_208615,Senior DevOps Engineer,Confidential Survey Participant,Senior,11,205077.99553399844,Organizational Salary Survey
SURVEY_162161,Mid-Level Data Engineer,Confidential Survey Participant,Mid-Level,3,117844.00381864591,Organizational Salary Survey
SURVEY_895090,Mid-Level Software Engineer,Confidential Survey Participant,Mid-Level,6,88640.99734924367,Organizational Salary Survey
SURVEY_586997,Junior Project Manager,Confidential Survey Participant,Junior/Entry,1,63036.563246630634,Organizational Salary Survey
SURVEY_341312,Senior Data Analyst,Confidential Survey Participant,Senior,7,126703.10366462493,Organizational Salary Survey
SURVEY_308445,Executive Software Engineer,Confidential Survey Participant,Executive/Principal,12,201432.41797104303,Organizational Salary Survey
SURVEY_246296,Mid-Level Data Analyst,Confidential Survey Participant,Mid-Level,3,87504.94195108034,Organizational Salary Survey
SURVEY_747245,Mid-Level Project Manager,Confidential Survey Participant,Mid-Level,5,101717.63759756515,Organizational Salary Survey
SURVEY_191237,Mid-Level DevOps Engineer,Confidential Survey Participant,Mid-Level,6,115846.54499882902,Organizational Salary Survey
SURVEY_292984,Mid-Level Data Analyst,Confidential Survey Participant,Mid-Level,3,87574.79318192361,Organizational Salary Survey
SURVEY_739819,Mid-Level Data Scientist,Confidential Survey Participant,Mid-Level,3,125645.31219989904,Organizational Salary Survey
SURVEY_787398,Mid-Level Software Engineer,Confidential Survey Participant,Mid-Level,3,111185.40919172151,Organizational Salary Survey
SURVEY_173800,Junior Data Scientist,Confidential Survey Participant,Junior/Entry,1,81665.3594669287,Organizational Salary Survey
SURVEY_638650,Mid-Level Data Scientist,Confidential Survey Participant,Mid-Level,5,112935.2093966499,Organizational Salary Survey
SURVEY_817754,Mid-Level Data Analyst,Confidential Survey Participant,Mid-Level,4,90444.30140387839,Organizational Salary Survey
SURVEY_221123,Mid-Level Software Engineer,Confidential Survey Participant,Mid-Level,3,106859.66636644371,Organizational Salary Survey
SURVEY_701982,Junior Data Scientist,Confidential Survey Participant,Junior/Entry,0,82815.39684330754,Organizational Salary Survey
SURVEY_884020,Senior Data Engineer,Confidential Survey Participant,Senior,11,200430.4103636048,Organizational Salary Survey
SURVEY_879722,Mid-Level Software Engineer,Confidential Survey Participant,Mid-Level,6,94081.53822609533,Organizational Salary Survey
SURVEY_941143,Mid-Level Data Scientist,Confidential Survey Participant,Mid-Level,4,130977.59155526619,Organizational Salary Survey
SURVEY_724193,Mid-Level Product Manager,Confidential Survey Participant,Mid-Level,5,126139.95024026105,Organizational Salary Survey
SURVEY_587463,Senior Data Scientist,Confidential Survey Participant,Senior,11,178418.80337937947,Organizational Salary Survey
SURVEY_183068,Mid-Level Software Engineer,Confidential Survey Participant,Mid-Level,5,105482.11715249419,Organizational Salary Survey
SURVEY_337235,Junior Data Engineer,Confidential Survey Participant,Junior/Entry,1,81368.87779997534,Organizational Salary Survey
SURVEY_959075,Junior Software Engineer,Confidential Survey Participant,Junior/Entry,2,62192.79860593638,Organizational Salary Survey
SURVEY_522994,Junior Project Manager,Confidential Survey Participant,Junior/Entry,0,62767.724608440934,Organizational Salary Survey
SURVEY_650623,Junior Product Manager,Confidential Survey Participant,Junior/Entry,1,83046.96956215771,Organizational Salary Survey
SURVEY_714161,Senior Data Analyst,Confidential Survey Participant,Senior,8,150737.00905539747,Organizational Salary Survey
SURVEY_695769,Executive Software Engineer,Confidential Survey Participant,Executive/Principal,18,181199.91241703517,Organizational Salary Survey
SURVEY_609777,Senior Data Analyst,Confidential Survey Participant,Senior,7,155998.27743072188,Organizational Salary Survey
SURVEY_892275,Mid-Level Project Manager,Confidential Survey Participant,Mid-Level,6,99132.47651182569,Organizational Salary Survey
SURVEY_537663,Executive Software Engineer,Confidential Survey Participant,Executive/Principal,14,205667.4144649739,Organizational Salary Survey
SURVEY_561968,Mid-Level Data Analyst,Confidential Survey Participant,Mid-Level,5,104477.08519399329,Organizational Salary Survey
SURVEY_557328,Mid-Level Data Analyst,Confidential Survey Participant,Mid-Level,4,101519.40280056036,Organizational Salary Survey
SURVEY_980682,Senior Data Analyst,Confidential Survey Participant,Senior,9,137825.27715481166,Organizational Salary Survey
SURVEY_332558,Junior Software Engineer,Confidential Survey Participant,Junior/Entry,1,63451.031995314115,Organizational Salary Survey
SURVEY_407244,Mid-Level Data Engineer,Confidential Survey Participant,Mid-Level,5,137825.73651281084,Organizational Salary Survey
SURVEY_833066,Junior Software Engineer,Confidential Survey Participant,Junior/Entry,2,64979.20733273385,Organizational Salary Survey
SURVEY_270223,Mid-Level Software Engineer,Confidential Survey Participant,Mid-Level,6,84463.8998336324,Organizational Salary Survey
SURVEY_674913,Mid-Level DevOps Engineer,Confidential Survey Participant,Mid-Level,5,114144.15972469207,Organizational Salary Survey
SURVEY_347584,Mid-Level Data Analyst,Confidential Survey Participant,Mid-Level,3,111916.21820000648,Organizational Salary Survey
SURVEY_164610,Mid-Level Project Manager,Confidential Survey Participant,Mid-Level,6,97194.70548174022,Organizational Salary Survey
SURVEY_309057,Executive Data Analyst,Confidential Survey Participant,Executive/Principal,12,277563.18116485816,Organizational Salary Survey
SURVEY_812785,Junior Data Analyst,Confidential Survey Participant,Junior/Entry,0,75992.68945126652,Organizational Salary Survey
SURVEY_845650,Executive Project Manager,Confidential Survey Participant,Executive/Principal,19,175102.97149028187,Organizational Salary Survey
SURVEY_860841,Mid-Level Data Engineer,Confidential Survey Participant,Mid-Level,6,121239.01343894565,Organizational Salary Survey
SURVEY_813209,Junior Project Manager,Confidential Survey Participant,Junior/Entry,0,74866.1538778336,Organizational Salary Survey
SURVEY_691776,Senior Product Manager,Confidential Survey Participant,Senior,8,213909.89236917396,Organizational Salary Survey
SURVEY_128159,Mid-Level Product Manager,Confidential Survey Participant,Mid-Level,6,140089.5246450837,Organizational Salary Survey
SURVEY_502474,Senior Data Engineer,Confidential Survey Participant,Senior,10,176916.9283439816,Organizational Salary Survey
SURVEY_546316,Senior Software Engineer,Confidential Survey Participant,Senior,7,145787.29531909758,Organizational Salary Survey
SURVEY_743570,Senior Product Manager,Confidential Survey Participant,Senior,9,174456.43161192947,Organizational Salary Survey
SURVEY_470753,Senior Project Manager,Confidential Survey Participant,Senior,9,157408.1456851208,Organizational Salary Survey
SURVEY_440910,Mid-Level Software Engineer,Confidential Survey Participant,Mid-Level,6,109313.4223479672,Organizational Salary Survey
SURVEY_306155,Mid-Level DevOps Engineer,Confidential Survey Participant,Mid-Level,4,131698.4971578,Organizational Salary Survey
SURVEY_741709,Mid-Level Software Engineer,Confidential Survey Participant,Mid-Level,4,95769.50109537588,Organizational Salary Survey
SURVEY_344145,Mid-Level Software Engineer,Confidential Survey Participant,Mid-Level,6,105185.23334989321,Organizational Salary Survey
SURVEY_333873,Mid-Level Data Scientist,Confidential Survey Participant,Mid-Level,4,126681.19675917244,Organizational Salary Survey
SURVEY_654568,Mid-Level Software Engineer,Confidential Survey Participant,Mid-Level,5,95810.30889129675,Organizational Salary Survey
SURVEY_891409,Senior Data Scientist,Confidential Survey Participant,Senior,11,170772.26112014177,Organizational Salary Survey
SURVEY_568344,Mid-Level Product Manager,Confidential Survey Participant,Mid-Level,5,156275.66339066235,Organizational Salary Survey
SURVEY_623607,Mid-Level Software Engineer,Confidential Survey Participant,Mid-Level,5,95202.58074662104,Organizational Salary Survey
SURVEY_413672,Senior DevOps Engineer,Confidential Survey Participant,Senior,8,172382.3878615205,Organizational Salary Survey
SURVEY_393724,Junior Data Engineer,Confidential Survey Participant,Junior/Entry,0,84207.44544984194,Organizational Salary Survey
SURVEY_756995,Mid-Level Product Manager,Confidential Survey Participant,Mid-Level,4,151534.87125434,Organizational Salary Survey
SURVEY_580907,Senior Software Engineer,Confidential Survey Participant,Senior,11,122640.51975248812,Organizational Salary Survey
SURVEY_569460,Junior Software Engineer,Confidential Survey Participant,Junior/Entry,1,70984.9467633558,Organizational Salary Survey
SURVEY_761348,Mid-Level Product Manager,Confidential Survey Participant,Mid-Level,5,152381.68723398403,Organizational Salary Survey
SURVEY_402230,Mid-Level Software Engineer,Confidential Survey Participant,Mid-Level,6,102576.13424884995,Organizational Salary Survey
SURVEY_856013,Executive Software Engineer,Confidential Survey Participant,Executive/Principal,10,248746.27561565125,Organizational Salary Survey
SURVEY_801432,Junior Software Engineer,Confidential Survey Participant,Junior/Entry,2,61111.36569529798,Organizational Salary Survey
SURVEY_377402,Senior Data Scientist,Confidential Survey Participant,Senior,6,194274.89146650393,Organizational Salary Survey
SURVEY_146078,Mid-Level Project Manager,Confidential Survey Participant,Mid-Level,5,90867.88519380282,Organizational Salary Survey
SURVEY_257568,Senior Software Engineer,Confidential Survey Participant,Senior,10,127287.58883051861,Organizational Salary Survey
SURVEY_136651,Mid-Level Software Engineer,Confidential Survey Participant,Mid-Level,5,84330.30588879331,Organizational Salary Survey
SURVEY_348401,Junior Data Engineer,Confidential Survey Participant,Junior/Entry,1,84935.731417493,Organizational Salary Survey
SURVEY_614604,Junior Product Manager,Confidential Survey Participant,Junior/Entry,0,102958.80289540689,Organizational Salary Survey
SURVEY_423685,Senior Data Scientist,Confidential Survey Participant,Senior,10,196057.27493718287,Organizational Salary Survey
SURVEY_628104,Junior Project Manager,Confidential Survey Participant,Junior/Entry,0,61411.50137963085,Organizational Salary Survey
SURVEY_413521,Mid-Level Project Manager,Confidential Survey Participant,Mid-Level,6,87285.23852885891,Organizational Salary Survey
SURVEY_490575,Mid-Level Project Manager,Confidential Survey Participant,Mid-Level,6,102688.22588958606,Organizational Salary Survey
SURVEY_893125,Senior Software Engineer,Confidential Survey Participant,Senior,7,138589.47441368437,Organizational Salary Survey
SURVEY_300696,Mid-Level Product Manager,Confidential Survey Participant,Mid-Level,6,136378.15674662896,Organizational Salary Survey
SURVEY_528687,Executive Data Scientist,Confidential Survey Participant,Executive/Principal,15,329611.79208098917,Organizational Salary Survey
SURVEY_726199,Mid-Level Data Scientist,Confidential Survey Participant,Mid-Level,6,128711.92365006887,Organizational Salary Survey
SURVEY_678382,Mid-Level Product Manager,Confidential Survey Participant,Mid-Level,6,156094.0156935805,Organizational Salary Survey
SURVEY_874035,Mid-Level DevOps Engineer,Confidential Survey Participant,Mid-Level,6,110105.09097403388,Organizational Salary Survey
SURVEY_328807,Senior Data Scientist,Confidential Survey Participant,Senior,7,178093.0312397492,Organizational Salary Survey
SURVEY_728993,Senior Data Engineer,Confidential Survey Participant,Senior,9,157961.110246332,Organizational Salary Survey
SURVEY_643504,Executive Product Manager,Confidential Survey Participant,Executive/Principal,14,341246.0715694427,Organizational Salary Survey
SURVEY_974525,Senior Data Analyst,Confidential Survey Participant,Senior,8,151905.26888731742,Organizational Salary Survey
SURVEY_816615,Mid-Level Project Manager,Confidential Survey Participant,Mid-Level,5,99077.6777148453,Organizational Salary Survey
SURVEY_998552,Executive Product Manager,Confidential Survey Participant,Executive/Principal,12,326746.86394449504,Organizational Salary Survey
SURVEY_685744,Senior Software Engineer,Confidential Survey Participant,Senior,9,158864.02402916222,Organizational Salary Survey
SURVEY_633375,Junior Software Engineer,Confidential Survey Participant,Junior/Entry,2,67973.04595003114,Organizational Salary Survey
SURVEY_151730,Executive Software Engineer,Confidential Survey Participant,Executive/Principal,10,210747.15212957584,Organizational Salary Survey
SURVEY_803113,Junior Software Engineer,Confidential Survey Participant,Junior/Entry,2,72784.39339413476,Organizational Salary Survey
SURVEY_402316,Senior Data Analyst,Confidential Survey Participant,Senior,9,125711.27853285018,Organizational Salary Survey
SURVEY_883886,Mid-Level Data Engineer,Confidential Survey Participant,Mid-Level,6,121623.42742934052,Organizational Salary Survey
SURVEY_638443,Junior Product Manager,Confidential Survey Participant,Junior/Entry,0,105262.10547673736,Organizational Salary Survey
SURVEY_337275,Mid-Level Product Manager,Confidential Survey Participant,Mid-Level,3,129699.46767236653,Organizational Salary Survey
SURVEY_782424,Mid-Level Software Engineer,Confidential Survey Participant,Mid-Level,4,90860.32241449406,Organizational Salary Survey
SURVEY_903784,Mid-Level Project Manager,Confidential Survey Participant,Mid-Level,6,97134.3503962073,Organizational Salary Survey
SURVEY_131859,Senior Data Analyst,Confidential Survey Participant,Senior,7,154824.2831796942,Organizational Salary Survey
SURVEY_621496,Mid-Level Data Engineer,Confidential Survey Participant,Mid-Level,4,122992.09970153077,Organizational Salary Survey
SURVEY_914022,Senior Product Manager,Confidential Survey Participant,Senior,6,218769.11098339633,Organizational Salary Survey
SURVEY_391195,Senior Software Engineer,Confidential Survey Participant,Senior,11,129391.32117860181,Organizational Salary Survey
SURVEY_406877,Mid-Level Software Engineer,Confidential Survey Participant,Mid-Level,6,88903.01255209462,Organizational Salary Survey
SURVEY_284673,Mid-Level Data Analyst,Confidential Survey Participant,Mid-Level,6,86971.09461785399,Organizational Salary Survey
SURVEY_531763,Senior Data Scientist,Confidential Survey Participant,Senior,8,153034.71033931238,Organizational Salary Survey
SURVEY_725765,Mid-Level Software Engineer,Confidential Survey Participant,Mid-Level,6,104669.89303386233,Organizational Salary Survey
SURVEY_394257,Executive Software Engineer,Confidential Survey Participant,Executive/Principal,10,245994.5912492142,Organizational Salary Survey
SURVEY_292680,Senior Data Engineer,Confidential Survey Participant,Senior,8,158750.34041550578,Organizational Salary Survey
SURVEY_892049,Executive Product Manager,Confidential Survey Participant,Executive/Principal,12,399587.99501709006,Organizational Salary Survey
SURVEY_199116,Junior Data Analyst,Confidential Survey Participant,Junior/Entry,2,65285.29048215659,Organizational Salary Survey
SURVEY_152453,Mid-Level Software Engineer,Confidential Survey Participant,Mid-Level,5,110454.58890535112,Organizational Salary Survey
SURVEY_270231,Mid-Level Data Engineer,Confidential Survey Participant,Mid-Level,4,130351.59158070436,Organizational Salary Survey
SURVEY_448776,Mid-Level Data Analyst,Confidential Survey Participant,Mid-Level,4,101975.2160941104,Organizational Salary Survey
SURVEY_223495,Mid-Level Data Scientist,Confidential Survey Participant,Mid-Level,6,136296.47625105415,Organizational Salary Survey
SURVEY_519396,Senior Data Engineer,Confidential Survey Participant,Senior,9,193896.98606128612,Organizational Salary Survey
SURVEY_134682,Mid-Level Data Scientist,Confidential Survey Participant,Mid-Level,6,126578.16119255876,Organizational Salary Survey
SURVEY_472397,Mid-Level Product Manager,Confidential Survey Participant,Mid-Level,5,131633.56807289494,Organizational Salary Survey
SURVEY_591600,Mid-Level Data Analyst,Confidential Survey Participant,Mid-Level,5,109620.73239890637,Organizational Salary Survey
SURVEY_915034,Junior Software Engineer,Confidential Survey Participant,Junior/Entry,1,59503.742050564164,Organizational Salary Survey
SURVEY_738201,Senior Software Engineer,Confidential Survey Participant,Senior,6,139275.12568457995,Organizational Salary Survey
SURVEY_129574,Senior Data Engineer,Confidential Survey Participant,Senior,11,204316.07461116122,Organizational Salary Survey
SURVEY_117184,Mid-Level Project Manager,Confidential Survey Participant,Mid-Level,6,111654.58304940064,Organizational Salary Survey
SURVEY_505023,Senior Data Analyst,Confidential Survey Participant,Senior,8,142386.8007981732,Organizational Salary Survey
SURVEY_939503,Junior Data Scientist,Confidential Survey Participant,Junior/Entry,2,96306.68722628782,Organizational Salary Survey
SURVEY_967428,Mid-Level Software Engineer,Confidential Survey Participant,Mid-Level,5,107631.25112975741,Organizational Salary Survey
SURVEY_627544,Senior Project Manager,Confidential Survey Participant,Senior,11,155837.43227286654,Organizational Salary Survey
SURVEY_633750,Junior Data Engineer,Confidential Survey Participant,Junior/Entry,0,85261.62591886103,Organizational Salary Survey
SURVEY_264037,Junior Data Engineer,Confidential Survey Participant,Junior/Entry,0,74969.66323174853,Organizational Salary Survey
SURVEY_208103,Junior Data Engineer,Confidential Survey Participant,Junior/Entry,2,75601.44638619393,Organizational Salary Survey
SURVEY_450441,Junior Software Engineer,Confidential Survey Participant,Junior/Entry,2,64640.63784142664,Organizational Salary Survey
SURVEY_235513,Senior Data Analyst,Confidential Survey Participant,Senior,6,142239.66381452678,Organizational Salary Survey
SURVEY_329564,Mid-Level Data Engineer,Confidential Survey Participant,Mid-Level,5,136260.02536283628,Organizational Salary Survey
SURVEY_593306,Executive Data Analyst,Confidential Survey Participant,Executive/Principal,18,240328.88729116487,Organizational Salary Survey
SURVEY_831463,Junior Software Engineer,Confidential Survey Participant,Junior/Entry,0,64012.72338613922,Organizational Salary Survey
SURVEY_736293,Junior Data Scientist,Confidential Survey Participant,Junior/Entry,0,94666.33249531276,Organizational Salary Survey
SURVEY_762039,Mid-Level Data Analyst,Confidential Survey Participant,Mid-Level,6,98091.61290325565,Organizational Salary Survey
SURVEY_202152,Mid-Level Project Manager,Confidential Survey Participant,Mid-Level,6,85261.06512795946,Organizational Salary Survey
SURVEY_626963,Senior Data Engineer,Confidential Survey Participant,Senior,7,192229.90208559355,Organizational Salary Survey
SURVEY_468177,Junior Data Engineer,Confidential Survey Participant,Junior/Entry,0,97870.47597394782,Organizational Salary Survey
SURVEY_836530,Mid-Level Data Scientist,Confidential Survey Participant,Mid-Level,6,120043.61509497976,Organizational Salary Survey
SURVEY_646629,Junior Data Scientist,Confidential Survey Participant,Junior/Entry,1,93851.98865516412,Organizational Salary Survey
SURVEY_884496,Mid-Level Product Manager,Confidential Survey Participant,Mid-Level,3,151727.2367734342,Organizational Salary Survey
SURVEY_304712,Executive DevOps Engineer,Confidential Survey Participant,Executive/Principal,17,286583.43828606734,Organizational Salary Survey
SURVEY_905913,Junior Software Engineer,Confidential Survey Participant,Junior/Entry,1,71752.65212700263,Organizational Salary Survey
SURVEY_767520,Senior Project Manager,Confidential Survey Participant,Senior,7,142276.67387767448,Organizational Salary Survey
SURVEY_317880,Senior Software Engineer,Confidential Survey Participant,Senior,6,137758.6528600521,Organizational Salary Survey
SURVEY_639607,Senior Software Engineer,Confidential Survey Participant,Senior,9,150304.03960737574,Organizational Salary Survey
SURVEY_433629,Junior Data Engineer,Confidential Survey Participant,Junior/Entry,2,83657.83554513291,Organizational Salary Survey
SURVEY_640470,Mid-Level Data Engineer,Confidential Survey Participant,Mid-Level,5,133403.8955045247,Organizational Salary Survey
SURVEY_251936,Junior Data Scientist,Confidential Survey Participant,Junior/Entry,1,80111.57298565653,Organizational Salary Survey
SURVEY_990150,Mid-Level Software Engineer,Confidential Survey Participant,Mid-Level,5,109844.35144466175,Organizational Salary Survey
SURVEY_445902,Mid-Level Project Manager,Confidential Survey Participant,Mid-Level,6,107153.63050647006,Organizational Salary Survey
SURVEY_362282,Junior Software Engineer,Confidential Survey Participant,Junior/Entry,0,69461.18960211064,Organizational Salary Survey
SURVEY_728981,Mid-Level Data Scientist,Confidential Survey Participant,Mid-Level,3,122314.71969687265,Organizational Salary Survey
SURVEY_291397,Mid-Level Project Manager,Confidential Survey Participant,Mid-Level,3,97683.98685649416,Organizational Salary Survey
SURVEY_430769,Executive Software Engineer,Confidential Survey Participant,Executive/Principal,18,273645.15047453373,Organizational Salary Survey
SURVEY_250082,Senior Software Engineer,Confidential Survey Participant,Senior,9,123798.58686582265,Organizational Salary Survey
SURVEY_471930,Junior Data Analyst,Confidential Survey Participant,Junior/Entry,0,71733.20443405931,Organizational Salary Survey
SURVEY_281408,Mid-Level Software Engineer,Confidential Survey Participant,Mid-Level,5,99075.0098999574,Organizational Salary Survey
SURVEY_659697,Mid-Level Software Engineer,Confidential Survey Participant,Mid-Level,5,98689.60434429064,Organizational Salary Survey
SURVEY_648355,Executive Data Analyst,Confidential Survey Participant,Executive/Principal,17,181814.773350449,Organizational Salary Survey
SURVEY_590652,Mid-Level Data Engineer,Confidential Survey Participant,Mid-Level,3,118080.09150217599,Organizational Salary Survey
SURVEY_701704,Junior Project Manager,Confidential Survey Participant,Junior/Entry,0,59343.63587681625,Organizational Salary Survey
SURVEY_539834,Junior Software Engineer,Confidential Survey Participant,Junior/Entry,0,66450.5360780084,Organizational Salary Survey
SURVEY_356326,Senior Project Manager,Confidential Survey Participant,Senior,11,146338.816838978,Organizational Salary Survey
SURVEY_223445,Mid-Level Software Engineer,Confidential Survey Participant,Mid-Level,3,103993.27624131419,Organizational Salary Survey
SURVEY_217341,Senior Data Engineer,Confidential Survey Participant,Senior,9,205243.80694633574,Organizational Salary Survey
SURVEY_724387,Mid-Level Data Analyst,Confidential Survey Participant,Mid-Level,6,106997.25302091456,Organizational Salary Survey
SURVEY_541678,Mid-Level Data Scientist,Confidential Survey Participant,Mid-Level,3,118173.14202546321,Organizational Salary Survey
SURVEY_421059,Junior Software Engineer,Confidential Survey Participant,Junior/Entry,1,60985.07043802534,Organizational Salary Survey
SURVEY_535034,Junior Data Analyst,Confidential Survey Participant,Junior/Entry,2,63009.70715285929,Organizational Salary Survey
SURVEY_962565,Mid-Level Software Engineer,Confidential Survey Participant,Mid-Level,3,104058.1533237502,Organizational Salary Survey
SURVEY_847631,Mid-Level Software Engineer,Confidential Survey Participant,Mid-Level,4,104816.20978744816,Organizational Salary Survey
SURVEY_972546,Senior Software Engineer,Confidential Survey Participant,Senior,11,147428.39290295256,Organizational Salary Survey
SURVEY_619802,Executive Software Engineer,Confidential Survey Participant,Executive/Principal,16,279007.47422478994,Organizational Salary Survey
SURVEY_116915,Mid-Level Product Manager,Confidential Survey Participant,Mid-Level,4,130254.79157313654,Organizational Salary Survey
SURVEY_543030,Mid-Level Software Engineer,Confidential Survey Participant,Mid-Level,3,110831.68072727667,Organizational Salary Survey
SURVEY_767912,Mid-Level Data Analyst,Confidential Survey Participant,Mid-Level,5,104724.66736221606,Organizational Salary Survey
SURVEY_606585,Mid-Level Software Engineer,Confidential Survey Participant,Mid-Level,4,93161.0594869026,Organizational Salary Survey
SURVEY_244899,Executive Software Engineer,Confidential Survey Participant,Executive/Principal,16,193389.0952939064,Organizational Salary Survey
SURVEY_737650,Senior Data Engineer,Confidential Survey Participant,Senior,7,185889.13599666193,Organizational Salary Survey
SURVEY_496587,Junior Data Analyst,Confidential Survey Participant,Junior/Entry,1,75194.0063878816,Organizational Salary Survey
SURVEY_968664,Junior Data Analyst,Confidential Survey Participant,Junior/Entry,0,71900.18094491705,Organizational Salary Survey
SURVEY_859138,Mid-Level Software Engineer,Confidential Survey Participant,Mid-Level,4,88310.26250858986,Organizational Salary Survey
SURVEY_800599,Senior Software Engineer,Confidential Survey Participant,Senior,11,140158.55472609168,Organizational Salary Survey
SURVEY_993855,Senior Data Engineer,Confidential Survey Participant,Senior,9,186611.44579754115,Organizational Salary Survey
SURVEY_333083,Senior Software Engineer,Confidential Survey Participant,Senior,11,127811.50608089303,Organizational Salary Survey
SURVEY_197335,Mid-Level Data Analyst,Confidential Survey Participant,Mid-Level,5,84409.06665590829,Organizational Salary Survey
SURVEY_846809,Mid-Level Software Engineer,Confidential Survey Participant,Mid-Level,5,98430.16238994992,Organizational Salary Survey
SURVEY_780571,Mid-Level DevOps Engineer,Confidential Survey Participant,Mid-Level,4,131456.94562052935,Organizational Salary Survey
SURVEY_810404,Senior Software Engineer,Confidential Survey Participant,Senior,8,154059.6222230857,Organizational Salary Survey
SURVEY_756064,Senior Data Scientist,Confidential Survey Participant,Senior,8,176335.97579906622,Organizational Salary Survey
SURVEY_978614,Mid-Level Data Analyst,Confidential Survey Participant,Mid-Level,6,89526.51185780557,Organizational Salary Survey
SURVEY_224661,Senior Data Scientist,Confidential Survey Participant,Senior,10,194967.92072561916,Organizational Salary Survey
SURVEY_961557,Senior Software Engineer,Confidential Survey Participant,Senior,11,123965.25406357717,Organizational Salary Survey
SURVEY_411565,Junior Data Analyst,Confidential Survey Participant,Junior/Entry,1,72805.3272454707,Organizational Salary Survey
SURVEY_302011,Mid-Level Data Scientist,Confidential Survey Participant,Mid-Level,5,124732.68068413292,Organizational Salary Survey
SURVEY_114705,Mid-Level Product Manager,Confidential Survey Participant,Mid-Level,4,124284.69196901571,Organizational Salary Survey
SURVEY_606388,Mid-Level Data Engineer,Confidential Survey Participant,Mid-Level,5,120067.05211626281,Organizational Salary Survey
SURVEY_680814,Senior Data Analyst,Confidential Survey Participant,Senior,7,125051.42246353923,Organizational Salary Survey
SURVEY_774928,Senior Project Manager,Confidential Survey Participant,Senior,9,139488.08026854793,Organizational Salary Survey
SURVEY_387132,Mid-Level Software Engineer,Confidential Survey Participant,Mid-Level,3,108470.95309527776,Organizational Salary Survey
SURVEY_335665,Junior Software Engineer,Confidential Survey Participant,Junior/Entry,2,58335.92484590388,Organizational Salary Survey
SURVEY_779197,Junior Data Engineer,Confidential Survey Participant,Junior/Entry,0,81748.39849747304,Organizational Salary Survey
SURVEY_599580,Executive Data Scientist,Confidential Survey Participant,Executive/Principal,12,245468.98348068405,Organizational Salary Survey
SURVEY_184540,Executive Data Analyst,Confidential Survey Participant,Executive/Principal,19,264541.03111941786,Organizational Salary Survey
SURVEY_854925,Mid-Level Project Manager,Confidential Survey Participant,Mid-Level,4,92135.10812240906,Organizational Salary Survey
SURVEY_916836,Junior Data Engineer,Confidential Survey Participant,Junior/Entry,1,96160.62102910805,Organizational Salary Survey
SURVEY_707773,Executive Software Engineer,Confidential Survey Participant,Executive/Principal,15,249845.52298078474,Organizational Salary Survey
SURVEY_842076,Junior Software Engineer,Confidential Survey Participant,Junior/Entry,2,61907.56374675987,Organizational Salary Survey
SURVEY_276749,Junior Software Engineer,Confidential Survey Participant,Junior/Entry,0,60921.13867644607,Organizational Salary Survey
SURVEY_506587,Mid-Level Project Manager,Confidential Survey Participant,Mid-Level,4,109433.07363115082,Organizational Salary Survey
SURVEY_824543,Mid-Level Project Manager,Confidential Survey Participant,Mid-Level,5,93287.73959446492,Organizational Salary Survey
SURVEY_822859,Senior Data Engineer,Confidential Survey Participant,Senior,9,153110.50756679117,Organizational Salary Survey
SURVEY_418565,Mid-Level Software Engineer,Confidential Survey Participant,Mid-Level,5,104667.22787583657,Organizational Salary Survey
SURVEY_221780,Senior Data Engineer,Confidential Survey Participant,Senior,6,184683.7435918049,Organizational Salary Survey
SURVEY_292106,Mid-Level Data Scientist,Confidential Survey Participant,Mid-Level,3,135404.99632018417,Organizational Salary Survey
SURVEY_862540,Executive Product Manager,Confidential Survey Participant,Executive/Principal,18,321563.8836280212,Organizational Salary Survey
SURVEY_610947,Junior Data Scientist,Confidential Survey Participant,Junior/Entry,1,81122.2712203239,Organizational Salary Survey
SURVEY_460635,Mid-Level Data Engineer,Confidential Survey Participant,Mid-Level,3,121531.98088093205,Organizational Salary Survey
SURVEY_343585,Junior Project Manager,Confidential Survey Participant,Junior/Entry,1,61310.19690132056,Organizational Salary Survey
SURVEY_437557,Junior Software Engineer,Confidential Survey Participant,Junior/Entry,0,63495.52800653768,Organizational Salary Survey
SURVEY_842238,Mid-Level Data Analyst,Confidential Survey Participant,Mid-Level,6,104022.0188445579,Organizational Salary Survey
SURVEY_880692,Senior Software Engineer,Confidential Survey Participant,Senior,8,128567.61596792453,Organizational Salary Survey
SURVEY_532031,Senior Data Analyst,Confidential Survey Participant,Senior,9,144526.3712605436,Organizational Salary Survey
SURVEY_449684,Mid-Level Software Engineer,Confidential Survey Participant,Mid-Level,5,94603.73905139287,Organizational Salary Survey
SURVEY_246889,Mid-Level Product Manager,Confidential Survey Participant,Mid-Level,5,148028.44981046813,Organizational Salary Survey
SURVEY_701310,Executive Data Analyst,Confidential Survey Participant,Executive/Principal,18,240812.7913146339,Organizational Salary Survey
SURVEY_698853,Mid-Level Data Scientist,Confidential Survey Participant,Mid-Level,4,141423.07906817607,Organizational Salary Survey
SURVEY_838098,Junior Project Manager,Confidential Survey Participant,Junior/Entry,0,64763.18629316626,Organizational Salary Survey
SURVEY_202504,Executive Data Scientist,Confidential Survey Participant,Executive/Principal,17,336875.89061952813,Organizational Salary Survey
SURVEY_607771,Senior Data Analyst,Confidential Survey Participant,Senior,6,158758.83783441683,Organizational Salary Survey
SURVEY_171771,Junior Data Engineer,Confidential Survey Participant,Junior/Entry,2,81328.9974580874,Organizational Salary Survey
SURVEY_147421,Mid-Level Data Analyst,Confidential Survey Participant,Mid-Level,5,96167.11796177807,Organizational Salary Survey
SURVEY_535071,Executive Data Scientist,Confidential Survey Participant,Executive/Principal,18,324565.5092593645,Organizational Salary Survey
SURVEY_377419,Senior Software Engineer,Confidential Survey Participant,Senior,9,149872.62789967342,Organizational Salary Survey
SURVEY_142705,Senior Data Analyst,Confidential Survey Participant,Senior,11,157213.38639218852,Organizational Salary Survey
SURVEY_629549,Senior Data Scientist,Confidential Survey Participant,Senior,11,161142.32390371832,Organizational Salary Survey
SURVEY_912544,Mid-Level Data Scientist,Confidential Survey Participant,Mid-Level,4,113069.39977235936,Organizational Salary Survey
SURVEY_543811,Junior Product Manager,Confidential Survey Participant,Junior/Entry,0,95476.7155289861,Organizational Salary Survey
SURVEY_211063,Executive Software Engineer,Confidential Survey Participant,Executive/Principal,16,229550.06268271967,Organizational Salary Survey
SURVEY_948654,Mid-Level DevOps Engineer,Confidential Survey Participant,Mid-Level,3,138304.48447019266,Organizational Salary Survey
SURVEY_437451,Junior Project Manager,Confidential Survey Participant,Junior/Entry,0,65123.17116339549,Organizational Salary Survey
SURVEY_763380,Junior Data Engineer,Confidential Survey Participant,Junior/Entry,1,74379.4927545784,Organizational Salary Survey
SURVEY_846794,Mid-Level Data Engineer,Confidential Survey Participant,Mid-Level,3,112369.60195587252,Organizational Salary Survey
SURVEY_936450,Senior DevOps Engineer,Confidential Survey Participant,Senior,7,171687.42684665005,Organizational Salary Survey
SURVEY_864296,Junior Data Scientist,Confidential Survey Participant,Junior/Entry,2,94409.6721390956,Organizational Salary Survey
SURVEY_771976,Junior Product Manager,Confidential Survey Participant,Junior/Entry,0,82732.89832343122,Organizational Salary Survey
SURVEY_450264,Executive Data Analyst,Confidential Survey Participant,Executive/Principal,19,233734.83929978492,Organizational Salary Survey
SURVEY_760513,Senior Software Engineer,Confidential Survey Participant,Senior,8,148164.7771988453,Organizational Salary Survey
SURVEY_490586,Mid-Level Data Analyst,Confidential Survey Participant,Mid-Level,6,105705.2956708282,Organizational Salary Survey
SURVEY_247252,Mid-Level Project Manager,Confidential Survey Participant,Mid-Level,3,87042.97750524325,Organizational Salary Survey
SURVEY_904679,Senior Product Manager,Confidential Survey Participant,Senior,10,199831.69556568595,Organizational Salary Survey
SURVEY_854786,Senior Software Engineer,Confidential Survey Participant,Senior,7,127889.13991546058,Organizational Salary Survey
SURVEY_862829,Junior Data Analyst,Confidential Survey Participant,Junior/Entry,2,69700.07136227842,Organizational Salary Survey
SURVEY_274758,Junior Data Scientist,Confidential Survey Participant,Junior/Entry,1,92858.91748223225,Organizational Salary Survey
SURVEY_367763,Senior Data Analyst,Confidential Survey Participant,Senior,6,147689.35020712475,Organizational Salary Survey
SURVEY_634898,Junior Software Engineer,Confidential Survey Participant,Junior/Entry,1,58346.664009732325,Organizational Salary Survey
SURVEY_236531,Mid-Level Software Engineer,Confidential Survey Participant,Mid-Level,3,85830.08746459415,Organizational Salary Survey
SURVEY_512757,Junior Data Engineer,Confidential Survey Participant,Junior/Entry,0,79572.09239642674,Organizational Salary Survey
SURVEY_330210,Mid-Level Data Engineer,Confidential Survey Participant,Mid-Level,5,121516.52682511706,Organizational Salary Survey
SURVEY_100203,Executive DevOps Engineer,Confidential Survey Participant,Executive/Principal,10,345420.4324776047,Organizational Salary Survey
SURVEY_631606,Senior Data Scientist,Confidential Survey Participant,Senior,11,202956.79414356142,Organizational Salary Survey
SURVEY_362442,Senior Software Engineer,Confidential Survey Participant,Senior,8,131458.33137466953,Organizational Salary Survey
SURVEY_716430,Mid-Level Data Scientist,Confidential Survey Participant,Mid-Level,6,128811.5934942947,Organizational Salary Survey
SURVEY_276906,Senior Project Manager,Confidential Survey Participant,Senior,9,123157.75770038794,Organizational Salary Survey
SURVEY_296334,Junior Data Scientist,Confidential Survey Participant,Junior/Entry,2,97243.6098789391,Organizational Salary Survey
SURVEY_845609,Mid-Level Data Engineer,Confidential Survey Participant,Mid-Level,5,112806.61820293733,Organizational Salary Survey
SURVEY_266795,Executive Software Engineer,Confidential Survey Participant,Executive/Principal,19,204524.54363348705,Organizational Salary Survey
SURVEY_815191,Mid-Level Project Manager,Confidential Survey Participant,Mid-Level,5,93233.27109037661,Organizational Salary Survey
SURVEY_217181,Mid-Level Data Scientist,Confidential Survey Participant,Mid-Level,3,128155.32931783982,Organizational Salary Survey
SURVEY_240919,Senior Project Manager,Confidential Survey Participant,Senior,8,154560.28938837134,Organizational Salary Survey
SURVEY_407066,Senior Software Engineer,Confidential Survey Participant,Senior,9,140926.79270522654,Organizational Salary Survey
SURVEY_845261,Junior Software Engineer,Confidential Survey Participant,Junior/Entry,0,60053.04410861744,Organizational Salary Survey
SURVEY_552810,Junior Project Manager,Confidential Survey Participant,Junior/Entry,2,72450.27207969151,Organizational Salary Survey
SURVEY_182088,Mid-Level Software Engineer,Confidential Survey Participant,Mid-Level,6,106668.60949422314,Organizational Salary Survey
SURVEY_867930,Junior Data Analyst,Confidential Survey Participant,Junior/Entry,1,73529.64442267011,Organizational Salary Survey
SURVEY_652122,Senior Data Scientist,Confidential Survey Participant,Senior,10,171492.11397021372,Organizational Salary Survey
SURVEY_881600,Mid-Level Software Engineer,Confidential Survey Participant,Mid-Level,3,88340.92356315513,Organizational Salary Survey
SURVEY_670571,Executive DevOps Engineer,Confidential Survey Participant,Executive/Principal,11,228582.9146542021,Organizational Salary Survey
SURVEY_229991,Mid-Level Product Manager,Confidential Survey Participant,Mid-Level,3,136276.10655533493,Organizational Salary Survey
SURVEY_988151,Senior Data Scientist,Confidential Survey Participant,Senior,7,167028.4115099388,Organizational Salary Survey
SURVEY_399428,Senior Software Engineer,Confidential Survey Participant,Senior,7,153299.7908086703,Organizational Salary Survey
SURVEY_201008,Senior Project Manager,Confidential Survey Participant,Senior,10,121727.52178541031,Organizational Salary Survey
SURVEY_500880,Executive Data Engineer,Confidential Survey Participant,Executive/Principal,19,225695.00217945973,Organizational Salary Survey
SURVEY_149766,Senior Data Analyst,Confidential Survey Participant,Senior,11,160445.84405464338,Organizational Salary Survey
SURVEY_250928,Mid-Level Product Manager,Confidential Survey Participant,Mid-Level,4,120036.15622139274,Organizational Salary Survey
SURVEY_699966,Mid-Level Product Manager,Confidential Survey Participant,Mid-Level,5,136701.6374165557,Organizational Salary Survey
SURVEY_221595,Mid-Level Software Engineer,Confidential Survey Participant,Mid-Level,6,101646.64602524939,Organizational Salary Survey
SURVEY_964110,Senior Software Engineer,Confidential Survey Participant,Senior,10,128853.52055558444,Organizational Salary Survey
SURVEY_145424,Junior Software Engineer,Confidential Survey Participant,Junior/Entry,2,60465.84429024093,Organizational Salary Survey
SURVEY_417232,Mid-Level Data Scientist,Confidential Survey Participant,Mid-Level,5,128680.54414135386,Organizational Salary Survey
SURVEY_212401,Junior Data Engineer,Confidential Survey Participant,Junior/Entry,0,88011.59651708406,Organizational Salary Survey
SURVEY_942961,Mid-Level Software Engineer,Confidential Survey Participant,Mid-Level,3,88222.80475581814,Organizational Salary Survey
SURVEY_470935,Senior Software Engineer,Confidential Survey Participant,Senior,10,152635.3269703135,Organizational Salary Survey
SURVEY_782222,Senior Product Manager,Confidential Survey Participant,Senior,7,171985.2140753969,Organizational Salary Survey
SURVEY_783296,Executive Data Engineer,Confidential Survey Participant,Executive/Principal,12,347819.517578478,Organizational Salary Survey
SURVEY_853681,Mid-Level Data Scientist,Confidential Survey Participant,Mid-Level,4,127300.68217153501,Organizational Salary Survey
SURVEY_327721,Mid-Level Data Engineer,Confidential Survey Participant,Mid-Level,4,116681.89321441589,Organizational Salary Survey
SURVEY_664521,Mid-Level Data Analyst,Confidential Survey Participant,Mid-Level,3,111651.27975914355,Organizational Salary Survey
SURVEY_298497,Senior Software Engineer,Confidential Survey Participant,Senior,11,122943.35434565792,Organizational Salary Survey
SURVEY_228141,Junior Data Analyst,Confidential Survey Participant,Junior/Entry,1,62944.47101711444,Organizational Salary Survey
SURVEY_869890,Executive DevOps Engineer,Confidential Survey Participant,Executive/Principal,10,355324.81189341017,Organizational Salary Survey
SURVEY_382632,Junior Project Manager,Confidential Survey Participant,Junior/Entry,0,72731.3982328536,Organizational Salary Survey
SURVEY_389802,Junior Data Scientist,Confidential Survey Participant,Junior/Entry,0,83910.59149212693,Organizational Salary Survey
SURVEY_451432,Mid-Level Software Engineer,Confidential Survey Participant,Mid-Level,3,111000.14466890965,Organizational Salary Survey
SURVEY_146531,Mid-Level Data Engineer,Confidential Survey Participant,Mid-Level,6,123450.71002142467,Organizational Salary Survey
SURVEY_425485,Mid-Level Product Manager,Confidential Survey Participant,Mid-Level,4,134203.9935468154,Organizational Salary Survey
SURVEY_824911,Mid-Level Data Scientist,Confidential Survey Participant,Mid-Level,6,128574.09275604511,Organizational Salary Survey
SURVEY_186995,Junior Project Manager,Confidential Survey Participant,Junior/Entry,2,68890.34942923437,Organizational Salary Survey
SURVEY_581980,Mid-Level Project Manager,Confidential Survey Participant,Mid-Level,4,94328.61991333016,Organizational Salary Survey
SURVEY_414735,Senior Data Analyst,Confidential Survey Participant,Senior,6,120225.74079146117,Organizational Salary Survey
SURVEY_730067,Mid-Level Project Manager,Confidential Survey Participant,Mid-Level,3,107720.01278019686,Organizational Salary Survey
SURVEY_847447,Mid-Level Software Engineer,Confidential Survey Participant,Mid-Level,5,90712.95490388328,Organizational Salary Survey
SURVEY_114565,Senior Project Manager,Confidential Survey Participant,Senior,8,132440.22438148162,Organizational Salary Survey
SURVEY_547296,Senior Data Analyst,Confidential Survey Participant,Senior,9,152716.93375924454,Organizational Salary Survey
SURVEY_356596,Mid-Level Data Engineer,Confidential Survey Participant,Mid-Level,3,123378.7344730765,Organizational Salary Survey
SURVEY_220425,Senior Data Scientist,Confidential Survey Participant,Senior,8,168048.9388875954,Organizational Salary Survey
SURVEY_648578,Junior Product Manager,Confidential Survey Participant,Junior/Entry,2,104759.28979299385,Organizational Salary Survey
SURVEY_445040,Senior Software Engineer,Confidential Survey Participant,Senior,8,121798.75020842825,Organizational Salary Survey
SURVEY_668483,Senior Data Analyst,Confidential Survey Participant,Senior,7,156142.5818827775,Organizational Salary Survey
SURVEY_739675,Mid-Level Software Engineer,Confidential Survey Participant,Mid-Level,4,84962.41510811703,Organizational Salary Survey
SURVEY_247291,Junior Product Manager,Confidential Survey Participant,Junior/Entry,0,89447.48063741364,Organizational Salary Survey
SURVEY_907263,Mid-Level Software Engineer,Confidential Survey Participant,Mid-Level,3,109304.02863103847,Organizational Salary Survey
SURVEY_385686,Senior Software Engineer,Confidential Survey Participant,Senior,7,151182.01959744818,Organizational Salary Survey
SURVEY_268121,Senior Data Engineer,Confidential Survey Participant,Senior,6,167820.01692159267,Organizational Salary Survey
SURVEY_349144,Mid-Level Data Scientist,Confidential Survey Participant,Mid-Level,3,119996.31233285453,Organizational Salary Survey
SURVEY_837590,Senior Software Engineer,Confidential Survey Participant,Senior,7,155509.67819787812,Organizational Salary Survey
SURVEY_597294,Mid-Level Product Manager,Confidential Survey Participant,Mid-Level,3,134704.72036116497,Organizational Salary Survey
SURVEY_345507,Mid-Level Software Engineer,Confidential Survey Participant,Mid-Level,3,109939.0989294458,Organizational Salary Survey
SURVEY_789532,Junior Product Manager,Confidential Survey Participant,Junior/Entry,0,94532.0658999466,Organizational Salary Survey
SURVEY_727858,Junior Product Manager,Confidential Survey Participant,Junior/Entry,2,91844.96856586814,Organizational Salary Survey
SURVEY_947351,Mid-Level Data Analyst,Confidential Survey Participant,Mid-Level,5,107096.9094505842,Organizational Salary Survey
SURVEY_682975,Mid-Level Data Analyst,Confidential Survey Participant,Mid-Level,6,86108.01600546353,Organizational Salary Survey
SURVEY_504394,Junior Data Scientist,Confidential Survey Participant,Junior/Entry,0,80875.44257357703,Organizational Salary Survey
SURVEY_501822,Senior Data Scientist,Confidential Survey Participant,Senior,6,164058.6700185089,Organizational Salary Survey
SURVEY_436676,Mid-Level Software Engineer,Confidential Survey Participant,Mid-Level,6,86459.4082942408,Organizational Salary Survey
SURVEY_663594,Executive Data Scientist,Confidential Survey Participant,Executive/Principal,16,359262.374390454,Organizational Salary Survey
SURVEY_664215,Senior Data Engineer,Confidential Survey Participant,Senior,6,197297.82206662194,Organizational Salary Survey
SURVEY_418993,Junior Software Engineer,Confidential Survey Participant,Junior/Entry,0,73161.71664388466,Organizational Salary Survey
SURVEY_892015,Mid-Level Data Scientist,Confidential Survey Participant,Mid-Level,3,136926.4002197423,Organizational Salary Survey
SURVEY_992363,Mid-Level Data Scientist,Confidential Survey Participant,Mid-Level,5,130199.67446670133,Organizational Salary Survey
SURVEY_562549,Mid-Level Software Engineer,Confidential Survey Participant,Mid-Level,3,101207.15769114411,Organizational Salary Survey
SURVEY_775605,Mid-Level Project Manager,Confidential Survey Participant,Mid-Level,3,84145.24621912342,Organizational Salary Survey
SURVEY_416451,Executive Software Engineer,Confidential Survey Participant,Executive/Principal,16,189297.91816845373,Organizational Salary Survey
SURVEY_725298,Mid-Level Software Engineer,Confidential Survey Participant,Mid-Level,3,102999.48125275823,Organizational Salary Survey
SURVEY_969446,Junior Data Analyst,Confidential Survey Participant,Junior/Entry,2,61927.48317525859,Organizational Salary Survey
SURVEY_238117,Mid-Level Data Scientist,Confidential Survey Participant,Mid-Level,3,135399.19322990082,Organizational Salary Survey
SURVEY_693610,Mid-Level Software Engineer,Confidential Survey Participant,Mid-Level,5,108397.09091164303,Organizational Salary Survey
SURVEY_922409,Mid-Level Data Engineer,Confidential Survey Participant,Mid-Level,6,138407.87617209365,Organizational Salary Survey
SURVEY_823172,Senior Data Scientist,Confidential Survey Participant,Senior,8,182254.85304771492,Organizational Salary Survey
SURVEY_703703,Senior Product Manager,Confidential Survey Participant,Senior,11,183205.94422214633,Organizational Salary Survey
SURVEY_226445,Mid-Level Software Engineer,Confidential Survey Participant,Mid-Level,6,109082.0732629875,Organizational Salary Survey
SURVEY_598663,Senior Data Engineer,Confidential Survey Participant,Senior,11,199998.18563519538,Organizational Salary Survey
SURVEY_422044,Mid-Level Data Engineer,Confidential Survey Participant,Mid-Level,6,121438.5303995228,Organizational Salary Survey
SURVEY_598496,Executive Data Analyst,Confidential Survey Participant,Executive/Principal,15,199422.905248081,Organizational Salary Survey
SURVEY_964332,Senior Data Scientist,Confidential Survey Participant,Senior,7,190078.6362421767,Organizational Salary Survey
SURVEY_916868,Senior Software Engineer,Confidential Survey Participant,Senior,10,144819.5647729475,Organizational Salary Survey
SURVEY_511548,Executive Product Manager,Confidential Survey Participant,Executive/Principal,13,375411.6319584259,Organizational Salary Survey
SURVEY_696331,Senior Data Analyst,Confidential Survey Participant,Senior,9,144580.20924810984,Organizational Salary Survey
SURVEY_167276,Mid-Level Product Manager,Confidential Survey Participant,Mid-Level,3,128689.22313606681,Organizational Salary Survey
SURVEY_215148,Senior Data Engineer,Confidential Survey Participant,Senior,6,191450.1707829483,Organizational Salary Survey
SURVEY_471907,Senior Product Manager,Confidential Survey Participant,Senior,6,202653.52146596892,Organizational Salary Survey
SURVEY_895221,Senior Product Manager,Confidential Survey Participant,Senior,6,177175.42510084301,Organizational Salary Survey
SURVEY_343346,Mid-Level Data Engineer,Confidential Survey Participant,Mid-Level,3,133042.1000877392,Organizational Salary Survey
SURVEY_519205,Senior Project Manager,Confidential Survey Participant,Senior,9,153972.39560011815,Organizational Salary Survey
SURVEY_164320,Mid-Level Project Manager,Confidential Survey Participant,Mid-Level,5,90830.41893917827,Organizational Salary Survey
SURVEY_260176,Mid-Level Data Scientist,Confidential Survey Participant,Mid-Level,3,127047.58018088623,Organizational Salary Survey
SURVEY_945724,Junior Project Manager,Confidential Survey Participant,Junior/Entry,2,67956.56233982492,Organizational Salary Survey
SURVEY_301206,Mid-Level Product Manager,Confidential Survey Participant,Mid-Level,3,157167.0428894258,Organizational Salary Survey
SURVEY_184413,Junior Data Engineer,Confidential Survey Participant,Junior/Entry,2,72463.39731244647,Organizational Salary Survey
SURVEY_852449,Executive Software Engineer,Confidential Survey Participant,Executive/Principal,13,189111.6758427061,Organizational Salary Survey
SURVEY_718735,Senior Data Scientist,Confidential Survey Participant,Senior,11,178396.47204580795,Organizational Salary Survey
SURVEY_826764,Senior Software Engineer,Confidential Survey Participant,Senior,10,152256.48387863117,Organizational Salary Survey
SURVEY_608061,Executive Software Engineer,Confidential Survey Participant,Executive/Principal,11,180224.1917133547,Organizational Salary Survey
SURVEY_210574,Mid-Level Product Manager,Confidential Survey Participant,Mid-Level,6,147811.7181750585,Organizational Salary Survey
SURVEY_279615,Mid-Level Data Scientist,Confidential Survey Participant,Mid-Level,6,124201.3167712577,Organizational Salary Survey
SURVEY_643652,Senior Project Manager,Confidential Survey Participant,Senior,9,155038.8287383137,Organizational Salary Survey
SURVEY_686323,Mid-Level Data Scientist,Confidential Survey Participant,Mid-Level,3,135212.3544856712,Organizational Salary Survey
SURVEY_499761,Senior Software Engineer,Confidential Survey Participant,Senior,8,146435.68807827387,Organizational Salary Survey
SURVEY_706350,Executive Software Engineer,Confidential Survey Participant,Executive/Principal,19,211505.54585470635,Organizational Salary Survey
SURVEY_420522,Executive Project Manager,Confidential Survey Participant,Executive/Principal,12,205577.95284795167,Organizational Salary Survey
SURVEY_162044,Senior Software Engineer,Confidential Survey Participant,Senior,10,144518.03376018914,Organizational Salary Survey
SURVEY_805614,Mid-Level Data Scientist,Confidential Survey Participant,Mid-Level,5,118777.94629407204,Organizational Salary Survey
SURVEY_663806,Junior Data Analyst,Confidential Survey Participant,Junior/Entry,1,69372.66345038814,Organizational Salary Survey
SURVEY_854972,Mid-Level Data Analyst,Confidential Survey Participant,Mid-Level,6,109668.922455019,Organizational Salary Survey
SURVEY_993204,Junior Data Engineer,Confidential Survey Participant,Junior/Entry,2,81161.17160104853,Organizational Salary Survey
SURVEY_691782,Mid-Level Software Engineer,Confidential Survey Participant,Mid-Level,5,94734.17941646345,Organizational Salary Survey
SURVEY_439370,Executive Software Engineer,Confidential Survey Participant,Executive/Principal,11,226232.71986644628,Organizational Salary Survey
SURVEY_136048,Mid-Level Data Analyst,Confidential Survey Participant,Mid-Level,6,89151.49811414714,Organizational Salary Survey
SURVEY_557870,Mid-Level Product Manager,Confidential Survey Participant,Mid-Level,5,140759.085022566,Organizational Salary Survey
SURVEY_352561,Mid-Level Data Scientist,Confidential Survey Participant,Mid-Level,4,119489.63014085696,Organizational Salary Survey
SURVEY_727568,Executive Data Analyst,Confidential Survey Participant,Executive/Principal,14,250776.6438039937,Organizational Salary Survey
SURVEY_906719,Junior Software Engineer,Confidential Survey Participant,Junior/Entry,0,59371.59605826475,Organizational Salary Survey
SURVEY_688116,Senior Software Engineer,Confidential Survey Participant,Senior,6,142227.45782580087,Organizational Salary Survey
SURVEY_555134,Mid-Level Data Engineer,Confidential Survey Participant,Mid-Level,5,108526.33448561688,Organizational Salary Survey
SURVEY_502778,Junior Software Engineer,Confidential Survey Participant,Junior/Entry,2,72321.57380827455,Organizational Salary Survey
SURVEY_599074,Junior Software Engineer,Confidential Survey Participant,Junior/Entry,1,64863.879421044876,Organizational Salary Survey
SURVEY_680432,Mid-Level Data Scientist,Confidential Survey Participant,Mid-Level,4,109231.1235324292,Organizational Salary Survey
SURVEY_672173,Mid-Level Project Manager,Confidential Survey Participant,Mid-Level,5,110030.58182134005,Organizational Salary Survey
SURVEY_300733,Mid-Level Product Manager,Confidential Survey Participant,Mid-Level,3,145354.4416267015,Organizational Salary Survey
SURVEY_137706,Mid-Level Data Scientist,Confidential Survey Participant,Mid-Level,6,130909.40278755866,Organizational Salary Survey
SURVEY_275013,Senior Data Analyst,Confidential Survey Participant,Senior,8,136773.04373446526,Organizational Salary Survey
SURVEY_428619,Senior Project Manager,Confidential Survey Participant,Senior,6,130242.66427495262,Organizational Salary Survey
SURVEY_473763,Senior Software Engineer,Confidential Survey Participant,Senior,8,154540.46224740706,Organizational Salary Survey
SURVEY_814111,Mid-Level Data Engineer,Confidential Survey Participant,Mid-Level,6,119080.51616694048,Organizational Salary Survey
SURVEY_913578,Senior Project Manager,Confidential Survey Participant,Senior,10,129874.73679412296,Organizational Salary Survey
SURVEY_520567,Mid-Level Data Analyst,Confidential Survey Participant,Mid-Level,5,98277.17923046478,Organizational Salary Survey
SURVEY_884945,Executive Software Engineer,Confidential Survey Participant,Executive/Principal,13,189827.68739595058,Organizational Salary Survey
SURVEY_117129,Junior Data Analyst,Confidential Survey Participant,Junior/Entry,2,60212.89739943692,Organizational Salary Survey
SURVEY_473273,Senior Software Engineer,Confidential Survey Participant,Senior,6,142248.36312797884,Organizational Salary Survey
SURVEY_427758,Mid-Level Data Engineer,Confidential Survey Participant,Mid-Level,6,137334.5626797225,Organizational Salary Survey
SURVEY_115497,Mid-Level Software Engineer,Confidential Survey Participant,Mid-Level,4,101662.40441362365,Organizational Salary Survey
SURVEY_695469,Senior Data Analyst,Confidential Survey Participant,Senior,7,151569.51328443477,Organizational Salary Survey
SURVEY_982294,Mid-Level Data Engineer,Confidential Survey Participant,Mid-Level,4,125479.52184505455,Organizational Salary Survey
SURVEY_954939,Mid-Level Product Manager,Confidential Survey Participant,Mid-Level,4,156299.68440854663,Organizational Salary Survey
SURVEY_174275,Senior Data Analyst,Confidential Survey Participant,Senior,11,127071.04531217339,Organizational Salary Survey
SURVEY_496524,Executive Project Manager,Confidential Survey Participant,Executive/Principal,14,176083.22364319526,Organizational Salary Survey
SURVEY_254479,Senior Data Scientist,Confidential Survey Participant,Senior,11,190780.96469121886,Organizational Salary Survey
SURVEY_150174,Mid-Level Data Engineer,Confidential Survey Participant,Mid-Level,6,125698.6261329216,Organizational Salary Survey
SURVEY_102854,Junior Software Engineer,Confidential Survey Participant,Junior/Entry,1,60156.707150746755,Organizational Salary Survey
SURVEY_636344,Senior Product Manager,Confidential Survey Participant,Senior,6,199362.91072993385,Organizational Salary Survey
SURVEY_385539,Mid-Level Software Engineer,Confidential Survey Participant,Mid-Level,3,93633.23141278056,Organizational Salary Survey
SURVEY_276571,Mid-Level Software Engineer,Confidential Survey Participant,Mid-Level,4,92621.53928418126,Organizational Salary Survey
SURVEY_771062,Mid-Level Project Manager,Confidential Survey Participant,Mid-Level,3,105245.5002742905,Organizational Salary Survey
SURVEY_771397,Junior Software Engineer,Confidential Survey Participant,Junior/Entry,1,62560.716538289606,Organizational Salary Survey
SURVEY_574628,Mid-Level Project Manager,Confidential Survey Participant,Mid-Level,6,109761.73178301998,Organizational Salary Survey
SURVEY_205449,Senior Software Engineer,Confidential Survey Participant,Senior,11,153526.5458306801,Organizational Salary Survey
SURVEY_406037,Mid-Level Product Manager,Confidential Survey Participant,Mid-Level,6,124042.87240894452,Organizational Salary Survey
SURVEY_540178,Mid-Level Software Engineer,Confidential Survey Participant,Mid-Level,6,101575.23221309984,Organizational Salary Survey
SURVEY_741756,Senior Data Engineer,Confidential Survey Participant,Senior,6,172095.23338417563,Organizational Salary Survey
SURVEY_119478,Mid-Level Software Engineer,Confidential Survey Participant,Mid-Level,6,103777.62711417663,Organizational Salary Survey
SURVEY_305602,Senior Product Manager,Confidential Survey Participant,Senior,11,197289.81129802243,Organizational Salary Survey
SURVEY_284766,Senior Product Manager,Confidential Survey Participant,Senior,9,190732.7387780888,Organizational Salary Survey
SURVEY_932386,Mid-Level Software Engineer,Confidential Survey Participant,Mid-Level,3,92809.74680957515,Organizational Salary Survey
SURVEY_360236,Mid-Level Data Analyst,Confidential Survey Participant,Mid-Level,3,111426.89200553659,Organizational Salary Survey
SURVEY_533624,Executive Software Engineer,Confidential Survey Participant,Executive/Principal,12,187471.21110591642,Organizational Salary Survey
SURVEY_130250,Senior DevOps Engineer,Confidential Survey Participant,Senior,11,153556.85283686803,Organizational Salary Survey
SURVEY_656606,Junior Project Manager,Confidential Survey Participant,Junior/Entry,0,65497.643312371976,Organizational Salary Survey
SURVEY_633031,Mid-Level Data Scientist,Confidential Survey Participant,Mid-Level,3,121035.94328508296,Organizational Salary Survey
SURVEY_509989,Mid-Level Project Manager,Confidential Survey Participant,Mid-Level,4,98243.88372837254,Organizational Salary Survey
SURVEY_840368,Mid-Level Data Engineer,Confidential Survey Participant,Mid-Level,4,138190.46752747495,Organizational Salary Survey
SURVEY_784262,Senior Project Manager,Confidential Survey Participant,Senior,6,155759.02111552536,Organizational Salary Survey
SURVEY_834663,Senior Data Engineer,Confidential Survey Participant,Senior,9,199122.00308200295,Organizational Salary Survey
SURVEY_744627,Executive Software Engineer,Confidential Survey Participant,Executive/Principal,17,276953.18929872,Organizational Salary Survey
SURVEY_174157,Senior Data Engineer,Confidential Survey Participant,Senior,7,192576.78910666044,Organizational Salary Survey
SURVEY_514192,Mid-Level Project Manager,Confidential Survey Participant,Mid-Level,4,89861.32916893315,Organizational Salary Survey
SURVEY_467572,Mid-Level Project Manager,Confidential Survey Participant,Mid-Level,5,107968.8217463265,Organizational Salary Survey
SURVEY_975106,Mid-Level Data Scientist,Confidential Survey Participant,Mid-Level,4,131571.46746997986,Organizational Salary Survey
SURVEY_540568,Mid-Level Software Engineer,Confidential Survey Participant,Mid-Level,4,104584.69328438156,Organizational Salary Survey
SURVEY_538330,Junior Product Manager,Confidential Survey Participant,Junior/Entry,0,80742.01509147894,Organizational Salary Survey
SURVEY_898390,Executive DevOps Engineer,Confidential Survey Participant,Executive/Principal,18,237334.2933647963,Organizational Salary Survey
SURVEY_135306,Senior Product Manager,Confidential Survey Participant,Senior,6,222662.00343058782,Organizational Salary Survey
SURVEY_851332,Senior Software Engineer,Confidential Survey Participant,Senior,8,152491.61907414414,Organizational Salary Survey
SURVEY_154634,Mid-Level Product Manager,Confidential Survey Participant,Mid-Level,5,127600.50184612919,Organizational Salary Survey
SURVEY_111412,Mid-Level Data Engineer,Confidential Survey Participant,Mid-Level,6,117563.77824956825,Organizational Salary Survey
SURVEY_563947,Mid-Level Software Engineer,Confidential Survey Participant,Mid-Level,6,103646.5798674879,Organizational Salary Survey
SURVEY_498275,Mid-Level Product Manager,Confidential Survey Participant,Mid-Level,3,132457.6904067547,Organizational Salary Survey
SURVEY_428006,Mid-Level Product Manager,Confidential Survey Participant,Mid-Level,3,144219.91234236048,Organizational Salary Survey
SURVEY_734004,Junior Data Engineer,Confidential Survey Participant,Junior/Entry,1,77194.7725684021,Organizational Salary Survey
SURVEY_617620,Executive Software Engineer,Confidential Survey Participant,Executive/Principal,19,203178.8333346318,Organizational Salary Survey
SURVEY_868581,Executive Data Scientist,Confidential Survey Participant,Executive/Principal,16,318004.68701864185,Organizational Salary Survey
SURVEY_237267,Senior Software Engineer,Confidential Survey Participant,Senior,9,154872.0162350575,Organizational Salary Survey
SURVEY_641268,Junior Data Engineer,Confidential Survey Participant,Junior/Entry,0,85257.7109763771,Organizational Salary Survey
SURVEY_849802,Mid-Level Data Scientist,Confidential Survey Participant,Mid-Level,6,132616.68511124974,Organizational Salary Survey
SURVEY_290371,Senior Product Manager,Confidential Survey Participant,Senior,9,207248.69398909825,Organizational Salary Survey
SURVEY_346325,Junior Data Analyst,Confidential Survey Participant,Junior/Entry,1,58227.823647659956,Organizational Salary Survey
SURVEY_136673,Senior Data Engineer,Confidential Survey Participant,Senior,7,185958.63729231135,Organizational Salary Survey
SURVEY_699884,Senior Software Engineer,Confidential Survey Participant,Senior,8,159455.38922969103,Organizational Salary Survey
SURVEY_875324,Senior Project Manager,Confidential Survey Participant,Senior,8,153281.559214794,Organizational Salary Survey
SURVEY_829381,Senior Data Engineer,Confidential Survey Participant,Senior,7,205431.81804283094,Organizational Salary Survey
SURVEY_157559,Senior Data Engineer,Confidential Survey Participant,Senior,8,175238.46557529742,Organizational Salary Survey
SURVEY_429081,Executive Data Engineer,Confidential Survey Participant,Executive/Principal,15,350679.0119987158,Organizational Salary Survey
SURVEY_561307,Executive Software Engineer,Confidential Survey Participant,Executive/Principal,12,231949.87351290972,Organizational Salary Survey
SURVEY_606233,Mid-Level Data Scientist,Confidential Survey Participant,Mid-Level,3,111439.26517889708,Organizational Salary Survey
SURVEY_578209,Senior Software Engineer,Confidential Survey Participant,Senior,11,132040.04776152314,Organizational Salary Survey
SURVEY_773174,Executive Project Manager,Confidential Survey Participant,Executive/Principal,17,209784.59849196288,Organizational Salary Survey
SURVEY_774928,Mid-Level Software Engineer,Confidential Survey Participant,Mid-Level,6,99100.74711717798,Organizational Salary Survey
SURVEY_686465,Senior Software Engineer,Confidential Survey Participant,Senior,11,137985.85287976227,Organizational Salary Survey
SURVEY_540786,Junior Data Analyst,Confidential Survey Participant,Junior/Entry,0,63588.755136187974,Organizational Salary Survey
SURVEY_885805,Junior Data Engineer,Confidential Survey Participant,Junior/Entry,1,72163.18772126077,Organizational Salary Survey
SURVEY_395773,Senior Data Analyst,Confidential Survey Participant,Senior,10,134872.26045333518,Organizational Salary Survey
SURVEY_521922,Senior Software Engineer,Confidential Survey Participant,Senior,6,160181.13931692624,Organizational Salary Survey
SURVEY_840008,Senior Software Engineer,Confidential Survey Participant,Senior,10,128953.23717610654,Organizational Salary Survey
SURVEY_369347,Mid-Level DevOps Engineer,Confidential Survey Participant,Mid-Level,5,114356.68701054354,Organizational Salary Survey
SURVEY_125174,Senior Data Scientist,Confidential Survey Participant,Senior,7,182333.47169854247,Organizational Salary Survey
SURVEY_307353,Mid-Level Project Manager,Confidential Survey Participant,Mid-Level,5,94544.27320254045,Organizational Salary Survey
SURVEY_534505,Executive Project Manager,Confidential Survey Participant,Executive/Principal,18,247778.40280396814,Organizational Salary Survey
SURVEY_362673,Executive Project Manager,Confidential Survey Participant,Executive/Principal,10,186399.3743847872,Organizational Salary Survey
SURVEY_499216,Mid-Level Project Manager,Confidential Survey Participant,Mid-Level,4,94725.13890916634,Organizational Salary Survey
SURVEY_685358,Senior Data Scientist,Confidential Survey Participant,Senior,11,198209.03211826916,Organizational Salary Survey
SURVEY_916522,Junior Software Engineer,Confidential Survey Participant,Junior/Entry,0,64822.731651395465,Organizational Salary Survey
SURVEY_631382,Mid-Level Software Engineer,Confidential Survey Participant,Mid-Level,3,99412.29631123749,Organizational Salary Survey
SURVEY_813044,Mid-Level Software Engineer,Confidential Survey Participant,Mid-Level,6,108439.8275663023,Organizational Salary Survey
SURVEY_764604,Junior Data Engineer,Confidential Survey Participant,Junior/Entry,0,81855.4279322965,Organizational Salary Survey
SURVEY_999659,Mid-Level Software Engineer,Confidential Survey Participant,Mid-Level,4,103849.51615978315,Organizational Salary Survey
SURVEY_742810,Mid-Level Software Engineer,Confidential Survey Participant,Mid-Level,3,98706.10492164215,Organizational Salary Survey
SURVEY_273429,Junior Software Engineer,Confidential Survey Participant,Junior/Entry,0,59782.79744678637,Organizational Salary Survey
SURVEY_258207,Mid-Level DevOps Engineer,Confidential Survey Participant,Mid-Level,5,119932.44596619059,Organizational Salary Survey
SURVEY_571875,Senior Data Analyst,Confidential Survey Participant,Senior,7,137009.23531132523,Organizational Salary Survey
SURVEY_891423,Executive Software Engineer,Confidential Survey Participant,Executive/Principal,16,201576.88772548008,Organizational Salary Survey
SURVEY_445882,Junior Software Engineer,Confidential Survey Participant,Junior/Entry,0,66005.51111351678,Organizational Salary Survey
SURVEY_223776,Mid-Level Data Scientist,Confidential Survey Participant,Mid-Level,5,133315.48682508143,Organizational Salary Survey
SURVEY_890672,Mid-Level Data Engineer,Confidential Survey Participant,Mid-Level,5,124902.29320055088,Organizational Salary Survey
SURVEY_225443,Mid-Level Data Analyst,Confidential Survey Participant,Mid-Level,4,108779.08423591401,Organizational Salary Survey
SURVEY_487002,Senior Product Manager,Confidential Survey Participant,Senior,9,204160.11840458252,Organizational Salary Survey
SURVEY_821557,Executive Software Engineer,Confidential Survey Participant,Executive/Principal,14,208084.2594298579,Organizational Salary Survey
SURVEY_461939,Junior Data Analyst,Confidential Survey Participant,Junior/Entry,2,58805.491329657074,Organizational Salary Survey
SURVEY_807058,Executive Product Manager,Confidential Survey Participant,Executive/Principal,14,321807.5673969331,Organizational Salary Survey
SURVEY_894318,Senior Data Scientist,Confidential Survey Participant,Senior,10,202482.0300304373,Organizational Salary Survey
SURVEY_544052,Senior Software Engineer,Confidential Survey Participant,Senior,9,151483.06124083095,Organizational Salary Survey
SURVEY_173919,Senior Data Scientist,Confidential Survey Participant,Senior,11,206419.1386222911,Organizational Salary Survey
SURVEY_155352,Mid-Level Software Engineer,Confidential Survey Participant,Mid-Level,6,99341.09609346162,Organizational Salary Survey
SURVEY_117376,Mid-Level Data Engineer,Confidential Survey Participant,Mid-Level,4,140708.94807050837,Organizational Salary Survey
SURVEY_575299,Mid-Level Data Analyst,Confidential Survey Participant,Mid-Level,5,110289.85686114136,Organizational Salary Survey
SURVEY_677399,Mid-Level Product Manager,Confidential Survey Participant,Mid-Level,4,157983.4143907776,Organizational Salary Survey
SURVEY_138808,Mid-Level Data Scientist,Confidential Survey Participant,Mid-Level,3,117203.62881915156,Organizational Salary Survey
SURVEY_583474,Junior Software Engineer,Confidential Survey Participant,Junior/Entry,2,71057.96567543563,Organizational Salary Survey
SURVEY_326122,Mid-Level Software Engineer,Confidential Survey Participant,Mid-Level,6,108916.56010396528,Organizational Salary Survey
SURVEY_523625,Mid-Level DevOps Engineer,Confidential Survey Participant,Mid-Level,4,121362.76689008722,Organizational Salary Survey
SURVEY_703904,Executive Software Engineer,Confidential Survey Participant,Executive/Principal,15,250984.77862177667,Organizational Salary Survey
SURVEY_784840,Senior DevOps Engineer,Confidential Survey Participant,Senior,6,168671.45631620375,Organizational Salary Survey
SURVEY_610097,Senior Software Engineer,Confidential Survey Participant,Senior,9,120206.26003014705,Organizational Salary Survey
SURVEY_388974,Senior Data Scientist,Confidential Survey Participant,Senior,7,170321.823029828,Organizational Salary Survey
SURVEY_727224,Mid-Level Data Scientist,Confidential Survey Participant,Mid-Level,3,133727.3024935544,Organizational Salary Survey
SURVEY_678330,Mid-Level DevOps Engineer,Confidential Survey Participant,Mid-Level,6,135080.70109294076,Organizational Salary Survey
SURVEY_792792,Mid-Level Software Engineer,Confidential Survey Participant,Mid-Level,3,107209.01494948266,Organizational Salary Survey
SURVEY_238475,Senior Data Scientist,Confidential Survey Participant,Senior,11,175431.36641180582,Organizational Salary Survey
SURVEY_354341,Senior Software Engineer,Confidential Survey Participant,Senior,9,146885.356450418,Organizational Salary Survey
SURVEY_831056,Junior Data Scientist,Confidential Survey Participant,Junior/Entry,2,80211.64865515885,Organizational Salary Survey
SURVEY_159958,Senior DevOps Engineer,Confidential Survey Participant,Senior,9,178568.36799435827,Organizational Salary Survey
SURVEY_939922,Senior DevOps Engineer,Confidential Survey Participant,Senior,6,195466.78415336637,Organizational Salary Survey
SURVEY_202056,Senior Data Engineer,Confidential Survey Participant,Senior,9,204532.61902699491,Organizational Salary Survey
SURVEY_803821,Junior Product Manager,Confidential Survey Participant,Junior/Entry,2,107045.0912521995,Organizational Salary Survey
SURVEY_718620,Executive Project Manager,Confidential Survey Participant,Executive/Principal,11,194517.41502966348,Organizational Salary Survey
SURVEY_440557,Mid-Level Data Scientist,Confidential Survey Participant,Mid-Level,6,120104.49268928208,Organizational Salary Survey
SURVEY_675684,Junior Data Engineer,Confidential Survey Participant,Junior/Entry,1,73471.41011078563,Organizational Salary Survey
SURVEY_272935,Senior Data Scientist,Confidential Survey Participant,Senior,7,191075.42345631745,Organizational Salary Survey
SURVEY_815252,Executive Product Manager,Confidential Survey Participant,Executive/Principal,11,323357.75161083776,Organizational Salary Survey
SURVEY_268664,Mid-Level Data Engineer,Confidential Survey Participant,Mid-Level,5,134580.67348185903,Organizational Salary Survey
SURVEY_294277,Mid-Level Data Scientist,Confidential Survey Participant,Mid-Level,3,130157.40625086527,Organizational Salary Survey
SURVEY_469923,Senior Product Manager,Confidential Survey Participant,Senior,10,178530.9971002838,Organizational Salary Survey
SURVEY_802300,Mid-Level Data Scientist,Confidential Survey Participant,Mid-Level,3,122540.23331829703,Organizational Salary Survey
SURVEY_109127,Senior Project Manager,Confidential Survey Participant,Senior,10,138785.1483130183,Organizational Salary Survey
SURVEY_440790,Executive Data Scientist,Confidential Survey Participant,Executive/Principal,11,282649.3554853214,Organizational Salary Survey
SURVEY_739761,Mid-Level Data Engineer,Confidential Survey Participant,Mid-Level,4,121985.29204345682,Organizational Salary Survey
SURVEY_993037,Mid-Level Software Engineer,Confidential Survey Participant,Mid-Level,6,97757.5707410458,Organizational Salary Survey
SURVEY_317508,Mid-Level DevOps Engineer,Confidential Survey Participant,Mid-Level,4,113979.9901567559,Organizational Salary Survey
SURVEY_634555,Executive Data Analyst,Confidential Survey Participant,Executive/Principal,10,211291.42632757584,Organizational Salary Survey
SURVEY_866468,Junior Software Engineer,Confidential Survey Participant,Junior/Entry,1,56718.137593135405,Organizational Salary Survey
SURVEY_521365,Senior Software Engineer,Confidential Survey Participant,Senior,9,154348.82595718798,Organizational Salary Survey
SURVEY_741360,Senior Data Scientist,Confidential Survey Participant,Senior,9,158512.00483640432,Organizational Salary Survey
SURVEY_835265,Senior Data Scientist,Confidential Survey Participant,Senior,9,193752.5263874912,Organizational Salary Survey
SURVEY_800655,Executive Data Analyst,Confidential Survey Participant,Executive/Principal,12,243837.11140184943,Organizational Salary Survey
SURVEY_989401,Executive Data Engineer,Confidential Survey Participant,Executive/Principal,19,272362.9408012127,Organizational Salary Survey
SURVEY_359833,Mid-Level Product Manager,Confidential Survey Participant,Mid-Level,6,126764.06053771559,Organizational Salary Survey
SURVEY_828315,Mid-Level Software Engineer,Confidential Survey Participant,Mid-Level,4,84390.26007779395,Organizational Salary Survey
SURVEY_861955,Mid-Level Product Manager,Confidential Survey Participant,Mid-Level,3,122746.2717111171,Organizational Salary Survey
SURVEY_357468,Junior Data Analyst,Confidential Survey Participant,Junior/Entry,1,64780.352431526655,Organizational Salary Survey
SURVEY_993335,Senior Software Engineer,Confidential Survey Participant,Senior,7,128372.73108706479,Organizational Salary Survey
SURVEY_807544,Mid-Level Software Engineer,Confidential Survey Participant,Mid-Level,3,110411.20470524252,Organizational Salary Survey
SURVEY_599224,Mid-Level Data Engineer,Confidential Survey Participant,Mid-Level,4,134985.55301106005,Organizational Salary Survey
SURVEY_238927,Junior DevOps Engineer,Confidential Survey Participant,Junior/Entry,0,97060.33714695917,Organizational Salary Survey
SURVEY_405300,Mid-Level Software Engineer,Confidential Survey Participant,Mid-Level,4,90326.92288499716,Organizational Salary Survey
SURVEY_986002,Mid-Level Data Scientist,Confidential Survey Participant,Mid-Level,5,108363.89415447044,Organizational Salary Survey
SURVEY_416503,Mid-Level Data Engineer,Confidential Survey Participant,Mid-Level,5,139096.91888657073,Organizational Salary Survey
SURVEY_275802,Mid-Level Data Analyst,Confidential Survey Participant,Mid-Level,3,97886.17085719894,Organizational Salary Survey
SURVEY_477792,Mid-Level Software Engineer,Confidential Survey Participant,Mid-Level,6,92394.15204554591,Organizational Salary Survey
SURVEY_950728,Mid-Level Product Manager,Confidential Survey Participant,Mid-Level,3,127691.47201270012,Organizational Salary Survey
SURVEY_567794,Executive Software Engineer,Confidential Survey Participant,Executive/Principal,18,215195.55933767845,Organizational Salary Survey
SURVEY_402356,Mid-Level Data Scientist,Confidential Survey Participant,Mid-Level,6,128818.1739285257,Organizational Salary Survey
SURVEY_360515,Junior Software Engineer,Confidential Survey Participant,Junior/Entry,0,58119.8528706917,Organizational Salary Survey
SURVEY_502097,Junior Software Engineer,Confidential Survey Participant,Junior/Entry,2,76655.05811625754,Organizational Salary Survey
SURVEY_151241,Mid-Level Software Engineer,Confidential Survey Participant,Mid-Level,4,111153.4582157651,Organizational Salary Survey
SURVEY_489971,Mid-Level Data Scientist,Confidential Survey Participant,Mid-Level,6,109833.90453342852,Organizational Salary Survey
SURVEY_712403,Mid-Level Software Engineer,Confidential Survey Participant,Mid-Level,6,90492.91305464621,Organizational Salary Survey
SURVEY_948679,Mid-Level Data Engineer,Confidential Survey Participant,Mid-Level,6,140670.42727262544,Organizational Salary Survey
SURVEY_780047,Mid-Level Product Manager,Confidential Survey Participant,Mid-Level,3,137598.83051942888,Organizational Salary Survey
SURVEY_699511,Executive Software Engineer,Confidential Survey Participant,Executive/Principal,19,176281.1549559019,Organizational Salary Survey
SURVEY_212911,Mid-Level Software Engineer,Confidential Survey Participant,Mid-Level,5,96171.46602870763,Organizational Salary Survey
SURVEY_455477,Mid-Level Data Analyst,Confidential Survey Participant,Mid-Level,4,98890.87295967226,Organizational Salary Survey
SURVEY_572063,Mid-Level Product Manager,Confidential Survey Participant,Mid-Level,5,146560.94348355214,Organizational Salary Survey
SURVEY_638300,Mid-Level Software Engineer,Confidential Survey Participant,Mid-Level,3,85909.23477637621,Organizational Salary Survey
SURVEY_308229,Mid-Level Data Analyst,Confidential Survey Participant,Mid-Level,4,108912.1760980911,Organizational Salary Survey
SURVEY_740854,Mid-Level Product Manager,Confidential Survey Participant,Mid-Level,4,158750.14745524828,Organizational Salary Survey
SURVEY_109065,Mid-Level Product Manager,Confidential Survey Participant,Mid-Level,6,148801.3663784881,Organizational Salary Survey
SURVEY_156738,Executive Data Scientist,Confidential Survey Participant,Executive/Principal,16,288611.57329955377,Organizational Salary Survey
SURVEY_611613,Junior Data Analyst,Confidential Survey Participant,Junior/Entry,1,71224.31535785082,Organizational Salary Survey
SURVEY_929699,Executive Data Scientist,Confidential Survey Participant,Executive/Principal,14,254007.82738179466,Organizational Salary Survey
SURVEY_579328,Junior Data Analyst,Confidential Survey Participant,Junior/Entry,0,62005.93726012221,Organizational Salary Survey
SURVEY_582520,Mid-Level Product Manager,Confidential Survey Participant,Mid-Level,6,124869.42127073322,Organizational Salary Survey
SURVEY_205297,Senior Project Manager,Confidential Survey Participant,Senior,8,132506.316761333,Organizational Salary Survey
SURVEY_483984,Mid-Level Project Manager,Confidential Survey Participant,Mid-Level,3,93059.82125638734,Organizational Salary Survey
SURVEY_618066,Mid-Level Data Scientist,Confidential Survey Participant,Mid-Level,6,137507.3398009993,Organizational Salary Survey
SURVEY_962166,Junior Software Engineer,Confidential Survey Participant,Junior/Entry,1,61324.058773724726,Organizational Salary Survey
SURVEY_585353,Senior Data Engineer,Confidential Survey Participant,Senior,7,185570.38277488496,Organizational Salary Survey
SURVEY_387372,Mid-Level Data Engineer,Confidential Survey Participant,Mid-Level,4,115860.7968871719,Organizational Salary Survey
SURVEY_521373,Senior Software Engineer,Confidential Survey Participant,Senior,9,138294.32549970192,Organizational Salary Survey
SURVEY_336817,Junior Data Scientist,Confidential Survey Participant,Junior/Entry,2,76455.18344359029,Organizational Salary Survey
SURVEY_718522,Mid-Level Software Engineer,Confidential Survey Participant,Mid-Level,3,95642.5347832228,Organizational Salary Survey
SURVEY_190729,Executive Data Scientist,Confidential Survey Participant,Executive/Principal,10,272183.8590322202,Organizational Salary Survey
SURVEY_529442,Executive Product Manager,Confidential Survey Participant,Executive/Principal,11,313720.00124391343,Organizational Salary Survey
SURVEY_500139,Mid-Level Data Analyst,Confidential Survey Participant,Mid-Level,5,100821.10999048562,Organizational Salary Survey
SURVEY_784278,Executive Software Engineer,Confidential Survey Participant,Executive/Principal,10,256954.87651997738,Organizational Salary Survey
SURVEY_666013,Junior Product Manager,Confidential Survey Participant,Junior/Entry,0,83811.24549953632,Organizational Salary Survey
SURVEY_168547,Mid-Level Data Engineer,Confidential Survey Participant,Mid-Level,4,119108.4800649968,Organizational Salary Survey
SURVEY_643598,Mid-Level Software Engineer,Confidential Survey Participant,Mid-Level,4,88191.86326105296,Organizational Salary Survey
SURVEY_518234,Junior Data Scientist,Confidential Survey Participant,Junior/Entry,1,91763.49147546996,Organizational Salary Survey
SURVEY_147433,Mid-Level Software Engineer,Confidential Survey Participant,Mid-Level,3,88950.70988337923,Organizational Salary Survey
SURVEY_838330,Executive Product Manager,Confidential Survey Participant,Executive/Principal,14,307151.8205360919,Organizational Salary Survey
SURVEY_662802,Mid-Level Product Manager,Confidential Survey Participant,Mid-Level,4,145805.63958602975,Organizational Salary Survey
SURVEY_223789,Senior Software Engineer,Confidential Survey Participant,Senior,6,152069.27269071236,Organizational Salary Survey
SURVEY_248262,Junior Project Manager,Confidential Survey Participant,Junior/Entry,0,58293.67332110619,Organizational Salary Survey
SURVEY_570077,Senior Data Scientist,Confidential Survey Participant,Senior,10,196407.98230177,Organizational Salary Survey
SURVEY_818264,Senior Project Manager,Confidential Survey Participant,Senior,6,119783.60014301547,Organizational Salary Survey
SURVEY_662921,Mid-Level Product Manager,Confidential Survey Participant,Mid-Level,6,143538.0388461718,Organizational Salary Survey
SURVEY_180578,Mid-Level Data Scientist,Confidential Survey Participant,Mid-Level,6,131410.40915133915,Organizational Salary Survey
SURVEY_291185,Mid-Level Project Manager,Confidential Survey Participant,Mid-Level,5,96707.58373989894,Organizational Salary Survey
SURVEY_528073,Mid-Level Data Scientist,Confidential Survey Participant,Mid-Level,5,131588.75345187218,Organizational Salary Survey
SURVEY_447089,Mid-Level Product Manager,Confidential Survey Participant,Mid-Level,6,129130.72622293615,Organizational Salary Survey
SURVEY_245929,Executive Data Engineer,Confidential Survey Participant,Executive/Principal,18,253014.49129147804,Organizational Salary Survey
SURVEY_856625,Junior Data Engineer,Confidential Survey Participant,Junior/Entry,0,74712.95785334078,Organizational Salary Survey
SURVEY_595991,Executive Product Manager,Confidential Survey Participant,Executive/Principal,18,364875.1684123918,Organizational Salary Survey
SURVEY_434179,Mid-Level Software Engineer,Confidential Survey Participant,Mid-Level,5,90488.49394318288,Organizational Salary Survey
SURVEY_382772,Mid-Level Project Manager,Confidential Survey Participant,Mid-Level,6,92853.48908147606,Organizational Salary Survey
SURVEY_291276,Mid-Level Data Scientist,Confidential Survey Participant,Mid-Level,6,126458.19955774718,Organizational Salary Survey
SURVEY_166520,Mid-Level Data Engineer,Confidential Survey Participant,Mid-Level,6,118549.55037656598,Organizational Salary Survey
SURVEY_445951,Executive Software Engineer,Confidential Survey Participant,Executive/Principal,17,214323.2316271494,Organizational Salary Survey
SURVEY_360974,Senior Data Engineer,Confidential Survey Participant,Senior,6,203218.74796882167,Organizational Salary Survey
SURVEY_409615,Mid-Level Data Engineer,Confidential Survey Participant,Mid-Level,4,108075.89824574353,Organizational Salary Survey
SURVEY_515709,Senior Data Analyst,Confidential Survey Participant,Senior,9,160659.84570175252,Organizational Salary Survey
SURVEY_824398,Junior Project Manager,Confidential Survey Participant,Junior/Entry,2,71793.81724650251,Organizational Salary Survey
SURVEY_506053,Senior DevOps Engineer,Confidential Survey Participant,Senior,8,168681.05958334813,Organizational Salary Survey
SURVEY_369722,Junior Data Scientist,Confidential Survey Participant,Junior/Entry,1,78571.32396534884,Organizational Salary Survey
SURVEY_635223,Senior Product Manager,Confidential Survey Participant,Senior,11,193369.5209445335,Organizational Salary Survey
SURVEY_664804,Mid-Level Software Engineer,Confidential Survey Participant,Mid-Level,5,102868.25082830388,Organizational Salary Survey
SURVEY_719758,Senior Project Manager,Confidential Survey Participant,Senior,10,127692.77461294294,Organizational Salary Survey
SURVEY_924894,Mid-Level Data Scientist,Confidential Survey Participant,Mid-Level,4,119190.99667708873,Organizational Salary Survey
SURVEY_192102,Junior Software Engineer,Confidential Survey Participant,Junior/Entry,0,66482.732006399,Organizational Salary Survey
SURVEY_680282,Mid-Level Software Engineer,Confidential Survey Participant,Mid-Level,5,95008.07875794561,Organizational Salary Survey
SURVEY_539662,Mid-Level Software Engineer,Confidential Survey Participant,Mid-Level,3,102316.35385495178,Organizational Salary Survey
SURVEY_527426,Executive Software Engineer,Confidential Survey Participant,Executive/Principal,18,241047.3103846251,Organizational Salary Survey
SURVEY_375309,Mid-Level Data Engineer,Confidential Survey Participant,Mid-Level,5,108556.20337734104,Organizational Salary Survey
SURVEY_192467,Mid-Level Project Manager,Confidential Survey Participant,Mid-Level,6,98512.44442520781,Organizational Salary Survey
SURVEY_371948,Junior Data Analyst,Confidential Survey Participant,Junior/Entry,1,67140.87007668288,Organizational Salary Survey
SURVEY_885638,Senior Data Scientist,Confidential Survey Participant,Senior,9,177621.13753431957,Organizational Salary Survey
SURVEY_759329,Junior DevOps Engineer,Confidential Survey Participant,Junior/Entry,2,86972.72100291908,Organizational Salary Survey
SURVEY_163078,Mid-Level Data Analyst,Confidential Survey Participant,Mid-Level,5,109493.36594640426,Organizational Salary Survey
SURVEY_847881,Mid-Level Data Engineer,Confidential Survey Participant,Mid-Level,4,142513.24804160104,Organizational Salary Survey
SURVEY_786215,Senior Data Analyst,Confidential Survey Participant,Senior,8,153486.32085174855,Organizational Salary Survey
SURVEY_386528,Junior Data Scientist,Confidential Survey Participant,Junior/Entry,0,76610.52652516119,Organizational Salary Survey
SURVEY_346624,Executive Data Engineer,Confidential Survey Participant,Executive/Principal,11,338182.5977614829,Organizational Salary Survey
SURVEY_577142,Senior Data Scientist,Confidential Survey Participant,Senior,10,175109.04528054871,Organizational Salary Survey
SURVEY_651333,Senior Data Scientist,Confidential Survey Participant,Senior,7,194100.73160268023,Organizational Salary Survey
SURVEY_218807,Mid-Level Data Engineer,Confidential Survey Participant,Mid-Level,4,121624.47705919671,Organizational Salary Survey
SURVEY_789149,Mid-Level Data Engineer,Confidential Survey Participant,Mid-Level,4,136272.36109991703,Organizational Salary Survey
SURVEY_944719,Junior Data Scientist,Confidential Survey Participant,Junior/Entry,1,82689.73358411124,Organizational Salary Survey
SURVEY_406189,Mid-Level Project Manager,Confidential Survey Participant,Mid-Level,5,108880.94509884776,Organizational Salary Survey
SURVEY_756184,Mid-Level Data Scientist,Confidential Survey Participant,Mid-Level,5,114655.16792921668,Organizational Salary Survey
SURVEY_615456,Mid-Level Data Analyst,Confidential Survey Participant,Mid-Level,4,108843.46502572141,Organizational Salary Survey
SURVEY_270231,Senior Product Manager,Confidential Survey Participant,Senior,8,174303.1603896435,Organizational Salary Survey
SURVEY_825325,Mid-Level Software Engineer,Confidential Survey Participant,Mid-Level,5,107240.51954140996,Organizational Salary Survey
SURVEY_494497,Mid-Level Data Analyst,Confidential Survey Participant,Mid-Level,3,97010.22190563903,Organizational Salary Survey
SURVEY_353002,Mid-Level Data Analyst,Confidential Survey Participant,Mid-Level,5,92347.7230130115,Organizational Salary Survey
SURVEY_646909,Executive Software Engineer,Confidential Survey Participant,Executive/Principal,16,208983.289886749,Organizational Salary Survey
SURVEY_233243,Senior Data Analyst,Confidential Survey Participant,Senior,10,121217.18912684856,Organizational Salary Survey
SURVEY_306551,Senior Data Scientist,Confidential Survey Participant,Senior,6,188540.77699238132,Organizational Salary Survey
SURVEY_796320,Executive Data Engineer,Confidential Survey Participant,Executive/Principal,16,334873.8897851186,Organizational Salary Survey
SURVEY_798991,Senior Data Engineer,Confidential Survey Participant,Senior,9,199430.88343247364,Organizational Salary Survey
SURVEY_760559,Mid-Level Software Engineer,Confidential Survey Participant,Mid-Level,6,86809.57561551995,Organizational Salary Survey
SURVEY_948623,Senior Product Manager,Confidential Survey Participant,Senior,6,181325.13594894265,Organizational Salary Survey
SURVEY_685763,Junior Software Engineer,Confidential Survey Participant,Junior/Entry,2,69617.29668390084,Organizational Salary Survey
SURVEY_822659,Junior Product Manager,Confidential Survey Participant,Junior/Entry,2,100134.99520866622,Organizational Salary Survey
SURVEY_266092,Mid-Level Data Engineer,Confidential Survey Participant,Mid-Level,4,109938.03248706328,Organizational Salary Survey
SURVEY_619019,Junior Data Analyst,Confidential Survey Participant,Junior/Entry,2,59862.72830455023,Organizational Salary Survey
SURVEY_928512,Mid-Level Project Manager,Confidential Survey Participant,Mid-Level,3,107678.49471671224,Organizational Salary Survey
SURVEY_811999,Mid-Level Data Engineer,Confidential Survey Participant,Mid-Level,4,117030.23510028835,Organizational Salary Survey
SURVEY_254634,Junior Data Engineer,Confidential Survey Participant,Junior/Entry,2,89322.22876336615,Organizational Salary Survey
SURVEY_462339,Senior Software Engineer,Confidential Survey Participant,Senior,9,119039.73138977024,Organizational Salary Survey
SURVEY_971550,Junior Data Engineer,Confidential Survey Participant,Junior/Entry,0,86812.92082836365,Organizational Salary Survey
SURVEY_439711,Mid-Level Product Manager,Confidential Survey Participant,Mid-Level,5,134852.6585612442,Organizational Salary Survey
SURVEY_397333,Junior Data Engineer,Confidential Survey Participant,Junior/Entry,0,78505.89087655277,Organizational Salary Survey
SURVEY_829125,Executive Data Analyst,Confidential Survey Participant,Executive/Principal,11,203617.36464989322,Organizational Salary Survey
SURVEY_532489,Senior Software Engineer,Confidential Survey Participant,Senior,7,151446.80476031374,Organizational Salary Survey
SURVEY_362900,Mid-Level DevOps Engineer,Confidential Survey Participant,Mid-Level,5,139244.9864694707,Organizational Salary Survey
SURVEY_667256,Executive Data Engineer,Confidential Survey Participant,Executive/Principal,10,317061.4435522775,Organizational Salary Survey
SURVEY_635963,Junior Data Scientist,Confidential Survey Participant,Junior/Entry,2,84206.98706148285,Organizational Salary Survey
SURVEY_591533,Mid-Level Data Analyst,Confidential Survey Participant,Mid-Level,5,111671.90020338012,Organizational Salary Survey
SURVEY_874255,Junior Software Engineer,Confidential Survey Participant,Junior/Entry,2,62651.980365881696,Organizational Salary Survey
SURVEY_545611,Senior Software Engineer,Confidential Survey Participant,Senior,11,134670.35112320702,Organizational Salary Survey
SURVEY_205976,Senior Data Analyst,Confidential Survey Participant,Senior,7,144579.5577388916,Organizational Salary Survey
SURVEY_937271,Senior Software Engineer,Confidential Survey Participant,Senior,9,128632.33255570094,Organizational Salary Survey
SURVEY_834646,Mid-Level Software Engineer,Confidential Survey Participant,Mid-Level,4,101102.21292301976,Organizational Salary Survey
SURVEY_349973,Mid-Level Data Scientist,Confidential Survey Participant,Mid-Level,5,122791.71464891214,Organizational Salary Survey
SURVEY_504408,Junior Data Scientist,Confidential Survey Participant,Junior/Entry,1,92262.62938851543,Organizational Salary Survey
SURVEY_268931,Mid-Level Data Scientist,Confidential Survey Participant,Mid-Level,6,130935.88574565115,Organizational Salary Survey
SURVEY_311216,Mid-Level Product Manager,Confidential Survey Participant,Mid-Level,5,126256.35666834995,Organizational Salary Survey
SURVEY_393935,Senior Data Engineer,Confidential Survey Participant,Senior,10,198894.56294069902,Organizational Salary Survey
SURVEY_693937,Senior Software Engineer,Confidential Survey Participant,Senior,8,147025.95337878453,Organizational Salary Survey
SURVEY_425828,Junior Data Analyst,Confidential Survey Participant,Junior/Entry,0,72880.04423561005,Organizational Salary Survey
SURVEY_444321,Senior Data Scientist,Confidential Survey Participant,Senior,8,183718.0171956655,Organizational Salary Survey
SURVEY_298048,Executive Data Engineer,Confidential Survey Participant,Executive/Principal,10,253446.28604798572,Organizational Salary Survey
SURVEY_952876,Executive Project Manager,Confidential Survey Participant,Executive/Principal,16,248084.42454012617,Organizational Salary Survey
SURVEY_252997,Junior Data Analyst,Confidential Survey Participant,Junior/Entry,2,68717.95274062826,Organizational Salary Survey
SURVEY_157426,Mid-Level Data Analyst,Confidential Survey Participant,Mid-Level,5,107860.7312543349,Organizational Salary Survey
SURVEY_302543,Mid-Level Product Manager,Confidential Survey Participant,Mid-Level,5,151223.35582553217,Organizational Salary Survey
SURVEY_870142,Junior Data Analyst,Confidential Survey Participant,Junior/Entry,1,72970.88275670822,Organizational Salary Survey
SURVEY_867396,Mid-Level Project Manager,Confidential Survey Participant,Mid-Level,5,106448.47492799188,Organizational Salary Survey
SURVEY_996171,Senior Data Scientist,Confidential Survey Participant,Senior,10,175430.0260075239,Organizational Salary Survey
SURVEY_248179,Mid-Level Data Engineer,Confidential Survey Participant,Mid-Level,3,127502.52093163933,Organizational Salary Survey
SURVEY_614635,Mid-Level Software Engineer,Confidential Survey Participant,Mid-Level,6,89940.64812523156,Organizational Salary Survey
SURVEY_532643,Mid-Level Data Scientist,Confidential Survey Participant,Mid-Level,4,138658.6283345577,Organizational Salary Survey
SURVEY_784435,Junior Project Manager,Confidential Survey Participant,Junior/Entry,1,57034.974223238256,Organizational Salary Survey
SURVEY_834130,Senior Data Scientist,Confidential Survey Participant,Senior,10,175058.43415172416,Organizational Salary Survey
SURVEY_751382,Mid-Level Product Manager,Confidential Survey Participant,Mid-Level,6,133828.2834856596,Organizational Salary Survey
SURVEY_672971,Junior Data Analyst,Confidential Survey Participant,Junior/Entry,2,69889.9329909549,Organizational Salary Survey
SURVEY_769196,Executive Project Manager,Confidential Survey Participant,Executive/Principal,16,183100.81244262244,Organizational Salary Survey
SURVEY_631698,Mid-Level Software Engineer,Confidential Survey Participant,Mid-Level,3,95269.1360363757,Organizational Salary Survey
SURVEY_279877,Senior Data Engineer,Confidential Survey Participant,Senior,11,185150.23364811958,Organizational Salary Survey
SURVEY_931307,Mid-Level Product Manager,Confidential Survey Participant,Mid-Level,6,126043.85638243958,Organizational Salary Survey
SURVEY_167099,Mid-Level Data Engineer,Confidential Survey Participant,Mid-Level,5,126491.40725098185,Organizational Salary Survey
SURVEY_997183,Mid-Level Data Analyst,Confidential Survey Participant,Mid-Level,5,108682.28018541881,Organizational Salary Survey
SURVEY_174047,Junior Data Engineer,Confidential Survey Participant,Junior/Entry,0,87537.56081871707,Organizational Salary Survey
SURVEY_590500,Senior Data Engineer,Confidential Survey Participant,Senior,9,205740.28574219893,Organizational Salary Survey
SURVEY_192558,Senior Data Engineer,Confidential Survey Participant,Senior,11,188429.19333009332,Organizational Salary Survey
SURVEY_488409,Mid-Level Software Engineer,Confidential Survey Participant,Mid-Level,6,109250.30736181654,Organizational Salary Survey
SURVEY_655768,Mid-Level Product Manager,Confidential Survey Participant,Mid-Level,4,121657.14004451506,Organizational Salary Survey
SURVEY_323928,Senior DevOps Engineer,Confidential Survey Participant,Senior,9,187166.9354008688,Organizational Salary Survey
SURVEY_677481,Mid-Level Data Engineer,Confidential Survey Participant,Mid-Level,6,113143.02749172632,Organizational Salary Survey
SURVEY_690285,Mid-Level Software Engineer,Confidential Survey Participant,Mid-Level,4,89194.20086418178,Organizational Salary Survey
SURVEY_228682,Mid-Level Data Analyst,Confidential Survey Participant,Mid-Level,6,99598.92485476004,Organizational Salary Survey
SURVEY_486674,Executive Data Scientist,Confidential Survey Participant,Executive/Principal,14,283869.86985524197,Organizational Salary Survey
SURVEY_403148,Junior Software Engineer,Confidential Survey Participant,Junior/Entry,2,71518.12497219269,Organizational Salary Survey
SURVEY_744284,Senior Product Manager,Confidential Survey Participant,Senior,6,203831.81083274545,Organizational Salary Survey
SURVEY_630690,Junior Software Engineer,Confidential Survey Participant,Junior/Entry,2,64788.39421347358,Organizational Salary Survey
SURVEY_629944,Senior Software Engineer,Confidential Survey Participant,Senior,8,144925.0383111713,Organizational Salary Survey
SURVEY_734014,Junior Software Engineer,Confidential Survey Participant,Junior/Entry,0,65255.94746346971,Organizational Salary Survey
SURVEY_187613,Executive Project Manager,Confidential Survey Participant,Executive/Principal,11,223916.58551961515,Organizational Salary Survey
SURVEY_671545,Mid-Level DevOps Engineer,Confidential Survey Participant,Mid-Level,6,126094.70340050563,Organizational Salary Survey
SURVEY_877157,Junior Project Manager,Confidential Survey Participant,Junior/Entry,0,68823.27084241236,Organizational Salary Survey
SURVEY_527660,Executive Software Engineer,Confidential Survey Participant,Executive/Principal,19,251715.48866623512,Organizational Salary Survey
SURVEY_795983,Senior Software Engineer,Confidential Survey Participant,Senior,8,137234.95513057374,Organizational Salary Survey
SURVEY_391069,Mid-Level DevOps Engineer,Confidential Survey Participant,Mid-Level,4,112346.43949871368,Organizational Salary Survey
SURVEY_449034,Mid-Level Data Scientist,Confidential Survey Participant,Mid-Level,6,129701.86549778773,Organizational Salary Survey
SURVEY_723227,Junior Data Scientist,Confidential Survey Participant,Junior/Entry,2,93666.63415146757,Organizational Salary Survey
SURVEY_777149,Mid-Level Software Engineer,Confidential Survey Participant,Mid-Level,3,111998.59750592834,Organizational Salary Survey
SURVEY_122441,Mid-Level Product Manager,Confidential Survey Participant,Mid-Level,6,131095.04865818977,Organizational Salary Survey
SURVEY_650488,Senior Product Manager,Confidential Survey Participant,Senior,11,198091.7716973519,Organizational Salary Survey
SURVEY_429287,Mid-Level Software Engineer,Confidential Survey Participant,Mid-Level,4,95986.9915134512,Organizational Salary Survey
SURVEY_342814,Executive Software Engineer,Confidential Survey Participant,Executive/Principal,19,187933.06341313026,Organizational Salary Survey
SURVEY_775396,Junior Data Scientist,Confidential Survey Participant,Junior/Entry,2,83984.6213710381,Organizational Salary Survey
SURVEY_230078,Senior Software Engineer,Confidential Survey Participant,Senior,10,152959.32488944472,Organizational Salary Survey
SURVEY_685154,Junior Software Engineer,Confidential Survey Participant,Junior/Entry,2,65579.03953103322,Organizational Salary Survey
SURVEY_439328,Mid-Level Data Analyst,Confidential Survey Participant,Mid-Level,5,88509.59294757806,Organizational Salary Survey
SURVEY_170133,Junior Product Manager,Confidential Survey Participant,Junior/Entry,2,106101.25327040633,Organizational Salary Survey
SURVEY_399035,Senior Data Scientist,Confidential Survey Participant,Senior,8,200625.61659767193,Organizational Salary Survey
SURVEY_544625,Senior Data Scientist,Confidential Survey Participant,Senior,7,167298.94363605275,Organizational Salary Survey
SURVEY_788328,Mid-Level Data Analyst,Confidential Survey Participant,Mid-Level,6,87405.48074285728,Organizational Salary Survey
SURVEY_257941,Mid-Level Data Engineer,Confidential Survey Participant,Mid-Level,3,138840.65863897727,Organizational Salary Survey
SURVEY_329844,Senior Data Scientist,Confidential Survey Participant,Senior,10,169265.03630820615,Organizational Salary Survey
SURVEY_939918,Junior Software Engineer,Confidential Survey Participant,Junior/Entry,0,64632.97944706268,Organizational Salary Survey
SURVEY_698210,Senior Software Engineer,Confidential Survey Participant,Senior,6,134059.50988908447,Organizational Salary Survey
SURVEY_327396,Junior Software Engineer,Confidential Survey Participant,Junior/Entry,1,57255.34570771538,Organizational Salary Survey
SURVEY_823654,Mid-Level Data Scientist,Confidential Survey Participant,Mid-Level,6,117774.57110839999,Organizational Salary Survey
SURVEY_379717,Senior Software Engineer,Confidential Survey Participant,Senior,11,138125.23696742905,Organizational Salary Survey
SURVEY_375949,Junior DevOps Engineer,Confidential Survey Participant,Junior/Entry,1,95410.19857125159,Organizational Salary Survey
SURVEY_399247,Mid-Level Software Engineer,Confidential Survey Participant,Mid-Level,3,110310.053682735,Organizational Salary Survey
SURVEY_529525,Mid-Level Product Manager,Confidential Survey Participant,Mid-Level,3,120325.99823653916,Organizational Salary Survey
SURVEY_456937,Mid-Level Data Engineer,Confidential Survey Participant,Mid-Level,4,121411.69027458003,Organizational Salary Survey
SURVEY_120079,Executive Product Manager,Confidential Survey Participant,Executive/Principal,11,274375.8634278505,Organizational Salary Survey
SURVEY_494656,Junior Project Manager,Confidential Survey Participant,Junior/Entry,2,76315.67326470917,Organizational Salary Survey
SURVEY_710890,Mid-Level Data Scientist,Confidential Survey Participant,Mid-Level,4,134808.460902301,Organizational Salary Survey
SURVEY_403020,Mid-Level Software Engineer,Confidential Survey Participant,Mid-Level,3,102786.77176937736,Organizational Salary Survey
SURVEY_957985,Mid-Level Data Analyst,Confidential Survey Participant,Mid-Level,6,102206.18617261272,Organizational Salary Survey
SURVEY_121095,Mid-Level Data Engineer,Confidential Survey Participant,Mid-Level,6,133571.75831974612,Organizational Salary Survey
SURVEY_533433,Junior Data Engineer,Confidential Survey Participant,Junior/Entry,2,83086.28935447511,Organizational Salary Survey
SURVEY_212849,Junior Software Engineer,Confidential Survey Participant,Junior/Entry,2,61259.521024866015,Organizational Salary Survey
SURVEY_963646,Junior Data Analyst,Confidential Survey Participant,Junior/Entry,1,70031.11226354937,Organizational Salary Survey
SURVEY_624694,Mid-Level Data Analyst,Confidential Survey Participant,Mid-Level,6,103012.26903959122,Organizational Salary Survey
SURVEY_373534,Senior Project Manager,Confidential Survey Participant,Senior,10,136459.9690274584,Organizational Salary Survey
SURVEY_777391,Senior Product Manager,Confidential Survey Participant,Senior,7,172456.11598547158,Organizational Salary Survey
SURVEY_106742,Junior Project Manager,Confidential Survey Participant,Junior/Entry,1,70530.06238374318,Organizational Salary Survey
SURVEY_576448,Senior Software Engineer,Confidential Survey Participant,Senior,7,157399.13906709675,Organizational Salary Survey
SURVEY_540332,Junior Data Analyst,Confidential Survey Participant,Junior/Entry,2,69076.9544035178,Organizational Salary Survey
SURVEY_148850,Mid-Level Data Analyst,Confidential Survey Participant,Mid-Level,3,85328.58079213463,Organizational Salary Survey
SURVEY_507448,Senior Software Engineer,Confidential Survey Participant,Senior,8,155020.21363662562,Organizational Salary Survey
SURVEY_609804,Junior Data Engineer,Confidential Survey Participant,Junior/Entry,0,83390.88828483013,Organizational Salary Survey
SURVEY_474284,Senior Software Engineer,Confidential Survey Participant,Senior,8,149229.16333613262,Organizational Salary Survey
SURVEY_667562,Mid-Level Project Manager,Confidential Survey Participant,Mid-Level,3,101866.29987372654,Organizational Salary Survey
SURVEY_236046,Executive Software Engineer,Confidential Survey Participant,Executive/Principal,17,257908.91189835547,Organizational Salary Survey
SURVEY_264660,Mid-Level Project Manager,Confidential Survey Participant,Mid-Level,5,97771.3298314737,Organizational Salary Survey
SURVEY_758095,Senior Project Manager,Confidential Survey Participant,Senior,6,157883.8659692979,Organizational Salary Survey
SURVEY_832670,Executive Data Analyst,Confidential Survey Participant,Executive/Principal,14,237723.5523188613,Organizational Salary Survey
SURVEY_592305,Junior Project Manager,Confidential Survey Participant,Junior/Entry,1,56109.378075194036,Organizational Salary Survey
SURVEY_783795,Senior Software Engineer,Confidential Survey Participant,Senior,11,135732.47319758503,Organizational Salary Survey
SURVEY_875354,Mid-Level Data Analyst,Confidential Survey Participant,Mid-Level,5,90093.94615928018,Organizational Salary Survey
SURVEY_366398,Mid-Level Product Manager,Confidential Survey Participant,Mid-Level,3,159966.94929503012,Organizational Salary Survey
SURVEY_943559,Mid-Level Data Engineer,Confidential Survey Participant,Mid-Level,6,126900.29932326195,Organizational Salary Survey
SURVEY_928085,Mid-Level Product Manager,Confidential Survey Participant,Mid-Level,6,151366.8767150694,Organizational Salary Survey
SURVEY_247123,Mid-Level Software Engineer,Confidential Survey Participant,Mid-Level,6,97180.42771447763,Organizational Salary Survey
SURVEY_195711,Senior Product Manager,Confidential Survey Participant,Senior,11,219026.97306203516,Organizational Salary Survey
SURVEY_233506,Mid-Level Data Analyst,Confidential Survey Participant,Mid-Level,5,95483.80618208992,Organizational Salary Survey
SURVEY_188939,Senior Project Manager,Confidential Survey Participant,Senior,9,137387.61018729475,Organizational Salary Survey
SURVEY_791894,Mid-Level Product Manager,Confidential Survey Participant,Mid-Level,6,137830.51587890333,Organizational Salary Survey
SURVEY_118703,Senior Software Engineer,Confidential Survey Participant,Senior,11,124367.12179427997,Organizational Salary Survey
SURVEY_872885,Mid-Level Data Engineer,Confidential Survey Participant,Mid-Level,3,122374.70068193594,Organizational Salary Survey
SURVEY_814471,Senior Software Engineer,Confidential Survey Participant,Senior,9,131636.16705487162,Organizational Salary Survey
SURVEY_602898,Junior Product Manager,Confidential Survey Participant,Junior/Entry,1,82140.09768544389,Organizational Salary Survey
SURVEY_587341,Mid-Level Data Analyst,Confidential Survey Participant,Mid-Level,4,98983.83158005426,Organizational Salary Survey
SURVEY_848882,Senior Data Engineer,Confidential Survey Participant,Senior,9,203707.10910319368,Organizational Salary Survey
SURVEY_897655,Junior Data Engineer,Confidential Survey Participant,Junior/Entry,2,90217.72404969491,Organizational Salary Survey
SURVEY_418877,Junior Software Engineer,Confidential Survey Participant,Junior/Entry,0,76614.9345703425,Organizational Salary Survey
SURVEY_489965,Junior Product Manager,Confidential Survey Participant,Junior/Entry,1,83840.32843266263,Organizational Salary Survey
SURVEY_854549,Mid-Level Software Engineer,Confidential Survey Participant,Mid-Level,3,86409.65925738926,Organizational Salary Survey
SURVEY_516137,Mid-Level Project Manager,Confidential Survey Participant,Mid-Level,3,98491.87909080577,Organizational Salary Survey
SURVEY_823127,Senior Product Manager,Confidential Survey Participant,Senior,8,211265.18402041445,Organizational Salary Survey
SURVEY_899923,Senior Software Engineer,Confidential Survey Participant,Senior,10,155459.4190324943,Organizational Salary Survey
SURVEY_659297,Mid-Level Software Engineer,Confidential Survey Participant,Mid-Level,5,104238.51783989149,Organizational Salary Survey
SURVEY_626885,Senior DevOps Engineer,Confidential Survey Participant,Senior,6,175340.9345817502,Organizational Salary Survey
SURVEY_131844,Junior Data Scientist,Confidential Survey Participant,Junior/Entry,2,80309.99203031292,Organizational Salary Survey
SURVEY_258640,Mid-Level Software Engineer,Confidential Survey Participant,Mid-Level,4,109482.11274504782,Organizational Salary Survey
SURVEY_698997,Mid-Level Project Manager,Confidential Survey Participant,Mid-Level,6,101572.66420461185,Organizational Salary Survey
SURVEY_179745,Junior Data Analyst,Confidential Survey Participant,Junior/Entry,0,74879.22603376966,Organizational Salary Survey
SURVEY_518373,Senior Product Manager,Confidential Survey Participant,Senior,11,189284.13476796786,Organizational Salary Survey
SURVEY_486998,Executive Product Manager,Confidential Survey Participant,Executive/Principal,15,261895.87201052243,Organizational Salary Survey
SURVEY_102768,Mid-Level Software Engineer,Confidential Survey Participant,Mid-Level,4,95114.18372875839,Organizational Salary Survey
SURVEY_363951,Junior Software Engineer,Confidential Survey Participant,Junior/Entry,1,57878.39124172815,Organizational Salary Survey
SURVEY_314542,Senior Data Analyst,Confidential Survey Participant,Senior,10,128482.24128020088,Organizational Salary Survey
SURVEY_360219,Mid-Level Product Manager,Confidential Survey Participant,Mid-Level,5,138784.74325635852,Organizational Salary Survey
SURVEY_155587,Mid-Level Product Manager,Confidential Survey Participant,Mid-Level,4,149555.73702162286,Organizational Salary Survey
SURVEY_834693,Mid-Level Data Engineer,Confidential Survey Participant,Mid-Level,4,110520.12569170963,Organizational Salary Survey
SURVEY_983751,Senior Software Engineer,Confidential Survey Participant,Senior,11,152766.54990139187,Organizational Salary Survey
SURVEY_174180,Executive Data Scientist,Confidential Survey Participant,Executive/Principal,17,332032.2950972349,Organizational Salary Survey
SURVEY_792402,Senior Software Engineer,Confidential Survey Participant,Senior,8,133114.41359621362,Organizational Salary Survey
SURVEY_222455,Executive Data Engineer,Confidential Survey Participant,Executive/Principal,13,345340.6669209386,Organizational Salary Survey
SURVEY_807487,Senior Project Manager,Confidential Survey Participant,Senior,7,157917.50694336282,Organizational Salary Survey
SURVEY_762344,Mid-Level Data Analyst,Confidential Survey Participant,Mid-Level,5,99936.83208875122,Organizational Salary Survey
SURVEY_694935,Senior Software Engineer,Confidential Survey Participant,Senior,6,129946.57744313504,Organizational Salary Survey
SURVEY_492791,Mid-Level Data Analyst,Confidential Survey Participant,Mid-Level,3,104958.3542421908,Organizational Salary Survey
SURVEY_155101,Junior Software Engineer,Confidential Survey Participant,Junior/Entry,2,69449.89224873704,Organizational Salary Survey
SURVEY_260200,Senior Data Scientist,Confidential Survey Participant,Senior,10,154202.08980265973,Organizational Salary Survey
SURVEY_408889,Mid-Level Data Analyst,Confidential Survey Participant,Mid-Level,6,99437.61050179068,Organizational Salary Survey
SURVEY_680658,Junior Data Analyst,Confidential Survey Participant,Junior/Entry,0,71869.85089348724,Organizational Salary Survey
SURVEY_249593,Mid-Level Software Engineer,Confidential Survey Participant,Mid-Level,4,92464.23106790312,Organizational Salary Survey
SURVEY_855257,Mid-Level Software Engineer,Confidential Survey Participant,Mid-Level,6,85279.41024508086,Organizational Salary Survey
SURVEY_654189,Senior Data Analyst,Confidential Survey Participant,Senior,8,147680.5574444266,Organizational Salary Survey
SURVEY_954903,Junior Data Analyst,Confidential Survey Participant,Junior/Entry,1,65020.191739215414,Organizational Salary Survey
SURVEY_506894,Senior Data Analyst,Confidential Survey Participant,Senior,9,156908.31044100068,Organizational Salary Survey
SURVEY_893729,Mid-Level Product Manager,Confidential Survey Participant,Mid-Level,3,135988.4446194218,Organizational Salary Survey
SURVEY_651621,Senior Product Manager,Confidential Survey Participant,Senior,10,183644.0813890445,Organizational Salary Survey
SURVEY_437066,Executive Data Analyst,Confidential Survey Participant,Executive/Principal,18,192274.80548243056,Organizational Salary Survey
SURVEY_112891,Mid-Level Data Analyst,Confidential Survey Participant,Mid-Level,4,105944.3231420317,Organizational Salary Survey
SURVEY_112796,Mid-Level Product Manager,Confidential Survey Participant,Mid-Level,4,134417.8799838963,Organizational Salary Survey
SURVEY_462599,Mid-Level Software Engineer,Confidential Survey Participant,Mid-Level,5,89186.35401555878,Organizational Salary Survey
SURVEY_785812,Senior Data Scientist,Confidential Survey Participant,Senior,6,169399.08063599115,Organizational Salary Survey
SURVEY_707161,Senior Data Analyst,Confidential Survey Participant,Senior,7,156176.5820137061,Organizational Salary Survey
SURVEY_451008,Mid-Level DevOps Engineer,Confidential Survey Participant,Mid-Level,6,134702.1049978266,Organizational Salary Survey
SURVEY_650268,Senior Data Analyst,Confidential Survey Participant,Senior,11,132881.02643851965,Organizational Salary Survey
SURVEY_768638,Mid-Level Data Scientist,Confidential Survey Participant,Mid-Level,4,136872.69639857858,Organizational Salary Survey
SURVEY_631633,Mid-Level Data Engineer,Confidential Survey Participant,Mid-Level,3,142946.42004869625,Organizational Salary Survey
SURVEY_218267,Mid-Level Software Engineer,Confidential Survey Participant,Mid-Level,3,96299.9169951216,Organizational Salary Survey
SURVEY_742544,Mid-Level Software Engineer,Confidential Survey Participant,Mid-Level,6,108107.76519648805,Organizational Salary Survey
SURVEY_401617,Mid-Level Product Manager,Confidential Survey Participant,Mid-Level,4,156428.31518282715,Organizational Salary Survey
SURVEY_704131,Mid-Level Product Manager,Confidential Survey Participant,Mid-Level,6,154344.0392610259,Organizational Salary Survey
SURVEY_393726,Mid-Level Software Engineer,Confidential Survey Participant,Mid-Level,6,87751.10693582206,Organizational Salary Survey
SURVEY_135807,Senior Product Manager,Confidential Survey Participant,Senior,10,229316.06730288488,Organizational Salary Survey
SURVEY_344091,Mid-Level Data Scientist,Confidential Survey Participant,Mid-Level,3,119259.50733644105,Organizational Salary Survey
SURVEY_647160,Junior Software Engineer,Confidential Survey Participant,Junior/Entry,2,76221.26971338328,Organizational Salary Survey
SURVEY_787987,Junior Project Manager,Confidential Survey Participant,Junior/Entry,0,72660.71330984934,Organizational Salary Survey
SURVEY_443263,Mid-Level Data Scientist,Confidential Survey Participant,Mid-Level,3,132463.44467809866,Organizational Salary Survey
SURVEY_711510,Junior Data Analyst,Confidential Survey Participant,Junior/Entry,1,73901.54549630734,Organizational Salary Survey
SURVEY_991095,Junior Data Analyst,Confidential Survey Participant,Junior/Entry,2,64950.1189870025,Organizational Salary Survey
SURVEY_926925,Mid-Level Product Manager,Confidential Survey Participant,Mid-Level,3,156388.0247958537,Organizational Salary Survey
SURVEY_153255,Mid-Level Data Analyst,Confidential Survey Participant,Mid-Level,6,109156.82515100652,Organizational Salary Survey
SURVEY_998542,Senior Project Manager,Confidential Survey Participant,Senior,6,122369.05085513012,Organizational Salary Survey
SURVEY_527768,Junior Data Scientist,Confidential Survey Participant,Junior/Entry,2,98382.31497957183,Organizational Salary Survey
SURVEY_715595,Executive Software Engineer,Confidential Survey Participant,Executive/Principal,18,273669.1134164396,Organizational Salary Survey
SURVEY_323858,Junior Software Engineer,Confidential Survey Participant,Junior/Entry,1,68344.30745846876,Organizational Salary Survey
SURVEY_290543,Senior Software Engineer,Confidential Survey Participant,Senior,10,121287.6859141879,Organizational Salary Survey
SURVEY_620855,Mid-Level Product Manager,Confidential Survey Participant,Mid-Level,5,129425.2095754578,Organizational Salary Survey
SURVEY_860321,Mid-Level Software Engineer,Confidential Survey Participant,Mid-Level,3,98476.81444368682,Organizational Salary Survey
SURVEY_566031,Mid-Level Project Manager,Confidential Survey Participant,Mid-Level,5,109796.2597190413,Organizational Salary Survey
SURVEY_982145,Senior Data Analyst,Confidential Survey Participant,Senior,11,133369.23577084046,Organizational Salary Survey
SURVEY_745705,Senior Software Engineer,Confidential Survey Participant,Senior,6,139908.3665002148,Organizational Salary Survey
SURVEY_665541,Mid-Level Data Analyst,Confidential Survey Participant,Mid-Level,3,111670.6069287687,Organizational Salary Survey
SURVEY_336908,Mid-Level Data Engineer,Confidential Survey Participant,Mid-Level,4,116801.2237791786,Organizational Salary Survey
SURVEY_978792,Mid-Level DevOps Engineer,Confidential Survey Participant,Mid-Level,6,121948.4237899999,Organizational Salary Survey
SURVEY_719722,Mid-Level DevOps Engineer,Confidential Survey Participant,Mid-Level,6,124934.36765915356,Organizational Salary Survey
SURVEY_137018,Junior DevOps Engineer,Confidential Survey Participant,Junior/Entry,0,80588.6554626892,Organizational Salary Survey
SURVEY_772609,Executive DevOps Engineer,Confidential Survey Participant,Executive/Principal,12,240454.0662860526,Organizational Salary Survey
SURVEY_804122,Executive Data Analyst,Confidential Survey Participant,Executive/Principal,16,231513.76567579957,Organizational Salary Survey
SURVEY_470902,Mid-Level Product Manager,Confidential Survey Participant,Mid-Level,5,156481.9568523309,Organizational Salary Survey
SURVEY_838815,Mid-Level Data Scientist,Confidential Survey Participant,Mid-Level,6,123941.81757223172,Organizational Salary Survey
SURVEY_980874,Mid-Level Data Engineer,Confidential Survey Participant,Mid-Level,6,122368.99541581215,Organizational Salary Survey
SURVEY_839698,Junior Software Engineer,Confidential Survey Participant,Junior/Entry,1,72811.41191061417,Organizational Salary Survey
SURVEY_349930,Mid-Level DevOps Engineer,Confidential Survey Participant,Mid-Level,4,134586.30165139344,Organizational Salary Survey
SURVEY_189285,Mid-Level DevOps Engineer,Confidential Survey Participant,Mid-Level,5,121967.42585381253,Organizational Salary Survey
SURVEY_997427,Senior Data Analyst,Confidential Survey Participant,Senior,6,133707.44514463237,Organizational Salary Survey
SURVEY_593918,Mid-Level Data Engineer,Confidential Survey Participant,Mid-Level,3,141881.5055615317,Organizational Salary Survey
SURVEY_125167,Senior Data Engineer,Confidential Survey Participant,Senior,8,206984.87352333666,Organizational Salary Survey
SURVEY_438973,Senior Data Engineer,Confidential Survey Participant,Senior,9,201402.40837971724,Organizational Salary Survey
SURVEY_830951,Mid-Level Product Manager,Confidential Survey Participant,Mid-Level,3,125851.06762676928,Organizational Salary Survey
SURVEY_302177,Mid-Level Project Manager,Confidential Survey Participant,Mid-Level,3,88341.3548260285,Organizational Salary Survey
SURVEY_364231,Mid-Level Software Engineer,Confidential Survey Participant,Mid-Level,6,85967.9993073941,Organizational Salary Survey
SURVEY_644136,Junior Project Manager,Confidential Survey Participant,Junior/Entry,0,76528.8379744238,Organizational Salary Survey
SURVEY_999573,Senior Software Engineer,Confidential Survey Participant,Senior,8,155987.27988327027,Organizational Salary Survey
SURVEY_578732,Mid-Level Data Analyst,Confidential Survey Participant,Mid-Level,6,111611.6698680772,Organizational Salary Survey
SURVEY_470607,Mid-Level Software Engineer,Confidential Survey Participant,Mid-Level,5,99236.28373967599,Organizational Salary Survey
SURVEY_440947,Senior Product Manager,Confidential Survey Participant,Senior,9,172504.1584102731,Organizational Salary Survey
SURVEY_323843,Senior Data Scientist,Confidential Survey Participant,Senior,6,156561.78663800613,Organizational Salary Survey
SURVEY_783310,Senior Software Engineer,Confidential Survey Participant,Senior,10,125865.79371127607,Organizational Salary Survey
SURVEY_844033,Senior Software Engineer,Confidential Survey Participant,Senior,9,142238.6077530277,Organizational Salary Survey
SURVEY_512610,Mid-Level Software Engineer,Confidential Survey Participant,Mid-Level,5,96594.97824419115,Organizational Salary Survey
SURVEY_109843,Junior DevOps Engineer,Confidential Survey Participant,Junior/Entry,1,94515.92258287726,Organizational Salary Survey
SURVEY_139124,Mid-Level DevOps Engineer,Confidential Survey Participant,Mid-Level,4,117038.07581353377,Organizational Salary Survey
SURVEY_926825,Executive Software Engineer,Confidential Survey Participant,Executive/Principal,16,272999.0280014767,Organizational Salary Survey
SURVEY_968149,Mid-Level Data Engineer,Confidential Survey Participant,Mid-Level,5,124077.47515088208,Organizational Salary Survey
SURVEY_465174,Junior Data Analyst,Confidential Survey Participant,Junior/Entry,0,59851.84847057623,Organizational Salary Survey
SURVEY_504878,Mid-Level Data Engineer,Confidential Survey Participant,Mid-Level,3,135542.06143256166,Organizational Salary Survey
SURVEY_851910,Junior Product Manager,Confidential Survey Participant,Junior/Entry,1,93344.73451708964,Organizational Salary Survey
SURVEY_204693,Junior Product Manager,Confidential Survey Participant,Junior/Entry,0,87324.6304177732,Organizational Salary Survey
SURVEY_396951,Senior Software Engineer,Confidential Survey Participant,Senior,6,127817.22776912703,Organizational Salary Survey
SURVEY_815626,Senior DevOps Engineer,Confidential Survey Participant,Senior,7,184063.2006947168,Organizational Salary Survey
SURVEY_199328,Junior Data Engineer,Confidential Survey Participant,Junior/Entry,2,85115.91654594378,Organizational Salary Survey
SURVEY_457772,Mid-Level Software Engineer,Confidential Survey Participant,Mid-Level,5,87338.48196537964,Organizational Salary Survey
SURVEY_169239,Junior Data Engineer,Confidential Survey Participant,Junior/Entry,2,85596.26268711986,Organizational Salary Survey
SURVEY_831662,Senior Data Scientist,Confidential Survey Participant,Senior,11,201160.9118498257,Organizational Salary Survey
SURVEY_303683,Senior Data Scientist,Confidential Survey Participant,Senior,10,195228.09923442177,Organizational Salary Survey
SURVEY_661019,Mid-Level Data Analyst,Confidential Survey Participant,Mid-Level,6,84743.59987311497,Organizational Salary Survey
SURVEY_227387,Mid-Level Software Engineer,Confidential Survey Participant,Mid-Level,4,97478.83772414482,Organizational Salary Survey
SURVEY_546041,Mid-Level Data Scientist,Confidential Survey Participant,Mid-Level,4,142098.0827995517,Organizational Salary Survey
SURVEY_668888,Mid-Level Data Engineer,Confidential Survey Participant,Mid-Level,5,110692.1353787826,Organizational Salary Survey
SURVEY_560283,Junior Software Engineer,Confidential Survey Participant,Junior/Entry,0,67938.52517956917,Organizational Salary Survey
SURVEY_650518,Mid-Level Product Manager,Confidential Survey Participant,Mid-Level,6,158464.5275484149,Organizational Salary Survey
SURVEY_938920,Mid-Level Project Manager,Confidential Survey Participant,Mid-Level,3,94775.87586560835,Organizational Salary Survey
SURVEY_193164,Senior Data Analyst,Confidential Survey Participant,Senior,9,132650.10952317895,Organizational Salary Survey
SURVEY_678815,Senior Software Engineer,Confidential Survey Participant,Senior,11,153815.32228208194,Organizational Salary Survey
SURVEY_542577,Senior Data Analyst,Confidential Survey Participant,Senior,10,144268.31590226968,Organizational Salary Survey
SURVEY_930925,Mid-Level Project Manager,Confidential Survey Participant,Mid-Level,4,85156.427964529,Organizational Salary Survey
SURVEY_488641,Mid-Level Data Engineer,Confidential Survey Participant,Mid-Level,5,138114.03861063282,Organizational Salary Survey
SURVEY_865394,Mid-Level Software Engineer,Confidential Survey Participant,Mid-Level,3,100648.25143216565,Organizational Salary Survey
SURVEY_696930,Mid-Level Product Manager,Confidential Survey Participant,Mid-Level,3,131777.8645052041,Organizational Salary Survey
SURVEY_826284,Junior Software Engineer,Confidential Survey Participant,Junior/Entry,2,61902.45044847157,Organizational Salary Survey
SURVEY_639209,Senior Software Engineer,Confidential Survey Participant,Senior,10,145897.8717236627,Organizational Salary Survey
SURVEY_332586,Senior Software Engineer,Confidential Survey Participant,Senior,10,131808.17760218188,Organizational Salary Survey
SURVEY_104061,Junior Data Scientist,Confidential Survey Participant,Junior/Entry,1,81019.28100576266,Organizational Salary Survey
SURVEY_289974,Senior Software Engineer,Confidential Survey Participant,Senior,11,139908.41155838032,Organizational Salary Survey
SURVEY_553363,Mid-Level Software Engineer,Confidential Survey Participant,Mid-Level,3,93245.66195254608,Organizational Salary Survey
SURVEY_328213,Mid-Level Data Engineer,Confidential Survey Participant,Mid-Level,6,119960.2146513805,Organizational Salary Survey
SURVEY_623526,Junior Software Engineer,Confidential Survey Participant,Junior/Entry,2,75506.48526009472,Organizational Salary Survey
SURVEY_247399,Senior Software Engineer,Confidential Survey Participant,Senior,11,149317.28294023866,Organizational Salary Survey
SURVEY_897849,Mid-Level Data Scientist,Confidential Survey Participant,Mid-Level,5,135295.50013288273,Organizational Salary Survey
SURVEY_891500,Junior Software Engineer,Confidential Survey Participant,Junior/Entry,2,66030.97745886017,Organizational Salary Survey
SURVEY_874681,Junior Data Analyst,Confidential Survey Participant,Junior/Entry,0,59406.697399330464,Organizational Salary Survey
SURVEY_984590,Mid-Level Software Engineer,Confidential Survey Participant,Mid-Level,5,93517.28887195286,Organizational Salary Survey
SURVEY_459926,Mid-Level Software Engineer,Confidential Survey Participant,Mid-Level,3,89306.20317733359,Organizational Salary Survey
SURVEY_165432,Junior Software Engineer,Confidential Survey Participant,Junior/Entry,2,69643.9108191084,Organizational Salary Survey
SURVEY_427645,Mid-Level Project Manager,Confidential Survey Participant,Mid-Level,4,90731.82739636625,Organizational Salary Survey
SURVEY_488480,Mid-Level Data Scientist,Confidential Survey Participant,Mid-Level,5,127417.90638166328,Organizational Salary Survey
SURVEY_211337,Junior Data Engineer,Confidential Survey Participant,Junior/Entry,1,88825.7743264496,Organizational Salary Survey
SURVEY_364821,Senior Data Scientist,Confidential Survey Participant,Senior,8,197136.59590582704,Organizational Salary Survey
SURVEY_643617,Junior Data Analyst,Confidential Survey Participant,Junior/Entry,2,71981.18576427244,Organizational Salary Survey
SURVEY_690022,Mid-Level Software Engineer,Confidential Survey Participant,Mid-Level,3,87760.92489998328,Organizational Salary Survey
SURVEY_566483,Mid-Level Data Scientist,Confidential Survey Participant,Mid-Level,6,132883.37006491257,Organizational Salary Survey
SURVEY_559406,Mid-Level Project Manager,Confidential Survey Participant,Mid-Level,6,96032.36341232745,Organizational Salary Survey
SURVEY_225152,Senior Data Engineer,Confidential Survey Participant,Senior,11,206009.50046153655,Organizational Salary Survey
SURVEY_271208,Senior Software Engineer,Confidential Survey Participant,Senior,7,152834.42600065115,Organizational Salary Survey
SURVEY_720491,Junior Product Manager,Confidential Survey Participant,Junior/Entry,0,87181.51529040548,Organizational Salary Survey
SURVEY_299584,Mid-Level Data Scientist,Confidential Survey Participant,Mid-Level,4,115937.50437412872,Organizational Salary Survey
SURVEY_650555,Mid-Level Software Engineer,Confidential Survey Participant,Mid-Level,5,87179.72774552375,Organizational Salary Survey
SURVEY_280295,Senior Data Analyst,Confidential Survey Participant,Senior,8,131640.32588546592,Organizational Salary Survey
SURVEY_970017,Mid-Level Data Scientist,Confidential Survey Participant,Mid-Level,3,131794.87440354293,Organizational Salary Survey
SURVEY_746010,Executive Project Manager,Confidential Survey Participant,Executive/Principal,13,272542.718837723,Organizational Salary Survey
SURVEY_473572,Mid-Level Product Manager,Confidential Survey Participant,Mid-Level,5,145710.33862801534,Organizational Salary Survey
SURVEY_689475,Mid-Level Data Analyst,Confidential Survey Participant,Mid-Level,5,111354.96905695225,Organizational Salary Survey
SURVEY_756135,Senior Data Scientist,Confidential Survey Participant,Senior,6,177960.30704797537,Organizational Salary Survey
SURVEY_291758,Mid-Level Data Analyst,Confidential Survey Participant,Mid-Level,5,93685.18705982568,Organizational Salary Survey
SURVEY_251523,Senior Data Engineer,Confidential Survey Participant,Senior,9,168694.58616935858,Organizational Salary Survey
SURVEY_791450,Mid-Level Software Engineer,Confidential Survey Participant,Mid-Level,3,94088.84230450128,Organizational Salary Survey
SURVEY_167756,Junior Data Analyst,Confidential Survey Participant,Junior/Entry,0,70272.67332449903,Organizational Salary Survey
SURVEY_348191,Mid-Level Data Analyst,Confidential Survey Participant,Mid-Level,3,84992.90497399987,Organizational Salary Survey
SURVEY_941780,Mid-Level Data Engineer,Confidential Survey Participant,Mid-Level,6,141485.3613346552,Organizational Salary Survey
SURVEY_499043,Mid-Level Data Engineer,Confidential Survey Participant,Mid-Level,4,135359.6969491435,Organizational Salary Survey
SURVEY_254169,Senior Software Engineer,Confidential Survey Participant,Senior,7,141280.4444484934,Organizational Salary Survey
SURVEY_159308,Mid-Level Data Engineer,Confidential Survey Participant,Mid-Level,6,120595.6413321858,Organizational Salary Survey
SURVEY_837117,Executive Data Scientist,Confidential Survey Participant,Executive/Principal,16,286347.9675543933,Organizational Salary Survey
SURVEY_184908,Junior Software Engineer,Confidential Survey Participant,Junior/Entry,0,60661.47009952944,Organizational Salary Survey
SURVEY_434190,Mid-Level Software Engineer,Confidential Survey Participant,Mid-Level,4,88755.2071133888,Organizational Salary Survey
SURVEY_946276,Executive Data Scientist,Confidential Survey Participant,Executive/Principal,17,242312.828720843,Organizational Salary Survey
SURVEY_910368,Senior Product Manager,Confidential Survey Participant,Senior,10,218316.1975999263,Organizational Salary Survey
SURVEY_390474,Junior Project Manager,Confidential Survey Participant,Junior/Entry,0,65595.89442239392,Organizational Salary Survey
SURVEY_666139,Junior Product Manager,Confidential Survey Participant,Junior/Entry,1,107100.65681543668,Organizational Salary Survey
SURVEY_332229,Mid-Level Software Engineer,Confidential Survey Participant,Mid-Level,6,102597.90856236606,Organizational Salary Survey
SURVEY_171252,Junior Project Manager,Confidential Survey Participant,Junior/Entry,0,68503.95395435671,Organizational Salary Survey
SURVEY_872026,Senior Data Engineer,Confidential Survey Participant,Senior,6,181492.43043030126,Organizational Salary Survey
SURVEY_973850,Senior Data Analyst,Confidential Survey Participant,Senior,6,132123.72682793345,Organizational Salary Survey
SURVEY_519220,Executive Project Manager,Confidential Survey Participant,Executive/Principal,15,270658.4713184833,Organizational Salary Survey
SURVEY_912815,Mid-Level Project Manager,Confidential Survey Participant,Mid-Level,5,91853.34970882576,Organizational Salary Survey
SURVEY_280761,Senior Data Engineer,Confidential Survey Participant,Senior,8,176918.51782976897,Organizational Salary Survey
SURVEY_751786,Mid-Level Software Engineer,Confidential Survey Participant,Mid-Level,3,94699.40745797231,Organizational Salary Survey
SURVEY_221520,Mid-Level Data Scientist,Confidential Survey Participant,Mid-Level,5,108058.43130047985,Organizational Salary Survey
SURVEY_547103,Senior Data Engineer,Confidential Survey Participant,Senior,9,161111.43753793478,Organizational Salary Survey
SURVEY_712664,Mid-Level Data Analyst,Confidential Survey Participant,Mid-Level,4,96410.96435685913,Organizational Salary Survey
SURVEY_443769,Executive Data Engineer,Confidential Survey Participant,Executive/Principal,18,359275.24708025245,Organizational Salary Survey
SURVEY_669509,Mid-Level Product Manager,Confidential Survey Participant,Mid-Level,6,153008.2996142174,Organizational Salary Survey
SURVEY_410294,Junior Software Engineer,Confidential Survey Participant,Junior/Entry,2,68273.83905521609,Organizational Salary Survey
SURVEY_741403,Mid-Level Data Analyst,Confidential Survey Participant,Mid-Level,5,110987.96800166498,Organizational Salary Survey
SURVEY_551540,Mid-Level Software Engineer,Confidential Survey Participant,Mid-Level,3,97645.41742971833,Organizational Salary Survey
SURVEY_395437,Senior Software Engineer,Confidential Survey Participant,Senior,7,146696.1138577398,Organizational Salary Survey
SURVEY_563858,Mid-Level Data Scientist,Confidential Survey Participant,Mid-Level,3,140858.97906477866,Organizational Salary Survey
SURVEY_507902,Mid-Level Data Scientist,Confidential Survey Participant,Mid-Level,3,138885.12918268642,Organizational Salary Survey
SURVEY_522897,Mid-Level Product Manager,Confidential Survey Participant,Mid-Level,3,136003.7543850188,Organizational Salary Survey
SURVEY_176682,Mid-Level Software Engineer,Confidential Survey Participant,Mid-Level,5,104221.83845686115,Organizational Salary Survey
SURVEY_781077,Mid-Level Data Analyst,Confidential Survey Participant,Mid-Level,5,94524.39098180998,Organizational Salary Survey
SURVEY_467034,Mid-Level Data Analyst,Confidential Survey Participant,Mid-Level,6,87591.3805910592,Organizational Salary Survey
SURVEY_214577,Mid-Level Software Engineer,Confidential Survey Participant,Mid-Level,6,85474.1033399076,Organizational Salary Survey
SURVEY_415710,Senior Data Analyst,Confidential Survey Participant,Senior,10,129481.45755376581,Organizational Salary Survey
SURVEY_935109,Junior Data Scientist,Confidential Survey Participant,Junior/Entry,2,94725.49779054492,Organizational Salary Survey
SURVEY_777582,Mid-Level Product Manager,Confidential Survey Participant,Mid-Level,3,135982.16791547465,Organizational Salary Survey
SURVEY_213438,Mid-Level Data Engineer,Confidential Survey Participant,Mid-Level,5,128764.23223635409,Organizational Salary Survey
SURVEY_646755,Executive Data Analyst,Confidential Survey Participant,Executive/Principal,10,261148.59770493646,Organizational Salary Survey
SURVEY_436205,Junior Project Manager,Confidential Survey Participant,Junior/Entry,1,60495.725012503,Organizational Salary Survey
SURVEY_329374,Executive Data Scientist,Confidential Survey Participant,Executive/Principal,12,246447.5668344494,Organizational Salary Survey
SURVEY_258709,Senior Product Manager,Confidential Survey Participant,Senior,8,198523.94955127774,Organizational Salary Survey
SURVEY_189967,Mid-Level Data Scientist,Confidential Survey Participant,Mid-Level,3,116502.02170972625,Organizational Salary Survey
SURVEY_583788,Mid-Level Data Analyst,Confidential Survey Participant,Mid-Level,3,97550.39161535043,Organizational Salary Survey
SURVEY_985466,Senior Data Scientist,Confidential Survey Participant,Senior,7,195039.92656653782,Organizational Salary Survey
SURVEY_556464,Junior Data Analyst,Confidential Survey Participant,Junior/Entry,0,76414.16632696145,Organizational Salary Survey
SURVEY_762936,Executive Data Engineer,Confidential Survey Participant,Executive/Principal,16,284017.26444784354,Organizational Salary Survey
SURVEY_826108,Mid-Level Data Analyst,Confidential Survey Participant,Mid-Level,6,102366.02170269394,Organizational Salary Survey
SURVEY_641153,Mid-Level Data Engineer,Confidential Survey Participant,Mid-Level,4,113651.5074059234,Organizational Salary Survey
SURVEY_826826,Mid-Level Software Engineer,Confidential Survey Participant,Mid-Level,6,94563.0246817532,Organizational Salary Survey
SURVEY_952129,Mid-Level Software Engineer,Confidential Survey Participant,Mid-Level,5,102657.55502336993,Organizational Salary Survey
SURVEY_118275,Senior Data Scientist,Confidential Survey Participant,Senior,8,196960.6036567543,Organizational Salary Survey
SURVEY_791701,Mid-Level Project Manager,Confidential Survey Participant,Mid-Level,6,96883.28335971145,Organizational Salary Survey
SURVEY_302591,Senior Software Engineer,Confidential Survey Participant,Senior,8,158488.74417425282,Organizational Salary Survey
SURVEY_161292,Mid-Level Data Scientist,Confidential Survey Participant,Mid-Level,6,135483.9011680683,Organizational Salary Survey
SURVEY_151258,Executive Data Scientist,Confidential Survey Participant,Executive/Principal,15,264542.548883803,Organizational Salary Survey
SURVEY_779982,Executive Data Engineer,Confidential Survey Participant,Executive/Principal,13,267992.2186919824,Organizational Salary Survey
SURVEY_804314,Mid-Level Product Manager,Confidential Survey Participant,Mid-Level,4,127805.49571511165,Organizational Salary Survey
SURVEY_304676,Senior Software Engineer,Confidential Survey Participant,Senior,7,129291.19888834907,Organizational Salary Survey
SURVEY_334918,Senior Software Engineer,Confidential Survey Participant,Senior,9,153091.76195638897,Organizational Salary Survey
SURVEY_432608,Mid-Level Data Engineer,Confidential Survey Participant,Mid-Level,4,129111.46571959228,Organizational Salary Survey
SURVEY_989653,Senior Software Engineer,Confidential Survey Participant,Senior,6,120744.4195724017,Organizational Salary Survey
SURVEY_439267,Senior Software Engineer,Confidential Survey Participant,Senior,11,120092.67480398621,Organizational Salary Survey
SURVEY_275680,Junior Software Engineer,Confidential Survey Participant,Junior/Entry,1,61752.593139117314,Organizational Salary Survey
SURVEY_556001,Mid-Level Product Manager,Confidential Survey Participant,Mid-Level,4,125669.60204470615,Organizational Salary Survey
SURVEY_579565,Senior Data Analyst,Confidential Survey Participant,Senior,10,127797.62298778594,Organizational Salary Survey
SURVEY_335996,Mid-Level Product Manager,Confidential Survey Participant,Mid-Level,4,148737.66042887748,Organizational Salary Survey
SURVEY_306168,Junior Data Scientist,Confidential Survey Participant,Junior/Entry,1,94157.86943461788,Organizational Salary Survey
SURVEY_577657,Mid-Level Software Engineer,Confidential Survey Participant,Mid-Level,6,110124.81415411517,Organizational Salary Survey
SURVEY_887320,Mid-Level Project Manager,Confidential Survey Participant,Mid-Level,6,87291.81292316008,Organizational Salary Survey
SURVEY_933441,Mid-Level Project Manager,Confidential Survey Participant,Mid-Level,5,93960.93946300725,Organizational Salary Survey
SURVEY_861483,Senior Product Manager,Confidential Survey Participant,Senior,8,222288.72928620502,Organizational Salary Survey
SURVEY_665404,Mid-Level Data Engineer,Confidential Survey Participant,Mid-Level,6,136287.8352753812,Organizational Salary Survey
SURVEY_401583,Senior Software Engineer,Confidential Survey Participant,Senior,9,122373.96058001486,Organizational Salary Survey
SURVEY_668145,Mid-Level Data Scientist,Confidential Survey Participant,Mid-Level,5,141618.53099207272,Organizational Salary Survey
SURVEY_703451,Senior Data Analyst,Confidential Survey Participant,Senior,11,135673.41866380593,Organizational Salary Survey
SURVEY_930290,Junior Product Manager,Confidential Survey Participant,Junior/Entry,0,85697.87747092044,Organizational Salary Survey
SURVEY_679227,Senior Software Engineer,Confidential Survey Participant,Senior,6,153094.6967752747,Organizational Salary Survey
SURVEY_452332,Mid-Level Data Engineer,Confidential Survey Participant,Mid-Level,3,117369.08939344765,Organizational Salary Survey
SURVEY_273905,Senior Product Manager,Confidential Survey Participant,Senior,11,214585.66074901467,Organizational Salary Survey
SURVEY_525862,Mid-Level Software Engineer,Confidential Survey Participant,Mid-Level,5,87027.5448388343,Organizational Salary Survey
SURVEY_706069,Executive Software Engineer,Confidential Survey Participant,Executive/Principal,11,200745.45317707382,Organizational Salary Survey
SURVEY_707451,Mid-Level Data Engineer,Confidential Survey Participant,Mid-Level,4,127804.71601417137,Organizational Salary Survey
SURVEY_596325,Mid-Level Project Manager,Confidential Survey Participant,Mid-Level,4,107618.535443359,Organizational Salary Survey
SURVEY_816405,Junior DevOps Engineer,Confidential Survey Participant,Junior/Entry,1,73123.2959298768,Organizational Salary Survey
SURVEY_447263,Mid-Level Software Engineer,Confidential Survey Participant,Mid-Level,4,107161.25347522073,Organizational Salary Survey
SURVEY_490055,Senior Data Scientist,Confidential Survey Participant,Senior,8,163798.88855775632,Organizational Salary Survey
SURVEY_434283,Mid-Level Data Scientist,Confidential Survey Participant,Mid-Level,6,129526.52585015658,Organizational Salary Survey
SURVEY_148420,Mid-Level Software Engineer,Confidential Survey Participant,Mid-Level,6,89926.53351308769,Organizational Salary Survey
SURVEY_825287,Mid-Level Project Manager,Confidential Survey Participant,Mid-Level,3,104529.35015702204,Organizational Salary Survey
SURVEY_299407,Senior Software Engineer,Confidential Survey Participant,Senior,7,134375.2712850766,Organizational Salary Survey
SURVEY_600498,Mid-Level Data Engineer,Confidential Survey Participant,Mid-Level,6,123784.61666296484,Organizational Salary Survey
SURVEY_672646,Senior Data Engineer,Confidential Survey Participant,Senior,6,158739.49364120577,Organizational Salary Survey
SURVEY_547742,Junior Product Manager,Confidential Survey Participant,Junior/Entry,0,102805.1010170727,Organizational Salary Survey
SURVEY_161201,Mid-Level Software Engineer,Confidential Survey Participant,Mid-Level,6,107635.1192474455,Organizational Salary Survey
SURVEY_959212,Mid-Level Software Engineer,Confidential Survey Participant,Mid-Level,6,84059.97010356691,Organizational Salary Survey
SURVEY_694323,Mid-Level Software Engineer,Confidential Survey Participant,Mid-Level,6,86788.51567766111,Organizational Salary Survey
SURVEY_295224,Mid-Level Software Engineer,Confidential Survey Participant,Mid-Level,4,110768.59172323467,Organizational Salary Survey
SURVEY_138726,Mid-Level Software Engineer,Confidential Survey Participant,Mid-Level,3,97443.20890986567,Organizational Salary Survey
SURVEY_218698,Mid-Level Software Engineer,Confidential Survey Participant,Mid-Level,3,97142.25135434147,Organizational Salary Survey
SURVEY_778609,Mid-Level Software Engineer,Confidential Survey Participant,Mid-Level,4,99010.46051856689,Organizational Salary Survey
SURVEY_389303,Mid-Level Product Manager,Confidential Survey Participant,Mid-Level,6,152378.18783789963,Organizational Salary Survey
SURVEY_308275,Executive Product Manager,Confidential Survey Participant,Executive/Principal,10,351850.40348373796,Organizational Salary Survey
SURVEY_592137,Mid-Level Data Engineer,Confidential Survey Participant,Mid-Level,3,119168.25423782361,Organizational Salary Survey
SURVEY_342452,Executive Product Manager,Confidential Survey Participant,Executive/Principal,15,365373.54993330775,Organizational Salary Survey
SURVEY_874208,Mid-Level Data Engineer,Confidential Survey Participant,Mid-Level,3,112084.73383837054,Organizational Salary Survey
SURVEY_248358,Mid-Level Software Engineer,Confidential Survey Participant,Mid-Level,4,95712.52492282797,Organizational Salary Survey
SURVEY_103915,Mid-Level Product Manager,Confidential Survey Participant,Mid-Level,4,159046.43658529595,Organizational Salary Survey
SURVEY_301572,Mid-Level Product Manager,Confidential Survey Participant,Mid-Level,3,152446.18364083197,Organizational Salary Survey
SURVEY_603773,Junior Data Analyst,Confidential Survey Participant,Junior/Entry,1,69289.03043827464,Organizational Salary Survey
SURVEY_775501,Junior Software Engineer,Confidential Survey Participant,Junior/Entry,0,72498.46255638424,Organizational Salary Survey
SURVEY_491980,Junior Data Scientist,Confidential Survey Participant,Junior/Entry,2,93852.55371769574,Organizational Salary Survey
SURVEY_206045,Executive Software Engineer,Confidential Survey Participant,Executive/Principal,11,274238.336932762,Organizational Salary Survey
SURVEY_450871,Senior Data Engineer,Confidential Survey Participant,Senior,9,200037.55033421493,Organizational Salary Survey
SURVEY_252294,Mid-Level Project Manager,Confidential Survey Participant,Mid-Level,3,107202.35915876282,Organizational Salary Survey
SURVEY_150375,Senior Data Analyst,Confidential Survey Participant,Senior,7,128555.18754447935,Organizational Salary Survey
SURVEY_894859,Mid-Level Product Manager,Confidential Survey Participant,Mid-Level,5,133807.50003098568,Organizational Salary Survey
SURVEY_267609,Senior Data Analyst,Confidential Survey Participant,Senior,8,143670.0577913026,Organizational Salary Survey
SURVEY_994543,Mid-Level Software Engineer,Confidential Survey Participant,Mid-Level,6,102305.9302312328,Organizational Salary Survey
SURVEY_516126,Senior Software Engineer,Confidential Survey Participant,Senior,7,151988.15527025762,Organizational Salary Survey
SURVEY_548284,Junior Data Engineer,Confidential Survey Participant,Junior/Entry,1,74776.11141913189,Organizational Salary Survey
SURVEY_606662,Senior Product Manager,Confidential Survey Participant,Senior,8,219653.36339765083,Organizational Salary Survey
SURVEY_225879,Junior Software Engineer,Confidential Survey Participant,Junior/Entry,1,70238.55775902155,Organizational Salary Survey
SURVEY_803832,Mid-Level Data Engineer,Confidential Survey Participant,Mid-Level,4,114784.52219428959,Organizational Salary Survey
SURVEY_975048,Mid-Level Project Manager,Confidential Survey Participant,Mid-Level,3,109760.26232668904,Organizational Salary Survey
SURVEY_571219,Mid-Level Data Analyst,Confidential Survey Participant,Mid-Level,6,84856.40766078925,Organizational Salary Survey
SURVEY_255605,Mid-Level Data Scientist,Confidential Survey Participant,Mid-Level,4,131240.18881297455,Organizational Salary Survey
SURVEY_434787,Junior Data Analyst,Confidential Survey Participant,Junior/Entry,0,76901.50848177592,Organizational Salary Survey
SURVEY_386238,Mid-Level Software Engineer,Confidential Survey Participant,Mid-Level,3,109294.85320366666,Organizational Salary Survey
SURVEY_201163,Senior DevOps Engineer,Confidential Survey Participant,Senior,9,162317.9867179416,Organizational Salary Survey
SURVEY_894532,Mid-Level DevOps Engineer,Confidential Survey Participant,Mid-Level,4,127780.44076851646,Organizational Salary Survey
SURVEY_810837,Mid-Level Data Analyst,Confidential Survey Participant,Mid-Level,4,102168.16636550377,Organizational Salary Survey
SURVEY_815579,Mid-Level Software Engineer,Confidential Survey Participant,Mid-Level,5,107787.40617299062,Organizational Salary Survey
SURVEY_867232,Executive Data Scientist,Confidential Survey Participant,Executive/Principal,18,266978.31204310403,Organizational Salary Survey
SURVEY_349991,Mid-Level Software Engineer,Confidential Survey Participant,Mid-Level,5,97658.12898423288,Organizational Salary Survey
SURVEY_367460,Mid-Level Software Engineer,Confidential Survey Participant,Mid-Level,6,105929.35593152772,Organizational Salary Survey
SURVEY_863688,Mid-Level Data Analyst,Confidential Survey Participant,Mid-Level,4,85584.38557872883,Organizational Salary Survey
SURVEY_366812,Mid-Level Product Manager,Confidential Survey Participant,Mid-Level,5,133355.39040017303,Organizational Salary Survey
SURVEY_932546,Mid-Level Software Engineer,Confidential Survey Participant,Mid-Level,5,98817.90709313647,Organizational Salary Survey
SURVEY_786869,Junior Project Manager,Confidential Survey Participant,Junior/Entry,2,73441.90472020302,Organizational Salary Survey
SURVEY_323009,Mid-Level Data Analyst,Confidential Survey Participant,Mid-Level,4,88113.40444668646,Organizational Salary Survey
SURVEY_319665,Mid-Level DevOps Engineer,Confidential Survey Participant,Mid-Level,4,135467.33195169215,Organizational Salary Survey
SURVEY_939410,Mid-Level Product Manager,Confidential Survey Participant,Mid-Level,5,121612.10981701472,Organizational Salary Survey
SURVEY_203694,Executive Project Manager,Confidential Survey Participant,Executive/Principal,12,247727.67968286813,Organizational Salary Survey
SURVEY_233323,Junior Data Analyst,Confidential Survey Participant,Junior/Entry,1,66545.49972896601,Organizational Salary Survey
SURVEY_896111,Senior Software Engineer,Confidential Survey Participant,Senior,7,130503.9069703316,Organizational Salary Survey
SURVEY_467916,Junior DevOps Engineer,Confidential Survey Participant,Junior/Entry,1,79354.91549400603,Organizational Salary Survey
SURVEY_995227,Senior Data Scientist,Confidential Survey Participant,Senior,9,172797.77169208086,Organizational Salary Survey
SURVEY_877914,Mid-Level Data Analyst,Confidential Survey Participant,Mid-Level,3,99368.92841139318,Organizational Salary Survey
SURVEY_566898,Mid-Level Data Engineer,Confidential Survey Participant,Mid-Level,6,110296.16362048325,Organizational Salary Survey
SURVEY_645926,Mid-Level Data Analyst,Confidential Survey Participant,Mid-Level,4,100182.02190941233,Organizational Salary Survey
SURVEY_150605,Mid-Level Data Engineer,Confidential Survey Participant,Mid-Level,4,113510.2152319737,Organizational Salary Survey
SURVEY_568293,Senior Software Engineer,Confidential Survey Participant,Senior,10,139062.05455509282,Organizational Salary Survey
SURVEY_846785,Junior Product Manager,Confidential Survey Participant,Junior/Entry,1,87574.9684082177,Organizational Salary Survey
SURVEY_563918,Senior DevOps Engineer,Confidential Survey Participant,Senior,9,185506.2401010656,Organizational Salary Survey
SURVEY_482934,Junior Software Engineer,Confidential Survey Participant,Junior/Entry,1,73710.53583831848,Organizational Salary Survey
SURVEY_179698,Mid-Level Data Analyst,Confidential Survey Participant,Mid-Level,6,102972.72483536364,Organizational Salary Survey
SURVEY_237879,Mid-Level Data Analyst,Confidential Survey Participant,Mid-Level,6,85034.88915717097,Organizational Salary Survey
SURVEY_542197,Junior Project Manager,Confidential Survey Participant,Junior/Entry,0,75090.97229072193,Organizational Salary Survey
SURVEY_411839,Junior Product Manager,Confidential Survey Participant,Junior/Entry,1,81834.04766036556,Organizational Salary Survey
SURVEY_143842,Junior Data Scientist,Confidential Survey Participant,Junior/Entry,1,98379.29733437642,Organizational Salary Survey
SURVEY_587608,Junior Software Engineer,Confidential Survey Participant,Junior/Entry,1,65571.1206786057,Organizational Salary Survey
SURVEY_885423,Mid-Level Data Scientist,Confidential Survey Participant,Mid-Level,3,120577.12664649692,Organizational Salary Survey
SURVEY_707888,Mid-Level Data Engineer,Confidential Survey Participant,Mid-Level,4,139646.50139863958,Organizational Salary Survey
SURVEY_118292,Senior Software Engineer,Confidential Survey Participant,Senior,8,154268.42836551272,Organizational Salary Survey
SURVEY_515609,Senior Data Analyst,Confidential Survey Participant,Senior,8,120572.20587711241,Organizational Salary Survey
SURVEY_743692,Junior Data Scientist,Confidential Survey Participant,Junior/Entry,0,82364.38169331617,Organizational Salary Survey
SURVEY_346792,Senior Project Manager,Confidential Survey Participant,Senior,10,138510.89979165565,Organizational Salary Survey
SURVEY_394663,Mid-Level Project Manager,Confidential Survey Participant,Mid-Level,6,102378.60640055839,Organizational Salary Survey
SURVEY_806150,Executive Data Scientist,Confidential Survey Participant,Executive/Principal,18,354773.01748796785,Organizational Salary Survey
SURVEY_676941,Junior Software Engineer,Confidential Survey Participant,Junior/Entry,2,72616.06426266413,Organizational Salary Survey
SURVEY_873934,Mid-Level Data Engineer,Confidential Survey Participant,Mid-Level,4,130451.98282590236,Organizational Salary Survey
SURVEY_265338,Mid-Level Data Analyst,Confidential Survey Participant,Mid-Level,4,102029.29599896866,Organizational Salary Survey
SURVEY_203613,Mid-Level Software Engineer,Confidential Survey Participant,Mid-Level,6,104628.70944366991,Organizational Salary Survey
SURVEY_965565,Mid-Level Software Engineer,Confidential Survey Participant,Mid-Level,3,104990.53001845929,Organizational Salary Survey
SURVEY_783184,Mid-Level Software Engineer,Confidential Survey Participant,Mid-Level,4,111185.58050334052,Organizational Salary Survey
SURVEY_474639,Senior Data Engineer,Confidential Survey Participant,Senior,11,184129.0442907979,Organizational Salary Survey
SURVEY_151004,Executive Software Engineer,Confidential Survey Participant,Executive/Principal,18,256991.72998778222,Organizational Salary Survey
SURVEY_802793,Mid-Level Software Engineer,Confidential Survey Participant,Mid-Level,4,111912.76211797356,Organizational Salary Survey
SURVEY_483360,Junior Software Engineer,Confidential Survey Participant,Junior/Entry,0,63974.27883150022,Organizational Salary Survey
SURVEY_113383,Mid-Level Data Scientist,Confidential Survey Participant,Mid-Level,6,137103.28885151402,Organizational Salary Survey
SURVEY_226901,Junior Software Engineer,Confidential Survey Participant,Junior/Entry,1,63493.21878280441,Organizational Salary Survey
SURVEY_857643,Junior Data Analyst,Confidential Survey Participant,Junior/Entry,0,60562.79193186661,Organizational Salary Survey
SURVEY_862841,Mid-Level Software Engineer,Confidential Survey Participant,Mid-Level,6,108482.32915719916,Organizational Salary Survey
SURVEY_227297,Junior Data Analyst,Confidential Survey Participant,Junior/Entry,2,72362.31588437299,Organizational Salary Survey
SURVEY_329085,Senior Software Engineer,Confidential Survey Participant,Senior,6,139890.71842837633,Organizational Salary Survey
SURVEY_288040,Mid-Level Data Analyst,Confidential Survey Participant,Mid-Level,6,93076.64810240726,Organizational Salary Survey
SURVEY_501872,Junior Software Engineer,Confidential Survey Participant,Junior/Entry,1,63244.96960985902,Organizational Salary Survey
SURVEY_919162,Senior Data Analyst,Confidential Survey Participant,Senior,7,138865.8419069826,Organizational Salary Survey
SURVEY_561327,Mid-Level Data Analyst,Confidential Survey Participant,Mid-Level,4,94297.97835845487,Organizational Salary Survey
SURVEY_677841,Junior Data Scientist,Confidential Survey Participant,Junior/Entry,0,85934.78683556925,Organizational Salary Survey
SURVEY_913592,Senior Software Engineer,Confidential Survey Participant,Senior,8,120060.08474831011,Organizational Salary Survey
SURVEY_831709,Mid-Level Software Engineer,Confidential Survey Participant,Mid-Level,6,95194.5230551994,Organizational Salary Survey
SURVEY_420445,Junior Data Scientist,Confidential Survey Participant,Junior/Entry,2,86470.205042785,Organizational Salary Survey
SURVEY_427629,Mid-Level Software Engineer,Confidential Survey Participant,Mid-Level,3,97689.41673582395,Organizational Salary Survey
SURVEY_434957,Executive DevOps Engineer,Confidential Survey Participant,Executive/Principal,18,278653.7219987062,Organizational Salary Survey
SURVEY_535854,Junior Data Scientist,Confidential Survey Participant,Junior/Entry,2,91711.91971368421,Organizational Salary Survey
SURVEY_704670,Junior Software Engineer,Confidential Survey Participant,Junior/Entry,1,71993.41986884901,Organizational Salary Survey
SURVEY_719223,Junior Data Scientist,Confidential Survey Participant,Junior/Entry,2,82026.53850350351,Organizational Salary Survey
SURVEY_657896,Junior Product Manager,Confidential Survey Participant,Junior/Entry,2,103023.78817299273,Organizational Salary Survey
SURVEY_182123,Junior Software Engineer,Confidential Survey Participant,Junior/Entry,1,63382.07797180161,Organizational Salary Survey
SURVEY_950533,Mid-Level Software Engineer,Confidential Survey Participant,Mid-Level,5,88369.42730622609,Organizational Salary Survey
SURVEY_311942,Senior Data Scientist,Confidential Survey Participant,Senior,6,200510.122948474,Organizational Salary Survey
SURVEY_746376,Executive Data Scientist,Confidential Survey Participant,Executive/Principal,15,240001.75624466443,Organizational Salary Survey
SURVEY_955786,Mid-Level Software Engineer,Confidential Survey Participant,Mid-Level,6,107537.63383696962,Organizational Salary Survey
SURVEY_742861,Senior Software Engineer,Confidential Survey Participant,Senior,6,156616.52585106224,Organizational Salary Survey
SURVEY_652987,Junior Data Engineer,Confidential Survey Participant,Junior/Entry,0,76647.24503899593,Organizational Salary Survey
SURVEY_320972,Mid-Level Software Engineer,Confidential Survey Participant,Mid-Level,5,86272.95494264833,Organizational Salary Survey
SURVEY_176174,Senior Product Manager,Confidential Survey Participant,Senior,8,181188.97773787705,Organizational Salary Survey
SURVEY_308509,Mid-Level Software Engineer,Confidential Survey Participant,Mid-Level,3,101763.74336054876,Organizational Salary Survey
SURVEY_730825,Mid-Level Project Manager,Confidential Survey Participant,Mid-Level,6,102345.8369931899,Organizational Salary Survey
SURVEY_500949,Mid-Level Software Engineer,Confidential Survey Participant,Mid-Level,3,86868.91975461335,Organizational Salary Survey
SURVEY_325995,Senior Data Analyst,Confidential Survey Participant,Senior,9,159502.35548143432,Organizational Salary Survey
SURVEY_246753,Mid-Level Project Manager,Confidential Survey Participant,Mid-Level,6,85571.97454687078,Organizational Salary Survey
SURVEY_758300,Executive Data Scientist,Confidential Survey Participant,Executive/Principal,15,351980.85515657294,Organizational Salary Survey
SURVEY_236272,Senior Data Analyst,Confidential Survey Participant,Senior,11,154734.29419681267,Organizational Salary Survey
SURVEY_237584,Senior Data Analyst,Confidential Survey Participant,Senior,7,152389.36731204507,Organizational Salary Survey
SURVEY_239886,Mid-Level Project Manager,Confidential Survey Participant,Mid-Level,3,103317.31737007751,Organizational Salary Survey
SURVEY_438216,Junior Software Engineer,Confidential Survey Participant,Junior/Entry,2,67823.648754079,Organizational Salary Survey
SURVEY_860970,Senior Data Scientist,Confidential Survey Participant,Senior,8,164521.68007303242,Organizational Salary Survey
SURVEY_773420,Junior Data Engineer,Confidential Survey Participant,Junior/Entry,0,78834.4814637348,Organizational Salary Survey
SURVEY_717817,Mid-Level DevOps Engineer,Confidential Survey Participant,Mid-Level,6,133510.70666365078,Organizational Salary Survey
SURVEY_520114,Mid-Level Data Engineer,Confidential Survey Participant,Mid-Level,4,108011.24969110408,Organizational Salary Survey
SURVEY_137071,Executive Software Engineer,Confidential Survey Participant,Executive/Principal,19,222197.25418310426,Organizational Salary Survey
SURVEY_435086,Junior Project Manager,Confidential Survey Participant,Junior/Entry,0,72969.66835607946,Organizational Salary Survey
SURVEY_956691,Executive Data Engineer,Confidential Survey Participant,Executive/Principal,15,321561.43035425234,Organizational Salary Survey
SURVEY_958125,Junior DevOps Engineer,Confidential Survey Participant,Junior/Entry,1,74894.89126467792,Organizational Salary Survey
SURVEY_769954,Senior Product Manager,Confidential Survey Participant,Senior,6,197826.73890704737,Organizational Salary Survey
SURVEY_183598,Senior Software Engineer,Confidential Survey Participant,Senior,10,158220.755121064,Organizational Salary Survey
SURVEY_864747,Mid-Level Software Engineer,Confidential Survey Participant,Mid-Level,4,85223.40532234618,Organizational Salary Survey
SURVEY_140400,Mid-Level Data Analyst,Confidential Survey Participant,Mid-Level,6,96163.4982185849,Organizational Salary Survey
SURVEY_514836,Senior Software Engineer,Confidential Survey Participant,Senior,8,125494.36699790128,Organizational Salary Survey
SURVEY_581434,Executive Software Engineer,Confidential Survey Participant,Executive/Principal,12,245926.79602068337,Organizational Salary Survey
SURVEY_225192,Executive Software Engineer,Confidential Survey Participant,Executive/Principal,11,273100.4665993064,Organizational Salary Survey
SURVEY_217866,Mid-Level Project Manager,Confidential Survey Participant,Mid-Level,3,99653.00733172357,Organizational Salary Survey
SURVEY_320149,Junior DevOps Engineer,Confidential Survey Participant,Junior/Entry,1,96996.32338359671,Organizational Salary Survey
SURVEY_765144,Mid-Level Product Manager,Confidential Survey Participant,Mid-Level,5,123881.86534226462,Organizational Salary Survey
SURVEY_480344,Mid-Level DevOps Engineer,Confidential Survey Participant,Mid-Level,6,112863.80754099088,Organizational Salary Survey
SURVEY_274190,Mid-Level DevOps Engineer,Confidential Survey Participant,Mid-Level,3,128909.50332918174,Organizational Salary Survey
SURVEY_330450,Junior Data Engineer,Confidential Survey Participant,Junior/Entry,0,87412.30031559573,Organizational Salary Survey
SURVEY_379903,Mid-Level Data Analyst,Confidential Survey Participant,Mid-Level,6,106852.21762465476,Organizational Salary Survey
SURVEY_245677,Senior Software Engineer,Confidential Survey Participant,Senior,7,133247.99769684582,Organizational Salary Survey
SURVEY_918925,Mid-Level Data Scientist,Confidential Survey Participant,Mid-Level,3,141018.0024740491,Organizational Salary Survey
SURVEY_385359,Mid-Level Data Scientist,Confidential Survey Participant,Mid-Level,6,119486.73917401022,Organizational Salary Survey
SURVEY_107081,Executive Software Engineer,Confidential Survey Participant,Executive/Principal,14,226818.44539447408,Organizational Salary Survey
SURVEY_380421,Mid-Level Data Engineer,Confidential Survey Participant,Mid-Level,6,118487.58112164158,Organizational Salary Survey
SURVEY_580123,Mid-Level Data Scientist,Confidential Survey Participant,Mid-Level,3,123062.45457309346,Organizational Salary Survey
SURVEY_698788,Executive Data Engineer,Confidential Survey Participant,Executive/Principal,12,340474.83442762424,Organizational Salary Survey
SURVEY_734142,Mid-Level Project Manager,Confidential Survey Participant,Mid-Level,5,87306.97775429398,Organizational Salary Survey
SURVEY_426040,Mid-Level Data Engineer,Confidential Survey Participant,Mid-Level,3,129829.51680733489,Organizational Salary Survey
SURVEY_958680,Senior Software Engineer,Confidential Survey Participant,Senior,10,145235.3973212713,Organizational Salary Survey
SURVEY_737622,Executive Product Manager,Confidential Survey Participant,Executive/Principal,12,271740.45165614353,Organizational Salary Survey
SURVEY_980263,Senior Data Scientist,Confidential Survey Participant,Senior,8,192740.1006263009,Organizational Salary Survey
SURVEY_702222,Mid-Level Data Engineer,Confidential Survey Participant,Mid-Level,4,110071.00756561996,Organizational Salary Survey
SURVEY_186856,Junior Software Engineer,Confidential Survey Participant,Junior/Entry,1,69359.64390446724,Organizational Salary Survey
SURVEY_661216,Mid-Level Data Scientist,Confidential Survey Participant,Mid-Level,6,127337.86219867435,Organizational Salary Survey
SURVEY_501154,Mid-Level Software Engineer,Confidential Survey Participant,Mid-Level,6,100972.37617502912,Organizational Salary Survey
SURVEY_512489,Junior Software Engineer,Confidential Survey Participant,Junior/Entry,2,56629.93885060506,Organizational Salary Survey
SURVEY_442887,Mid-Level Data Scientist,Confidential Survey Participant,Mid-Level,4,137983.6292072799,Organizational Salary Survey
SURVEY_811116,Mid-Level Product Manager,Confidential Survey Participant,Mid-Level,3,143440.63836743514,Organizational Salary Survey
SURVEY_948044,Mid-Level Project Manager,Confidential Survey Participant,Mid-Level,4,105991.0406537425,Organizational Salary Survey
SURVEY_607751,Mid-Level Data Analyst,Confidential Survey Participant,Mid-Level,6,106167.55919037576,Organizational Salary Survey
SURVEY_654602,Senior Data Analyst,Confidential Survey Participant,Senior,9,160885.0725242131,Organizational Salary Survey
SURVEY_953098,Executive DevOps Engineer,Confidential Survey Participant,Executive/Principal,16,276348.3555012976,Organizational Salary Survey
SURVEY_830196,Junior Data Analyst,Confidential Survey Participant,Junior/Entry,2,56319.539767683185,Organizational Salary Survey
SURVEY_809354,Mid-Level Software Engineer,Confidential Survey Participant,Mid-Level,5,93912.37911751636,Organizational Salary Survey
SURVEY_603883,Mid-Level Data Engineer,Confidential Survey Participant,Mid-Level,3,130657.72529671997,Organizational Salary Survey
SURVEY_226764,Junior Data Engineer,Confidential Survey Participant,Junior/Entry,2,73412.22415098504,Organizational Salary Survey
SURVEY_883475,Mid-Level Data Scientist,Confidential Survey Participant,Mid-Level,5,140970.1349770086,Organizational Salary Survey
SURVEY_368272,Senior Software Engineer,Confidential Survey Participant,Senior,7,130906.9255752424,Organizational Salary Survey
SURVEY_450961,Mid-Level Product Manager,Confidential Survey Participant,Mid-Level,5,135550.84553174474,Organizational Salary Survey
SURVEY_242217,Mid-Level Software Engineer,Confidential Survey Participant,Mid-Level,3,101066.9499938846,Organizational Salary Survey
SURVEY_808662,Mid-Level Data Engineer,Confidential Survey Participant,Mid-Level,6,129985.9772188956,Organizational Salary Survey
SURVEY_891706,Junior Software Engineer,Confidential Survey Participant,Junior/Entry,1,59592.83692913647,Organizational Salary Survey
SURVEY_503994,Senior Product Manager,Confidential Survey Participant,Senior,7,200811.61812756592,Organizational Salary Survey
SURVEY_461354,Mid-Level Software Engineer,Confidential Survey Participant,Mid-Level,3,100609.42153467936,Organizational Salary Survey
SURVEY_117158,Mid-Level Data Engineer,Confidential Survey Participant,Mid-Level,3,133354.86708858487,Organizational Salary Survey
SURVEY_863620,Mid-Level Data Analyst,Confidential Survey Participant,Mid-Level,4,92015.63582248877,Organizational Salary Survey
SURVEY_224486,Mid-Level Data Scientist,Confidential Survey Participant,Mid-Level,4,115934.54105836253,Organizational Salary Survey
SURVEY_433968,Mid-Level Software Engineer,Confidential Survey Participant,Mid-Level,5,99073.53103518006,Organizational Salary Survey
SURVEY_683664,Mid-Level Data Engineer,Confidential Survey Participant,Mid-Level,4,111221.40895394083,Organizational Salary Survey
SURVEY_829607,Senior Data Engineer,Confidential Survey Participant,Senior,11,159084.41222420006,Organizational Salary Survey
SURVEY_950104,Mid-Level Product Manager,Confidential Survey Participant,Mid-Level,5,149843.20008777195,Organizational Salary Survey
SURVEY_717413,Senior Software Engineer,Confidential Survey Participant,Senior,8,137997.1481532797,Organizational Salary Survey
SURVEY_893142,Mid-Level Software Engineer,Confidential Survey Participant,Mid-Level,4,90666.6782163596,Organizational Salary Survey
SURVEY_902938,Senior Software Engineer,Confidential Survey Participant,Senior,10,121888.4860403947,Organizational Salary Survey
SURVEY_297553,Junior Software Engineer,Confidential Survey Participant,Junior/Entry,0,59196.13030471054,Organizational Salary Survey
SURVEY_104829,Mid-Level Software Engineer,Confidential Survey Participant,Mid-Level,5,102467.6009948956,Organizational Salary Survey
SURVEY_117806,Junior Data Scientist,Confidential Survey Participant,Junior/Entry,0,91052.65990573485,Organizational Salary Survey
SURVEY_433061,Executive Data Analyst,Confidential Survey Participant,Executive/Principal,10,248782.70667324125,Organizational Salary Survey
SURVEY_962807,Mid-Level Data Engineer,Confidential Survey Participant,Mid-Level,3,115479.60338795597,Organizational Salary Survey
SURVEY_798205,Mid-Level Data Analyst,Confidential Survey Participant,Mid-Level,6,100536.0061090651,Organizational Salary Survey
SURVEY_527931,Mid-Level DevOps Engineer,Confidential Survey Participant,Mid-Level,4,133519.18797704912,Organizational Salary Survey
SURVEY_237423,Mid-Level Product Manager,Confidential Survey Participant,Mid-Level,6,120246.31119546898,Organizational Salary Survey
SURVEY_975092,Senior Data Engineer,Confidential Survey Participant,Senior,11,204806.90310459252,Organizational Salary Survey
SURVEY_717988,Senior Data Scientist,Confidential Survey Participant,Senior,7,195716.77700306906,Organizational Salary Survey
SURVEY_252832,Mid-Level Data Scientist,Confidential Survey Participant,Mid-Level,3,121731.23674165005,Organizational Salary Survey
SURVEY_568449,Mid-Level Data Analyst,Confidential Survey Participant,Mid-Level,4,110677.32106053401,Organizational Salary Survey
SURVEY_928734,Mid-Level Product Manager,Confidential Survey Participant,Mid-Level,5,129112.95564959977,Organizational Salary Survey
SURVEY_111270,Mid-Level Data Engineer,Confidential Survey Participant,Mid-Level,5,122341.0636835175,Organizational Salary Survey
SURVEY_844056,Mid-Level Product Manager,Confidential Survey Participant,Mid-Level,6,146856.1055291117,Organizational Salary Survey
SURVEY_841161,Mid-Level Data Engineer,Confidential Survey Participant,Mid-Level,4,123867.73797102638,Organizational Salary Survey
SURVEY_669675,Senior Product Manager,Confidential Survey Participant,Senior,9,191385.00285451257,Organizational Salary Survey
SURVEY_699965,Mid-Level Data Scientist,Confidential Survey Participant,Mid-Level,4,111764.23333434272,Organizational Salary Survey
SURVEY_540903,Mid-Level Data Engineer,Confidential Survey Participant,Mid-Level,6,138204.14610091562,Organizational Salary Survey
SURVEY_678426,Mid-Level Data Analyst,Confidential Survey Participant,Mid-Level,3,102894.50933230208,Organizational Salary Survey
SURVEY_387440,Mid-Level Product Manager,Confidential Survey Participant,Mid-Level,5,147846.74799570566,Organizational Salary Survey
SURVEY_978701,Mid-Level Product Manager,Confidential Survey Participant,Mid-Level,3,145767.57622827397,Organizational Salary Survey
SURVEY_801788,Mid-Level Data Analyst,Confidential Survey Participant,Mid-Level,6,109438.1626684207,Organizational Salary Survey
SURVEY_827506,Executive DevOps Engineer,Confidential Survey Participant,Executive/Principal,10,287590.4499688941,Organizational Salary Survey
SURVEY_721426,Junior Data Engineer,Confidential Survey Participant,Junior/Entry,0,83080.35475098476,Organizational Salary Survey
SURVEY_698649,Mid-Level Project Manager,Confidential Survey Participant,Mid-Level,5,109735.4373499006,Organizational Salary Survey
SURVEY_476555,Mid-Level Software Engineer,Confidential Survey Participant,Mid-Level,5,108911.10734488766,Organizational Salary Survey
SURVEY_674705,Junior Project Manager,Confidential Survey Participant,Junior/Entry,2,65473.308024890146,Organizational Salary Survey
SURVEY_769095,Mid-Level Data Scientist,Confidential Survey Participant,Mid-Level,6,118374.50114639288,Organizational Salary Survey
SURVEY_517213,Mid-Level Software Engineer,Confidential Survey Participant,Mid-Level,6,106641.38024709087,Organizational Salary Survey
SURVEY_275278,Mid-Level Data Analyst,Confidential Survey Participant,Mid-Level,6,88068.85685156369,Organizational Salary Survey
SURVEY_933714,Mid-Level Data Scientist,Confidential Survey Participant,Mid-Level,3,126769.02799360918,Organizational Salary Survey
SURVEY_994155,Mid-Level Product Manager,Confidential Survey Participant,Mid-Level,5,150114.32518920177,Organizational Salary Survey
SURVEY_183219,Junior Data Scientist,Confidential Survey Participant,Junior/Entry,0,79093.2741527179,Organizational Salary Survey
SURVEY_457957,Senior Software Engineer,Confidential Survey Participant,Senior,6,136599.2959694171,Organizational Salary Survey
SURVEY_384377,Executive Software Engineer,Confidential Survey Participant,Executive/Principal,12,177116.2543428257,Organizational Salary Survey
SURVEY_644599,Mid-Level Software Engineer,Confidential Survey Participant,Mid-Level,5,89460.25612313459,Organizational Salary Survey
SURVEY_879601,Mid-Level Software Engineer,Confidential Survey Participant,Mid-Level,3,97212.53060567759,Organizational Salary Survey
SURVEY_923017,Mid-Level Software Engineer,Confidential Survey Participant,Mid-Level,4,95093.08527031368,Organizational Salary Survey
SURVEY_946598,Junior Software Engineer,Confidential Survey Participant,Junior/Entry,2,75464.46706179462,Organizational Salary Survey
SURVEY_589551,Junior Software Engineer,Confidential Survey Participant,Junior/Entry,1,65202.16898595458,Organizational Salary Survey
SURVEY_998491,Executive Data Scientist,Confidential Survey Participant,Executive/Principal,11,297488.55492662545,Organizational Salary Survey
SURVEY_762981,Mid-Level Project Manager,Confidential Survey Participant,Mid-Level,4,108326.34497818972,Organizational Salary Survey
SURVEY_598275,Executive DevOps Engineer,Confidential Survey Participant,Executive/Principal,15,307120.0512364575,Organizational Salary Survey
SURVEY_154439,Mid-Level Project Manager,Confidential Survey Participant,Mid-Level,6,98006.56793743797,Organizational Salary Survey
SURVEY_678535,Mid-Level Product Manager,Confidential Survey Participant,Mid-Level,6,123336.825157733,Organizational Salary Survey
SURVEY_490679,Junior Data Analyst,Confidential Survey Participant,Junior/Entry,1,67199.54651070485,Organizational Salary Survey
SURVEY_479789,Senior Data Engineer,Confidential Survey Participant,Senior,8,186249.24890625261,Organizational Salary Survey
SURVEY_709278,Mid-Level Data Scientist,Confidential Survey Participant,Mid-Level,5,135004.0855846448,Organizational Salary Survey
SURVEY_660547,Executive DevOps Engineer,Confidential Survey Participant,Executive/Principal,19,228808.0059863601,Organizational Salary Survey
SURVEY_551841,Mid-Level Data Scientist,Confidential Survey Participant,Mid-Level,5,133422.3219625318,Organizational Salary Survey
SURVEY_767010,Senior Data Analyst,Confidential Survey Participant,Senior,8,135894.80040102344,Organizational Salary Survey
SURVEY_909678,Mid-Level Data Analyst,Confidential Survey Participant,Mid-Level,4,91154.64280228353,Organizational Salary Survey
SURVEY_414229,Executive Data Scientist,Confidential Survey Participant,Executive/Principal,12,317138.03505340137,Organizational Salary Survey
SURVEY_696362,Mid-Level Product Manager,Confidential Survey Participant,Mid-Level,6,146716.39615459865,Organizational Salary Survey
SURVEY_965576,Junior Data Scientist,Confidential Survey Participant,Junior/Entry,0,81829.60000327235,Organizational Salary Survey
SURVEY_742934,Mid-Level Data Engineer,Confidential Survey Participant,Mid-Level,4,137245.7882393793,Organizational Salary Survey
SURVEY_174208,Senior Software Engineer,Confidential Survey Participant,Senior,6,139235.93563850946,Organizational Salary Survey
SURVEY_968187,Junior Product Manager,Confidential Survey Participant,Junior/Entry,0,90851.69114181449,Organizational Salary Survey
SURVEY_835936,Junior Software Engineer,Confidential Survey Participant,Junior/Entry,2,69933.09682907248,Organizational Salary Survey
SURVEY_331631,Mid-Level Product Manager,Confidential Survey Participant,Mid-Level,3,121606.18746185263,Organizational Salary Survey
SURVEY_410425,Junior Data Engineer,Confidential Survey Participant,Junior/Entry,0,98852.5780193979,Organizational Salary Survey
SURVEY_532785,Senior Product Manager,Confidential Survey Participant,Senior,9,223003.10496291908,Organizational Salary Survey
SURVEY_144904,Mid-Level Data Analyst,Confidential Survey Participant,Mid-Level,5,93648.028438937,Organizational Salary Survey
SURVEY_189055,Mid-Level DevOps Engineer,Confidential Survey Participant,Mid-Level,4,112262.67083968606,Organizational Salary Survey
SURVEY_394674,Executive Data Analyst,Confidential Survey Participant,Executive/Principal,19,243153.91192576505,Organizational Salary Survey
SURVEY_641020,Senior Software Engineer,Confidential Survey Participant,Senior,6,154816.71842242914,Organizational Salary Survey
SURVEY_243771,Executive Data Engineer,Confidential Survey Participant,Executive/Principal,18,347405.1072910548,Organizational Salary Survey
SURVEY_801696,Junior DevOps Engineer,Confidential Survey Participant,Junior/Entry,0,92412.2912271307,Organizational Salary Survey
SURVEY_728971,Mid-Level Product Manager,Confidential Survey Participant,Mid-Level,3,124207.57394189197,Organizational Salary Survey
SURVEY_257934,Junior DevOps Engineer,Confidential Survey Participant,Junior/Entry,0,84380.7678451327,Organizational Salary Survey
SURVEY_740141,Executive Data Analyst,Confidential Survey Participant,Executive/Principal,18,249769.3838433041,Organizational Salary Survey
SURVEY_409361,Junior Software Engineer,Confidential Survey Participant,Junior/Entry,0,73109.39426793816,Organizational Salary Survey
SURVEY_252210,Mid-Level Software Engineer,Confidential Survey Participant,Mid-Level,3,96872.51901852778,Organizational Salary Survey
SURVEY_532048,Mid-Level Product Manager,Confidential Survey Participant,Mid-Level,6,141086.3415532013,Organizational Salary Survey
SURVEY_508062,Mid-Level Data Analyst,Confidential Survey Participant,Mid-Level,4,95650.28558387095,Organizational Salary Survey
SURVEY_548125,Executive Software Engineer,Confidential Survey Participant,Executive/Principal,11,238076.1278561324,Organizational Salary Survey
SURVEY_356652,Mid-Level Data Engineer,Confidential Survey Participant,Mid-Level,5,109939.8885058415,Organizational Salary Survey
SURVEY_425524,Mid-Level Software Engineer,Confidential Survey Participant,Mid-Level,5,105042.83374341557,Organizational Salary Survey
SURVEY_425748,Senior Data Engineer,Confidential Survey Participant,Senior,7,160283.4078233952,Organizational Salary Survey
SURVEY_433230,Mid-Level Data Scientist,Confidential Survey Participant,Mid-Level,4,123013.82925659856,Organizational Salary Survey
SURVEY_721276,Junior Product Manager,Confidential Survey Participant,Junior/Entry,1,82520.52395115771,Organizational Salary Survey
SURVEY_634751,Junior Data Scientist,Confidential Survey Participant,Junior/Entry,0,75778.58916998295,Organizational Salary Survey
SURVEY_578329,Executive DevOps Engineer,Confidential Survey Participant,Executive/Principal,16,343798.9679698566,Organizational Salary Survey
SURVEY_922374,Mid-Level Software Engineer,Confidential Survey Participant,Mid-Level,3,84765.72244611823,Organizational Salary Survey
SURVEY_948215,Mid-Level Software Engineer,Confidential Survey Participant,Mid-Level,4,93474.91580782724,Organizational Salary Survey
SURVEY_131218,Mid-Level Data Scientist,Confidential Survey Participant,Mid-Level,4,127717.20726823491,Organizational Salary Survey
SURVEY_113981,Executive Data Analyst,Confidential Survey Participant,Executive/Principal,10,249148.62321269265,Organizational Salary Survey
SURVEY_128101,Senior Product Manager,Confidential Survey Participant,Senior,8,220326.26563918893,Organizational Salary Survey
SURVEY_672214,Mid-Level Software Engineer,Confidential Survey Participant,Mid-Level,6,87176.19744498338,Organizational Salary Survey
SURVEY_385729,Junior Software Engineer,Confidential Survey Participant,Junior/Entry,0,71283.28984734319,Organizational Salary Survey
SURVEY_777187,Mid-Level Data Engineer,Confidential Survey Participant,Mid-Level,3,126261.22456348216,Organizational Salary Survey
SURVEY_545845,Mid-Level Software Engineer,Confidential Survey Participant,Mid-Level,4,86313.58893880447,Organizational Salary Survey
SURVEY_492956,Mid-Level Software Engineer,Confidential Survey Participant,Mid-Level,6,105965.1077052313,Organizational Salary Survey
SURVEY_223790,Mid-Level Data Engineer,Confidential Survey Participant,Mid-Level,3,131466.6116680397,Organizational Salary Survey
SURVEY_668157,Senior Software Engineer,Confidential Survey Participant,Senior,10,133523.49015233922,Organizational Salary Survey
SURVEY_227845,Mid-Level Data Engineer,Confidential Survey Participant,Mid-Level,4,109684.05041324587,Organizational Salary Survey
SURVEY_627815,Mid-Level Software Engineer,Confidential Survey Participant,Mid-Level,4,96137.87962447939,Organizational Salary Survey
SURVEY_946969,Junior Project Manager,Confidential Survey Participant,Junior/Entry,0,61606.58030073321,Organizational Salary Survey
SURVEY_173387,Mid-Level Software Engineer,Confidential Survey Participant,Mid-Level,6,84452.879184123,Organizational Salary Survey
SURVEY_303516,Senior Product Manager,Confidential Survey Participant,Senior,7,201882.6722834544,Organizational Salary Survey
SURVEY_234327,Junior Data Scientist,Confidential Survey Participant,Junior/Entry,1,76738.39725046662,Organizational Salary Survey
SURVEY_346600,Junior Data Analyst,Confidential Survey Participant,Junior/Entry,1,56217.41950659977,Organizational Salary Survey
SURVEY_980690,Mid-Level Data Analyst,Confidential Survey Participant,Mid-Level,5,91445.45852352996,Organizational Salary Survey
SURVEY_562346,Senior Data Analyst,Confidential Survey Participant,Senior,6,152223.38712038845,Organizational Salary Survey
SURVEY_992294,Junior Software Engineer,Confidential Survey Participant,Junior/Entry,0,72922.33203707307,Organizational Salary Survey
SURVEY_701111,Senior Data Scientist,Confidential Survey Participant,Senior,6,181608.80620808978,Organizational Salary Survey
SURVEY_111819,Junior Software Engineer,Confidential Survey Participant,Junior/Entry,0,73996.21556243255,Organizational Salary Survey
SURVEY_560964,Senior Software Engineer,Confidential Survey Participant,Senior,11,134667.93033628806,Organizational Salary Survey
SURVEY_374350,Junior Data Engineer,Confidential Survey Participant,Junior/Entry,0,95306.41070208613,Organizational Salary Survey
SURVEY_644335,Junior Product Manager,Confidential Survey Participant,Junior/Entry,2,97672.54225491197,Organizational Salary Survey
SURVEY_254633,Senior Project Manager,Confidential Survey Participant,Senior,10,154304.11212497938,Organizational Salary Survey
SURVEY_853264,Mid-Level Software Engineer,Confidential Survey Participant,Mid-Level,5,106899.46447468357,Organizational Salary Survey
SURVEY_421389,Mid-Level Software Engineer,Confidential Survey Participant,Mid-Level,5,111156.87306393792,Organizational Salary Survey
SURVEY_999625,Mid-Level Project Manager,Confidential Survey Participant,Mid-Level,4,101722.99540946641,Organizational Salary Survey
SURVEY_243517,Mid-Level Software Engineer,Confidential Survey Participant,Mid-Level,3,85754.89344331472,Organizational Salary Survey
SURVEY_444673,Mid-Level Software Engineer,Confidential Survey Participant,Mid-Level,4,92343.51947732875,Organizational Salary Survey
SURVEY_778744,Junior Data Engineer,Confidential Survey Participant,Junior/Entry,1,87010.51119652361,Organizational Salary Survey
SURVEY_543203,Mid-Level Project Manager,Confidential Survey Participant,Mid-Level,3,88894.90664463042,Organizational Salary Survey
SURVEY_815996,Junior Data Analyst,Confidential Survey Participant,Junior/Entry,2,59736.492500670116,Organizational Salary Survey
SURVEY_859315,Mid-Level Project Manager,Confidential Survey Participant,Mid-Level,4,90356.72390704439,Organizational Salary Survey
SURVEY_903637,Mid-Level Software Engineer,Confidential Survey Participant,Mid-Level,3,108548.70404903141,Organizational Salary Survey
SURVEY_714595,Junior DevOps Engineer,Confidential Survey Participant,Junior/Entry,1,88937.21690253385,Organizational Salary Survey
SURVEY_562605,Mid-Level Data Scientist,Confidential Survey Participant,Mid-Level,3,111843.16993783404,Organizational Salary Survey
SURVEY_676763,Executive Data Analyst,Confidential Survey Participant,Executive/Principal,12,177742.89852129883,Organizational Salary Survey
SURVEY_756187,Executive Project Manager,Confidential Survey Participant,Executive/Principal,14,264328.52367969387,Organizational Salary Survey
SURVEY_573430,Senior Data Scientist,Confidential Survey Participant,Senior,7,188354.38981488883,Organizational Salary Survey
SURVEY_636663,Mid-Level Data Analyst,Confidential Survey Participant,Mid-Level,3,102958.02328691889,Organizational Salary Survey
SURVEY_784376,Mid-Level Software Engineer,Confidential Survey Participant,Mid-Level,4,106528.91361370016,Organizational Salary Survey
SURVEY_147918,Mid-Level Product Manager,Confidential Survey Participant,Mid-Level,3,125153.6764211789,Organizational Salary Survey
SURVEY_366225,Mid-Level Software Engineer,Confidential Survey Participant,Mid-Level,4,109301.60416541589,Organizational Salary Survey
SURVEY_563290,Senior Data Engineer,Confidential Survey Participant,Senior,10,155618.12166417635,Organizational Salary Survey
SURVEY_703088,Executive Software Engineer,Confidential Survey Participant,Executive/Principal,12,269000.34498544637,Organizational Salary Survey
SURVEY_531131,Senior Data Analyst,Confidential Survey Participant,Senior,11,142723.43519726998,Organizational Salary Survey
SURVEY_629535,Junior Data Scientist,Confidential Survey Participant,Junior/Entry,1,74438.70090357288,Organizational Salary Survey
SURVEY_468511,Junior Data Scientist,Confidential Survey Participant,Junior/Entry,2,96151.35691950229,Organizational Salary Survey
SURVEY_778279,Senior Project Manager,Confidential Survey Participant,Senior,8,127492.05746643791,Organizational Salary Survey
SURVEY_337441,Senior Data Analyst,Confidential Survey Participant,Senior,10,151873.85187444222,Organizational Salary Survey
SURVEY_198541,Junior Product Manager,Confidential Survey Participant,Junior/Entry,2,88928.5005271933,Organizational Salary Survey
SURVEY_903729,Mid-Level Data Engineer,Confidential Survey Participant,Mid-Level,6,134457.87876305543,Organizational Salary Survey
SURVEY_367437,Senior Data Engineer,Confidential Survey Participant,Senior,10,159240.93898236364,Organizational Salary Survey
SURVEY_531123,Junior Software Engineer,Confidential Survey Participant,Junior/Entry,2,63359.05017537203,Organizational Salary Survey
SURVEY_672344,Junior Data Analyst,Confidential Survey Participant,Junior/Entry,2,73672.32274617105,Organizational Salary Survey
SURVEY_447105,Mid-Level Data Analyst,Confidential Survey Participant,Mid-Level,3,99311.07892431812,Organizational Salary Survey
SURVEY_703583,Mid-Level Project Manager,Confidential Survey Participant,Mid-Level,3,109981.31305790273,Organizational Salary Survey
SURVEY_704582,Junior Software Engineer,Confidential Survey Participant,Junior/Entry,1,73720.16524389597,Organizational Salary Survey
SURVEY_748961,Mid-Level Data Scientist,Confidential Survey Participant,Mid-Level,6,110449.28692735436,Organizational Salary Survey
SURVEY_709641,Mid-Level Software Engineer,Confidential Survey Participant,Mid-Level,4,102254.71267411015,Organizational Salary Survey
SURVEY_572378,Senior Product Manager,Confidential Survey Participant,Senior,6,170065.73896197678,Organizational Salary Survey
SURVEY_812211,Mid-Level Software Engineer,Confidential Survey Participant,Mid-Level,6,103311.03938093383,Organizational Salary Survey
SURVEY_824690,Mid-Level Software Engineer,Confidential Survey Participant,Mid-Level,4,99311.54224184348,Organizational Salary Survey
SURVEY_750448,Senior Data Scientist,Confidential Survey Participant,Senior,8,198445.350068783,Organizational Salary Survey
SURVEY_750603,Senior Data Scientist,Confidential Survey Participant,Senior,9,187542.65235662588,Organizational Salary Survey
SURVEY_144306,Senior Product Manager,Confidential Survey Participant,Senior,9,186194.96483346395,Organizational Salary Survey
SURVEY_745250,Senior Data Scientist,Confidential Survey Participant,Senior,9,177344.63008203564,Organizational Salary Survey
SURVEY_143660,Mid-Level Software Engineer,Confidential Survey Participant,Mid-Level,5,87938.87939179462,Organizational Salary Survey
SURVEY_671560,Junior Data Scientist,Confidential Survey Participant,Junior/Entry,1,97430.94549740478,Organizational Salary Survey
SURVEY_389732,Mid-Level Software Engineer,Confidential Survey Participant,Mid-Level,5,97875.15827158286,Organizational Salary Survey
SURVEY_482638,Mid-Level Software Engineer,Confidential Survey Participant,Mid-Level,5,90105.96691736126,Organizational Salary Survey
SURVEY_113027,Senior DevOps Engineer,Confidential Survey Participant,Senior,9,192606.45340697834,Organizational Salary Survey
SURVEY_498934,Executive Software Engineer,Confidential Survey Participant,Executive/Principal,17,262845.9084721304,Organizational Salary Survey
SURVEY_726138,Mid-Level Software Engineer,Confidential Survey Participant,Mid-Level,5,89800.91442602516,Organizational Salary Survey
SURVEY_446575,Junior Data Engineer,Confidential Survey Participant,Junior/Entry,0,73783.12320712037,Organizational Salary Survey
SURVEY_385871,Mid-Level Software Engineer,Confidential Survey Participant,Mid-Level,5,98887.608101726,Organizational Salary Survey
SURVEY_431043,Mid-Level Software Engineer,Confidential Survey Participant,Mid-Level,5,91777.19949711308,Organizational Salary Survey
SURVEY_107696,Mid-Level Project Manager,Confidential Survey Participant,Mid-Level,5,106293.51265023653,Organizational Salary Survey
SURVEY_226665,Mid-Level Product Manager,Confidential Survey Participant,Mid-Level,3,149509.05502261268,Organizational Salary Survey
SURVEY_442519,Mid-Level Software Engineer,Confidential Survey Participant,Mid-Level,4,102187.04493304134,Organizational Salary Survey
SURVEY_944147,Junior Software Engineer,Confidential Survey Participant,Junior/Entry,0,61839.73312457476,Organizational Salary Survey
SURVEY_412799,Mid-Level DevOps Engineer,Confidential Survey Participant,Mid-Level,3,113146.12018102313,Organizational Salary Survey
SURVEY_768022,Mid-Level Data Scientist,Confidential Survey Participant,Mid-Level,4,118967.15029948746,Organizational Salary Survey
SURVEY_716947,Mid-Level Data Engineer,Confidential Survey Participant,Mid-Level,4,139110.54513594706,Organizational Salary Survey
SURVEY_764385,Mid-Level Data Analyst,Confidential Survey Participant,Mid-Level,4,95131.46943472855,Organizational Salary Survey
SURVEY_751739,Executive Software Engineer,Confidential Survey Participant,Executive/Principal,11,226749.08989025824,Organizational Salary Survey
SURVEY_308602,Junior Software Engineer,Confidential Survey Participant,Junior/Entry,1,72578.23183777629,Organizational Salary Survey
SURVEY_815276,Mid-Level Data Analyst,Confidential Survey Participant,Mid-Level,6,100476.92087592627,Organizational Salary Survey
SURVEY_273513,Mid-Level Data Scientist,Confidential Survey Participant,Mid-Level,6,114328.16987392663,Organizational Salary Survey
SURVEY_275498,Junior Software Engineer,Confidential Survey Participant,Junior/Entry,1,65500.63364737599,Organizational Salary Survey
SURVEY_702124,Mid-Level Project Manager,Confidential Survey Participant,Mid-Level,6,92027.9645916549,Organizational Salary Survey
SURVEY_780072,Senior Data Analyst,Confidential Survey Participant,Senior,6,123161.28642181132,Organizational Salary Survey
SURVEY_259690,Mid-Level DevOps Engineer,Confidential Survey Participant,Mid-Level,3,129749.74115811991,Organizational Salary Survey
SURVEY_406388,Mid-Level Product Manager,Confidential Survey Participant,Mid-Level,5,155485.16419264377,Organizational Salary Survey
SURVEY_529168,Mid-Level Data Engineer,Confidential Survey Participant,Mid-Level,6,109187.42022020099,Organizational Salary Survey
SURVEY_845637,Mid-Level Data Analyst,Confidential Survey Participant,Mid-Level,4,96790.67575442442,Organizational Salary Survey
SURVEY_117401,Junior Software Engineer,Confidential Survey Participant,Junior/Entry,2,57782.17685704536,Organizational Salary Survey
SURVEY_487721,Mid-Level Project Manager,Confidential Survey Participant,Mid-Level,4,102782.6370592956,Organizational Salary Survey
SURVEY_141352,Senior Data Scientist,Confidential Survey Participant,Senior,9,169365.50436876432,Organizational Salary Survey
SURVEY_363626,Junior Data Engineer,Confidential Survey Participant,Junior/Entry,0,95012.23259059085,Organizational Salary Survey
SURVEY_880838,Mid-Level Data Scientist,Confidential Survey Participant,Mid-Level,6,121915.44376258485,Organizational Salary Survey
SURVEY_562006,Junior Software Engineer,Confidential Survey Participant,Junior/Entry,0,58898.68128987331,Organizational Salary Survey
SURVEY_593259,Senior Software Engineer,Confidential Survey Participant,Senior,10,143081.74973124778,Organizational Salary Survey
SURVEY_851418,Mid-Level Data Scientist,Confidential Survey Participant,Mid-Level,5,126480.39314702527,Organizational Salary Survey
SURVEY_288819,Mid-Level Software Engineer,Confidential Survey Participant,Mid-Level,5,102154.29094594679,Organizational Salary Survey
SURVEY_519215,Mid-Level Data Scientist,Confidential Survey Participant,Mid-Level,6,130650.9067641556,Organizational Salary Survey
SURVEY_550389,Mid-Level Software Engineer,Confidential Survey Participant,Mid-Level,3,106845.06229524844,Organizational Salary Survey
SURVEY_743458,Mid-Level Software Engineer,Confidential Survey Participant,Mid-Level,4,106522.27909821099,Organizational Salary Survey
SURVEY_246856,Junior DevOps Engineer,Confidential Survey Participant,Junior/Entry,2,82637.56726648439,Organizational Salary Survey
SURVEY_254804,Mid-Level Product Manager,Confidential Survey Participant,Mid-Level,3,140822.56723508332,Organizational Salary Survey
SURVEY_458879,Mid-Level Data Scientist,Confidential Survey Participant,Mid-Level,4,125362.35826579026,Organizational Salary Survey
SURVEY_157305,Junior Software Engineer,Confidential Survey Participant,Junior/Entry,0,56163.988911397326,Organizational Salary Survey
SURVEY_598003,Mid-Level DevOps Engineer,Confidential Survey Participant,Mid-Level,3,115735.53185675957,Organizational Salary Survey
SURVEY_749618,Executive Software Engineer,Confidential Survey Participant,Executive/Principal,18,194918.56850478193,Organizational Salary Survey
SURVEY_793280,Mid-Level Product Manager,Confidential Survey Participant,Mid-Level,4,143144.09283675146,Organizational Salary Survey
SURVEY_661186,Mid-Level Software Engineer,Confidential Survey Participant,Mid-Level,3,108546.61246058742,Organizational Salary Survey
SURVEY_420931,Senior Software Engineer,Confidential Survey Participant,Senior,6,153182.89714481522,Organizational Salary Survey
SURVEY_744808,Senior Data Scientist,Confidential Survey Participant,Senior,8,182176.64609215377,Organizational Salary Survey
SURVEY_690603,Mid-Level Data Engineer,Confidential Survey Participant,Mid-Level,4,138710.8084556254,Organizational Salary Survey
SURVEY_696589,Mid-Level Software Engineer,Confidential Survey Participant,Mid-Level,6,101634.19654028577,Organizational Salary Survey
SURVEY_999890,Executive Project Manager,Confidential Survey Participant,Executive/Principal,15,181197.10854417112,Organizational Salary Survey
SURVEY_619782,Mid-Level Data Analyst,Confidential Survey Participant,Mid-Level,5,93453.85289903467,Organizational Salary Survey
SURVEY_220002,Executive Project Manager,Confidential Survey Participant,Executive/Principal,11,267893.6433777942,Organizational Salary Survey
SURVEY_681882,Mid-Level Project Manager,Confidential Survey Participant,Mid-Level,5,103296.63413134421,Organizational Salary Survey
SURVEY_682112,Junior Software Engineer,Confidential Survey Participant,Junior/Entry,2,58573.15943702342,Organizational Salary Survey
SURVEY_177481,Mid-Level Data Engineer,Confidential Survey Participant,Mid-Level,5,125833.48069421,Organizational Salary Survey
SURVEY_349418,Junior Data Scientist,Confidential Survey Participant,Junior/Entry,0,81429.47115160341,Organizational Salary Survey
SURVEY_743662,Junior Project Manager,Confidential Survey Participant,Junior/Entry,2,76184.50591084328,Organizational Salary Survey
SURVEY_923153,Mid-Level Data Scientist,Confidential Survey Participant,Mid-Level,6,116537.05075084517,Organizational Salary Survey
SURVEY_718789,Mid-Level DevOps Engineer,Confidential Survey Participant,Mid-Level,6,126056.46114746052,Organizational Salary Survey
SURVEY_331307,Executive Software Engineer,Confidential Survey Participant,Executive/Principal,14,269587.054782876,Organizational Salary Survey
SURVEY_495004,Mid-Level Data Engineer,Confidential Survey Participant,Mid-Level,4,127322.17744000943,Organizational Salary Survey
SURVEY_421695,Mid-Level Data Engineer,Confidential Survey Participant,Mid-Level,6,129660.72903602052,Organizational Salary Survey
SURVEY_653807,Mid-Level Software Engineer,Confidential Survey Participant,Mid-Level,3,86686.89156905227,Organizational Salary Survey
SURVEY_571204,Mid-Level Software Engineer,Confidential Survey Participant,Mid-Level,3,105372.22620321164,Organizational Salary Survey
SURVEY_802961,Mid-Level Product Manager,Confidential Survey Participant,Mid-Level,4,134551.75041118867,Organizational Salary Survey
SURVEY_494450,Mid-Level Data Scientist,Confidential Survey Participant,Mid-Level,3,108737.80187241241,Organizational Salary Survey
SURVEY_442535,Mid-Level Software Engineer,Confidential Survey Participant,Mid-Level,5,106961.0692689556,Organizational Salary Survey
SURVEY_266658,Senior Software Engineer,Confidential Survey Participant,Senior,7,151095.46880219286,Organizational Salary Survey
SURVEY_107940,Mid-Level Data Scientist,Confidential Survey Participant,Mid-Level,4,110528.21722478459,Organizational Salary Survey
SURVEY_571874,Senior Product Manager,Confidential Survey Participant,Senior,11,180075.4847635045,Organizational Salary Survey
SURVEY_875375,Mid-Level Product Manager,Confidential Survey Participant,Mid-Level,4,155457.6824394455,Organizational Salary Survey
SURVEY_546616,Senior Data Analyst,Confidential Survey Participant,Senior,7,152561.61627947446,Organizational Salary Survey
SURVEY_249760,Mid-Level Software Engineer,Confidential Survey Participant,Mid-Level,3,98478.10741980665,Organizational Salary Survey
SURVEY_348252,Senior Software Engineer,Confidential Survey Participant,Senior,11,121423.01675609263,Organizational Salary Survey
SURVEY_374595,Junior Software Engineer,Confidential Survey Participant,Junior/Entry,2,76352.98328877032,Organizational Salary Survey
SURVEY_235644,Mid-Level Product Manager,Confidential Survey Participant,Mid-Level,6,139441.61599033358,Organizational Salary Survey
SURVEY_344614,Mid-Level DevOps Engineer,Confidential Survey Participant,Mid-Level,6,143183.0962514163,Organizational Salary Survey
SURVEY_569154,Mid-Level Data Scientist,Confidential Survey Participant,Mid-Level,5,126464.91833827787,Organizational Salary Survey
SURVEY_449496,Junior Product Manager,Confidential Survey Participant,Junior/Entry,2,100418.04754881177,Organizational Salary Survey
SURVEY_622235,Junior Project Manager,Confidential Survey Participant,Junior/Entry,0,62800.5619336719,Organizational Salary Survey
SURVEY_901270,Mid-Level Software Engineer,Confidential Survey Participant,Mid-Level,4,100132.76719867707,Organizational Salary Survey
SURVEY_804281,Executive Software Engineer,Confidential Survey Participant,Executive/Principal,17,234472.96930252793,Organizational Salary Survey
SURVEY_958860,Junior Data Engineer,Confidential Survey Participant,Junior/Entry,0,73368.87993486077,Organizational Salary Survey
SURVEY_463368,Mid-Level Project Manager,Confidential Survey Participant,Mid-Level,6,84914.33329982536,Organizational Salary Survey
SURVEY_119425,Mid-Level Product Manager,Confidential Survey Participant,Mid-Level,5,158389.2032368679,Organizational Salary Survey
SURVEY_190173,Junior Data Analyst,Confidential Survey Participant,Junior/Entry,2,66831.89857989011,Organizational Salary Survey
SURVEY_995879,Senior Product Manager,Confidential Survey Participant,Senior,7,223144.51707935112,Organizational Salary Survey
SURVEY_985070,Junior Software Engineer,Confidential Survey Participant,Junior/Entry,1,67655.01955681808,Organizational Salary Survey
SURVEY_268728,Mid-Level Software Engineer,Confidential Survey Participant,Mid-Level,3,102274.94488021755,Organizational Salary Survey
SURVEY_297818,Mid-Level Product Manager,Confidential Survey Participant,Mid-Level,5,135196.20827784878,Organizational Salary Survey
SURVEY_718543,Mid-Level Data Analyst,Confidential Survey Participant,Mid-Level,3,87133.64546954594,Organizational Salary Survey
SURVEY_975266,Mid-Level Data Analyst,Confidential Survey Participant,Mid-Level,5,93293.90252762902,Organizational Salary Survey
SURVEY_714420,Mid-Level Software Engineer,Confidential Survey Participant,Mid-Level,5,105492.6074867537,Organizational Salary Survey
SURVEY_332513,Junior Data Engineer,Confidential Survey Participant,Junior/Entry,0,97009.86235417091,Organizational Salary Survey
SURVEY_631431,Mid-Level Data Scientist,Confidential Survey Participant,Mid-Level,6,140919.7574464815,Organizational Salary Survey
SURVEY_288070,Junior Data Analyst,Confidential Survey Participant,Junior/Entry,1,75567.4019264998,Organizational Salary Survey
SURVEY_672493,Mid-Level Software Engineer,Confidential Survey Participant,Mid-Level,4,93458.04226399763,Organizational Salary Survey
SURVEY_997612,Mid-Level Software Engineer,Confidential Survey Participant,Mid-Level,6,105386.88916505927,Organizational Salary Survey
SURVEY_858052,Mid-Level Data Scientist,Confidential Survey Participant,Mid-Level,5,139513.11698667626,Organizational Salary Survey
SURVEY_522732,Senior Software Engineer,Confidential Survey Participant,Senior,11,143031.4825126055,Organizational Salary Survey
SURVEY_426877,Mid-Level Data Scientist,Confidential Survey Participant,Mid-Level,4,109946.42131553382,Organizational Salary Survey
SURVEY_724138,Mid-Level Project Manager,Confidential Survey Participant,Mid-Level,5,91289.22468198069,Organizational Salary Survey
SURVEY_652597,Senior Software Engineer,Confidential Survey Participant,Senior,10,132472.77759639887,Organizational Salary Survey
SURVEY_119383,Executive Project Manager,Confidential Survey Participant,Executive/Principal,11,278697.97894484375,Organizational Salary Survey
SURVEY_768027,Mid-Level Data Analyst,Confidential Survey Participant,Mid-Level,4,84758.45509814237,Organizational Salary Survey
SURVEY_765157,Mid-Level Data Scientist,Confidential Survey Participant,Mid-Level,3,110663.37618710268,Organizational Salary Survey
SURVEY_431653,Senior Data Engineer,Confidential Survey Participant,Senior,11,182403.90971154848,Organizational Salary Survey
SURVEY_410941,Senior DevOps Engineer,Confidential Survey Participant,Senior,11,165150.1205811547,Organizational Salary Survey
SURVEY_812966,Executive Data Analyst,Confidential Survey Participant,Executive/Principal,14,182071.67773664606,Organizational Salary Survey
SURVEY_532493,Senior Data Analyst,Confidential Survey Participant,Senior,11,122625.73125228564,Organizational Salary Survey
SURVEY_445491,Senior Software Engineer,Confidential Survey Participant,Senior,10,141026.04278297516,Organizational Salary Survey
SURVEY_960877,Mid-Level Software Engineer,Confidential Survey Participant,Mid-Level,5,86362.95488837443,Organizational Salary Survey
SURVEY_502536,Mid-Level Data Engineer,Confidential Survey Participant,Mid-Level,6,136576.01024713647,Organizational Salary Survey
SURVEY_212838,Junior Data Scientist,Confidential Survey Participant,Junior/Entry,2,84985.62219308142,Organizational Salary Survey
SURVEY_964879,Senior Software Engineer,Confidential Survey Participant,Senior,8,119633.5292209361,Organizational Salary Survey
SURVEY_781428,Mid-Level Software Engineer,Confidential Survey Participant,Mid-Level,5,101979.40890816101,Organizational Salary Survey
SURVEY_261719,Senior Software Engineer,Confidential Survey Participant,Senior,6,119856.99003299316,Organizational Salary Survey
