job_id,kept_job_id,title,employer,near_dup_key,source_run
4267640093,4267640099,Digital Marketing Executive,Exzellenz Career Shapers Pvt Ltd,fe2983f7afcb944a,legacy_pull_2026-09-29
5487693704,5684977522,Business Analyst,Risosu Consulting LLP,7792e79e22697e61,legacy_pull_2026-09-29
5491760720,5838448552,Digital Marketing Executive,Gururo,1dd69f3fa1be5865,legacy_pull_2026-09-29
5549958855,5773939132,Business Analyst,Vistex Career,07135e598911c6fe,legacy_pull_2026-09-29
5618649178,5664889550,Digital Marketing Professional,Hunarstreet Technologies Pvt Ltd,02278ad8bb03bd3e,legacy_pull_2026-09-29
5673436192,5895350358,Associate - Business Analyst,EXL,c0e2af11705ac06c,legacy_pull_2026-09-29
5674984367,5674984366,Digital Marketing Executive,ProductNova,3eab0a7264b109b4,legacy_pull_2026-09-29
5687725924,5897068026,Data Analyst-Senior II,FedEx,0265952715d389a2,legacy_pull_2026-09-29
5711156495,5755734601,Business Analyst,Accenture,b01bcb66d1f2a88f,legacy_pull_2026-09-29
5713881225,5796206192,Senior - Data Analyst,BSR & Co,a28194e764de04d6,legacy_pull_2026-09-29
5754765939,5891871567,Senior Data Analyst,EXL,08d9ec9e2f5b1356,legacy_pull_2026-09-29
5769683317,5902919382,Software Engineer,ACI Worldwide,f00611952836e00c,legacy_pull_2026-09-29
5775239948,5812906794,Business Analyst,Accenture,b01bcb66d1f2a88f,legacy_pull_2026-09-29
5778444152,5780531648,Data Analyst,Tribute Technology,c8b9608a70a9a99d,legacy_pull_2026-09-29
5780763703,5787517617,Digital Marketing,AnandBodh Wellness,3fcb3098e724a6d9,legacy_pull_2026-09-29
5782885796,5897952041,"Sr Associate, Technical Product Management",McDonald's,fc6e09df6b89b34e,20260929T174139Z_4496f922_feasibility
5783496362,5787208866,"Lead Machine Learning Engineer (Python, GenAI, MLOps)",Simeio,329c8b00ef59a94d,20260929T174139Z_4496f922_feasibility
5784237905,5879943701,"Manager, IT Delivery",The Vanguard Group,a581bb267e24c88f,20260929T174139Z_4496f922_feasibility
5784264142,5899863048,Quality Engineering Lead,Accenture,b30060d953468079,20260929T175840Z_b181dc01_deepen
5784389007,5886399903,Record to Report Ops Analyst,Accenture,97635911a6a8c3ad,20260929T174139Z_4496f922_feasibility
5784970689,5879551660,"Business Analyst-Data Insights, Translation Services Operations",Amazon,b9132d0d14c06897,20260929T175840Z_b181dc01_deepen
5785803419,5877582847,Business Intelligence Analyst II,Eastman,a5a10fe36109377b,20260929T174012Z_b5985163_smoke
5786009941,5854443750,Record to Report Ops Senior Analyst,Accenture,e97ca693e6bc8d11,20260929T174139Z_4496f922_feasibility
5786018745,5899856537,Financial Plan & Analysis Analyst,Accenture,2aaf780afc551dae,20260929T175840Z_b181dc01_deepen
5786030028,5841925237,Electrical System Engineer,Airbus,0a6fcdeb4bedbda5,20260929T175840Z_b181dc01_deepen
5786405614,5786405601,Senior Engineer - Electrical,WSP USA,690700c3bb4a6ea1,20260929T175840Z_b181dc01_deepen
5786405621,5786405601,Senior Engineer - Electrical,WSP USA,690700c3bb4a6ea1,20260929T175840Z_b181dc01_deepen
5786628857,5850890394,Digital Marketing Manager,Baxture Technologies,f626e6bab631e56f,20260929T174139Z_4496f922_feasibility
5787618143,5793321015,Principal Mechanical Engineer,Applied Materials,cdb32f974cbc3574,20260929T175840Z_b181dc01_deepen
5788396021,5856982884,"Manager, IT Delivery",The Vanguard Group,a581bb267e24c88f,20260929T174139Z_4496f922_feasibility
5788468950,5805399003,Intermediate Application Software Quality Engineer,UPS,ff77126d73bf4548,20260929T175840Z_b181dc01_deepen
5788470668,5899863048,Quality Engineering Lead,Accenture,b30060d953468079,20260929T175840Z_b181dc01_deepen
5789591361,5796097956,Servo Drives development - Electrical Design Engineer,Applied Materials,9e010c1bddbb7ea7,20260929T174139Z_4496f922_feasibility
5789592861,5789592851,Senior Engineer - Electrical,WSP USA,77804f5f93a1da58,20260929T175840Z_b181dc01_deepen
5791447290,5899863048,Quality Engineering Lead,Accenture,b30060d953468079,20260929T175840Z_b181dc01_deepen
5793230313,5899842041,Record to Report Ops Analyst,Accenture,cd416d2c6b136d21,20260929T174139Z_4496f922_feasibility
5793363820,5846909064,Analyst (Finance & Statutory Audits),DuPont,40a8a43570b1b5ae,20260929T175840Z_b181dc01_deepen
5793762372,5793762920,Mechanical Engineer,SSOE Group,376e5fa40b5cab4c,20260929T175840Z_b181dc01_deepen
5793762391,5793762920,Mechanical Engineer,SSOE Group,376e5fa40b5cab4c,20260929T175840Z_b181dc01_deepen
5794152993,5811351306,Senior Cyber Security Engineer,SolarEdge,02d4378853c860d7,20260929T175840Z_b181dc01_deepen
5794603859,5899863048,Quality Engineering Lead,Accenture,b30060d953468079,20260929T175840Z_b181dc01_deepen
5794641209,5890818996,Software Engineer,Barclays,cb96e742d37854aa,legacy_pull_2026-09-29
5794762566,5898496289,Quality Engineer,Accenture,ebbe3b5753f20ddf,20260929T175840Z_b181dc01_deepen
5794908433,5854847515,Software Engineering Custom Software Engineer,Trigent Software Private Limited,df06d13d024884fa,legacy_pull_2026-09-29
5795127560,5795127545,"Oracle HCM Techno-Functional Payroll - India Analyst III, Application Support",WM,7babc53f5fa362f2,20260929T174139Z_4496f922_feasibility
5796065607,5891864373,Product Owner,Accenture,f53d63ac46621ec8,20260929T174139Z_4496f922_feasibility
5796088200,5870791415,Record to Report Ops Senior Analyst,Accenture,be1584bf7f5437a7,20260929T174139Z_4496f922_feasibility
5796097806,5838430251,Scrum Master,Barclays,106987f17ce93d8d,20260929T174139Z_4496f922_feasibility
5796109983,5858367545,Record to Report Ops Analyst,Accenture,844069a37334b0b6,20260929T174139Z_4496f922_feasibility
5796209691,5867249928,Business Data Analyst,EXL,211510e7793565df,20260929T175840Z_b181dc01_deepen
5796211146,5899863048,Quality Engineering Lead,Accenture,b30060d953468079,20260929T175840Z_b181dc01_deepen
5796211411,5899863048,Quality Engineering Lead,Accenture,b30060d953468079,20260929T175840Z_b181dc01_deepen
5796581910,5798270960,Cybersecurity Analyst - Attack Surface Management & Attack Path Analysis,Applied Materials,097b7d8d6a727131,20260929T174139Z_4496f922_feasibility
5796582589,5884512235,Staff Site Reliability Engineer - Confluent Cloud Infrastructure,IBM,815368a854f0dc2b,20260929T174139Z_4496f922_feasibility
5797284041,5902920734,Sr. Developer - Enterprise Application ServiceNow N 4B,Genpact,8d746ea447167563,20260929T174139Z_4496f922_feasibility
5797351200,5879942953,Developer - Application Development JAVA N 4A,Genpact,27681d39615113e5,20260929T174139Z_4496f922_feasibility
5797364773,5900708811,Scrum Master 4B,Genpact,086730ed2d7b8d3d,20260929T174139Z_4496f922_feasibility
5797636359,5798240674,Quality Engineering Technical Leader,Cisco,211038c1f0d47f5c,20260929T175840Z_b181dc01_deepen
5797640357,5797640367,"Experienced Professional, Mechanical Engineering",WSP USA,b37cef298c512e01,20260929T175840Z_b181dc01_deepen
5797640359,5797640356,Principal Engineer - Mechanical,WSP USA,8f685c3d002fd58a,20260929T175840Z_b181dc01_deepen
5797640360,5797640356,Principal Engineer - Mechanical,WSP USA,8f685c3d002fd58a,20260929T175840Z_b181dc01_deepen
5797640378,5797640367,"Experienced Professional, Mechanical Engineering",WSP USA,b37cef298c512e01,20260929T175840Z_b181dc01_deepen
5800149654,5888693600,Digital Marketing Internship,Ladybird Web Solution Pvt Ltd,4bdddde2841a8a77,20260929T174139Z_4496f922_feasibility
5800375826,5899846415,Tech Lead - Application Development Microsoft N 4C,Genpact,81dead3a142e8516,20260929T174139Z_4496f922_feasibility
5800378647,5881146751,Sr. Developer - Application Development JAVA N 4B,Genpact,e6135d1e851d26e4,20260929T174139Z_4496f922_feasibility
5800411686,5879942953,Developer - Application Development JAVA N 4A,Genpact,27681d39615113e5,20260929T174139Z_4496f922_feasibility
5801027906,5819668535,"Security Engineer, AWS Security Incident Response",AWS India - Karnataka,f3bf7153884d724c,20260929T175840Z_b181dc01_deepen
5801030212,5855256416,Digital Marketing (Intern),appscrip,e3ccf6b8e1f27129,20260929T174139Z_4496f922_feasibility
5801030596,5801030595,Site Reliability Engineer,LogIQ Labs Pvt.Ltd.,dff5736527ffe0a3,20260929T174139Z_4496f922_feasibility
5801707143,5898490652,Record to Report Ops Analyst,Accenture,c1e1740be2455db8,20260929T174139Z_4496f922_feasibility
5802316677,5828759869,"Security Engineer, AWS Security Incident Response",Amazon,82629281ed168899,20260929T175840Z_b181dc01_deepen
5802316698,5828759869,"Security Engineer, AWS Security Incident Response",Amazon,82629281ed168899,20260929T175840Z_b181dc01_deepen
5802316794,5803788200,Electrical Engineer,Applied Materials,9ca8a93cc0208246,20260929T175840Z_b181dc01_deepen
5802320760,5802320759,User Experience Designer,Trane Technologies,0bcbd699fffc9cbc,20260929T174139Z_4496f922_feasibility
5802320936,5834761668,"Application Developer - Java, Angular, Oracle",UPS,9cc61fdc0ce91209,20260929T174139Z_4496f922_feasibility
5802321315,5871532670,Engineer - ICT/Security,WSP USA,072c63c0d08bf770,20260929T175840Z_b181dc01_deepen
5802321316,5871532672,Senior Engineer - ICT/Security,WSP USA,4f1271aae7c370f6,20260929T175840Z_b181dc01_deepen
5803802940,5819876152,Sr. Tech Lead - Application Development JAVA N 4D,Genpact,9d721d8174a780bc,20260929T174139Z_4496f922_feasibility
5803823220,5900734785,IN_Senior Associate_Data Analytics / Data Engineering_Digital Integration_Advisory_Gurgaon,PricewaterhouseCoopers,821448a168cc1f7d,20260929T174139Z_4496f922_feasibility
5803875417,5878628980,Service Delivery Leader - Supply Chain Management 3,Genpact,ca38b0c264613312,20260929T174139Z_4496f922_feasibility
5803880254,5881146751,Sr. Developer - Application Development JAVA N 4B,Genpact,e6135d1e851d26e4,20260929T174139Z_4496f922_feasibility
5804445145,5805303792,Lead Information Security Analyst (Individual Contributor),Applied Materials,ecd0ee42ac26e344,20260929T174139Z_4496f922_feasibility
5805285629,5805829937,"Director, Software Engineering, Self-service Operational Analytics and Reporting - ITC",Nike,bf22bf3e77a20ac3,20260929T174139Z_4496f922_feasibility
5805392268,5898496289,Quality Engineer,Accenture,ebbe3b5753f20ddf,20260929T175840Z_b181dc01_deepen
5805399377,5870445554,Senior Lead Engineer - Mechanical,Barry-Wehmiller,74f09b518c98fb5e,20260929T175840Z_b181dc01_deepen
5805403973,5898496289,Quality Engineer,Accenture,ebbe3b5753f20ddf,20260929T175840Z_b181dc01_deepen
5805829315,5843167367,Electrical Engineer,Cisco,dd2baea5af2e86a0,20260929T175840Z_b181dc01_deepen
5806518252,5878695857,"Security Engineer, AWS Security Incident Response",Amazon,2724e63ceeeb1a46,20260929T175840Z_b181dc01_deepen
5806556883,5806900873,Quality Engineer,Cisco,5c23867eab0fbaaa,20260929T175840Z_b181dc01_deepen
5806900720,5896366183,"Sr. Electrical Design Engineer, APAC Data Center Design Engineering",Amazon,4d08191aba429c90,20260929T174139Z_4496f922_feasibility
5806901125,5891912059,Lead Engineer - Electro Mechanical Component,GE Vernova,98a8ae3e265e840f,20260929T175840Z_b181dc01_deepen
5807460687,5898496289,Quality Engineer,Accenture,ebbe3b5753f20ddf,20260929T175840Z_b181dc01_deepen
5807489527,5898483780,Record to Report Ops Analyst,Accenture,2625701196226796,20260929T174139Z_4496f922_feasibility
5807496826,5856982884,"Manager, IT Delivery",The Vanguard Group,a581bb267e24c88f,20260929T174139Z_4496f922_feasibility
5808490196,5878284564,Analyst- Account To Report,Johnson & Johnson,b8e3c775f27716e9,20260929T174139Z_4496f922_feasibility
5808505957,5811377038,RCM MIS & Reporting Analyst,Neolytix,e0c3d6b3d274dd1b,20260929T174139Z_4496f922_feasibility
5808859116,5808859128,Sr Electrical Engineer (Erection),headsquestcom,fa72c2e2b0fffc63,20260929T175840Z_b181dc01_deepen
5808859139,5808859130,Sr Mechanical Engineer (Erection),headsquestcom,a14554621d185d5c,20260929T175840Z_b181dc01_deepen
5809824856,5814995112,"Quality Engineering & Automation (AI‑Driven) , Vice President",BlackRock,960296c0fda4a1d3,20260929T175840Z_b181dc01_deepen
5809836870,5887934322,"Sr. Analyst - BI, Reporting and Data Visualization 4A",Genpact,061cb40d79fffba8,20260929T174012Z_b5985163_smoke
5809892344,5859780657,Principal Engineer – Electrical,WSP,2203954bc53a8fda,20260929T175840Z_b181dc01_deepen
5810419241,5811334255,Electrical and Electronics Cost Out Engineer,GE Vernova,6508dfd2b70af4e4,20260929T175840Z_b181dc01_deepen
5810421765,5860808162,Principal Engineer - Electrical,WSP USA,058b601c0bbb6a5a,20260929T175840Z_b181dc01_deepen
5810421822,5860808162,Principal Engineer - Electrical,WSP USA,058b601c0bbb6a5a,20260929T175840Z_b181dc01_deepen
5811271903,5898490652,Record to Report Ops Analyst,Accenture,c1e1740be2455db8,20260929T174139Z_4496f922_feasibility
5811277363,5854443750,Record to Report Ops Senior Analyst,Accenture,e97ca693e6bc8d11,20260929T174139Z_4496f922_feasibility
5811281225,5886402061,Record to Report Ops Senior Analyst,Accenture,f03994c270cff2ad,20260929T174139Z_4496f922_feasibility
5811316531,5883747038,Sr. Applications Developer (Location - Chennai),UPS,e42b18dc93ba67d5,20260929T174139Z_4496f922_feasibility
5811916432,5811916388,"Senior Applied Scientist, International Machine Learning",Amazon,66271b89cb39ca66,20260929T174139Z_4496f922_feasibility
5811916449,5811916388,"Senior Applied Scientist, International Machine Learning",Amazon,66271b89cb39ca66,20260929T174139Z_4496f922_feasibility
5811917373,5812882736,Senior Site Reliability Engineer,MongoDB,5e566c99a89b4c6f,20260929T174139Z_4496f922_feasibility
5812755815,5899863048,Quality Engineering Lead,Accenture,b30060d953468079,20260929T175840Z_b181dc01_deepen
5812825069,5898490652,Record to Report Ops Analyst,Accenture,c1e1740be2455db8,20260929T174139Z_4496f922_feasibility
5812851855,5822058534,Software Engineer,GE HealthCare,18007a84ed91bb11,legacy_pull_2026-09-29
5812886481,5898496289,Quality Engineer,Accenture,ebbe3b5753f20ddf,20260929T175840Z_b181dc01_deepen
5812902070,5899863048,Quality Engineering Lead,Accenture,b30060d953468079,20260929T175840Z_b181dc01_deepen
5813413949,5879552270,"Sr Applied Scientist, Product Detail Page",Amazon,c655b4a0899a0c0b,20260929T174139Z_4496f922_feasibility
5813414527,5856943503,Lead Engineer - Customer Application Engineering-Turbine Mechanical,GE Vernova,9049efc1a6299a35,20260929T174139Z_4496f922_feasibility
5813414531,5814374700,Lead Engineer - Mechanical Component,GE Vernova,9f73aa346aa59947,20260929T174139Z_4496f922_feasibility
5814405389,5899549896,Pricing Systems Analyst,nVent,cea14aceeb601e52,20260929T174139Z_4496f922_feasibility
5814405864,5814995055,Manufacturing Engineer (Mechanical),Applied Materials,ef3161f6080306cc,20260929T174139Z_4496f922_feasibility
5814412456,5899549904,Electrical Engineer/Senior Electrical Engineer,Worley,80899b486f1c8d1c,20260929T175840Z_b181dc01_deepen
5814439122,5870767349,Client Financial Mgmt Analyst,Accenture,931eb1d20c142d50,20260929T175840Z_b181dc01_deepen
5814542894,5816830341,Associate Product Manager,MyAdvice,41de31bf6aac17e2,20260929T174139Z_4496f922_feasibility
5814983828,5902729548,Senior quality Engineer,symplr,473cec825a407b44,20260929T175840Z_b181dc01_deepen
5814995438,5814995437,Business Systems Analyst - Sales Planning & Incentive Systems,Commvault,0600cc3f6ec74dda,20260929T174139Z_4496f922_feasibility
5815730450,5898496289,Quality Engineer,Accenture,ebbe3b5753f20ddf,20260929T175840Z_b181dc01_deepen
5815758154,5816232477,Principal Engineer | AI and Security | 13 years,Cisco,a4c4d7bd29ef414c,20260929T175840Z_b181dc01_deepen
5815798426,5898496289,Quality Engineer,Accenture,ebbe3b5753f20ddf,20260929T175840Z_b181dc01_deepen
5816232440,5816232439,Electrical Engineer 3,CDM Smith,af2579d78576d6e8,20260929T175840Z_b181dc01_deepen
5816232441,5816232439,Electrical Engineer 3,CDM Smith,af2579d78576d6e8,20260929T175840Z_b181dc01_deepen
5816234991,5834394693,Principal Consultant - Application Development,WSP USA,a8d5b1aca844be5f,20260929T174139Z_4496f922_feasibility
5816235017,5834394693,Principal Consultant - Application Development,WSP USA,a8d5b1aca844be5f,20260929T174139Z_4496f922_feasibility
5816830035,5833589257,Service Delivery Manager - F&A - AP 4D,Genpact,55a5d7990fdbb1fa,20260929T174139Z_4496f922_feasibility
5816832404,5897023492,"Lead Analyst - BI, Reporting and Data Visualization 4C",Genpact,cf9b53506828b8d2,20260929T174012Z_b5985163_smoke
5816836269,5897053041,Analyst - Business Data Services 5B,Genpact,e69ae897f4d40899,20260929T175840Z_b181dc01_deepen
5816839343,5900808829,Mechanical Engineer/Senior Mechanical Engineer,Worley,9a57b273fc242717,20260929T174139Z_4496f922_feasibility
5817170312,5817170309,Senior Quality Test Engineer I,RELX INC,b41ce11a7ac0d21a,20260929T175840Z_b181dc01_deepen
5817363102,5819883739,Senior Analytics Engineer I,Digital Green,ac2f5f288f508702,20260929T174139Z_4496f922_feasibility
5817363589,5818428832,Product Designer,Regask,2c5be4e95a6ab0a5,20260929T174139Z_4496f922_feasibility
5818413863,5889499972,Product Analyst,Vistex Career,bcf28c54088f4c4d,20260929T174139Z_4496f922_feasibility
5818414997,5838513057,Financial Plan & Analysis Senior Analyst,Accenture,d3f6b88cc2b69a65,20260929T175840Z_b181dc01_deepen
5818416484,5862273727,Financial Plan & Analysis Analyst,Accenture,81b4fb316dd1d3fe,20260929T175840Z_b181dc01_deepen
5818416845,5902920753,"Sr. Analyst - BI, Reporting and Data Visualization 4B",Genpact,6f6830d11eb09696,20260929T174012Z_b5985163_smoke
5818421438,5819378910,Senior Site Reliability Engineer,Cisco,43c205520d7c8e67,20260929T174139Z_4496f922_feasibility
5818423992,5881155166,Lead Engineer - Mechanical Component,Arabelle Solutions,510d251a22a34ac6,20260929T174139Z_4496f922_feasibility
5819378913,5819378939,Software Engineer,Cisco,e68a2d599d8928a5,legacy_pull_2026-09-29
5819379360,5819379359,Product ( UX ) Designer,Cornerstone onDemand,07d8d2bc055c7080,20260929T174139Z_4496f922_feasibility
5819866775,5875704923,Record to Report Ops Analyst,Accenture,1ccec4f1ea82cf71,20260929T174139Z_4496f922_feasibility
5819882017,5821226533,Staff Site Reliability Engineer,Sumo Logic,5d9d2654f7ebcff3,20260929T174139Z_4496f922_feasibility
5819901490,5895366966,Sr. Analyst - Business Data Services 4A,Genpact,56d16e8f9f16138a,20260929T175840Z_b181dc01_deepen
5820791797,5902583936,"Machine Learning Engineer, Amazon Music - Catalog Quality",Amazon,c21281f58f744005,20260929T174139Z_4496f922_feasibility
5820791802,5854202961,"Applied Scientist, Amazon Music - Catalog Quality",Amazon,738092ab49998828,20260929T174139Z_4496f922_feasibility
5821046314,5821046313,"Quality Engineer, CAT 2",Two95 International Inc.,595551b8b725ab20,20260929T175840Z_b181dc01_deepen
5821209839,5891404211,Lead Engineer – Electrical Component,GE Vernova,3473cdb95255aa5e,20260929T174139Z_4496f922_feasibility
5821224922,5898492330,Sr. Tech Lead - Application Development Microsoft N 4D,Genpact,19881d041e88b750,20260929T174139Z_4496f922_feasibility
5822058224,5859754517,Quality Engineer | NPI(New Product Introduction) exp,Cisco,beff52e5336add41,20260929T175840Z_b181dc01_deepen
5822058494,5843987054,Mechanical Engineer,Flowserve Corporation,4641090296782b38,20260929T174139Z_4496f922_feasibility
5822058573,5891404211,Lead Engineer - Electrical Component,GE Vernova,3473cdb95255aa5e,20260929T174139Z_4496f922_feasibility
5822058578,5891404211,Lead Engineer - Electrical Component,GE Vernova,3473cdb95255aa5e,20260929T174139Z_4496f922_feasibility
5822058580,5891404211,Lead Engineer - Electrical Component,GE Vernova,3473cdb95255aa5e,20260929T174139Z_4496f922_feasibility
5822283408,5836592390,"Ecommerce / DIgital Designer (Beauty Brands, Creatives",Staffnixcom,953ea494883082fc,20260929T174139Z_4496f922_feasibility
5822429577,5823360382,Mechanical Engineer,Applied Materials,896bee48c62edd12,20260929T174139Z_4496f922_feasibility
5822432623,5823360382,Mechanical Engineer,Applied Materials,896bee48c62edd12,20260929T174139Z_4496f922_feasibility
5822434928,5875743935,Sr. Analyst - Business Data Services 4B,Genpact,14b5188e83c16ec3,20260929T175840Z_b181dc01_deepen
5823360385,5823360382,Mechanical Engineer,Applied Materials,896bee48c62edd12,20260929T174139Z_4496f922_feasibility
5823363675,5823363673,Senior Cybersecurity Engineer - India,Cornerstone onDemand,b9ebc5da96cc8733,20260929T174139Z_4496f922_feasibility
5823369719,5823369796,Security Managed Services Engineer (L3),"NTT America, Inc.",93ab08000c8e14be,20260929T175840Z_b181dc01_deepen
5823370773,5834758247,Intermediate Application Developer,UPS,e8461bc57e62013b,20260929T174139Z_4496f922_feasibility
5824113396,5902920867,Quality Engineer,Adani,482ff205d8c722a6,20260929T175840Z_b181dc01_deepen
5824122545,5824124416,Director - Application Development 3,Genpact,0f46c266e5dc00b1,20260929T174139Z_4496f922_feasibility
5824130780,5897053041,Analyst - Business Data Services 5B,Genpact,e69ae897f4d40899,20260929T175840Z_b181dc01_deepen
5824131820,5898496289,Quality Engineer,Accenture,ebbe3b5753f20ddf,20260929T175840Z_b181dc01_deepen
5825361230,5826674517,Business Intelligence Analyst,Applied Materials,d3455087132679ae,20260929T174012Z_b5985163_smoke
5825363121,5891406562,Quality Engineer I,Zimmer Biomet,1afdd939c37915f1,20260929T175840Z_b181dc01_deepen
5825759463,5901762338,Associate Senior Engineer - Electrical,Barry-Wehmiller,29944ced7b3dcf67,20260929T174139Z_4496f922_feasibility
5825766697,5870777947,"Financial Analyst, Defined Contribution - India",Ascensus,63396ee8cd213cb2,20260929T175840Z_b181dc01_deepen
5825769410,5898496289,Quality Engineer,Accenture,ebbe3b5753f20ddf,20260929T175840Z_b181dc01_deepen
5825769474,5889572801,Sr. Developer - Application Development Microsoft N 4B,Genpact,ea8c02d70cfa5efe,20260929T174139Z_4496f922_feasibility
5825771306,5855482173,Architect - Application Development S 4D,Genpact,319fb78904fac2fa,20260929T174139Z_4496f922_feasibility
5826666635,5900808817,Associate Senior Lead Engineer - Electrical,Barry-Wehmiller,f27792d29ac3b8ba,20260929T174139Z_4496f922_feasibility
5827925487,5828765951,Senior Quality Assurance Engineer - Playwright & WebdriverIO,GE Vernova,777a4cc88263d2ec,20260929T174139Z_4496f922_feasibility
5827925853,5878695857,"Security Engineer, AWS Security Incident Response",Amazon,2724e63ceeeb1a46,20260929T175840Z_b181dc01_deepen
5828163405,5830619628,Systems and Security Engineer,CrossBoundary,4bf17df77a878385,20260929T175840Z_b181dc01_deepen
5828610275,5828610327,Information Technology Compliance Officer/Cybersecurity Risk Analyst,WHEEBOX,c024c68be212ba2b,20260929T174139Z_4496f922_feasibility
5828762124,5829183267,Principal Network Security Engineer,Autodesk,3e68bbc52a9eb0cc,20260929T175840Z_b181dc01_deepen
5828882971,5828883550,Data Analyst / Data Operator / MIS Executive,Happiest Resume,6266169d342f3fd9,20260929T175840Z_b181dc01_deepen
5829183108,5836836302,Architect - Application Development N 4D,Genpact,61b7ca1dc044709e,20260929T174139Z_4496f922_feasibility
5829192137,5899863048,Quality Engineering Lead,Accenture,b30060d953468079,20260929T175840Z_b181dc01_deepen
5830097682,5830601515,"Software Engineering Technical Leader, Security Officer / DevSecOps (BLR G11)",Cisco,12bcd402066b9807,20260929T175840Z_b181dc01_deepen
5830099031,5897949655,Senior Electrical Engineer,Danaher Corporation,4510c15fe76cc84b,20260929T174139Z_4496f922_feasibility
5830102425,5893467146,Application Developer-AWS Cloud FullStack,IBM,4001ae2dfcfe11c0,20260929T174139Z_4496f922_feasibility
5830103340,5894639202,Application Developer-Cloud FullStack,IBM,42285aad5b8c28fd,20260929T174139Z_4496f922_feasibility
5830105683,5872787787,Engineer - Electrical,WSP USA,fc8a7d7e0caa9fdc,20260929T174139Z_4496f922_feasibility
5830105739,5830105727,Senior Engineer - Electrical,WSP USA,c51f206436af6603,20260929T174139Z_4496f922_feasibility
5830105753,5872787787,Engineer - Electrical,WSP USA,fc8a7d7e0caa9fdc,20260929T174139Z_4496f922_feasibility
5830105759,5830105727,Senior Engineer - Electrical,WSP USA,c51f206436af6603,20260929T174139Z_4496f922_feasibility
5830606735,5891869618,Senior Electrical Engineer,Danaher,30fd0f53b196b33a,20260929T174139Z_4496f922_feasibility
5830624074,5889085768,Quality Engineer - Manufacturing process,Rockwell Automation,9ed6a507a1b2fa6b,20260929T175840Z_b181dc01_deepen
5830632863,5898490652,Record to Report Ops Analyst,Accenture,c1e1740be2455db8,20260929T174139Z_4496f922_feasibility
5831395955,5831395929,Software Developer and Data Analyst (UG Freshers),Workfreaks Business Services Private Limited,43bf1bee622275f4,20260929T175840Z_b181dc01_deepen
5831398845,5831398844,Network Security Engineer,Barry Wehmiller,783e5bea667590db,20260929T175840Z_b181dc01_deepen
5831398849,5831398848,Delivery Lead/Manager,Barry Wehmiller,e90904d8aae3727b,20260929T174139Z_4496f922_feasibility
5831401723,5831401722,Business Analyst / Product Manager,Mapps It Services,0906ae5e409cb67d,20260929T174139Z_4496f922_feasibility
5831404624,5831404610,Digital Marketing Evangelist,Budli In,87eb82e99add20f4,20260929T174139Z_4496f922_feasibility
5831405420,5831405410,Senior Software Engineer-Generative AI-Big Data,Extreme Networks,f02595528538ca55,20260929T174139Z_4496f922_feasibility
5831601675,5831601681,Software Engineer,Cornerstone onDemand,95681bfb2c0ed1c8,legacy_pull_2026-09-29
5831607470,5831607533,Security Platform Engineer,"NTT America, Inc.",15546c2762377185,20260929T175840Z_b181dc01_deepen
5832073435,5838473803,Senior Artificial Intelligence/Machine Learning Engineer,Ciklum,ef282a8b92f05af4,20260929T174139Z_4496f922_feasibility
5832079790,5833022723,Mechanical Principal Engineer,GE HealthCare,581d519e38fc9293,20260929T174139Z_4496f922_feasibility
5832080138,5838473803,Senior Artificial Intelligence/Machine Learning Engineer,Ciklum,ef282a8b92f05af4,20260929T174139Z_4496f922_feasibility
5832089526,5838473803,Senior Artificial Intelligence/Machine Learning Engineer,Ciklum,ef282a8b92f05af4,20260929T174139Z_4496f922_feasibility
5832797629,5832797624,UI/UX Designer,Eazy Erp Technologies,511001382c002fd3,20260929T174139Z_4496f922_feasibility
5832797634,5832797624,UI/UX Designer,Eazy Erp Technologies,511001382c002fd3,20260929T174139Z_4496f922_feasibility
5832798136,5832798151,Operational Data Analyst,Milestone Online Technology,b9f0824901feab02,20260929T175840Z_b181dc01_deepen
5832798138,5832798151,Operational Data Analyst,Milestone Online Technology,b9f0824901feab02,20260929T175840Z_b181dc01_deepen
5832798145,5832798183,Financial Analyst,Milestone Online Technology,31f3e00b9d9df50c,20260929T175840Z_b181dc01_deepen
5832798146,5832798189,Business Analyst,Milestone Online Technology,72fd6e1dc5860b31,legacy_pull_2026-09-29
5832798149,5832798183,Financial Analyst,Milestone Online Technology,31f3e00b9d9df50c,20260929T175840Z_b181dc01_deepen
5832798152,5832798183,Financial Analyst,Milestone Online Technology,31f3e00b9d9df50c,20260929T174139Z_4496f922_feasibility
5832798153,5832798183,Financial Analyst,Milestone Online Technology,31f3e00b9d9df50c,20260929T174139Z_4496f922_feasibility
5832798154,5832798189,Business Analyst,Milestone Online Technology,72fd6e1dc5860b31,legacy_pull_2026-09-29
5832798158,5832798187,Data Analyst,Milestone Online Technology,5766a70b872feec1,20260929T175840Z_b181dc01_deepen
5832798159,5832798187,Data Analyst,Milestone Online Technology,5766a70b872feec1,20260929T175840Z_b181dc01_deepen
5832798160,5832798189,Business Analyst,Milestone Online Technology,72fd6e1dc5860b31,legacy_pull_2026-09-29
5832798167,5832798187,Data Analyst,Milestone Online Technology,5766a70b872feec1,20260929T175840Z_b181dc01_deepen
5832798168,5832798189,Business Analyst,Milestone Online Technology,72fd6e1dc5860b31,legacy_pull_2026-09-29
5832798173,5832798183,Financial Analyst,Milestone Online Technology,31f3e00b9d9df50c,20260929T174139Z_4496f922_feasibility
5832798175,5832798189,Business Analyst,Milestone Online Technology,72fd6e1dc5860b31,legacy_pull_2026-09-29
5832798180,5832798187,Data Analyst,Milestone Online Technology,5766a70b872feec1,20260929T175840Z_b181dc01_deepen
5832798181,5832798187,Data Analyst,Milestone Online Technology,5766a70b872feec1,20260929T175840Z_b181dc01_deepen
5832798184,5832798183,Financial Analyst,Milestone Online Technology,31f3e00b9d9df50c,20260929T174139Z_4496f922_feasibility
5832798190,5832798189,Business Analyst,Milestone Online Technology,72fd6e1dc5860b31,legacy_pull_2026-09-29
5832798259,5832798272,Digital Marketing Specialist,Gowra Bits & Bytes,4c3cf3759bfc6f7b,20260929T174139Z_4496f922_feasibility
5832798287,5832798300,Sr. Information Security Engineer,Gowra Bits & Bytes,9f50b86bb7a1b8a8,20260929T174139Z_4496f922_feasibility
5832798310,5832798300,Sr. Information Security Engineer,Gowra Bits & Bytes,9f50b86bb7a1b8a8,20260929T174139Z_4496f922_feasibility
5833021649,5834377213,Supplier Quality Engineer,Curtiss-Wright Corporation,e45b4d6ae8fa8ca4,20260929T175840Z_b181dc01_deepen
5833576912,5897053041,Analyst - Business Data Services 5B,Genpact,e69ae897f4d40899,20260929T175840Z_b181dc01_deepen
5833580419,5834763829,Senior Security Engineer,Tekion,5023c09b2ded0b52,20260929T175840Z_b181dc01_deepen
5833581397,5836841205,User Experience Designer,Accenture,64b49d4f4b05319a,20260929T174139Z_4496f922_feasibility
5833589790,5834763829,Senior Security Engineer,Tekion,5023c09b2ded0b52,20260929T175840Z_b181dc01_deepen
5833594773,5890808813,Sr. Analyst - Data Governance and Quality 4B,Genpact,19634aafbdc9d5e0,20260929T175840Z_b181dc01_deepen
5833598881,5844292783,Senior Product Designer,Tekion,a41749a171556412,20260929T174139Z_4496f922_feasibility
5833600555,5895366966,Sr. Analyst - Business Data Services 4A,Genpact,56d16e8f9f16138a,20260929T175840Z_b181dc01_deepen
5834743821,5834744298,Senior Applications Developer - Chennai,UPS,2864d71990d4119f,20260929T174139Z_4496f922_feasibility
5834744958,5834760342,Lead Application Developer,UPS,c55298fdc79f6952,20260929T174139Z_4496f922_feasibility
5834746542,5881151140,Measurement & Report Senior Analyst,Accenture,324d33a8dfd1aff8,20260929T174139Z_4496f922_feasibility
5834747618,5834756002,Intermediate Applications Developer - Chennai,UPS,8f428c389c00080c,20260929T174139Z_4496f922_feasibility
5834747643,5835764017,Senior Application Developer,UPS,84bc3afb6ac0505f,20260929T174139Z_4496f922_feasibility
5834749982,5834756002,Intermediate Applications Developer - Chennai,UPS,8f428c389c00080c,20260929T174139Z_4496f922_feasibility
5834750681,5878630892,Record to Report Ops Analyst,Accenture,a8c1660ddc292fe7,20260929T174139Z_4496f922_feasibility
5834752194,5878687037,Record to Report Ops Senior Analyst,Accenture,0f632b9d87bd7799,20260929T174139Z_4496f922_feasibility
5834755922,5834756002,Intermediate Applications Developer - Chennai,UPS,8f428c389c00080c,20260929T174139Z_4496f922_feasibility
5834758820,5899863048,Quality Engineering Lead,Accenture,b30060d953468079,20260929T175840Z_b181dc01_deepen
5834759382,5853707740,"Senior Scrum Master, Scrum Master",Cencora,36396989d79b736a,20260929T174139Z_4496f922_feasibility
5834759699,5840375022,Intermediate Applications Developer,UPS,c92379b023ecc2d5,20260929T174139Z_4496f922_feasibility
5834762768,5899863048,Quality Engineering Lead,Accenture,b30060d953468079,20260929T175840Z_b181dc01_deepen
5834763460,5854442640,"Senior Analyst, Finance Solutions",Magna International,44dd05cd84b36288,20260929T174139Z_4496f922_feasibility
5834769082,5835319964,Senior Applications Developer- Data Scientist,UPS,e548bb299ad85a1f,20260929T174139Z_4496f922_feasibility
5835314085,5835314077,Lead Engineer - Electrical Component-2,GE Vernova,cd53781d0a225d86,20260929T174139Z_4496f922_feasibility
5835314088,5835314077,Lead Engineer - Electrical Component-2,GE Vernova,cd53781d0a225d86,20260929T174139Z_4496f922_feasibility
5835314993,5894639202,Application developer-Cloud fullstack,IBM,42285aad5b8c28fd,20260929T174139Z_4496f922_feasibility
5835321066,5866612540,Senior Engineer- Mining/Rock Mechanics,WSP USA,e5911c5f3bbb7c36,20260929T174139Z_4496f922_feasibility
5835340748,5850701061,Investment Analyst - Valuation Expert,Mercor,2a808843490dc73e,20260929T174139Z_4496f922_feasibility
5835340750,5855070137,Product Design Expert - Vibecoding,Mercor,c6966e6d0d471b0f,20260929T174139Z_4496f922_feasibility
5835662697,5878284555,Graphic Designer (Elearning)- Senior Associate,LRN Corporation,b0e6590343775374,20260929T174139Z_4496f922_feasibility
5835759902,5892689770,Senior Application Developer - .Net Full Stack,UPS,40933ddcef5bd843,20260929T174139Z_4496f922_feasibility
5836833172,5884783956,Specialist - S&M - Digital Marketing 4B,Genpact,8af09e1afa62b368,20260929T174139Z_4496f922_feasibility
5836834989,5838430251,Scrum Master,Barclays,106987f17ce93d8d,20260929T174139Z_4496f922_feasibility
5836848829,5900730812,Tech Lead - Application Development JAVA N 4C,Genpact,6f578e4fa32c37bf,20260929T174139Z_4496f922_feasibility
5836862786,5899863048,Quality Engineering Lead,Accenture,b30060d953468079,20260929T175840Z_b181dc01_deepen
5837138655,5837139229,Software Engineering- Development,Kyndryl,e0afd1869d560af1,legacy_pull_2026-09-29
5837138765,5890717589,"Lead II, Software Engineering - Development",Kyndryl,2841e6d3b0773a4a,legacy_pull_2026-09-29
5837138870,5900230774,Software Engineering Technical Specialist - Workday Integrations,Kyndryl,4f881cd029584eae,legacy_pull_2026-09-29
5837139057,5890717589,"Lead II, Software Engineering - Development",Kyndryl,2841e6d3b0773a4a,legacy_pull_2026-09-29
5837139058,5900230774,Software Engineering Technical Specialist - Workday Integrations,Kyndryl,4f881cd029584eae,legacy_pull_2026-09-29
5837139161,5879392141,"Senior Lead, Software Engineering Specialist Workday Time Tracking and Absence",Kyndryl,c9aae3f66f477462,legacy_pull_2026-09-29
5837797826,5837797879,Security Consulting Engineer,Cisco,85622a8a540bcbfe,20260929T175840Z_b181dc01_deepen
5837797835,5837797879,Security Consulting Engineer,Cisco,85622a8a540bcbfe,20260929T175840Z_b181dc01_deepen
5837797848,5838431837,Consulting Engineer - Security,Cisco,f20c5b68114623a6,20260929T175840Z_b181dc01_deepen
5837797859,5838431837,Consulting Engineer - Security,Cisco,f20c5b68114623a6,20260929T175840Z_b181dc01_deepen
5837797888,5838431837,Consulting Engineer - Security,Cisco,f20c5b68114623a6,20260929T175840Z_b181dc01_deepen
5838437580,5902920753,"Sr. Analyst - BI, Reporting and Data Visualization 4B",Genpact,6f6830d11eb09696,20260929T174012Z_b5985163_smoke
5838444236,5839587024,Engineer – Cyber Security,GE Vernova,35c8d728444d9abe,20260929T175840Z_b181dc01_deepen
5838444736,5839586526,Staff Product Security Engineer,GE HealthCare,28abe619b592084a,20260929T175840Z_b181dc01_deepen
5838445567,5841919121,"Applied Science Manager, Advertising Trust",Amazon,9f907d1d258fa7a2,20260929T174139Z_4496f922_feasibility
5838456340,5872081963,Technical Staff Engineer - CAD,Microchip,8059e369a4fbf603,20260929T174139Z_4496f922_feasibility
5838486606,5839582242,Software Engineer,Cisco,3aebed6e9ecd223a,legacy_pull_2026-09-29
5839221823,5839221817,Salesforce Quality Engineer 3,MongoDB,dc6ddcb17427f563,20260929T175840Z_b181dc01_deepen
5839224496,5839224476,Product Owner,Tmf Group,bbe1200c8a2c85ff,20260929T174139Z_4496f922_feasibility
5839224517,5839224476,Product Owner,Tmf Group,bbe1200c8a2c85ff,20260929T174139Z_4496f922_feasibility
5839225578,5839225593,Big Data Engineer - Xebia,Foray Software Private Limited,9c74ec87a11923c5,20260929T174139Z_4496f922_feasibility
5839225596,5839225593,Big Data Engineer - Xebia,Foray Software Private Limited,9c74ec87a11923c5,20260929T174139Z_4496f922_feasibility
5839225599,5839225593,Big Data Engineer - Xebia,Foray Software Private Limited,9c74ec87a11923c5,20260929T174139Z_4496f922_feasibility
5839546872,5839546852,"Sr. Analyst, Engineering FP&A",symplr,f54879ff8bab4f68,20260929T174139Z_4496f922_feasibility
5839578983,5839578941,"Applied Science Manager, Advertising Trust",Amazon,e82584111d1d0caf,20260929T174139Z_4496f922_feasibility
5839582253,5839582242,Software Engineer,Cisco,3aebed6e9ecd223a,legacy_pull_2026-09-29
5839601870,5839602092,Principal Designer - AI & Visualization,WSP USA,dfc079c4ee78d793,20260929T174139Z_4496f922_feasibility
5839601919,5839602092,Principal Designer - AI & Visualization,WSP USA,dfc079c4ee78d793,20260929T174139Z_4496f922_feasibility
5840187568,5840187666,Senior Business Analyst (B2B Service/Product),Staffnixcom,fa61e9c87ccc7689,20260929T174139Z_4496f922_feasibility
5840369449,5843185834,"Applied Scientist, Alexa Edge AI",Amazon,e918e18fdf4028b9,20260929T174139Z_4496f922_feasibility
5840371880,5851152635,"Manager, Integrated Planning, Media Delivery and Operations",WPP Media,f8719b6ed7be30aa,20260929T174139Z_4496f922_feasibility
5840378311,5861221178,Sr. Engineer - Testing & Quality Assurance N 4B,Genpact,a47fb9227069b27d,20260929T174139Z_4496f922_feasibility
5840383062,5899856537,Financial Plan & Analysis Analyst,Accenture,2aaf780afc551dae,20260929T174139Z_4496f922_feasibility
5840383340,5898496289,Quality Engineer,Accenture,ebbe3b5753f20ddf,20260929T175840Z_b181dc01_deepen
5840384095,5841438423,Senior BI Platform and Analytics Engineer,KBR,f903624228cee628,20260929T174139Z_4496f922_feasibility
5840386556,5902920753,"Sr. Analyst - BI, Reporting and Data Visualization 4B",Genpact,6f6830d11eb09696,20260929T174012Z_b5985163_smoke
5840390920,5841438424,Mechanical Engineering Department Manager,KBR,961b1859752db1d4,20260929T174139Z_4496f922_feasibility
5840395106,5841398539,Electrical - New Product Manufacturing Engineer,Applied Materials,915cebf9a71e9c6d,20260929T174139Z_4496f922_feasibility
5840659649,5843155429,Senior Graphic Designer,Childcare Marketing Group,f035a7af2fe42be2,20260929T174139Z_4496f922_feasibility
5841129967,5841130064,Engineer- Network & Security,Rockwell Automation,c93ca72ea79ecaf6,20260929T175840Z_b181dc01_deepen
5841129984,5841130000,Engineer- Network & Security,Rockwell Automation,222a2c8d2fc00e76,20260929T175840Z_b181dc01_deepen
5841415040,5841938309,Software Engineer,Cisco,67ba89c6b1df598d,legacy_pull_2026-09-29
5841439648,5868419480,Security Managed Services Engineer (L2),"NTT America, Inc.",629668224dfb8076,20260929T175840Z_b181dc01_deepen
5841439649,5868419480,Security Managed Services Engineer (L2),"NTT America, Inc.",629668224dfb8076,20260929T175840Z_b181dc01_deepen
5841927580,5900730812,Tech Lead - Application Development JAVA N 4C,Genpact,6f578e4fa32c37bf,20260929T174139Z_4496f922_feasibility
5841929144,5842760518,"Solutions Engineer (Security, GSSO) - Mumbai",Cisco,3b428a8ab585ed87,20260929T175840Z_b181dc01_deepen
5841936037,5878628871,"Applied Scientist II, FinAuto",Amazon,788015f55b542ff3,20260929T174139Z_4496f922_feasibility
5841941676,5900730812,Tech Lead - Application Development JAVA N 4C,Genpact,6f578e4fa32c37bf,20260929T174139Z_4496f922_feasibility
5841944207,5869196713,Delivery Lead Manager,Accenture,e3b04b6b8a5c6c40,20260929T174139Z_4496f922_feasibility
5842589838,5842589899,Data Quality Engineer,Anblicks Solutions,81a1278e3c93acd3,20260929T175840Z_b181dc01_deepen
5842749190,5845240416,"Specialist, Application Development- Backend Python developer with Azure and API development",AT&T,63484f2ba28ad80f,20260929T174139Z_4496f922_feasibility
5842761122,5842761115,"Senior Engineer, AI Security & Automation",Danaher Corporation,dfcf589d083b32f4,20260929T175840Z_b181dc01_deepen
5842763801,5842763795,Senior Quality Assurance Engineer,Pearson,e6a643d0ad7fbd91,20260929T174139Z_4496f922_feasibility
5842777508,5842777502,Principal UX CX Designer,UnitedHealth Group,b25e6a2f2a21c59b,20260929T174139Z_4496f922_feasibility
5842777510,5842777502,Principal UX CX Designer,UnitedHealth Group,b25e6a2f2a21c59b,20260929T174139Z_4496f922_feasibility
5842777514,5842777502,Principal UX CX Designer,UnitedHealth Group,b25e6a2f2a21c59b,20260929T174139Z_4496f922_feasibility
5842777542,5842777502,Principal UX CX Designer,UnitedHealth Group,b25e6a2f2a21c59b,20260929T174139Z_4496f922_feasibility
5842777552,5842777502,Principal UX CX Designer,UnitedHealth Group,b25e6a2f2a21c59b,20260929T174139Z_4496f922_feasibility
5842782952,5842782926,Coordinator- Graphic Design,WSP USA,bfccfea6a28d50f0,20260929T174139Z_4496f922_feasibility
5843158076,5861224652,Distribution Data Management Analyst,Franklin Templeton,c004fd5368241aba,20260929T175840Z_b181dc01_deepen
5843158252,5901707324,Financial Plan & Analysis Senior Analyst,Accenture,91fea3a3c11bff12,20260929T174139Z_4496f922_feasibility
5843164873,5845256533,"Business Analyst II, Relay Product Excellence",Amazon,887229a8f992d975,20260929T174139Z_4496f922_feasibility
5843165029,5902909968,Sr. Developer - Application Development N 4B,Genpact,f6d7b473107b3a2d,20260929T174139Z_4496f922_feasibility
5843165458,5843986639,Software Engineer,Cisco,a11ccc16e1236c9a,legacy_pull_2026-09-29
5843165575,5843179492,"Oracle Applications Functional Analyst, FinTech Cash Application, OFA Cash Application",Amazon,c356be8ccb6f053f,20260929T174139Z_4496f922_feasibility
5843166358,5900730812,Tech Lead - Application Development JAVA N 4C,Genpact,6f578e4fa32c37bf,20260929T174139Z_4496f922_feasibility
5843170887,5843185834,"Applied Scientist, Alexa Edge AI",Amazon,e918e18fdf4028b9,20260929T174139Z_4496f922_feasibility
5843766592,5856695827,Senior QA,Kyndryl,cdab3cc25dde5483,legacy_pull_2026-09-29
5843972681,5896366223,"Financial Analyst I, FOAA Leases",Amazon,b379c80c6538b4d2,20260929T174139Z_4496f922_feasibility
5843986641,5843986639,Software Engineer,Cisco,a11ccc16e1236c9a,legacy_pull_2026-09-29
5843994207,5843994203,Senior Data Analyst I,RELX INC,f2fe8e5c1895a0d6,20260929T175840Z_b181dc01_deepen
5844292766,5886402061,Record to Report Ops Senior Analyst,Accenture,f03994c270cff2ad,20260929T174139Z_4496f922_feasibility
5844972704,5850701061,Investment Analyst - Valuation Expert,Mercor,2a808843490dc73e,20260929T174139Z_4496f922_feasibility
5846723024,5890717585,Senior Software Engineer,Moody's,ab52f194da0f6751,legacy_pull_2026-09-29
5846723030,5847434885,Staff Software Engineer,Moody's,b1ebbdc24a73850e,legacy_pull_2026-09-29
5846723078,5847434885,Staff Software Engineer,Moody's,b1ebbdc24a73850e,legacy_pull_2026-09-29
5846723080,5847434885,Staff Software Engineer,Moody's,b1ebbdc24a73850e,legacy_pull_2026-09-29
5846723137,5847434885,Staff Software Engineer,Moody's,b1ebbdc24a73850e,legacy_pull_2026-09-29
5846723228,5890717585,Senior Software Engineer,Moody's,ab52f194da0f6751,legacy_pull_2026-09-29
5846723231,5890717585,Senior Software Engineer,Moody's,ab52f194da0f6751,legacy_pull_2026-09-29
5846723388,5847434885,Staff Software Engineer,Moody's,b1ebbdc24a73850e,legacy_pull_2026-09-29
5846723460,5890717585,Senior Software Engineer,Moody's,ab52f194da0f6751,legacy_pull_2026-09-29
5846916959,5848357947,Sr. Developer - Application Development JAVA P 4B,Genpact,5ff80280b5be49f9,20260929T174139Z_4496f922_feasibility
5846920337,5847844720,Supplier Engineer - Electrical/Quality,Applied Materials,83500cff409bf630,20260929T174139Z_4496f922_feasibility
5846921663,5882272818,Mechanical Engineer,Applied Materials,9b69f9e541c105d8,20260929T174139Z_4496f922_feasibility
5846922623,5869269198,Supplier Quality Engineer: EME (Castings & Castings Machining),AGCO,916b906120fb463f,20260929T175840Z_b181dc01_deepen
5847837531,5899323073,Senior Quality Engineer I,Marriott Tech Accelerator,efa448b88e711d8d,20260929T175840Z_b181dc01_deepen
5847844730,5882272818,Mechanical Engineer,Applied Materials,9b69f9e541c105d8,20260929T174139Z_4496f922_feasibility
5847850852,5893467146,Application Developer-AWS Cloud FullStack,IBM,4001ae2dfcfe11c0,20260929T174139Z_4496f922_feasibility
5848338612,5878628980,Service Delivery Leader - Supply Chain Management 3,Genpact,ca38b0c264613312,20260929T174139Z_4496f922_feasibility
5848425931,5889572801,Sr. Developer - Application Development Microsoft N 4B,Genpact,ea8c02d70cfa5efe,20260929T174139Z_4496f922_feasibility
5848748828,5851151616,Digital Marketing & Content Specialist,Cyzerg,500a787b57ffc6b0,20260929T174139Z_4496f922_feasibility
5849136900,5861793631,Professional Services Delivery Manager,Pitney Bowes,bf9331ad9e197bd0,20260929T174139Z_4496f922_feasibility
5849138942,5849138939,Staff Site Reliability Engineer,Sentinelone,3cdf25b31e44cc24,20260929T174139Z_4496f922_feasibility
5849138947,5849138939,Staff Site Reliability Engineer,Sentinelone,3cdf25b31e44cc24,20260929T174139Z_4496f922_feasibility
5849139383,5849139373,System Analyst,Inspira Enterprise India,6192050c1895d40c,20260929T174139Z_4496f922_feasibility
5849234503,5871406809,Graphics designer,Ladybird Web Solution Pvt Ltd,b24bf6fd6c02ac3a,20260929T174139Z_4496f922_feasibility
5849315350,5850634468,"Senior Machine Learning Engineer, SAP Application AI Team",SAP,e9a2209ba883af8e,20260929T174139Z_4496f922_feasibility
5849675166,5856954746,Senior Product Designer,Bitwarden,5e152c135a22e9f8,20260929T174139Z_4496f922_feasibility
5849676295,5895352766,Quality Control Engineer,Financial Services,4d7ebe62761eae10,20260929T175840Z_b181dc01_deepen
5849676484,5899846415,Tech Lead - Application Development Microsoft N 4C,Genpact,81dead3a142e8516,20260929T174139Z_4496f922_feasibility
5849676618,5897023492,"Lead Analyst - BI, Reporting and Data Visualization 4C",Genpact,cf9b53506828b8d2,20260929T174012Z_b5985163_smoke
5849703856,5850628735,Lead Engineer 2 - Electrical Component,GE Vernova,e68b9ec9d7d06f7e,20260929T174139Z_4496f922_feasibility
5850371366,5850371365,IT site Operation & Reliability Engineer,Baxter India Pvt Ltd,3377ee9415530ec2,20260929T174139Z_4496f922_feasibility
5850372964,5850373193,Senior Site Reliability Engineer - AI Research Clusters,NVIDIA,3e63a3aebdf04765,20260929T174139Z_4496f922_feasibility
5850372998,5850373193,Senior Site Reliability Engineer - AI Research Clusters,NVIDIA,3e63a3aebdf04765,20260929T174139Z_4496f922_feasibility
5850373007,5850373193,Senior Site Reliability Engineer - AI Research Clusters,NVIDIA,3e63a3aebdf04765,20260929T174139Z_4496f922_feasibility
5850373117,5850373193,Senior Site Reliability Engineer - AI Research Clusters,NVIDIA,3e63a3aebdf04765,20260929T174139Z_4496f922_feasibility
5850373144,5850373125,CAD Engineer,NVIDIA,e2a11b8e06526c23,20260929T174139Z_4496f922_feasibility
5850375940,5850375962,Application Security Testing Engineer(Code Review),Eviden,4c7594bed13bd3cb,20260929T175840Z_b181dc01_deepen
5850375977,5850375962,Application Security Testing Engineer(Code Review),Eviden,4c7594bed13bd3cb,20260929T175840Z_b181dc01_deepen
5850376400,5850376476,UI/UX- Figma Designer,Covalense Global,977cd7d5d5fd523a,20260929T174139Z_4496f922_feasibility
5850376624,5850376716,Plant Finance Analyst,Mondelez,7eb9703231688680,20260929T174139Z_4496f922_feasibility
5850377040,5850377177,Software Developer  Azure Web Applications,Vichara Technologies,e59f0cd882c9dd9c,20260929T174139Z_4496f922_feasibility
5850377047,5850377177,Software Developer  Azure Web Applications,Vichara Technologies,e59f0cd882c9dd9c,20260929T174139Z_4496f922_feasibility
5850377067,5850377061,UI / UX Designer,"SolutionInn, US",52c84c5cb216d0d8,20260929T174139Z_4496f922_feasibility
5850377072,5850377358,Graphic Designer,"SolutionInn, US",d6bf01444607a1ec,20260929T174139Z_4496f922_feasibility
5850377075,5850377165,Senior Business Analyst - Investment Management,Vichara Technologies,bb34460ab23bb942,20260929T174139Z_4496f922_feasibility
5850377090,5850377089,Ui / Ux Graphic Designer,"SolutionInn, US",db96e06462394a06,20260929T174139Z_4496f922_feasibility
5850377097,5850377151,Product Analyst,"SolutionInn, US",9a982671bd882555,20260929T174139Z_4496f922_feasibility
5850377109,5850377106,Digital Marketing Specialist,"SolutionInn, US",4e011911d3bf1565,20260929T174139Z_4496f922_feasibility
5850377110,5850377165,Senior Business Analyst - Investment Management,Vichara Technologies,bb34460ab23bb942,20260929T174139Z_4496f922_feasibility
5850377124,5850377165,Senior Business Analyst - Investment Management,Vichara Technologies,bb34460ab23bb942,20260929T174139Z_4496f922_feasibility
5850377130,5850377155,Digital Marketing Associate,"SolutionInn, US",38b2c2667126d48b,20260929T174139Z_4496f922_feasibility
5850377801,5850377796,Software Engineer,Kla,92067987c19f3526,legacy_pull_2026-09-29
5850610125,5899323073,Senior Quality Engineer I,Marriott Tech Accelerator,efa448b88e711d8d,20260929T175840Z_b181dc01_deepen
5850615003,5850615008,Entry Graphic Designer,CDM Smith,7c726fe0ec6c9478,20260929T174139Z_4496f922_feasibility
5850615005,5850615002,Intermediate Graphic Designer,CDM Smith,c69386b5802781ad,20260929T174139Z_4496f922_feasibility
5850628737,5851143914,Software Engineer,GE Vernova,7fd3b8c50298a3dc,legacy_pull_2026-09-29
5850632091,5893467146,Application Developer-AWS Cloud FullStack,IBM,4001ae2dfcfe11c0,20260929T174139Z_4496f922_feasibility
5850636106,5850636104,Senior Machine Learning Engineer,S&P Global,1a3021377cbdb2ac,20260929T174139Z_4496f922_feasibility
5850636961,5871532672,Senior Engineer - ICT/Security,WSP USA,4f1271aae7c370f6,20260929T175840Z_b181dc01_deepen
5850636991,5871532670,Engineer - ICT/Security,WSP USA,072c63c0d08bf770,20260929T175840Z_b181dc01_deepen
5850636994,5850637041,Senior Mechanical Engineer - Water,WSP USA,1f6e54726e56e21e,20260929T174139Z_4496f922_feasibility
5850636997,5871532539,Engineer Mechanical - Pumping Station,WSP USA,f3d01927ea229fdb,20260929T174139Z_4496f922_feasibility
5850637006,5871532539,Engineer Mechanical - Pumping Station,WSP USA,f3d01927ea229fdb,20260929T174139Z_4496f922_feasibility
5850637051,5850637041,Senior Mechanical Engineer - Water,WSP USA,1f6e54726e56e21e,20260929T174139Z_4496f922_feasibility
5850637064,5850637052,Principal Engineer - Electrical,WSP USA,fa2c95d1502b8a83,20260929T174139Z_4496f922_feasibility
5851021045,5853714161,SEO Specialist,Regent College London,f3c161353610e95b,20260929T174012Z_b5985163_smoke
5851140669,5899856537,Financial Plan & Analysis Analyst,Accenture,2aaf780afc551dae,20260929T174139Z_4496f922_feasibility
5851142086,5899864454,Tech Lead - Application Development N 4C,Genpact,8a75290912799010,20260929T174139Z_4496f922_feasibility
5851503550,5853711462,Sr. Mechanical Engineer,Lapmaster Wolters,5daed0dd9b24a306,20260929T174139Z_4496f922_feasibility
5851857340,5851857396,Product Design Engineer,Induspect India Private Limited,c7fedbdd256b38fd,20260929T174139Z_4496f922_feasibility
5851958304,5877943307,Digital Marketing Executive,TalentMark Academy Placement Department,38677a5600b60649,20260929T174139Z_4496f922_feasibility
5852139031,5852139042,"Customer Engineering Manager, Data Analytics, Google Cloud",Google,574cfe8f6a0579cb,20260929T174139Z_4496f922_feasibility
5852148208,5852148226,Sr UX/CX Designer,UnitedHealth Group,e8d7b88bccf9400c,20260929T174139Z_4496f922_feasibility
5852148215,5852148226,Sr UX/CX Designer,UnitedHealth Group,e8d7b88bccf9400c,20260929T174139Z_4496f922_feasibility
5852149133,5852149193,Senior Configuration and Delivery Manager,WSP USA,ea74ed61d0bf0d66,20260929T174139Z_4496f922_feasibility
5852149241,5872787791,B&P Writer and Graphic Designer,WSP USA,13a8a0d043872d4d,20260929T174139Z_4496f922_feasibility
5852580202,5898496289,Quality Engineer,Accenture,ebbe3b5753f20ddf,20260929T175840Z_b181dc01_deepen
5853357369,5882272818,Mechanical Engineer,Applied Materials,9b69f9e541c105d8,20260929T174139Z_4496f922_feasibility
5853357386,5854444759,Manager - Electrical Engineer,Applied Materials,1bc123c8e506ecc7,20260929T174139Z_4496f922_feasibility
5853357388,5854446765,"Manager, Mechanical Engineer",Applied Materials,11f919b246719c36,20260929T174139Z_4496f922_feasibility
5853693646,5882272818,Mechanical Engineer,Applied Materials,9b69f9e541c105d8,20260929T174139Z_4496f922_feasibility
5853694661,5902920753,"Sr. Analyst - BI, Reporting and Data Visualization 4B",Genpact,6f6830d11eb09696,20260929T174012Z_b5985163_smoke
5853701879,5897053041,Analyst - Business Data Services 5B,Genpact,e69ae897f4d40899,20260929T175840Z_b181dc01_deepen
5853706694,5854205537,"Solutions Engineer (Security, GSSO) - Bangalore",Cisco,5bf394e242ef8d28,20260929T175840Z_b181dc01_deepen
5853707950,5878627480,"Applied Scientist, Amazon Music - Catalog Quality",Amazon Music,cbbf89cd3dd6367c,20260929T174139Z_4496f922_feasibility
5853709966,5902920753,"Sr. Analyst - BI, Reporting and Data Visualization 4B",Genpact,6f6830d11eb09696,20260929T174012Z_b5985163_smoke
5853710281,5854442640,"Senior Analyst, Finance Solutions",Magna International,44dd05cd84b36288,20260929T174139Z_4496f922_feasibility
5853714847,5902920753,"Sr. Analyst - BI, Reporting and Data Visualization 4B",Genpact,6f6830d11eb09696,20260929T174012Z_b5985163_smoke
5854205528,5854205537,"Solutions Engineer (Security, GSSO) - Bangalore",Cisco,5bf394e242ef8d28,20260929T175840Z_b181dc01_deepen
5854213259,5870121949,Quality Assurance Engineer M/F,Safran,0dd338b0eac2bf6a,20260929T174139Z_4496f922_feasibility
5854445892,5864860405,"Machine Learning Engineer, Amazon Music - Catalog Quality",Amazon,eea357d6551ffd3a,20260929T174139Z_4496f922_feasibility
5854880417,5854880420,Business Analyst,Apex 2000,ed9381913abcca8c,legacy_pull_2026-09-29
5854880424,5854880420,Business Analyst,Apex 2000,ed9381913abcca8c,legacy_pull_2026-09-29
5854880452,5854880443,Site Reliability Engineer (SRE),Apex 2000,2c4f1e70d4976f3e,20260929T174139Z_4496f922_feasibility
5854880454,5854880443,Site Reliability Engineer (SRE),Apex 2000,2c4f1e70d4976f3e,20260929T174139Z_4496f922_feasibility
5854880938,5854880922,Business Analyst,Path Solutions,1ce299a4809ba7db,legacy_pull_2026-09-29
5855006986,5872825731,Data Analyst / Engineer,Kyndryl,264acf0170b6eb43,legacy_pull_2026-09-29
5855469975,5902909968,Sr. Developer - Application Development N 4B,Genpact,f6d7b473107b3a2d,20260929T174139Z_4496f922_feasibility
5855478601,5873196845,Data Analyst / Engineer,Kyndryl,16cbf5edafbdc28d,20260929T175840Z_b181dc01_deepen
5856196681,5856197029,Site Reliability Engineer,Infosys Limited,2adb7dea2914e9af,20260929T174139Z_4496f922_feasibility
5856196702,5856197029,Site Reliability Engineer,Infosys Limited,2adb7dea2914e9af,20260929T174139Z_4496f922_feasibility
5856196703,5896122749,"Data Analytics Engineer(AI/ML, ETL, OSS, Telecom)",Infosys Limited,dc73eff1fb19a4a8,20260929T174139Z_4496f922_feasibility
5856447389,5856447374,Data Analyst / Engineer,Kyndryl,31f2cbca0e330b78,20260929T175840Z_b181dc01_deepen
5856689730,5871806308,"Quality Assurance Engineer 1, QRE",ADCI - Karnataka,9a80f3a20c3bccd1,20260929T174139Z_4496f922_feasibility
5856942740,5897053041,Analyst - Business Data Services 5B,Genpact,e69ae897f4d40899,20260929T175840Z_b181dc01_deepen
5856963032,5897039296,Mechanical Design Engineer,Xylem,d0848aefd7fc65de,20260929T174139Z_4496f922_feasibility
5856970762,5898496289,Quality Engineer,Accenture,ebbe3b5753f20ddf,20260929T174139Z_4496f922_feasibility
5856978358,5857947934,"Business Systems Analyst - Oracle Fusion, ERP, Supply Chain & Manufacturing - 5 to 10 Yrs , BLR",Cisco,0178b168d6328a34,20260929T174139Z_4496f922_feasibility
5856978876,5859436070,Senior Cybersecurity Analyst - Policy Based Access,Roche,244d4197c69d9f56,20260929T174139Z_4496f922_feasibility
5856982486,5898490652,Record to Report Ops Analyst,Accenture,c1e1740be2455db8,20260929T174139Z_4496f922_feasibility
5856990522,5881154513,Record to Report Ops Analyst,Accenture,00dce493736ccd39,20260929T174139Z_4496f922_feasibility
5857744723,5857744717,Financial Analyst,Altisource,828e625ce3fef979,20260929T174139Z_4496f922_feasibility
5857746393,5857746381,Software Engineer,Welocalize,d4ea1f8fd62eee91,legacy_pull_2026-09-29
5857746421,5857746381,Software Engineer,Welocalize,d4ea1f8fd62eee91,legacy_pull_2026-09-29
5857940913,5887520808,"Applied Scientist II, Amazon Recommerce India",Amazon,d5c4319362e5ccf8,20260929T174139Z_4496f922_feasibility
5857941049,5889085899,"Senior Applied Scientist, International Machine Learning",Amazon,66271b89cb39ca66,20260929T174139Z_4496f922_feasibility
5857947917,5858395811,Senior Solution Architect / Delivery Manager,Cisco,73c35ce670fbb803,20260929T174139Z_4496f922_feasibility
5857956213,5894639202,Application Developer-Cloud FullStack,IBM,42285aad5b8c28fd,20260929T174139Z_4496f922_feasibility
5857961406,5858387955,"Senior Applications Developer - Full Stack-C#, Dotnet, MVC, Angular, Azure Cloud",UPS,3e4991612a5d511e,20260929T174139Z_4496f922_feasibility
5857961897,5879370222,Principal Engineer- Rock mechanics,WSP USA,37b83421f3fc805f,20260929T174139Z_4496f922_feasibility
5857961902,5879370222,Principal Engineer- Rock mechanics,WSP USA,37b83421f3fc805f,20260929T174139Z_4496f922_feasibility
5857982590,5888968649,Senior Software Engineer,Danaher,e8c0b94ad17e6fb7,legacy_pull_2026-09-29
5858360493,5890808813,Sr. Analyst - Data Governance and Quality 4B,Genpact,19634aafbdc9d5e0,20260929T175840Z_b181dc01_deepen
5858360763,5873157008,"Quality Assurance Engineer 1, QRE",Amazon,595d98b99e0c545c,20260929T174139Z_4496f922_feasibility
5858376904,5899842041,Record to Report Ops Analyst,Accenture,cd416d2c6b136d21,20260929T174139Z_4496f922_feasibility
5858377949,5900730812,Tech Lead - Application Development JAVA N 4C,Genpact,6f578e4fa32c37bf,20260929T174139Z_4496f922_feasibility
5858388398,5878706414,Service Delivery Manager - F&A - R2R 4D,Genpact,ea20aa77d475db64,20260929T174139Z_4496f922_feasibility
5859120187,5859120231,Senior Data Analyst,GSPANN,61984e35603f299d,20260929T175840Z_b181dc01_deepen
5859120210,5859120231,Senior Data Analyst,GSPANN,61984e35603f299d,20260929T175840Z_b181dc01_deepen
5859121513,5859121507,Site Reliability Engineer,Toppan Merrill,d94f9830bf7646d0,20260929T174139Z_4496f922_feasibility
5859121719,5859121718,Senior Engineer -DevOps,FCI CCM,8322082e051174a7,20260929T174139Z_4496f922_feasibility
5859122228,5859122227,Machine Learning Engineer - MLOps,Tiger Analytics,21f775ba93605fe2,20260929T174139Z_4496f922_feasibility
5859122231,5859122227,Machine Learning Engineer - MLOps,Tiger Analytics,21f775ba93605fe2,20260929T174139Z_4496f922_feasibility
5859122596,5859122633,Senior Data Analyst,Robosoft Technologies,b6dca9de4261b4e6,20260929T175840Z_b181dc01_deepen
5859122606,5859122619,Senior Data Analyst,Robosoft Technologies,6ff6f3d6d2029ed7,20260929T175840Z_b181dc01_deepen
5859122632,5859122691,Lead Data Analyst,Robosoft Technologies,f96a7db3d4446e1c,20260929T175840Z_b181dc01_deepen
5859122647,5859122688,Data Analyst,Robosoft Technologies,7c39ac79c21ed16c,20260929T175840Z_b181dc01_deepen
5859124270,5859124367,Project Analyst - People Function,FNZ Group,b197087c60fb58a9,20260929T174139Z_4496f922_feasibility
5859124337,5859124367,Project Analyst - People Function,FNZ Group,b197087c60fb58a9,20260929T174139Z_4496f922_feasibility
5859124342,5859124367,Project Analyst - People Function,FNZ Group,b197087c60fb58a9,20260929T174139Z_4496f922_feasibility
5859413920,5860806744,Senior Data and Applied Science - SAP Data Labs - CX Team,SAP,3ca742832eacc32a,20260929T174139Z_4496f922_feasibility
5859413925,5860806740,Data and Applied Science Expert - SAP Data Labs -CX Team,SAP,3268225bd0e09dd5,20260929T174139Z_4496f922_feasibility
5859418166,5879551659,"Applied Scientist II, Grocery, Retail & In-Store Experience (GRAISE)",Amazon,5daa5ed9f21ed106,20260929T174139Z_4496f922_feasibility
5859418291,5879551688,"Applied Scientist II, Alexa Ads",Amazon,2f90831f4c560325,20260929T174139Z_4496f922_feasibility
5859419687,5873769631,"Quality Assurance Engineer 1, QRE",Amazon,17bb7146df838a02,20260929T174139Z_4496f922_feasibility
5859432185,5893467146,Application Developer-AWS Cloud FullStack,IBM,4001ae2dfcfe11c0,20260929T174139Z_4496f922_feasibility
5859432209,5893467146,Application Developer-AWS Cloud FullStack,IBM,4001ae2dfcfe11c0,20260929T174139Z_4496f922_feasibility
5859436074,5859765025,Service Delivery Manager - RDT Digital Operations and Reliability,Roche,a3e67a9da524472f,20260929T174139Z_4496f922_feasibility
5859762325,5887964441,Business Intelligence II-SUPPORT SERVICES-Data & Analytics - In House Engineering,Kotak Mahindra Bank,16624fdae56163df,20260929T174139Z_4496f922_feasibility
5859768859,5859771675,Senior Site Reliability Engineer,Veeam Software,c8cd31f56815ac18,20260929T174139Z_4496f922_feasibility
5860533442,5860533413,Associate Product Manager,Highradius Technologies Private Limited,331cd209d9aafd79,20260929T174139Z_4496f922_feasibility
5860543675,5860543704,Cloud Support Operations Engineer II,Microstrategy,b875b9d75934dee7,20260929T174139Z_4496f922_feasibility
5860543840,5860543797,Application Security Engineer,Microstrategy,6f39e866a907d43a,20260929T174139Z_4496f922_feasibility
5860801438,5861227542,Sr Cyber Security Engineer,GE Vernova,1c2f7088e7b0b310,20260929T174139Z_4496f922_feasibility
5861217457,5890813555,Engineer - Cybersecurity N 4A,Genpact,7bc8a610a580ef70,20260929T174139Z_4496f922_feasibility
5861221763,5889515805,Record to Report Ops Analyst,Accenture,5c41e3d5401ea623,20260929T174139Z_4496f922_feasibility
5861242049,5891404211,Lead Engineer - Electrical Component,GE Vernova,3473cdb95255aa5e,20260929T174139Z_4496f922_feasibility
5861793648,5861793716,Product owner with Security background,Cygnus Professionals,99289e1665b4d8c1,20260929T174139Z_4496f922_feasibility
5861793650,5861793716,Product owner with Security background,Cygnus Professionals,99289e1665b4d8c1,20260929T174139Z_4496f922_feasibility
5861793826,5861793822,Security Engineer,Happiest Minds Technologies,e486da34a45c05c2,20260929T174139Z_4496f922_feasibility
5861793827,5861793841,Application Security Engineer,Happiest Minds Technologies,1af2f75eccc7136e,20260929T174139Z_4496f922_feasibility
5861794986,5861794985,Quality Assurance Engineer - Test Automation,Transaction Network Services,8b0e87fba71958ba,20260929T174139Z_4496f922_feasibility
5861794997,5861794985,Quality Assurance Engineer - Test Automation,Transaction Network Services,8b0e87fba71958ba,20260929T174139Z_4496f922_feasibility
5861795028,5861795013,Quality Assurance Engineer - Test Automation,Transaction Network Services,20ad24d79f0b5cd0,20260929T174139Z_4496f922_feasibility
5861795062,5861795089,Quality Engineer,Houghton Mifflin Harcourt,5a761032ba7aa922,20260929T174139Z_4496f922_feasibility
5861795091,5861795089,Quality Engineer,Houghton Mifflin Harcourt,5a761032ba7aa922,20260929T174139Z_4496f922_feasibility
5861795092,5861795089,Quality Engineer,Houghton Mifflin Harcourt,5a761032ba7aa922,20260929T174139Z_4496f922_feasibility
5861795133,5861795129,Sr Quality Engineer,Houghton Mifflin Harcourt,5f3cd7b385c4cb2f,20260929T174139Z_4496f922_feasibility
5861795136,5861795129,Sr Quality Engineer,Houghton Mifflin Harcourt,5f3cd7b385c4cb2f,20260929T174139Z_4496f922_feasibility
5861856252,5899280894,Electrical Engineer,2coms,fffbd6990f301c7a,20260929T174139Z_4496f922_feasibility
5861951934,5861951928,Staff Engineer - Mechanical Engineer - Data Center HVAC & Plumbing Design Job Details | Black & Veatch Family of Companies,Black & Veatch,5f935de43c05c25c,20260929T174139Z_4496f922_feasibility
5861959679,5891404211,Lead Engineer - Electrical Component,GE Vernova,3473cdb95255aa5e,20260929T174139Z_4496f922_feasibility
5861959694,5862283323,Electrical Engineer,GE Vernova,9c809c368d184f49,20260929T174139Z_4496f922_feasibility
5861959701,5891404211,Lead Engineer - Electrical Component,GE Vernova,3473cdb95255aa5e,20260929T174139Z_4496f922_feasibility
5861959706,5900355268,Quality Assurance Engineering Specialist,GE Vernova,12799566b669ed3c,20260929T174139Z_4496f922_feasibility
5861959746,5900355268,Quality Assurance Engineering Specialist,GE Vernova,12799566b669ed3c,20260929T174139Z_4496f922_feasibility
5861959753,5891404211,Lead Engineer - Electrical Component,GE Vernova,3473cdb95255aa5e,20260929T174139Z_4496f922_feasibility
5861965952,5881107655,Software Engineer,U.S. Bank,e069eccb3067bdd2,legacy_pull_2026-09-29
5861966196,5891406562,Quality Engineer I,Zimmer Biomet,1afdd939c37915f1,20260929T174139Z_4496f922_feasibility
5862120755,5895085477,"Financial Analyst I, FOAA Leases",ADCI - Karnataka,5a08fa0b627a70ab,20260929T174139Z_4496f922_feasibility
5862121127,5886007102,"Business Analyst, RBS ARTS (Automation Reporting and Tech Sciences)",ADCI - BLR 14 SEZ - F07,648e813d13e78322,20260929T174139Z_4496f922_feasibility
5862270277,5900355268,Quality Assurance Engineering Specialist,GE Vernova,12799566b669ed3c,20260929T174139Z_4496f922_feasibility
5862286503,5862780791,Deputy Director - Electrical Engineer,Applied Materials,d02dbc1f8bb4379e,20260929T174139Z_4496f922_feasibility
5862381477,5862885275,FBS Application Developer III,Capgemini,8f8eb48f670964ad,20260929T174139Z_4496f922_feasibility
5862787108,5866610678,Senior Information Security Engineer,Wells Fargo,4521e79affd12374,20260929T174139Z_4496f922_feasibility
5862802821,5876764434,Electrical Test Automation Engineer,Mercor,cbda9fa7948bb40c,20260929T174139Z_4496f922_feasibility
5862875705,5867253452,Oracle Cloud Platform Engineer (OCI),Datamatics Technologies,1e7501849798fe84,20260929T174139Z_4496f922_feasibility
5862875706,5867253452,Oracle Cloud Platform Engineer (OCI),Datamatics Technologies,1e7501849798fe84,20260929T174139Z_4496f922_feasibility
5862875707,5867253452,Oracle Cloud Platform Engineer (OCI),Datamatics Technologies,1e7501849798fe84,20260929T174139Z_4496f922_feasibility
5862885280,5862885275,FBS Application Developer III,Capgemini,8f8eb48f670964ad,20260929T174139Z_4496f922_feasibility
5862885373,5877276273,Cloud Engineer (Golang / Python - Data Processing),Aptiv,ec20d27fef4a33bf,20260929T174139Z_4496f922_feasibility
5863702520,5893467146,Application Developer-AWS Cloud FullStack,IBM,4001ae2dfcfe11c0,20260929T174139Z_4496f922_feasibility
5863702535,5893467146,Application Developer-AWS Cloud FullStack,IBM,4001ae2dfcfe11c0,20260929T174139Z_4496f922_feasibility
5864295193,5866922975,DevOps Engineer - IND,Fortanix,5abb0075197017f5,20260929T174139Z_4496f922_feasibility
5864353195,5893913383,DevSecOps & Product Security Engineer,Weekday AI,0de9d99c8d084f05,20260929T174139Z_4496f922_feasibility
5864442505,5880062263,Senior Data Engineer (Analyst/Scientist) - Remote,Kake,d9084aa1da38487c,20260929T175840Z_b181dc01_deepen
5864601279,5866922300,Senior Manager - Performance Marketing,Weekday AI,793438baf2099ac7,20260929T174139Z_4496f922_feasibility
5864843664,5882272818,Mechanical Engineer,Applied Materials,9b69f9e541c105d8,20260929T174139Z_4496f922_feasibility
5866584394,5868415044,Lead Data Insight Analyst,Albertsons Companies India,885679917096c87d,20260929T174139Z_4496f922_feasibility
5866590005,5882272818,Mechanical Engineer,Applied Materials,9b69f9e541c105d8,20260929T174139Z_4496f922_feasibility
5866590086,5866590085,Staff Engineer - Mechanical Municipal Water HVAC & Plumbing Job Details | Black & Veatch Family of Companies,Black & Veatch,4709bae56f04db46,20260929T174139Z_4496f922_feasibility
5866606059,5866606103,Sr Finance Analyst,Honeywell Technologies,bb1e44979fa0ff9e,20260929T174139Z_4496f922_feasibility
5866608029,5893467146,Application Developer-AWS Cloud FullStack,IBM,4001ae2dfcfe11c0,20260929T174139Z_4496f922_feasibility
5866609085,5882275615,Information Security Engineer II,Mastercard,0ccbe365a0e896ef,20260929T174139Z_4496f922_feasibility
5866922556,5872936783,DEVOPS ENGINEER L3,Wipro,e7ee585f3397840c,20260929T174139Z_4496f922_feasibility
5867220969,5867231769,Delivery Operations Associate Manager,Accenture,450bb1e990ceab77,20260929T174139Z_4496f922_feasibility
5867225229,5879942953,Developer - Application Development JAVA N 4A,Genpact,27681d39615113e5,20260929T174139Z_4496f922_feasibility
5867230899,5898178656,Senior Performance Engineer - DGX Cloud,NVIDIA,035ab47f485d0cee,20260929T174139Z_4496f922_feasibility
5867237166,5867253452,Oracle Cloud Platform Engineer (OCI),Datamatics Technologies,1e7501849798fe84,20260929T174139Z_4496f922_feasibility
5867246548,5867253452,Oracle Cloud Platform Engineer (OCI),Datamatics Technologies,1e7501849798fe84,20260929T174139Z_4496f922_feasibility
5868110303,5868110305,Digital Marketing Manager,Apeejay Stya Group,474c2dfcbb3390d9,20260929T174139Z_4496f922_feasibility
5868110337,5868110344,Salesforce Business Analyst in Financial Services Cloud (FSC),Globant,48cbf95e5c660f66,20260929T174139Z_4496f922_feasibility
5868113554,5868113569,Big Data Engineer - Xebia,Foray Software,0cde0d57379cb09d,20260929T174139Z_4496f922_feasibility
5868113571,5868113569,Big Data Engineer - Xebia,Foray Software,0cde0d57379cb09d,20260929T174139Z_4496f922_feasibility
5868118723,5868118756,WSI - Senior DevOps Engineer,Nisum,78e432f7b84e4944,20260929T174139Z_4496f922_feasibility
5868118729,5868118756,WSI - Senior DevOps Engineer,Nisum,78e432f7b84e4944,20260929T174139Z_4496f922_feasibility
5868418717,5869219147,Security Engineer - Directory Services,The Hartford,a01d0acc64f287e8,20260929T174139Z_4496f922_feasibility
5868418721,5889517097,Security Engineer I - Palo Alto Technologies,The Hartford,8a5370475d988399,20260929T174139Z_4496f922_feasibility
5868418840,5894639202,Application Developer-Cloud FullStack,IBM,42285aad5b8c28fd,20260929T174139Z_4496f922_feasibility
5868519427,5870445996,Automation Test Engineer - Data Analytics and Reporting,StradIT,41c3b5f48b339bd3,20260929T174139Z_4496f922_feasibility
5868701958,5871529962,"Sr. Applied Scientist, SSG Science",Amazon,07b9d26af29e14ac,20260929T174139Z_4496f922_feasibility
5868702345,5868702420,IT Business/System Analyst (Intraday Liquidity Management),Unison Group,a6a5b4b04e95c67a,20260929T174139Z_4496f922_feasibility
5868789229,5868789334,Graphic Designer,Thrillophilia.com,6f131dc3caadb589,20260929T174139Z_4496f922_feasibility
5869155932,5901707324,Financial Plan & Analysis Senior Analyst,Accenture,91fea3a3c11bff12,20260929T174139Z_4496f922_feasibility
5869160477,5872120841,Media & Graphics Design Associate,Accenture,9fb2be09a9f82fa8,20260929T174139Z_4496f922_feasibility
5869165734,5872126478,"Financial Analyst, FOAA - Payroll",Amazon,66b0001dc56da421,20260929T174139Z_4496f922_feasibility
5869171922,5895356016,Designer - Creative Design 4A,genpact,861b67f6c6de2d46,20260929T174139Z_4496f922_feasibility
5869176346,5869176707,Senior Scrum Master,Zoetis,a2ea1bea9dfbdc90,20260929T174139Z_4496f922_feasibility
5869179400,5899856537,Financial Plan & Analysis Analyst,Accenture,2aaf780afc551dae,20260929T174139Z_4496f922_feasibility
5869225264,5901707324,Financial Plan & Analysis Senior Analyst,Accenture,91fea3a3c11bff12,20260929T174139Z_4496f922_feasibility
5869523309,5870445421,FBS Product Owner III,Capgemini,85fb7556ff5e4381,20260929T174139Z_4496f922_feasibility
5869814268,5869814271,Product Designer,Advent Global Solutions INC,37281cc82e5d8e83,20260929T174139Z_4496f922_feasibility
5869814275,5869814272,Application Developer,Advent Global Solutions INC,fe78d57292bb09e8,20260929T174139Z_4496f922_feasibility
5869817151,5869817154,Business Analyst,Tudip Technologies,489a5dbffd811e9a,legacy_pull_2026-09-29
5869817157,5869817154,Business Analyst,Tudip Technologies,489a5dbffd811e9a,legacy_pull_2026-09-29
5869817165,5869817154,Business Analyst,Tudip Technologies,489a5dbffd811e9a,legacy_pull_2026-09-29
5869817171,5869817154,Business Analyst,Tudip Technologies,489a5dbffd811e9a,legacy_pull_2026-09-29
5869817237,5869817232,"Java , ETL Developer",Tudip Technologies,42d4f439fe5fd873,20260929T174139Z_4496f922_feasibility
5869818022,5869818053,Lead UX Designer,Netomi,ccc9c9c50ce0985c,20260929T174139Z_4496f922_feasibility
5869818023,5869818053,Lead UX Designer,Netomi,ccc9c9c50ce0985c,20260929T174139Z_4496f922_feasibility
5869818025,5869818053,Lead UX Designer,Netomi,ccc9c9c50ce0985c,20260929T174139Z_4496f922_feasibility
5869818026,5869818053,Lead UX Designer,Netomi,ccc9c9c50ce0985c,20260929T174139Z_4496f922_feasibility
5869818028,5869818053,Lead UX Designer,Netomi,ccc9c9c50ce0985c,20260929T174139Z_4496f922_feasibility
5869818034,5869818053,Lead UX Designer,Netomi,ccc9c9c50ce0985c,20260929T174139Z_4496f922_feasibility
5869818036,5869818053,Lead UX Designer,Netomi,ccc9c9c50ce0985c,20260929T174139Z_4496f922_feasibility
5869826145,5869826139,GCP Devops Engineer,Xebia IT Architects,b8ff714d551c294f,20260929T174139Z_4496f922_feasibility
5869826146,5869826144,Devops/SRE Engineer - Python/Terraform,Xebia IT Architects,ee84477b721ac96b,20260929T174139Z_4496f922_feasibility
5869826152,5869826144,Devops/SRE Engineer - Python/Terraform,Xebia IT Architects,ee84477b721ac96b,20260929T174139Z_4496f922_feasibility
5869826173,5869826198,BA cum Scrum Master,Xebia IT Architects,a675b4bbd9253b3e,20260929T174139Z_4496f922_feasibility
5869826183,5869826198,BA cum Scrum Master,Xebia IT Architects,a675b4bbd9253b3e,20260929T174139Z_4496f922_feasibility
5869826207,5869826195,Azure Devops Engineer,Xebia IT Architects,85e8ce3f18916eac,20260929T174139Z_4496f922_feasibility
5869826217,5869826195,Azure Devops Engineer,Xebia IT Architects,85e8ce3f18916eac,20260929T174139Z_4496f922_feasibility
5870120012,5889504323,Lead OT Cyber Security Engineer,GE Vernova,666dd4ea879d206b,20260929T174139Z_4496f922_feasibility
5870120034,5870742162,Lead Engineer - Mechanical Design,GE Vernova,522865f83d960eea,20260929T174139Z_4496f922_feasibility
5870122610,5870122609,Lead Data Analyst - Data Operations,S&P Global,4fc8771b7bdac5f2,20260929T174139Z_4496f922_feasibility
5870122667,5870122666,Senior Cloud AI Engineer,Teradata,58824ecb5fd6e856,20260929T174139Z_4496f922_feasibility
5870122668,5870122666,Senior Cloud AI Engineer,Teradata,58824ecb5fd6e856,20260929T174139Z_4496f922_feasibility
5870122855,5874225976,"Intermediate Application Developer - Java, Full Stack",UPS,e15633d0569d6e42,20260929T174139Z_4496f922_feasibility
5870445422,5870445421,FBS Product Owner III,Capgemini,85fb7556ff5e4381,20260929T174139Z_4496f922_feasibility
5870445884,5871529981,"Financial Analyst I, GFS Services FP&A",Amazon,c554796bca3f9642,20260929T174139Z_4496f922_feasibility
5870446000,5870445996,Automation Test Engineer - Data Analytics and Reporting,StradIT,41c3b5f48b339bd3,20260929T174139Z_4496f922_feasibility
5870641228,5873202641,Associate Product Manager - Nek,Jar,33d0c9f3035c056c,20260929T174139Z_4496f922_feasibility
5870753720,5878687037,Record to Report Ops Senior Analyst,Accenture,0f632b9d87bd7799,20260929T174139Z_4496f922_feasibility
5870758261,5871530210,Mechanical Engineer (E3) – Design for Manufacturing (DFM),Applied Materials,706c7b12114cf4ee,20260929T174139Z_4496f922_feasibility
5870760556,5898496289,Quality Engineer,Accenture,ebbe3b5753f20ddf,20260929T174139Z_4496f922_feasibility
5870761180,5878706414,Service Delivery Manager - F&A - R2R 4D,Genpact,ea20aa77d475db64,20260929T174139Z_4496f922_feasibility
5870779073,5887934322,"Sr. Analyst - BI, Reporting and Data Visualization 4A",Genpact,061cb40d79fffba8,20260929T174012Z_b5985163_smoke
5870781250,5871530744,Lead System Designer & Product Security Representative,GE HealthCare,2cacceded2a68195,20260929T174139Z_4496f922_feasibility
5870784486,5870791376,Senior Cloud Infrastructure Engineer,TriNet,f7f9a647f1d8d259,20260929T174139Z_4496f922_feasibility
5870790222,5871530214,Mechanical Engineer (E3) – Design for Cost (DFC),Applied Materials,f2c9022c21777cc9,20260929T174139Z_4496f922_feasibility
5870791803,5887943574,Software Engineer,DigiCert,0d9c4041d887d357,legacy_pull_2026-09-29
5871275138,5871275150,Performance Marketing Intern,Click Labs,beafacb34daf3a0a,20260929T174139Z_4496f922_feasibility
5871275580,5871275554,Technical delivery Manager,Kanini Software Solutions,314e1865ae084770,20260929T174139Z_4496f922_feasibility
5871275809,5871275805,Quality Control Engineer,Consulting Engineers Group ,506a07135032bc82,20260929T174139Z_4496f922_feasibility
5871277717,5871277706,"Senior Engineer, SAP Security",Leica Biosystems,c4df66ac2912af7a,20260929T174139Z_4496f922_feasibility
5871277726,5871277739,CAD Engineer,Leica Biosystems,1f200c56ad1cb05f,20260929T174139Z_4496f922_feasibility
5871278855,5871278850,Cloud Engineer,Yotta Infrastructure,ca777592bdada1e3,20260929T174139Z_4496f922_feasibility
5871278902,5871278947,Senior Platform Engineer,Securonix Consultancy,faa98284a1b42494,20260929T174139Z_4496f922_feasibility
5871406842,5871406809,Graphics designer,Ladybird Web Solution Pvt Ltd,b24bf6fd6c02ac3a,20260929T174139Z_4496f922_feasibility
5871529945,5871530044,"Financial Analyst, FOAA - Payroll",Amazon,cd737bb07902d644,20260929T174139Z_4496f922_feasibility
5871529984,5871529969,"Applied Scientist, SSG Science",Amazon,eed40a65f504970b,20260929T174139Z_4496f922_feasibility
5871530782,5872114111,Lead Supplier Quality Engineer,GE Vernova,e03f92c678456911,20260929T174139Z_4496f922_feasibility
5871530814,5871530824,"Staff Forward Deployed Engineer, Developer AI, Google Cloud",Google,3b451e542c2fe61b,20260929T174139Z_4496f922_feasibility
5871530816,5871530824,"Staff Forward Deployed Engineer, Developer AI, Google Cloud",Google,3b451e542c2fe61b,20260929T174139Z_4496f922_feasibility
5871531028,5901480984,Data Engineer-Data Platforms-SnowFlake,IBM,44b299d89e152ff1,20260929T174139Z_4496f922_feasibility
5871787540,5879897618,DevOps Engineer,KLA,7565bca40795a6a0,20260929T174139Z_4496f922_feasibility
5871787738,5871788369,Senior Delivery Manager - Cloud,EPAM Systems,281452274a8f52ef,20260929T174139Z_4496f922_feasibility
5871787929,5871788369,Senior Delivery Manager - Cloud,EPAM Systems,281452274a8f52ef,20260929T174139Z_4496f922_feasibility
5871787956,5871788153,Senior Java Software Engineer - Cloud AWS,EPAM Systems,e89a337420cb7b99,20260929T174139Z_4496f922_feasibility
5871788006,5871788057,Senior Software Engineer - Java & AWS Cloud Services,EPAM Systems,c5e8f007cf8d189e,20260929T174139Z_4496f922_feasibility
5871992629,5873074744,AWS Data Engineer,Tata Consultancy Services,23d612b44402a65a,legacy_pull_2026-09-29
5872124336,5889560814,"Data Engineer II, DSP Analytics",Amazon,c33dba803ef4db0c,20260929T174139Z_4496f922_feasibility
5872128366,5899863048,Quality Engineering Lead,Accenture,b30060d953468079,20260929T174139Z_4496f922_feasibility
5872591278,5901253539,Data Engineer-Data Platforms-Google,IBM,53871317607907a7,20260929T174139Z_4496f922_feasibility
5872785899,5872785887,"Service Delivery Manager, gTech Ads Customer Experience",Google,167df186bb87ee42,20260929T174139Z_4496f922_feasibility
5872785963,5901480984,Data Engineer-Data Platforms-SnowFlake,IBM,44b299d89e152ff1,20260929T174139Z_4496f922_feasibility
5872785964,5901480984,Data Engineer-Data Platforms-SnowFlake,IBM,44b299d89e152ff1,20260929T174139Z_4496f922_feasibility
5872786051,5900355685,Data Engineer-Data Platforms-Azure,IBM,a604c980be194d5b,20260929T174139Z_4496f922_feasibility
5872786167,5872786157,Operations Engineer (DevOps & Observability),Kyndryl,34a1c9be0e436ca6,20260929T174139Z_4496f922_feasibility
5872786182,5872786172,Data Analyst / Engineer,Kyndryl,18d13cb800181adb,20260929T174139Z_4496f922_feasibility
5872936890,5873204317,Penetration Testing - Director - Cybersecurity Engineering,Morgan Stanley,04085e76b65ba821,20260929T174139Z_4496f922_feasibility
5873171415,5873195923,Software Quality Assurance Engineer,Zoetis,f9ecff65b7096201,20260929T174139Z_4496f922_feasibility
5873184745,5898178921,Senior Infrastructure Security Engineer-L3 (Palo Alto & NGFW),Gruve,ece4fd5533dab153,20260929T174139Z_4496f922_feasibility
5873186683,5873770624,Staff Machine Learning Engineer,Palo Alto Networks,8b34049f2b6b0bc9,20260929T174139Z_4496f922_feasibility
5873186919,5887960927,Measurement and Report Senior Analyst,Accenture,263f63890a7d9a3a,20260929T174139Z_4496f922_feasibility
5873188127,5886402061,Record to Report Ops Senior Analyst,Accenture,f03994c270cff2ad,20260929T174139Z_4496f922_feasibility
5873191026,5873770204,Mechanical Engineer- Static Equipment,KBR,c0e144a246868d95,20260929T174139Z_4496f922_feasibility
5873192794,5898496289,Quality Engineer,Accenture,ebbe3b5753f20ddf,20260929T174139Z_4496f922_feasibility
5873197378,5899863048,Quality Engineering Lead,Accenture,b30060d953468079,20260929T174139Z_4496f922_feasibility
5873576414,5890074015,Cloud Engineer/ Support Engineer - Cloud,ascendion,27145273a07e5a14,20260929T174139Z_4496f922_feasibility
5873769652,5891403645,"Data Engineer II, DSP Analytics",Amazon,caa8916631a654cc,20260929T174139Z_4496f922_feasibility
5873771240,5873771233,System Analyst - Power BI/Python/VBA/R,WSP USA,7d73fd1bc0d6e8d2,20260929T174012Z_b5985163_smoke
5874151578,5875447925,Sr. System Analyst,Nextgen Clearing,5eeecb35bbafa23e,20260929T174139Z_4496f922_feasibility
5875235773,5876949340,"Senior Data Analyst - SAP BW/ECC, Databricks & BI",Unison Group,9f6bb297eabe9c14,20260929T174139Z_4496f922_feasibility
5875288726,5876949177,Senior Data Analyst Data Analytics,Epsilon,1bcaaf6fe9920cc2,20260929T174139Z_4496f922_feasibility
5875389889,5876949370,Senior Product Designer,Apna,a4ad3a7153ed5c05,20260929T174139Z_4496f922_feasibility
5875419824,5884588554,AWS Data Engineer,Tata Consultancy Services,0bf00c4eeb95cf64,legacy_pull_2026-09-29
5875526746,5876949349,Senior Financial Planning Analyst,Weekday AI,72c2c34577941970,20260929T174139Z_4496f922_feasibility
5875728697,5878058070,Product Owner (SAP RTR),Applied Materials,279dafc30788cc84,20260929T174139Z_4496f922_feasibility
5875733557,5899863048,Quality Engineering Lead,Accenture,b30060d953468079,20260929T174139Z_4496f922_feasibility
5875734817,5899863048,Quality Engineering Lead,Accenture,b30060d953468079,20260929T174139Z_4496f922_feasibility
5875735078,5899863048,Quality Engineering Lead,Accenture,b30060d953468079,20260929T174139Z_4496f922_feasibility
5875735111,5897025480,Sr. Engineer - DevOps 4B,genpact,f6859cfc368d35b1,20260929T174139Z_4496f922_feasibility
5875786029,5876949022,Performance Marketing Executive - Content (Telugu)- Dostt,Lokal App,cbaef55d26610e5f,20260929T174012Z_b5985163_smoke
5876478749,5876478747,Oracle Service Delivery Manager,Arun Thiyagarajan ,d86e657c3e6aea48,20260929T174139Z_4496f922_feasibility
5876478751,5876478747,Oracle Service Delivery Manager,Arun Thiyagarajan ,d86e657c3e6aea48,20260929T174139Z_4496f922_feasibility
5876478752,5876478747,Oracle Service Delivery Manager,Arun Thiyagarajan ,d86e657c3e6aea48,20260929T174139Z_4496f922_feasibility
5876479986,5876479984,DevOps Engineer,Kla Tencor,92c217946ab6be66,20260929T174139Z_4496f922_feasibility
5876480284,5876480312,Site Reliability Engineer - OpenShift,Red Hat,affebb43b490f6d5,20260929T174139Z_4496f922_feasibility
5876480879,5876480962,Graphic Designer,Yudiz Solutions,fae09e03e20811b3,20260929T174139Z_4496f922_feasibility
5876480880,5876480962,Graphic Designer,Yudiz Solutions,fae09e03e20811b3,20260929T174139Z_4496f922_feasibility
5876480883,5876480962,Graphic Designer,Yudiz Solutions,fae09e03e20811b3,20260929T174139Z_4496f922_feasibility
5876485416,5876485414,Product Owner,NMS Infraa,e611c17df6152963,20260929T174139Z_4496f922_feasibility
5876486187,5900355685,Data Engineer-Data Platforms-Azure,IBM,a604c980be194d5b,20260929T174139Z_4496f922_feasibility
5876650497,5878284918,Credit Data Scientist (Credit Analytics) - Bengaluru,GoTymeX,dcde82bc81f96e88,20260929T174139Z_4496f922_feasibility
5876716502,5876716479,"Applied Scientist, CMT",Amazon,014b1f9a59299b1b,20260929T174139Z_4496f922_feasibility
5876717615,5876949198,Senior Software Engineer - Golang | Kubernetes | Cloud | Distributed Systems | Splunk Enterprise Security (8 - 12 Years)),Cisco,6235b118ffc4eae1,20260929T174139Z_4496f922_feasibility
5876718085,5876718084,Data Analyst,Cornerstone onDemand,80e751ccc999b349,20260929T174139Z_4496f922_feasibility
5876797413,5878284932,Lead DevOps Engineer,Accellor,982078ea38c451b7,20260929T174139Z_4496f922_feasibility
5876949087,5901253539,Data Engineer-Data Platforms-Google,IBM,53871317607907a7,20260929T174139Z_4496f922_feasibility
5877136221,5879893761,Senior UX Designer - India,Anatta Design,d7075a3ab054cf4b,20260929T174139Z_4496f922_feasibility
5877229419,5879365398,Mechanical Engineer- Packages,KBR,8834a355e639a027,20260929T174139Z_4496f922_feasibility
5877238891,5899842041,Record to Report Ops Analyst,Accenture,cd416d2c6b136d21,20260929T174139Z_4496f922_feasibility
5877265311,5878627481,Technical Product Owner,Equifax,d11f4668678ae534,20260929T174139Z_4496f922_feasibility
5877266901,5902913816,"Senior Specialist, Data Science",IN CSS Randstad Global Capability Center,f8f6c933405b9698,20260929T174139Z_4496f922_feasibility
5877270706,5900730812,Tech Lead - Application Development JAVA N 4C,Genpact,6f578e4fa32c37bf,20260929T174139Z_4496f922_feasibility
5877296028,5901707324,Financial Plan & Analysis Senior Analyst,Accenture,91fea3a3c11bff12,20260929T174139Z_4496f922_feasibility
5877296610,5901707324,Financial Plan & Analysis Senior Analyst,Accenture,91fea3a3c11bff12,20260929T174139Z_4496f922_feasibility
5877297156,5900723942,Record to Report Ops Senior Analyst,Accenture,073cb20ed04d9935,20260929T174139Z_4496f922_feasibility
5877386679,5889535164,Business Intelligence Analyst,Workplace Options,a4a9e944cb8d7bc5,20260929T174012Z_b5985163_smoke
5877845425,5877845424,Quality Engineering Practice Head,Trianz,73dd75761a42a693,20260929T174139Z_4496f922_feasibility
5877847611,5877847645,Data Scientist,Tvs Credit Services Ltd,c69191e98d39583e,20260929T174139Z_4496f922_feasibility
5877943241,5893571407,Freelance Graphic Designer,FyerX,81b57b3d9c77b906,20260929T174139Z_4496f922_feasibility
5878000882,5879552294,Senior DevOps / SRE Engineer,GSSTech Group,7933af870831bbbc,20260929T174139Z_4496f922_feasibility
5878037701,5880644790,Mechanical Engineer,SSOE Group,2da07f276204fe76,20260929T174139Z_4496f922_feasibility
5878054931,5878055102,Sr Platform Engineer IND,FM India,43a143aa9e2079a7,20260929T174139Z_4496f922_feasibility
5878058302,5878709840,"Software Engineer-Golang, Microservices, Cloud, 4-8 Yrs, Bangalore",Cisco,6448a4174146817e,20260929T174139Z_4496f922_feasibility
5878058548,5878058566,Senior Engineer - DevOps,Commvault,0caabb6d45e86d59,20260929T174139Z_4496f922_feasibility
5878059024,5880471188,Quality Engineer-Automation,IBM,5553347e7cb250bb,20260929T174139Z_4496f922_feasibility
5878059361,5878059342,Azure Cloud Engineer BST,Kyndryl,604575c23c382804,20260929T174139Z_4496f922_feasibility
5878060504,5879368754,Staff Data Scientist,Teradata,627a7ad314c9ba03,20260929T174139Z_4496f922_feasibility
5878284561,5878284555,Graphic Designer (Elearning)- Senior Associate,LRN Corporation,b0e6590343775374,20260929T174139Z_4496f922_feasibility
5878377233,5879552361,Senior Data Scientist - Credit Risk,Funding Societies | Modalku Group,58d856290182beba,20260929T174139Z_4496f922_feasibility
5878502051,5879551470,Finance Systems Analyst,Civica,62f771270b06585c,20260929T174139Z_4496f922_feasibility
5878626219,5898492330,Sr. Tech Lead - Application Development Microsoft N 4D,Genpact,19881d041e88b750,20260929T174139Z_4496f922_feasibility
5878628822,5897049160,"Financial Analyst I, FOAA Leases",Amazon,e7075a3636a7208d,20260929T174139Z_4496f922_feasibility
5878641226,5897038613,"Sr. Electrical Design Engineer, APAC Data Center Design Engineering",Amazon,1997c17c1108db05,20260929T174139Z_4496f922_feasibility
5878702687,5887934322,"Sr. Analyst - BI, Reporting and Data Visualization 4A",Genpact,061cb40d79fffba8,20260929T174012Z_b5985163_smoke
5878709492,5879363412,Site Reliability Engineer,Cisco,416fc50183b58d5b,20260929T174139Z_4496f922_feasibility
5878710901,5890815551,"Sr. Applied Scientist, Last Mile Science",Amazon,235ac5068120e088,20260929T174139Z_4496f922_feasibility
5878711467,5887934322,"Sr. Analyst - BI, Reporting and Data Visualization 4A",Genpact,061cb40d79fffba8,20260929T174012Z_b5985163_smoke
5878712010,5883711782,Data Scientist 4A,Genpact,c633f0c6695568b1,20260929T174139Z_4496f922_feasibility
5879142456,5879142440,Senior Product Security Engineer,Toast,c270f6e5913c9e98,20260929T174139Z_4496f922_feasibility
5879144001,5879144036,Electrical Engineer,Vehant Technologies,3d93a986c7847b15,20260929T174139Z_4496f922_feasibility
5879146453,5879146452,Digital Marketing Trainer,Finprov Business Services,df20b6726c624250,20260929T174139Z_4496f922_feasibility
5879146454,5879146452,Digital Marketing Trainer,Finprov Business Services,df20b6726c624250,20260929T174139Z_4496f922_feasibility
5879146455,5879146452,Digital Marketing Trainer,Finprov Business Services,df20b6726c624250,20260929T174139Z_4496f922_feasibility
5879146849,5879146839,Platform Engineer,Tata Electronics Tepl,2bc5bacb618b4441,20260929T174139Z_4496f922_feasibility
5879146853,5879146852,Data Science,Tata Electronics Tepl,9a3c38a3996207ac,20260929T174139Z_4496f922_feasibility
5879363093,5879941927,Principal Engineer (AI-Based Tooling Platform),Autodesk,430ca62c3eeaae24,20260929T174139Z_4496f922_feasibility
5879370262,5879370238,Engineer - Electrical,WSP USA,dd7fe79403f1d013,20260929T174139Z_4496f922_feasibility
5879540995,5879541474,"Staff Software Engineer, Financial Platform - Issuing",Block,ad08a2cf2fbfab87,20260929T174139Z_4496f922_feasibility
5879551509,5879925663,"Sr. Business System Analyst, Compensation",DoorDash,4ccd662fa9627a09,20260929T174139Z_4496f922_feasibility
5879783745,5882499731,Lead Technical Program Manager,Origin,7e600618ed5dec89,20260929T174139Z_4496f922_feasibility
5879873795,5880670047,"IND Lead Engineer, Security",The Hartford,ab1af72dda1910bc,20260929T174139Z_4496f922_feasibility
5879879479,5879936736,"Analyst, Relationship Manager, Credit Program Small, Small Medium Enterprises",DBS Bank,a991c88a6b862fdf,20260929T174139Z_4496f922_feasibility
5879885063,5891403787,Electrical Engineer,Applied Materials,e7d3d1398c78ae73,20260929T174139Z_4496f922_feasibility
5879903812,5880669030,Mechanical Design Engineer,Applied Materials,365f4d2c5c235af7,20260929T174139Z_4496f922_feasibility
5879910497,5879936736,"Analyst, Relationship Manager, Credit Program Small, Small Medium enterprises",DBS Bank,a991c88a6b862fdf,20260929T174139Z_4496f922_feasibility
5879911093,5880672506,Fullstack AI Quality Engineer – Applied & Agentic AI Systems,Roche,3bfdf4d707aa6c39,20260929T174139Z_4496f922_feasibility
5879934315,5880672502,Fullstack UX/UI Researchers/Designer - Applied & Agentic AI Systems,Roche,38d2dd95446de777,20260929T174139Z_4496f922_feasibility
5879938304,5882275710,"Lead Software Engineer, Platform Engineering, ITC",Nike,296446462ef162fa,20260929T174139Z_4496f922_feasibility
5879948051,5882272818,Mechanical Engineer,Applied Materials,9b69f9e541c105d8,20260929T174139Z_4496f922_feasibility
5880005019,5880853903,Delivery Manager - SyncOS,Botsync,39450d2b89ee8167,20260929T174139Z_4496f922_feasibility
5880669028,5882272818,Mechanical Engineer,Applied Materials,9b69f9e541c105d8,20260929T174139Z_4496f922_feasibility
5880669044,5891403787,Electrical Engineer,Applied Materials,e7d3d1398c78ae73,20260929T174139Z_4496f922_feasibility
5880669848,5881148062,Staff Technical Program Manager,GE HealthCare,9d0346ba060ff671,20260929T174139Z_4496f922_feasibility
5880669994,5880670033,Cloud AI Engineer (English),Google,b58790314587a492,20260929T174139Z_4496f922_feasibility
5880670008,5880670004,"Cloud AI Engineer, Technical Onboarding Center",Google,11f0ae1d1b63ec92,20260929T174139Z_4496f922_feasibility
5880670016,5880670033,Cloud AI Engineer (English),Google,b58790314587a492,20260929T174139Z_4496f922_feasibility
5880670034,5880670031,"Cloud AI Engineer, Technical Onboarding Center",Google,ad3915c11f2b9467,20260929T174139Z_4496f922_feasibility
5880670039,5880670031,"Cloud AI Engineer, Technical Onboarding Center",Google,ad3915c11f2b9467,20260929T174139Z_4496f922_feasibility
5880670049,5880670031,"Cloud AI Engineer, Technical Onboarding Center",Google,ad3915c11f2b9467,20260929T174139Z_4496f922_feasibility
5880670543,5901480984,Data Engineer-Data Platforms-SnowFlake,IBM,44b299d89e152ff1,20260929T174139Z_4496f922_feasibility
5880672125,5880672113,Sales Data Quality Analyst,AVEVA,908e30f71c8a56bb,20260929T174139Z_4496f922_feasibility
5880672271,5880672329,Quality Assurance Engineer III,Pearson,7cfb694239a3ceea,20260929T174139Z_4496f922_feasibility
5880722991,5880723013,Senior Technical Lead / Founding Product Engineer – AI Platform,PrimeTalentBridge,f22e667f302a45c4,20260929T174139Z_4496f922_feasibility
5880842857,5882781105,"Information Security Engineer, DLP & Insider Risk",MoonPay,c3799ad3558428a9,20260929T174139Z_4496f922_feasibility
5880853933,5881156316,Security Automation Engineer,WPP,bab53728d87fbafd,20260929T174139Z_4496f922_feasibility
5880854187,5881129893,Product Owner,Tyler Technologies,9a8a7cd9f361b65c,20260929T174139Z_4496f922_feasibility
5880950855,5884587991,ETL Developer,Capgemini,b44827fba6d208e8,20260929T174139Z_4496f922_feasibility
5881109288,5897039296,Mechanical Design Engineer,Xylem,d0848aefd7fc65de,20260929T174139Z_4496f922_feasibility
5881130746,5882274752,Software Engineer,Cisco,b79afbdb9aa52fae,legacy_pull_2026-09-29
5881144233,5882744569,Cloud Platform Engineer,Accenture,c55f3b6dbe97a301,20260929T174139Z_4496f922_feasibility
5881145803,5882274773,"Software QA Engineer- Networking & Security Protocols, AI, Cloud & Virtualization - 4 to 8 years",Cisco,5f20cfd70713dfbd,20260929T174139Z_4496f922_feasibility
5881146971,5882275709,"Principal Information Security Engineer, ITC",Nike,9715c5e248c4a5cb,20260929T174139Z_4496f922_feasibility
5881154432,5886399168,Business Interlock Analyst,Accenture,944291104935cf59,20260929T174139Z_4496f922_feasibility
5881159145,5882272818,Mechanical Engineer,Applied Materials,9b69f9e541c105d8,20260929T174139Z_4496f922_feasibility
5881161584,5882275715,"Lead Information Security Engineer, ITC",Nike,1af3e6819f364a6f,20260929T174139Z_4496f922_feasibility
5881162432,5882272824,"Mechanical Engineer – Enclosures, Frames & Sheet Metal",Applied Materials,78bd8e905e098b8f,20260929T174139Z_4496f922_feasibility
5881163571,5882274767,"Software Engineering Technical Leader - Devops/SRE, AWS, Python/Go - 9 - 14 years",Cisco,83afc2d084dbc93d,20260929T174139Z_4496f922_feasibility
5881163752,5882274729,"Site Reliability Engineer - Devops, AWS, Python/GO - 4 to 8 years",Cisco,bc40bd07e6a736d6,20260929T174139Z_4496f922_feasibility
5882272428,5882272426,"Applied Scientist II, Amazon Shipping",Amazon,2dbb9b5cea0ca4f1,20260929T174139Z_4496f922_feasibility
5882272435,5882499572,"Manager III, Program Manager, Seller Economics & Fees",Amazon,3d8a43c678269ef1,20260929T174139Z_4496f922_feasibility
5882272445,5901252795,"Sr Applied Scientist, Amazon Shipping",Amazon,8461ca15cca01faa,20260929T174139Z_4496f922_feasibility
5882272454,5888770811,"Senior Technical Program Manager, ShipTech",Amazon,b9cc7a283f314874,20260929T174139Z_4496f922_feasibility
5882274245,5883489751,"Senior Software Engineer - Java, Security & SD-WAN Platform from 8 Years",Cisco,39acb11f5d72ca29,20260929T174139Z_4496f922_feasibility
5882274740,5882730075,Site Reliability Engineer,Cisco,a64f3ac23d8bb4de,20260929T174139Z_4496f922_feasibility
5882275122,5882764814,Staff Data Scientist,GE HealthCare,cb01b00220d103a3,20260929T174139Z_4496f922_feasibility
5882275145,5882728464,Sr Analytics Engineer,GE Vernova,a1bfa902ba1ed2d5,20260929T174139Z_4496f922_feasibility
5882275385,5893467146,Application Developer-AWS Cloud FullStack,IBM,4001ae2dfcfe11c0,20260929T174139Z_4496f922_feasibility
5882276013,5882276023,Senior Quality Test Engineer II,RELX INC,76913005c9b941aa,20260929T174139Z_4496f922_feasibility
5882276015,5882276009,Senior Quality Test Engineer II,RELX INC,3ce246fb0818bc78,20260929T174139Z_4496f922_feasibility
5882730366,5900751290,Record to Report Ops Analyst,Accenture,a1500c6ee53a3cab,20260929T174012Z_b5985163_smoke
5882736011,5899856537,Financial Plan & Analysis Analyst,Accenture,2aaf780afc551dae,20260929T174139Z_4496f922_feasibility
5882740079,5900726452,Sr. Developer - Enterprise Application Salesforce P 4B,Genpact,947cd348a01632e5,20260929T174139Z_4496f922_feasibility
5882740271,5889566914,Media & Graphics Design Senior Analyst,Accenture,9d14b129645294af,20260929T174139Z_4496f922_feasibility
5882753487,5899856537,Financial Plan & Analysis Analyst,Accenture,2aaf780afc551dae,20260929T174139Z_4496f922_feasibility
5882763094,5883284354,Intermediate Application Developer - QA,UPS,6eff051806485b24,20260929T174139Z_4496f922_feasibility
5882763329,5901707324,Financial Plan & Analysis Senior Analyst,Accenture,91fea3a3c11bff12,20260929T174139Z_4496f922_feasibility
5882765329,5901707324,Financial Plan & Analysis Senior Analyst,Accenture,91fea3a3c11bff12,20260929T174139Z_4496f922_feasibility
5882765418,5883489751,"Senior Software Engineer – Java, Security & SD-WAN Platform from 8 Years",Cisco,39acb11f5d72ca29,20260929T174139Z_4496f922_feasibility
5882766207,5900723942,Record to Report Ops Senior Analyst,Accenture,073cb20ed04d9935,20260929T174012Z_b5985163_smoke
5882767868,5883281066,Senior Electrical Engineer,KBR,caa5e270816783e1,20260929T174139Z_4496f922_feasibility
5882779584,5883284330,"Intermediate Applications Developer - Java, SQL, Springboot",UPS,4578671bb0734afc,20260929T174139Z_4496f922_feasibility
5882781800,5886399168,Business Interlock Analyst,Accenture,944291104935cf59,20260929T174139Z_4496f922_feasibility
5883120024,5901762204,Data Engineer-Data Platforms-Databricks,IBM,e8a23e0528d2bd69,20260929T174139Z_4496f922_feasibility
5883272806,5898181000,"Applied Scientist II, Amazon Search",Amazon,f26f1ee530f256fd,20260929T174139Z_4496f922_feasibility
5883283372,5883283370,Mechanical Design Engineer,Xylem,cc434ffd23fec7d5,20260929T174139Z_4496f922_feasibility
5883489494,5883489589,Principal Program Manager,Synaptics Incorporated,386311e618a29896,20260929T174139Z_4496f922_feasibility
5883747855,5889522353,"Business Intelligence Engineer, eCS Data Engineering and Analytics",Amazon,b0411a3e3cb85b16,20260929T174139Z_4496f922_feasibility
5884173992,5901480984,Data Engineer-Data Platforms-SnowFlake,IBM,44b299d89e152ff1,20260929T174139Z_4496f922_feasibility
5884363141,5891403676,"Business Intelligence Engineer, eCS Data Engineering and Analytics",Amazon,1caa89645b5e6300,20260929T174139Z_4496f922_feasibility
5884579568,5885974603,Performance Marketing Specialist,Virallens,6b77b607804f0607,20260929T174012Z_b5985163_smoke
5884872098,5897023492,"Lead Analyst - BI, Reporting and Data Visualization 4C",Genpact,cf9b53506828b8d2,20260929T174012Z_b5985163_smoke
5885693130,5888774077,Senior Machine Learning Engineer-Office of the CTO,SAP,0ef4ab702d3cdde9,20260929T174139Z_4496f922_feasibility
5885886716,5885886713,TGT Arts and Graphic Design,Edjobster Pvt. Ltd,e256a0b737ee5d9c,20260929T174139Z_4496f922_feasibility
5885969029,5885969560,Senior Security Application Engineer,BitGo,754cd19eeb5a05f2,20260929T174139Z_4496f922_feasibility
5885969078,5902721400,Senior Data Scientist,Ripple,ec40f58e6bd34903,20260929T174139Z_4496f922_feasibility
5885975159,5886378786,Senior CAD Engineer,TYLsemi,ee90713d0823e28a,20260929T174139Z_4496f922_feasibility
5886085513,5889497853,Digital Marketing Intern,Study Group,621dc00c7010898f,legacy_pull_2026-09-29
5886085534,5887520493,Data Product Analyst,Weekday AI,b34fbac0f47fae33,20260929T174139Z_4496f922_feasibility
5886085536,5887520498,Data Product Analyst Expert,Weekday AI,87c797f56d93c75c,20260929T174139Z_4496f922_feasibility
5886132177,5887125758,Delivery Manager (Enterprise Systems | AI‑First Delivery),Dhan AI,b00864e51aec15eb,20260929T174139Z_4496f922_feasibility
5886291178,5889560401,Technical Account Manager (Offshore Delivery & People Management),Simeio,c62117e25b4af7e0,20260929T174139Z_4496f922_feasibility
5886363582,5887225556,Engineer - Mechanical Component,GE Vernova,1314be5da06dc8d8,20260929T174139Z_4496f922_feasibility
5886373147,5887227964,GSI Services Program Manager,Rubrik,039ea02b0f237b9f,20260929T174139Z_4496f922_feasibility
5886389539,5887225557,Lead Engineer - Mechanical Component,GE Vernova,e097038bad92450e,20260929T174139Z_4496f922_feasibility
5886392135,5887934322,"Sr. Analyst - BI, Reporting and Data Visualization 4A",genpact,061cb40d79fffba8,20260929T174012Z_b5985163_smoke
5886394664,5899864454,Tech Lead - Application Development N 4C,Genpact,8a75290912799010,20260929T174139Z_4496f922_feasibility
5886396593,5889504792,Delivery Operations Associate Manager,Accenture,3bb85e52c09a2b46,20260929T174139Z_4496f922_feasibility
5886397798,5898490652,Record to Report Ops Analyst,Accenture,c1e1740be2455db8,20260929T174012Z_b5985163_smoke
5886399940,5886402061,Record to Report Ops Senior Analyst,Accenture,f03994c270cff2ad,20260929T174012Z_b5985163_smoke
5886486659,5886487584,Lead Java Engineer,Thermo Fisher Scientific,37c2e3fa6a811c39,legacy_pull_2026-09-29
5886486866,5890717585,Senior Software Engineer,Moody's,ab52f194da0f6751,legacy_pull_2026-09-29
5887220611,5899323074,Quality Engineer,CIBC India,a492110a1275fb7a,20260929T174139Z_4496f922_feasibility
5887225769,5887225763,Sr. Finance Analyst,Honeywell Aerospace,c2b6e5387277de42,20260929T174139Z_4496f922_feasibility
5887225888,5894639162,Application Developer-Real Estate & Facilities,IBM,0e1ffa5be5cadc94,20260929T174139Z_4496f922_feasibility
5887225905,5888772254,Data Scientist-Artificial Intelligence,IBM,08cd38c95019419a,20260929T174139Z_4496f922_feasibility
5887225906,5901480984,Data Engineer-Data Platforms-SnowFlake,IBM,44b299d89e152ff1,20260929T174139Z_4496f922_feasibility
5887230094,5887230082,Analyst - Data,WSP USA,08d40cc2a76e7a58,20260929T174139Z_4496f922_feasibility
5887230117,5887230082,Analyst - Data,WSP USA,08d40cc2a76e7a58,20260929T174139Z_4496f922_feasibility
5887348376,5889085871,IT Security & Compliance Engineer,Rapyuta Robotics,ea5d087482e3772c,20260929T174139Z_4496f922_feasibility
5887520495,5887520493,Data Product Analyst,Weekday AI,b34fbac0f47fae33,20260929T174139Z_4496f922_feasibility
5887520499,5887520498,Data Product Analyst Expert,Weekday AI,87c797f56d93c75c,20260929T174139Z_4496f922_feasibility
5887520898,5890074006,Associate Principal - Program & Project Management,LTM,a88b21c79cc17a5f,20260929T174139Z_4496f922_feasibility
5887521051,5887521034,"Senior Data Analyst - SQL, BI Reporting & SAP BW",Unison Group,ce651a833280608a,20260929T174012Z_b5985163_smoke
5887749249,5889085234,Head of Engineering - AI and Data Science,Euromonitor,55085b02a1d5c69e,20260929T174139Z_4496f922_feasibility
5887878892,5887953871,Mechanical Engineer III,Thermo Fisher Scientific,4df1a59b7b632f5f,20260929T174139Z_4496f922_feasibility
5887879296,5897054695,Program/Project Management Lead,Accenture,d8d45c8fc07b3bc2,20260929T174139Z_4496f922_feasibility
5887883275,5889564444,Media & Graphics Design Analyst,Accenture,30fea727eb863428,20260929T174139Z_4496f922_feasibility
5887886851,5887946918,Technology Platform Engineer,Accenture,7f39f335878600fe,20260929T174139Z_4496f922_feasibility
5887894985,5899863048,Quality Engineering Lead,Accenture,b30060d953468079,20260929T174139Z_4496f922_feasibility
5887897741,5887943574,Software Engineer,DigiCert,0d9c4041d887d357,legacy_pull_2026-09-29
5887899698,5887946918,Technology Platform Engineer,Accenture,7f39f335878600fe,20260929T174139Z_4496f922_feasibility
5887901300,5899863048,Quality Engineering Lead,Accenture,b30060d953468079,20260929T174139Z_4496f922_feasibility
5887907000,5890800514,Data Scientist,eBay,dcb22a6f40c73f9d,20260929T174139Z_4496f922_feasibility
5887934628,5891403787,Electrical Engineer,Applied Materials,e7d3d1398c78ae73,20260929T174139Z_4496f922_feasibility
5887949064,5902920753,"Sr. Analyst - BI, Reporting and Data Visualization 4B",Genpact,6f6830d11eb09696,20260929T174012Z_b5985163_smoke
5887966615,5895366966,Sr. Analyst - Business Data Services 4A,Genpact,56d16e8f9f16138a,20260929T174139Z_4496f922_feasibility
5888093303,5888693600,Digital Marketing Internship,Ladybird Web Solution Pvt Ltd,4bdddde2841a8a77,20260929T174012Z_b5985163_smoke
5888300149,5888300189,Sr Engineer II - Game Tester,Aristocrat,e6b83fec64dd75e1,legacy_pull_2026-09-29
5888317925,5890810971,IT Systems Analyst,Neolytix,335a50cfe89b48ee,20260929T174139Z_4496f922_feasibility
5888551521,5893467146,Application Developer-AWS Cloud FullStack,IBM,4001ae2dfcfe11c0,20260929T174139Z_4496f922_feasibility
5888551532,5894639202,Application Developer-Cloud FullStack,IBM,42285aad5b8c28fd,20260929T174139Z_4496f922_feasibility
5888551539,5893467146,Application Developer-AWS Cloud FullStack,IBM,4001ae2dfcfe11c0,20260929T174139Z_4496f922_feasibility
5888551549,5901762204,Data Engineer-Data Platforms-Databricks,IBM,e8a23e0528d2bd69,20260929T174139Z_4496f922_feasibility
5888551626,5901253523,ML Engineer-Advanced Analytics,IBM,d9fe5792792592c8,20260929T174139Z_4496f922_feasibility
5888551645,5901480984,Data Engineer-Data Platforms-SnowFlake,IBM,44b299d89e152ff1,20260929T174139Z_4496f922_feasibility
5888770792,5888770785,"Director of Software Development India, Alexa Ambient Computing Technologies",Amazon,3c53ae0d06ce8881,20260929T174139Z_4496f922_feasibility
5888770793,5896366309,"Software Development Engineer, Amazon",Amazon,874d221e3e186d1c,20260929T174139Z_4496f922_feasibility
5888770952,5891403787,Electrical Engineer,Applied Materials,e7d3d1398c78ae73,20260929T174139Z_4496f922_feasibility
5888771193,5888771191,Senior Software Developer - D365 CE,"Caterpillar, Inc.",655e8a12ff0f8682,20260929T174139Z_4496f922_feasibility
5888771300,5889523845,Software Engineer/Platform Engineer - Kubernetes  Golang/Python  AI (5 Years),Cisco,b4ecd6950d2ebed7,20260929T174139Z_4496f922_feasibility
5888771634,5889529372,Senior Product Manager - AI,GE Vernova,d882684de5ba48b9,20260929T174139Z_4496f922_feasibility
5888771691,5888771703,"AI Customer Engineer, ITES, Google Cloud",Google,89688e9dc2dfb692,20260929T174139Z_4496f922_feasibility
5888771692,5888771698,"AI Outcome Customer Engineer, FDE, Google Cloud",Google,1e007f9a27580355,20260929T174139Z_4496f922_feasibility
5888771993,5888771987,Sr IT Analyst - SAP Finance/ECC/S4HANA,Honeywell Technologies,dc7e5bef31924cac,20260929T174139Z_4496f922_feasibility
5888772164,5888772254,Data Scientist-Artificial Intelligence,IBM,08cd38c95019419a,20260929T174139Z_4496f922_feasibility
5888772239,5893467146,Application Developer-AWS Cloud FullStack,IBM,4001ae2dfcfe11c0,20260929T174139Z_4496f922_feasibility
5888773003,5888773002,DevOps Engineer,Kyndryl,643b5f2242922234,20260929T174139Z_4496f922_feasibility
5888773093,5899328010,Lead Product Manager - Technical,Mastercard,27ac5e0e47e39ae7,20260929T174139Z_4496f922_feasibility
5888774765,5888774763,Senior Associate - Data Scientist,TIAA,49c786d067e49b9e,20260929T174139Z_4496f922_feasibility
5888775107,5888775106,Mechanical Engineer III,ThermoFisher Scientific,1d7abf684e43295d,20260929T174139Z_4496f922_feasibility
5888935228,5890487522,Software Development Engineer - I (Integrations),Botsync,1db4013c0c36e9c0,20260929T174139Z_4496f922_feasibility
5888967518,5888968480,Storage Software Engineer,eBay,bbec046c44fa18e1,legacy_pull_2026-09-29
5888968015,5888968649,Senior Software Engineer,Danaher,e8c0b94ad17e6fb7,legacy_pull_2026-09-29
5888968037,5888968659,"Adv Software Engineer II, Enterprise Practices",Invesco,e19a6623ef8b0b67,legacy_pull_2026-09-29
5889085464,5889085688,Quality Engineer,Capgemini Engineering,2045ca9a75305ecf,20260929T174139Z_4496f922_feasibility
5889204361,5891582163,Software Development Engineer - II (Integrator),Botsync,f65525d715217220,20260929T174139Z_4496f922_feasibility
5889214919,5889219327,Senior Backend Engineer (Python),ShimentoX Technologies,980524e75848d4b5,legacy_pull_2026-09-29
5889219959,5890074008,Network Security Engineer,LTM,483ef982037be8f8,20260929T174139Z_4496f922_feasibility
5889222181,5890607540,Business Development Manager,Collegedunia,ec34d5cfb9be7089,legacy_pull_2026-09-29
5889509972,5889566914,Media & Graphics Design Senior Analyst,Accenture,9d14b129645294af,20260929T174139Z_4496f922_feasibility
5889517431,5891909091,Software Engineer,Natwest Group,b1a0d03c9c1372bf,legacy_pull_2026-09-29
5889525563,5899863048,Quality Engineering Lead,Accenture,b30060d953468079,20260929T174139Z_4496f922_feasibility
5889530378,5889566914,Media & Graphics Design Senior Analyst,Accenture,9d14b129645294af,20260929T174139Z_4496f922_feasibility
5889542682,5890241298,"Lead Information Security Analyst, ITC",Nike,c8d8e87ef34bb5e0,20260929T174139Z_4496f922_feasibility
5889548337,5891403790,Senior ServiceNow Engineer – Platform Operation and Reliability,AT&T,0854b20b94c049c4,20260929T174139Z_4496f922_feasibility
5889559750,5890792863,Asst Product Sales Manager-BRANCH BANKING-Enterprise Business Solutions - EBS,Kotak Mahindra Bank,1866886c12c29fd7,20260929T174139Z_4496f922_feasibility
5889560759,5890240752,Sr. Cyber Security Engineer,GE HealthCare,9178e1d9523f32d5,20260929T174139Z_4496f922_feasibility
5889563179,5894126441,"Software Development Engineer, Amazon",Amazon,0ce7392260ac0183,20260929T174139Z_4496f922_feasibility
5889564149,5900726452,Sr. Developer - Enterprise Application Salesforce P 4B,Genpact,947cd348a01632e5,20260929T174139Z_4496f922_feasibility
5889565016,5899836672,Data & Analytics Analyst,Natwest Group,63b52a274c279032,20260929T174139Z_4496f922_feasibility
5889593371,5891403787,Electrical Engineer,Applied Materials,e7d3d1398c78ae73,20260929T174139Z_4496f922_feasibility
5889604143,5890487038,Technical Product Manager,BOLD,b7de80d7eb0183a0,20260929T174139Z_4496f922_feasibility
5889682066,5889682515,Data Scientist,Tata Consultancy Services,ec9e2063e8e31163,20260929T174139Z_4496f922_feasibility
5890074020,5894639162,Application Developer-Real Estate & Facilities,IBM,0e1ffa5be5cadc94,20260929T174139Z_4496f922_feasibility
5890240487,5890795915,"Director, Software Engineering | Email Security, SaaS | 15 years, Bangalore",Cisco,6873e74b6b7489c7,20260929T174139Z_4496f922_feasibility
5890240637,5890240634,Principal Data Scientist,Cytel,aa4ce447fee28281,20260929T174139Z_4496f922_feasibility
5890241426,5890241512,Senior Security Managed Services Engineer,"NTT America, Inc.",9a0e1e56b6879b16,20260929T174139Z_4496f922_feasibility
5890243022,5890243007,Director - Product Manager - Lakehouse (Asset Management),TIAA,eba4a7dd4adda683,20260929T174139Z_4496f922_feasibility
5890243150,5890243148,"Senior Director, Product Management",Teradata,ad7e83d142f800e4,20260929T174139Z_4496f922_feasibility
5890422369,5892348745,Informatica ETL Developer,Vrinda International,3edc50686bd8e79a,20260929T174139Z_4496f922_feasibility
5890481796,5898167931,"Senior Analytics Engineer, AI & DX Analytics",Block,783345ef66234022,20260929T174139Z_4496f922_feasibility
5890486916,5891403726,"Sr. Applied Scientist, Last Mile Science",Amazon,af64be7b11fa701b,20260929T174139Z_4496f922_feasibility
5890486942,5891403647,"Senior Tax Analyst, Foreign Reporting & Compliance, Withholding Tax",Amazon,4249b377bce055c2,20260929T174012Z_b5985163_smoke
5890487040,5891404055,"Analyst 2, Business Information Systems",Comcast,70be694cf2c76f92,20260929T174139Z_4496f922_feasibility
5890487098,5891403697,"Senior Product Marketing Manager, Prime Member Growth",Amazon,8e4b29e0b570521c,20260929T174139Z_4496f922_feasibility
5890487197,5890820513,Assistant Project Manager,Cushman & Wakefield,17139d3a716d7ca4,20260929T174139Z_4496f922_feasibility
5890487254,5894639254,Senior Manager - Program & Project Management,LTM,876e679d16a0eba8,20260929T174139Z_4496f922_feasibility
5890487560,5892690019,Platform Engineer (Azure),Numerator,29193f857247d6bf,20260929T174139Z_4496f922_feasibility
5890506394,5890803161,Senior Reporting & Insights Analyst,Mars,0f7d58d02fb4e541,20260929T174012Z_b5985163_smoke
5890717561,5897683093,Software Engineer,Kyndryl,b219b56cf128e6d2,legacy_pull_2026-09-29
5890767957,5899863048,Quality Engineering Lead,Accenture,b30060d953468079,20260929T174139Z_4496f922_feasibility
5890783155,5891405026,Staff DevOps Engineer,Palo Alto Networks,9f6c7fd7d78bacaa,20260929T174139Z_4496f922_feasibility
5890784994,5890809591,"Senior Product Manager, Amazon - Sub Same Day",Amazon,873a220b5cdbf8a5,20260929T174139Z_4496f922_feasibility
5890787525,5891404211,Lead Engineer - Electrical Component,GE Vernova,3473cdb95255aa5e,20260929T174139Z_4496f922_feasibility
5890787839,5890802153,Assistant Project Manager,Cushman & Wakefield,6b7692b2415daf65,20260929T174139Z_4496f922_feasibility
5890788752,5898496289,Quality Engineer,Accenture,ebbe3b5753f20ddf,20260929T174139Z_4496f922_feasibility
5890793026,5891404710,"Lead Cyber Defense Data Analyst, ITC",Nike,b2db42db5bbe1c72,20260929T174139Z_4496f922_feasibility
5890802430,5900726452,Sr. Developer - Enterprise Application Salesforce P 4B,Genpact,947cd348a01632e5,20260929T174139Z_4496f922_feasibility
5890803639,5891404292,Senior Software Engineer/Data Scientist,The Hartford,cfd061578069109a,20260929T174139Z_4496f922_feasibility
5890805487,5891404238,Cyber Security Engineer,GE Vernova,94c4ed3e51a487d9,20260929T174139Z_4496f922_feasibility
5890809819,5899863048,Quality Engineering Lead,Accenture,b30060d953468079,20260929T174139Z_4496f922_feasibility
5890811070,5891404252,ADMS Delivery Manager,GE Vernova,b03203c6a1070aaa,20260929T174139Z_4496f922_feasibility
5890811382,5891405024,Staff Site Reliability Engineer,Palo Alto Networks,759770b3d711cf87,20260929T174139Z_4496f922_feasibility
5890812500,5897039296,Mechanical Design Engineer,Xylem,d0848aefd7fc65de,20260929T174139Z_4496f922_feasibility
5890813582,5892976960,Scrum Master,Southwest Airlines,a903e893ba0b84ef,20260929T174139Z_4496f922_feasibility
5891403455,5891403454,Service Delivery Manager - Talent Acquisition and Learning & Development,AGCO Corporation,24fac226c36d59e4,20260929T174139Z_4496f922_feasibility
5891403457,5891403456,"Service Delivery Manager - Payroll, Compensation & Benefits and Talent Management",AGCO Corporation,89d145c8fe09539a,20260929T174139Z_4496f922_feasibility
5891403458,5891403453,"Service Delivery Manager - HR Operations, including HCM AMS and Related Non-AMS Services",AGCO Corporation,4e7a0206b8f0f292,20260929T174139Z_4496f922_feasibility
5891403720,5891403718,"Senior Product Manager, Amazon - Sub Same Day",Amazon,4f7eb15ae438c43c,20260929T174139Z_4496f922_feasibility
5891403901,5891403900,Solutions Engineer - Public Sector | Splunk Security (Delhi/Gurgaon),Cisco,a7c554ab29a84f82,20260929T174139Z_4496f922_feasibility
5891403904,5891912347,Engineering Program Manager,Cisco,869fd76748bfd71b,20260929T174139Z_4496f922_feasibility
5891403988,5891403973,Project Manager -Scrum Master - Assistant Vice President,Citigroup,34b69c6ecfe3e088,20260929T174139Z_4496f922_feasibility
5891403996,5900355013,Vice President - Data Science,Citigroup,91198fd2ab270df2,20260929T174139Z_4496f922_feasibility
5891404015,5891404004,Applications Development Senior Programmer Analyst - Assistant Vice President,Citigroup,0aae98d1dd79ddbc,20260929T174139Z_4496f922_feasibility
5891404131,5891404134,Associate Engineer - Mechanical,Eaton Corporation,d3b77454a92fca36,20260929T174139Z_4496f922_feasibility
5891404214,5891404208,Project Management Specialist - Project Mgmt,GE Vernova,b1cf2c2ffc55a74d,20260929T174139Z_4496f922_feasibility
5891404215,5891404211,Lead Engineer - Electrical Component,GE Vernova,3473cdb95255aa5e,20260929T174139Z_4496f922_feasibility
5891404220,5891404211,Lead Engineer - Electrical Component,GE Vernova,3473cdb95255aa5e,20260929T174139Z_4496f922_feasibility
5891404240,5891404238,Cyber Security Engineer,GE Vernova,94c4ed3e51a487d9,20260929T174139Z_4496f922_feasibility
5891404242,5891404238,Cyber Security Engineer,GE Vernova,94c4ed3e51a487d9,20260929T174139Z_4496f922_feasibility
5891404432,5901762204,Data Engineer-Data Platforms-Databricks,IBM,e8a23e0528d2bd69,20260929T174139Z_4496f922_feasibility
5891404534,5891404532,Software Engineer - Full Stack Development,Kyndryl,4370552031234e20,20260929T174139Z_4496f922_feasibility
5891404535,5891404532,Software Engineer - Full Stack Development,Kyndryl,4370552031234e20,20260929T174139Z_4496f922_feasibility
5891404537,5891404532,Software Engineer - Full Stack Development,Kyndryl,4370552031234e20,20260929T174139Z_4496f922_feasibility
5891404538,5891404532,Software Engineer - Full Stack Development,Kyndryl,4370552031234e20,20260929T174139Z_4496f922_feasibility
5891404619,5891404592,Senior Software Engineer - Full Stack Development,Kyndryl,efc569a2e97fe281,20260929T174139Z_4496f922_feasibility
5891404622,5891404592,Senior Software Engineer - Full Stack Development,Kyndryl,efc569a2e97fe281,20260929T174139Z_4496f922_feasibility
5891404625,5891404592,Senior Software Engineer - Full Stack Development,Kyndryl,efc569a2e97fe281,20260929T174139Z_4496f922_feasibility
5891404639,5897952025,Senior Data Scientist,Mastercard,15d907cd99dd7e69,20260929T174139Z_4496f922_feasibility
5891690070,5891691076,Anti-Money Laundering Analyst,HTC Global Services,74c71a78a1ee6815,legacy_pull_2026-09-29
5891878415,5891903034,"Senior Specialist, Applications Development",APL Logistics,2685d11a12d8a183,20260929T174139Z_4496f922_feasibility
5891880327,5891908670,Service Delivery Manager,Hewlett Packard Enterprise,4839d56bce82d971,20260929T174139Z_4496f922_feasibility
5891892122,5899852556,Sr. Data Scientist 4B,Genpact,939df2198a17d1af,20260929T174139Z_4496f922_feasibility
5891893266,5892690201,"Senior Security Engineer,GIOC",Vultr,d740f5285c70a472,20260929T174139Z_4496f922_feasibility
5891897081,5892976847,Data Analyst 5B,Genpact,91726ca1318d8dc2,20260929T174139Z_4496f922_feasibility
5891902904,5899864454,Tech Lead - Application Development N 4C,Genpact,8a75290912799010,20260929T174139Z_4496f922_feasibility
5891914060,5898489209,Software Engineer - Full Stack Development,Kyndryl,9384e54faeb7b9af,20260929T174139Z_4496f922_feasibility
5892382017,5893618538,"Business Analyst, ROC, ROC",Amazon,1e6aa046b0dfc9a4,20260929T174139Z_4496f922_feasibility
5892382802,5892382837,"Finance Analyst II, APAC ITX team",Amazon,9823a3a2b03b716c,20260929T174139Z_4496f922_feasibility
5892382824,5892382820,"Program Manager I, WFM",Amazon,70740084fff47846,20260929T174139Z_4496f922_feasibility
5892384041,5892384038,"Technical Program Manager, Cloud Storage",Google,acaf5db1e90c787d,20260929T174139Z_4496f922_feasibility
5892384145,5900355685,Data Engineer-Data Platforms-Azure,IBM,a604c980be194d5b,20260929T174139Z_4496f922_feasibility
5892384216,5901253539,Data Engineer-Data Platforms-Google,IBM,53871317607907a7,20260929T174139Z_4496f922_feasibility
5892386799,5892979833,Data Scientist,Unilever,eeba9ce601e8d0f2,20260929T174139Z_4496f922_feasibility
5892603490,5893831981,Quality Engineer - VPI,Babcock Power APAC Pvt. Ltd.,1e867f8faa104b3d,20260929T174139Z_4496f922_feasibility
5892705345,5896675569,"Software Development Engineer II, FBA Capacity and Inventory Health Management",ADCI - Karnataka,bd2e498ebd864a7e,20260929T174139Z_4496f922_feasibility
5892758613,5893831988,Senior DevOps Engineer,YouTrip,edb527d8e6033419,20260929T174139Z_4496f922_feasibility
5892758626,5893831430,Senior Product Analyst - I/II,Lokal App,e4508123dcc3bde2,20260929T174139Z_4496f922_feasibility
5893471252,5893471250,Senior Performance Marketing Manager,TransPerfect,21c06624042f62bd,20260929T174012Z_b5985163_smoke
5893473851,5895348420,Site Reliability Engineer,Tribute Technology,c96a9c7d8b69aa2c,20260929T174139Z_4496f922_feasibility
5893623857,5897040700,Full-Stack AI Engineer / Data Scientist - Agentic Systems,Roche,d45b32ddddb9040a,20260929T174139Z_4496f922_feasibility
5893733499,5895065964,"Senior Network Security Engineer - Jeddah, KSA",DeepSource Technologies,3d261a8f69fd6e31,20260929T174139Z_4496f922_feasibility
5893733505,5895065968,Staff Machine Learning Engineer,Weekday AI,e381fb29173c4e55,20260929T174139Z_4496f922_feasibility
5893831616,5901762410,Associate - Security Test Engineer,BNP Paribas,59090b945debbdd8,20260929T174139Z_4496f922_feasibility
5893831815,5901635871,Freelance Graphic Designer,Mindrift,723db2cd3dcdd3c7,20260929T174139Z_4496f922_feasibility
5893831854,5901635871,Freelance Graphic Designer,Mindrift,723db2cd3dcdd3c7,20260929T174139Z_4496f922_feasibility
5893831889,5893831988,Senior DevOps Engineer,YouTrip,edb527d8e6033419,20260929T174139Z_4496f922_feasibility
5893831922,5901635871,Freelance Graphic Designer,Mindrift,723db2cd3dcdd3c7,20260929T174139Z_4496f922_feasibility
5893831925,5901635871,Freelance Graphic Designer,Mindrift,723db2cd3dcdd3c7,20260929T174139Z_4496f922_feasibility
5893831968,5901635871,Freelance Graphic Designer,Mindrift,723db2cd3dcdd3c7,20260929T174139Z_4496f922_feasibility
5893913388,5895065476,Lead Machine Learning Engineer,Weekday AI,21ce86d7e032e749,20260929T174139Z_4496f922_feasibility
5893995769,5895065475,Lead Site Reliability Engineer or Platform Engineer,Weekday AI,dfeabfd31e7b3679,20260929T174139Z_4496f922_feasibility
5893996007,5897030265,Director Product Management (Maintenance),Innovapptive,61c601f0c00d8531,20260929T174139Z_4496f922_feasibility
5894077742,5896366911,AI Product Manager,GE Vernova,552a7533f995073e,20260929T174139Z_4496f922_feasibility
5894078467,5900725477,Web GIS Application Developer - Senior Associate,PricewaterhouseCoopers,0e3f2928917ff1ef,20260929T174139Z_4496f922_feasibility
5894078512,5895065536,Staff Technology Program Manager,CDK Global,1814734104b1609f,20260929T174139Z_4496f922_feasibility
5894078945,5899863048,Quality Engineering Lead,Accenture,b30060d953468079,20260929T174139Z_4496f922_feasibility
5894079103,5894179526,Senior Analyst - Aftermarket Cust Training - Product Training,Milacron,da479ac9e4793fc0,20260929T174139Z_4496f922_feasibility
5894081596,5894833439,Staff Business System Analyst (RAR),Palo Alto Networks,3ee0e12fbaf35add,20260929T174139Z_4496f922_feasibility
5894103775,5897040700,Full-Stack AI Engineer / Data Scientist – Agentic Systems,Roche,d45b32ddddb9040a,20260929T174139Z_4496f922_feasibility
5894113107,5898497675,"Software Development Engineer II, FBA Capacity and Inventory Health Management",Amazon,3214eb68ced544a4,20260929T174139Z_4496f922_feasibility
5894120431,5894833349,Staff DevOps Engineer (Cortex),Palo Alto Networks,7b6d0ddafb42c397,20260929T174139Z_4496f922_feasibility
5894126836,5899863048,Quality Engineering Lead,Accenture,b30060d953468079,20260929T174139Z_4496f922_feasibility
5894179488,5895348890,Software Engineer (ROR) - Commerce Cloud,Maropost,51486081f1598d00,20260929T174139Z_4496f922_feasibility
5894179527,5896366313,"Sr. Financial Analyst, Sr. Finance Analyst, RBS, Stores Tech Finance (STF)",Amazon,90e8c9028b3737b5,20260929T174139Z_4496f922_feasibility
5894179582,5895371257,Senior Product Manager - R01571422,Brillio,2bdc2cce1ae08cb5,20260929T174139Z_4496f922_feasibility
5894179663,5900354466,"Software Development Engineer, Seller and AM GenAI Tools",Amazon,ad92428862996e21,20260929T174139Z_4496f922_feasibility
5894184283,5897027541,Director - Product Management (Operations),Innovapptive,b3234e921da1bc16,20260929T174139Z_4496f922_feasibility
5894231059,5894231047,Digital Design - Media and Graphics Designer,Trigent Software Private Limited,d0d18c6aea2b8241,20260929T174139Z_4496f922_feasibility
5894382887,5895780415,Sr Engineer Electrical Maintenance,Happiest Resume,d6a915d60ce8d845,20260929T174139Z_4496f922_feasibility
5894413509,5895065484,FBS Scrum Master II,Capgemini,1447048745ab9091,20260929T174139Z_4496f922_feasibility
5894413510,5895065478,FBS Business Analyst II- Guidewire,Capgemini,17a76d70b0bd389d,20260929T174139Z_4496f922_feasibility
5894413511,5895065477,FBS Agile Product Manager III- Guidewire,Capgemini,c7de8c1f5f6f3c90,20260929T174139Z_4496f922_feasibility
5894413515,5895065489,FBS Product Owner III- Guidewire,Capgemini,efbaba9d93714a59,20260929T174139Z_4496f922_feasibility
5894590185,5895347707,Finance Business Partner - Analyst,Circles,5ccb2183603b7026,20260929T174139Z_4496f922_feasibility
5894590256,5900354449,"Software Development Engineer II, FBA Capacity and Inventory Health Management",Amazon,722e95f5c13f5a85,20260929T174139Z_4496f922_feasibility
5894590268,5896366180,"Sr. Product Manager, Progression Intelligence",Amazon,3173a6238fde3a96,20260929T174139Z_4496f922_feasibility
5894806867,5901241464,Specialist Project Management,"Magna International, Inc",ba38aa31df4bc959,20260929T174139Z_4496f922_feasibility
5894825940,5897953537,Platform Engineer - Java Developer & Elastic Search,SAP,0bc860a26e646ec3,20260929T174139Z_4496f922_feasibility
5894829127,5895362024,Software Engineer,Cisco,964f9e8256d6af38,legacy_pull_2026-09-29
5894829830,5894829829,Sr Project Manager,Honeywell Technologies,2df84f4718be765c,20260929T174139Z_4496f922_feasibility
5894958016,5896658452,Business Analyst - Hospital Operations,2070Health,79d6d9d65af93fab,20260929T174139Z_4496f922_feasibility
5895058422,5895058504,"Senior/ Principal Product Manager, Trading(Crypto.com App)",Crypto.com,2221e533ef8074fb,20260929T174139Z_4496f922_feasibility
5895065479,5895065477,FBS Agile Product Manager III- Guidewire,Capgemini,c7de8c1f5f6f3c90,20260929T174139Z_4496f922_feasibility
5895065488,5895065484,FBS Scrum Master II,Capgemini,1447048745ab9091,20260929T174139Z_4496f922_feasibility
5895065490,5895065478,FBS Business Analyst II- Guidewire,Capgemini,17a76d70b0bd389d,20260929T174139Z_4496f922_feasibility
5895065491,5895065489,FBS Product Owner III- Guidewire,Capgemini,efbaba9d93714a59,20260929T174139Z_4496f922_feasibility
5895065711,5896366334,"Manager III, Software Development, Amazon Business Operations",Amazon,490e5b9a3c585cea,20260929T174139Z_4496f922_feasibility
5895065799,5896366336,"Software Development Engineer, RBS Tech",Amazon,3b4dedf389f1764b,20260929T174139Z_4496f922_feasibility
5895065800,5901762410,Associate - Security Test Engineer,BNP Paribas,59090b945debbdd8,20260929T174139Z_4496f922_feasibility
5895065911,5895352387,Senior Machine Learning Engineer - Traditional,Quantiphi,01deb6210cf39472,20260929T174139Z_4496f922_feasibility
5895065962,5895065960,Account Delivery Manager,Weekday AI,72511ab80fb8568f,20260929T174139Z_4496f922_feasibility
5895065971,5895065970,Graphics Designer - Performance Marketing,Weekday AI,f1193c650612354c,20260929T174012Z_b5985163_smoke
5895065974,5895065973,"Data Business Analyst - (DataBricks, SAP, Azure)",Unison Group,52a6cf16e64ea052,20260929T174139Z_4496f922_feasibility
5895157717,5896657589,Product Analyst II,Lokal App,a8de2be72db6f580,20260929T174139Z_4496f922_feasibility
5895157720,5896657571,Business Analyst (Lokal Jobs),Lokal App,960ce91e25d4aa7e,legacy_pull_2026-09-29
5895346410,5895373237,Program Management Advisor - HIH - Evernorth,Cigna Group,c0a4c08a3da7b85b,20260929T174139Z_4496f922_feasibility
5895347127,5895360145,Sr. Cybersecurity Engineer,Ensemble Health Partners India,3bb76077d87e8f40,20260929T174139Z_4496f922_feasibility
5895347236,5896366650,Software Engineer,Cisco,b79afbdb9aa52fae,legacy_pull_2026-09-29
5895349438,5897064052,Data Architect - Data Engineering 4D,Genpact,0a915e64c103d2da,20260929T174139Z_4496f922_feasibility
5895351103,5895402684,Senior Product Analyst,Tide,8e49193f8f03383f,20260929T174139Z_4496f922_feasibility
5895353592,5900720585,IN_Senior Associate_ AI Data Scientist Engineer_GCC_Advisory_Bangalore,PricewaterhouseCoopers,30dcec8a9781a79d,20260929T174139Z_4496f922_feasibility
5895354231,5899846415,Tech Lead - Application Development Microsoft N 4C,Genpact,81dead3a142e8516,20260929T174139Z_4496f922_feasibility
5895354461,5896110903,Principal Data Scientist,Elanco,753ccc7d1a26dc48,20260929T174139Z_4496f922_feasibility
5895356764,5897059981,Cybersecurity Senior Analyst - Illumio,CGI,7ce229efd6262140,20260929T174139Z_4496f922_feasibility
5895360973,5896366886,Software Engineer,GE HealthCare,0147ab31ca221812,legacy_pull_2026-09-29
5895367311,5895372389,Software Development Engineer,Amazon,aa76fe364aad5eb5,20260929T174139Z_4496f922_feasibility
5895371273,5897030726,"Data Centre Engineering Operations, Data Centre Engineering Operations",Amazon,f87e002f21114548,20260929T174139Z_4496f922_feasibility
5895371846,5896367712,Senior Staff Cloud Security Engineer,Palo Alto Networks,2d8a63c60cd5a18e,20260929T174139Z_4496f922_feasibility
5895371937,5896366646,Customer Project Manager | 11Years,Cisco,ff8e3a60561d48d1,20260929T174139Z_4496f922_feasibility
5895373582,5902916362,Lead Data Engineer - Data Engineering 4C,Genpact,047137544aa848f4,20260929T174139Z_4496f922_feasibility
5895382965,5899836479,Staff Software Development Engineer,Zscaler,f4f68733e3c0d939,20260929T174139Z_4496f922_feasibility
5895390055,5899849610,"Software Development Engineer, Seller and AM GenAI Tools",Amazon,24dba0770243c5ef,20260929T174139Z_4496f922_feasibility
5895393440,5895402684,Senior Product Analyst,Tide,8e49193f8f03383f,20260929T174139Z_4496f922_feasibility
5895403410,5896658003,Mechanical Engineer Level I,Worley,8b95494f3659b130,20260929T174139Z_4496f922_feasibility
5895470023,5897044606,Sr. Technology Project Manager,CDK Global,4a5e0cc1388014b5,20260929T174139Z_4496f922_feasibility
5895805080,5898469426,AI Creative Lead — Digital Marketing (India),Anatta Design,6616e7c12e3b6faa,20260929T174012Z_b5985163_smoke
5895860929,5895860925,Technical Program Manager ID89740,AgileEngine,15d88b8f332d0a89,20260929T174139Z_4496f922_feasibility
5895860947,5895860925,Technical Program Manager ID89740,AgileEngine,15d88b8f332d0a89,20260929T174139Z_4496f922_feasibility
5895860949,5895860925,Technical Program Manager ID89740,AgileEngine,15d88b8f332d0a89,20260929T174139Z_4496f922_feasibility
5895860960,5895860925,Technical Program Manager ID89740,AgileEngine,15d88b8f332d0a89,20260929T174139Z_4496f922_feasibility
5895860967,5895860925,Technical Program Manager ID89740,AgileEngine,15d88b8f332d0a89,20260929T174139Z_4496f922_feasibility
5895860971,5895860925,Technical Program Manager ID89740,AgileEngine,15d88b8f332d0a89,20260929T174139Z_4496f922_feasibility
5895860974,5895860925,Technical Program Manager ID89740,AgileEngine,15d88b8f332d0a89,20260929T174139Z_4496f922_feasibility
5895860979,5895860925,Technical Program Manager ID89740,AgileEngine,15d88b8f332d0a89,20260929T174139Z_4496f922_feasibility
5895860983,5895860925,Technical Program Manager ID89740,AgileEngine,15d88b8f332d0a89,20260929T174139Z_4496f922_feasibility
5895860986,5895860925,Technical Program Manager ID89740,AgileEngine,15d88b8f332d0a89,20260929T174139Z_4496f922_feasibility
5895860988,5895860925,Technical Program Manager ID89740,AgileEngine,15d88b8f332d0a89,20260929T174139Z_4496f922_feasibility
5895860990,5895860925,Technical Program Manager ID89740,AgileEngine,15d88b8f332d0a89,20260929T174139Z_4496f922_feasibility
5895860992,5895860925,Technical Program Manager ID89740,AgileEngine,15d88b8f332d0a89,20260929T174139Z_4496f922_feasibility
5895860999,5895860925,Technical Program Manager ID89740,AgileEngine,15d88b8f332d0a89,20260929T174139Z_4496f922_feasibility
5895861004,5895860925,Technical Program Manager ID89740,AgileEngine,15d88b8f332d0a89,20260929T174139Z_4496f922_feasibility
5896030071,5897050278,Senior Applied Scientist,Microsoft,5d4134b90188a9e3,20260929T174139Z_4496f922_feasibility
5896030210,5896366412,"Senior Product Manager, Service Delivery Standard Work",Amazon,83b83a5e62837b10,20260929T174139Z_4496f922_feasibility
5896122734,5899073238,Product/ UX Designer,Infosys Limited,ef1a67997acc8bc6,20260929T174139Z_4496f922_feasibility
5896122741,5899073212,Solution Architect / Platform Solution Architect,Infosys Limited,070a121baf7e013a,20260929T174139Z_4496f922_feasibility
5896333128,5901241464,Specialist Project Management,"Magna International, Inc",ba38aa31df4bc959,20260929T174139Z_4496f922_feasibility
5896366304,5900354466,"Software Development Engineer, Seller and AM GenAI Tools",Amazon,ad92428862996e21,20260929T174139Z_4496f922_feasibility
5896366325,5896366311,Software Development Engineer,Amazon,2c4c7717819132d8,20260929T174139Z_4496f922_feasibility
5896366349,5900354449,"Software Development Engineer II, FBA Capacity and Inventory Health Management",Amazon,722e95f5c13f5a85,20260929T174139Z_4496f922_feasibility
5896366431,5896657793,"Software Dev Engineer II, Business Data Technologies",Amazon,55a9a46038acac16,20260929T174139Z_4496f922_feasibility
5896366432,5896366419,"Data Centre Engineering Operations, Data Centre Engineering Operations",Amazon,e7c4a532af601db4,20260929T174139Z_4496f922_feasibility
5896366439,5901252837,Software Development Engineer II,Amazon,6a5f62d82b46fbfe,20260929T174139Z_4496f922_feasibility
5896366482,5897053538,Technical Product Manager,Applied Materials,7494fe63dca88e18,20260929T174139Z_4496f922_feasibility
5896366648,5896366646,Customer Project Manager | 11Years,Cisco,ff8e3a60561d48d1,20260929T174139Z_4496f922_feasibility
5896366652,5896366642,"Customer Delivery Architect | 10 years exp, SP routing platforms, architectural and validation expertise",Cisco,94c5a26c937ec338,20260929T174139Z_4496f922_feasibility
5896366954,5896366952,"Solutions Acceleration Architect, Google Cloud",Google,edcf965e286f94a4,20260929T174139Z_4496f922_feasibility
5896366964,5896366952,"Solutions Acceleration Architect, Google Cloud",Google,edcf965e286f94a4,20260929T174139Z_4496f922_feasibility
5896367169,5900355700,Application Architect-Microsoft Business Applications,IBM,2752994cc995802b,20260929T174139Z_4496f922_feasibility
5896367172,5897783799,Legal Data Program Manager,IBM,b7ba27647ddca5a4,20260929T174139Z_4496f922_feasibility
5896367801,5897050384,ERP Business Analyst - Tax Management,Roche,f0e7834c2cd61863,20260929T174139Z_4496f922_feasibility
5896367804,5897040700,Full-Stack AI Engineer / Data Scientist - Agentic Systems,Roche,d45b32ddddb9040a,20260929T174139Z_4496f922_feasibility
5896367818,5897049179,Senior Data Scientist,Roche,3fcf03c3fb9314be,20260929T174139Z_4496f922_feasibility
5896367826,5897049179,Senior Data Scientist,Roche,3fcf03c3fb9314be,20260929T174139Z_4496f922_feasibility
5896369031,5897024081,Digital Product Manager,U.S. Bank,4f41a314fc257546,20260929T174139Z_4496f922_feasibility
5896369630,5896369629,"Senior Manager, Project Management",Zscaler,9819c553d5ce2c89,20260929T174139Z_4496f922_feasibility
5896369631,5902729608,Staff Software Development Engineer,Zscaler,f4f68733e3c0d939,20260929T174139Z_4496f922_feasibility
5896550836,5898179069,SAP Functional Analyst - GTS,Weekday AI,fe3ae3883935368c,20260929T174139Z_4496f922_feasibility
5896657694,5897949873,AI Program Manager,GE Vernova,3be6adcb4618d689,20260929T174139Z_4496f922_feasibility
5896658379,5897054374,Senior Project Manager,Cushman & Wakefield,c9bc6315e06b85e5,20260929T174139Z_4496f922_feasibility
5896675570,5896675569,"Software Development Engineer II, FBA Capacity and Inventory Health Management",ADCI - Karnataka,bd2e498ebd864a7e,20260929T174139Z_4496f922_feasibility
5896786066,5898178653,Data Engineer,Weekday AI,bd7c56a4529d54c5,20260929T174139Z_4496f922_feasibility
5896786070,5898178627,Technical Architect,Weekday AI,7fe45aef303068e2,20260929T174139Z_4496f922_feasibility
5897023725,5897949872,Lead Engineer - Mechanical,GE Vernova,9725e5c53e6cd218,20260929T174139Z_4496f922_feasibility
5897028115,5902729759,Senior Quality Engineer,Medtronic,7effd02fbd5e64d5,20260929T174139Z_4496f922_feasibility
5897028507,5898468210,Data Platform Engineer,Accenture,02a517d04034069b,20260929T174139Z_4496f922_feasibility
5897032560,5897949873,AI Program Manager,GE Vernova,3be6adcb4618d689,20260929T174139Z_4496f922_feasibility
5897034639,5900749174,"Tech Operations and Support, Analyst - USBU OBU Data Reporting Ops",2028 Takeda Innovations India,6b23f4966c35b657,20260929T174012Z_b5985163_smoke
5897037287,5898496289,Quality Engineer,Accenture,ebbe3b5753f20ddf,20260929T174139Z_4496f922_feasibility
5897037342,5898471898,Security Architect,Accenture,23ff2865502bfbb3,20260929T174139Z_4496f922_feasibility
5897039269,5897062123,SOC Detection and Response - Engineer Cyber Security Engineer,Unisys,4fae3548e627febe,20260929T174139Z_4496f922_feasibility
5897039361,5900719110,Software Development Engineer II,Amazon,62a86b15ef510f36,20260929T174139Z_4496f922_feasibility
5897039495,5899326927,Engineer - Electrical Engineering,GE Vernova,a22e63ea21359bf3,20260929T174139Z_4496f922_feasibility
5897043393,5897053763,Product Owner III,PDI Technologies,910b3cc3a96ac7ee,20260929T174139Z_4496f922_feasibility
5897043494,5897952304,"Software Engineer II - Cloud Integration, ITC",Nike,6c6eb516993a501d,20260929T174139Z_4496f922_feasibility
5897044364,5897952273,"Principal Machine Learning Engineer, ITC",Nike,6b4ed88affc8d7cd,20260929T174139Z_4496f922_feasibility
5897045608,5899326920,Lead Project Management Specialist - Quality,GE Vernova,47b5f87331e15b16,20260929T174139Z_4496f922_feasibility
5897045758,5899326932,Engineer – Accessories Mechanical,GE Vernova,8431a8378b09d27a,20260929T174139Z_4496f922_feasibility
5897047062,5897952301,"Senior Software Engineer-Cloud Integration, ITC",Nike,bf402f856765260b,20260929T174139Z_4496f922_feasibility
5897047451,5902919201,Sr. Data Engineer - Data Engineering 4B,Genpact,bd27da1cd7a47dc5,20260929T174139Z_4496f922_feasibility
5897047769,5897680870,Lead Engineer - Project Manager,CGI,9b7df65da8eeff9b,20260929T174139Z_4496f922_feasibility
5897048465,5897062030,Product Expert - Clinical Data Management - India,Veeva Systems,47a46a8578104f69,20260929T174139Z_4496f922_feasibility
5897049450,5897062123,SOC Detection and Response - Engineer Cyber Security Engineer,Unisys,4fae3548e627febe,20260929T174012Z_b5985163_smoke
5897049887,5897064052,Data Architect - Data Engineering 4D,Genpact,0a915e64c103d2da,20260929T174139Z_4496f922_feasibility
5897051342,5899326930,Sr Product Owner,GE Vernova,2cfd0856a4a17b9c,20260929T174139Z_4496f922_feasibility
5897062367,5897952297,"Lead Technical Product Manager, ITC",Nike,e150d77801d0beea,20260929T174139Z_4496f922_feasibility
5897063648,5897064052,Data Architect - Data Engineering 4D,Genpact,0a915e64c103d2da,20260929T174139Z_4496f922_feasibility
5897064413,5897949819,Staff Technical Product Manager,GE HealthCare,9dcb9184f0fff903,20260929T174139Z_4496f922_feasibility
5897064856,5897067597,Senior Quality Engineer,NCR Voyix,9fbe25d084659974,20260929T174139Z_4496f922_feasibility
5897065221,5899843744,Architect - Enterprise Application - SAP N 4D,Genpact,0c2d366bc9ded641,20260929T174139Z_4496f922_feasibility
5897065465,5897949815,Software Engineer,GE HealthCare,e778a3045fa53231,legacy_pull_2026-09-29
5897066082,5898496289,Quality Engineer,Accenture,ebbe3b5753f20ddf,20260929T174139Z_4496f922_feasibility
5897066246,5900354521,Mechanical Design Engineer II,Applied Materials,d6a5d0dc70931422,20260929T174139Z_4496f922_feasibility
5897068192,5898472296,Architect - AI Business Solutions,Microsoft,174f2953943d9ff8,20260929T174139Z_4496f922_feasibility
5897068291,5897952300,"Lead DevOps Engineer, ITC",Nike,1a056afc22f03d4f,20260929T174139Z_4496f922_feasibility
5897176662,5899073205,Data/ETL Engineer,Ascendion,ab12355d19c3f0d9,20260929T174139Z_4496f922_feasibility
5897176805,5899326173,"Manager II, Program Management, Fee integrity and seller Experience",Amazon,df347cbb08f35046,20260929T174139Z_4496f922_feasibility
5897176836,5900355056,"Director 1, Software Development & Engineering",Comcast,9e47231e70dc3a1d,20260929T174139Z_4496f922_feasibility
5897302309,5897302325,GCP Cloud Engineer ID89421,AgileEngine,f58a774226554d6d,20260929T174139Z_4496f922_feasibility
5897302315,5897302325,GCP Cloud Engineer ID89421,AgileEngine,f58a774226554d6d,20260929T174139Z_4496f922_feasibility
5897302316,5897302325,GCP Cloud Engineer ID89421,AgileEngine,f58a774226554d6d,20260929T174139Z_4496f922_feasibility
5897302319,5897302325,GCP Cloud Engineer ID89421,AgileEngine,f58a774226554d6d,20260929T174139Z_4496f922_feasibility
5897302320,5897302325,GCP Cloud Engineer ID89421,AgileEngine,f58a774226554d6d,20260929T174139Z_4496f922_feasibility
5897302329,5897302325,GCP Cloud Engineer ID89421,AgileEngine,f58a774226554d6d,20260929T174139Z_4496f922_feasibility
5897302330,5897302325,GCP Cloud Engineer ID89421,AgileEngine,f58a774226554d6d,20260929T174139Z_4496f922_feasibility
5897302331,5897302325,GCP Cloud Engineer ID89421,AgileEngine,f58a774226554d6d,20260929T174139Z_4496f922_feasibility
5897302332,5897302325,GCP Cloud Engineer ID89421,AgileEngine,f58a774226554d6d,20260929T174139Z_4496f922_feasibility
5897302339,5897302325,GCP Cloud Engineer ID89421,AgileEngine,f58a774226554d6d,20260929T174139Z_4496f922_feasibility
5897302340,5897302325,GCP Cloud Engineer ID89421,AgileEngine,f58a774226554d6d,20260929T174139Z_4496f922_feasibility
5897302346,5897302325,GCP Cloud Engineer ID89421,AgileEngine,f58a774226554d6d,20260929T174139Z_4496f922_feasibility
5897302347,5897302325,GCP Cloud Engineer ID89421,AgileEngine,f58a774226554d6d,20260929T174139Z_4496f922_feasibility
5897302349,5897302325,GCP Cloud Engineer ID89421,AgileEngine,f58a774226554d6d,20260929T174139Z_4496f922_feasibility
5897302353,5897302325,GCP Cloud Engineer ID89421,AgileEngine,f58a774226554d6d,20260929T174139Z_4496f922_feasibility
5897680993,5899326131,"Manager III, Software Development, Emerging Device Software",Amazon,52f45a19ebd93fd8,20260929T174139Z_4496f922_feasibility
5897785728,5897785725,OCP Networking Architect,TechBiz Global GmbH,ecb2a7fd15123cd2,20260929T174139Z_4496f922_feasibility
5897785729,5897785725,OCP Networking Architect,TechBiz Global GmbH,ecb2a7fd15123cd2,20260929T174139Z_4496f922_feasibility
5897785732,5897785725,OCP Networking Architect,TechBiz Global GmbH,ecb2a7fd15123cd2,20260929T174139Z_4496f922_feasibility
5897789228,5898490687,AI Architect,Greenway Health,03930b82e86d6073,20260929T174139Z_4496f922_feasibility
5897803924,5897803922,Performance Quality Engineer (Senior Analyst),Delta Capita,853f4d9d2313e004,20260929T174139Z_4496f922_feasibility
5897803933,5897803931,Quality Assurance Engineer / Tester (Analyst / Senior Analyst / Associate),Delta Capita,6e8a66c02c145730,20260929T174139Z_4496f922_feasibility
5897946083,5900356296,AI Platform Architect,SAP,30d8646942947168,20260929T174139Z_4496f922_feasibility
5897949514,5900355018,Business Analytics Analyst,Citigroup,33ae05251e2483b4,20260929T174139Z_4496f922_feasibility
5897949881,5897949873,AI Program Manager,GE Vernova,3be6adcb4618d689,20260929T174139Z_4496f922_feasibility
5897949884,5897949873,AI Program Manager,GE Vernova,3be6adcb4618d689,20260929T174139Z_4496f922_feasibility
5897951789,5897951863,Mainframe Application Developer,Kyndryl,d0426443a15a7e0e,20260929T174139Z_4496f922_feasibility
5897951792,5897951863,Mainframe Application Developer,Kyndryl,d0426443a15a7e0e,20260929T174139Z_4496f922_feasibility
5897951799,5897951863,Mainframe Application Developer,Kyndryl,d0426443a15a7e0e,20260929T174139Z_4496f922_feasibility
5897951828,5897951863,Mainframe Application Developer,Kyndryl,d0426443a15a7e0e,20260929T174139Z_4496f922_feasibility
5897951832,5897951863,Mainframe Application Developer,Kyndryl,d0426443a15a7e0e,20260929T174139Z_4496f922_feasibility
5897952023,5899327996,Senior Technical Program Manager,Mastercard,ff566a3f11aa4858,20260929T174139Z_4496f922_feasibility
5897952280,5898479470,"Lead Technical Product Manager Finance, ITC",Nike,29f64543858e2a73,20260929T174139Z_4496f922_feasibility
5897952312,5898488941,"Principal Information Security Engineer, ITC",Nike,cfc5e8e376aaa591,20260929T174012Z_b5985163_smoke
5897953465,5897953458,Sr UX Designer II,RELX INC,f3d3fd289b17d2f7,20260929T174139Z_4496f922_feasibility
5897954769,5897954767,Analyst - Data Engineering,TIAA,bf3189cf2e409705,20260929T174139Z_4496f922_feasibility
5897955562,5897955590,Assistant Consultant - Project Management,WSP USA,780694fc8b393b54,20260929T174139Z_4496f922_feasibility
5897955565,5897955590,Assistant Consultant - Project Management,WSP USA,780694fc8b393b54,20260929T174139Z_4496f922_feasibility
5897957723,5899550126,Data Analyst/Business Analyst,Unison Group,0794d02bae6f5d8a,20260929T174139Z_4496f922_feasibility
5898069170,5899550146,Business Analyst,Weekday AI,8718851e448741a0,20260929T174139Z_4496f922_feasibility
5898069174,5899550163,Project Manager - Pharmaceutical Manufacturing Construction,Demo S.A.,f75faf3777b48ab4,20260929T174139Z_4496f922_feasibility
5898069200,5899550130,DevOps Engineer,Weekday AI,8c72a35dd7f01944,20260929T174139Z_4496f922_feasibility
5898069206,5899550162,AI Architect,Weekday AI,c44e8291490f44aa,20260929T174139Z_4496f922_feasibility
5898069221,5899550102,Senior Quality Assurance Engineer,Weekday AI,04364a2596b3cccc,20260929T174139Z_4496f922_feasibility
5898069225,5899550146,Business Analyst,Weekday AI,8718851e448741a0,20260929T174139Z_4496f922_feasibility
5898126771,5899258980,GCP Data Engineer,Tata Consultancy Services,8bd7593d2ced9995,legacy_pull_2026-09-29
5898129608,5898129792,Data Analyst,Tata Consultancy Services,004d0cb65eb8a510,legacy_pull_2026-09-29
5898178769,5899326153,"Sr Program Manager, ASIN Localization",Amazon,3e594c273b7f4ccf,20260929T174139Z_4496f922_feasibility
5898178967,5898179002,Senior Product Manager,Weekday AI,d6f8a8eda638ef30,20260929T174139Z_4496f922_feasibility
5898313378,5900529958,QA Data Engineer - P4,Weekday AI,13290dac5fb86192,20260929T174139Z_4496f922_feasibility
5898313386,5900529926,Software Development Engineer,Weekday AI,9844ac585f1c8d87,20260929T174139Z_4496f922_feasibility
5898313397,5900529917,Digital Marketing Manager,Weekday AI,e72362643530bd25,20260929T174012Z_b5985163_smoke
5898313416,5900529949,Senior Python Data Scraping Engineer (Freelance),Mindrift,f1eb8b34eb8202e3,20260929T174139Z_4496f922_feasibility
5898400944,5900709959,UI Architect,Simeio,d9caab8b0c3ad987,20260929T174139Z_4496f922_feasibility
5898466611,5898497675,"Software Development Engineer II, FBA Capacity and Inventory Health Management",Amazon,3214eb68ced544a4,20260929T174139Z_4496f922_feasibility
5898468296,5898497684,Application Development Associate Director - HIH - Evernorth,Cigna Group,70621c7ce709ecfb,20260929T174139Z_4496f922_feasibility
5898471237,5900355265,Engineer - Mechanical Component,GE Vernova,671ec4f50d575523,20260929T174139Z_4496f922_feasibility
5898473292,5898497143,Data Scientist,Datamatics Technologies,377206c80c58037b,20260929T174139Z_4496f922_feasibility
5898474501,5899835528,Sr. Architect - Enterprise Application SAP S 3,Genpact,256737200ae222b3,20260929T174139Z_4496f922_feasibility
5898479398,5898491356,Project Manager (MEP),JLL,6a257fdc4f0794ec,20260929T174139Z_4496f922_feasibility
5898482456,5901707324,Financial Plan & Analysis Senior Analyst,Accenture,91fea3a3c11bff12,20260929T174139Z_4496f922_feasibility
5898482601,5898497143,Data Scientist,Datamatics Technologies,377206c80c58037b,20260929T174139Z_4496f922_feasibility
5898483425,5898497143,Data Scientist,Datamatics Technologies,377206c80c58037b,20260929T174139Z_4496f922_feasibility
5898484637,5899853104,"Product Designer, Amazon Pay India",Amazon,55af127a7404cbfc,20260929T174139Z_4496f922_feasibility
5898484655,5900355269,Sr Staff AI Architect – Strategic Programs,GE Vernova,6ed8016de1aea06d,20260929T174139Z_4496f922_feasibility
5898488724,5900356116,"AI Engineer, Agentic Systems (Quality Engineering)",Palo Alto Networks,fc6cb14aa0ef21b8,20260929T174139Z_4496f922_feasibility
5898501787,5899328575,Security Engineer - Identity and Access,Rubrik,a3eccba12b7b28a6,20260929T174012Z_b5985163_smoke
5898504232,5900355217,Lead Service Finance Analyst,GE HealthCare,e316d97ab9aac3c5,20260929T174139Z_4496f922_feasibility
5898996729,5900354473,"Applied Scientist II, Cross Border Science and Analytics",Amazon,fbfd8fd6fa184f9d,20260929T174139Z_4496f922_feasibility
5898996741,5900354443,"Software Development Manager, 3P Seller Tools and Gen AI Solutions, ISS",Amazon,edcf16304860fade,20260929T174139Z_4496f922_feasibility
5899051548,5899051544,Sr Edge Application Developer,Schneider Electric,b1bb3916266ca9fc,20260929T174139Z_4496f922_feasibility
5899073099,5900355711,Data Engineer-Data Platforms-AWS,IBM,82988a644cb85103,20260929T174139Z_4496f922_feasibility
5899300957,5900334580,"Senior Analyst, Finance Solutions","Magna International, Inc",909603e4617e561a,20260929T174139Z_4496f922_feasibility
5899322940,5900356301,"Digital Customer Engagement Manager - SAP Basis, Project Management",SAP,4fa8faa13365b51e,20260929T174139Z_4496f922_feasibility
5899326293,5899326292,Principal Digital Architect,"Caterpillar, Inc.",19ed30774a5e7c00,20260929T174139Z_4496f922_feasibility
5899326294,5899326291,Principal Software Engineer - Data Engineering,"Caterpillar, Inc.",76f8862612208af6,20260929T174139Z_4496f922_feasibility
5899326396,5899862805,"Engineering Manager - Data Engineering | Snowflake, Python & SQL from 14 years",Cisco,761a7e02ddc38d74,20260929T174139Z_4496f922_feasibility
5899326931,5899326927,Engineer - Electrical Engineering,GE Vernova,a22e63ea21359bf3,20260929T174139Z_4496f922_feasibility
5899327499,5901480984,Data Engineer-Data Platforms-SnowFlake,IBM,44b299d89e152ff1,20260929T174139Z_4496f922_feasibility
5899328011,5899327996,Senior Technical Program Manager,Mastercard,ff566a3f11aa4858,20260929T174139Z_4496f922_feasibility
5899328161,5899842179,"Director, Information Security Engineering - ITC",Nike,164a2af9fabde5f2,20260929T174012Z_b5985163_smoke
5899328258,5899328251,DevOps Engineer,"NTT America, Inc.",342ecdeda495017e,20260929T174139Z_4496f922_feasibility
5899328272,5899328259,Senior Associate Security Platform Engineer,"NTT America, Inc.",77130ebd18126bee,20260929T174012Z_b5985163_smoke
5899328592,5900356272,Quality engineer M/F,Safran,43069a0187dd891e,20260929T174139Z_4496f922_feasibility
5899329497,5899329495,"Senior AI/ML Engineer - Machine learning, Agentic AI, LangGraph",UnitedHealth Group,f2a2242eea57956f,20260929T174139Z_4496f922_feasibility
5899329999,5902729608,Staff Software Development Engineer,Zscaler,f4f68733e3c0d939,20260929T174139Z_4496f922_feasibility
5899330003,5902729608,Staff Software Development Engineer,Zscaler,f4f68733e3c0d939,20260929T174139Z_4496f922_feasibility
5899536757,5899536857,Senior Performance Marketing Specialist,Bitpanda,f8b89602cef23c30,20260929T174012Z_b5985163_smoke
5899549680,5900355706,Process Analyst – Trade Finance (French),IBM,6e1e08465e3ce917,20260929T174139Z_4496f922_feasibility
5899550128,5899550126,Data Analyst/Business Analyst,Unison Group,0794d02bae6f5d8a,20260929T174012Z_b5985163_smoke
5899834270,5899869448,"Cloud Engineer, Specialist",The Vanguard Group,6e9759e6ce142ab4,20260929T174139Z_4496f922_feasibility
5899834444,5899836479,Staff Software Development Engineer,Zscaler,f4f68733e3c0d939,20260929T174139Z_4496f922_feasibility
5899835532,5901707324,Financial Plan & Analysis Senior Analyst,Accenture,91fea3a3c11bff12,20260929T174139Z_4496f922_feasibility
5899836278,5902584629,VP - Senior Data Engineer (Python/Snowflake/Apache Airflow),BlackRock,f2aa3ff200e7da79,20260929T174139Z_4496f922_feasibility
5899837074,5900354523,Lead Applications Development - Lead – Workday HCM Development,AT&T,259d9a054168cead,20260929T174139Z_4496f922_feasibility
5899838321,5901252856,Software Engineer,Applied Materials,f911dad045581d86,legacy_pull_2026-09-29
5899838653,5899924981,"Senior Director, Software Engineering - Data and AI Platforms",Epiq,c7b2808d17805153,20260929T174139Z_4496f922_feasibility
5899839082,5899845819,Security Architect,Accenture,23ff2865502bfbb3,20260929T174139Z_4496f922_feasibility
5899840458,5901707324,Financial Plan & Analysis Senior Analyst,Accenture,91fea3a3c11bff12,20260929T174139Z_4496f922_feasibility
5899844384,5899845819,Security Architect,Accenture,23ff2865502bfbb3,20260929T174139Z_4496f922_feasibility
5899845299,5899849610,"Software Development Engineer, Seller and AM GenAI Tools",Amazon,24dba0770243c5ef,20260929T174139Z_4496f922_feasibility
5899845403,5900354522,Sr Specialist Applications Development - Workday HCM Development,AT&T,2aabee664739e2dc,20260929T174139Z_4496f922_feasibility
5899849614,5899864454,Tech Lead - Application Development N 4C,Genpact,8a75290912799010,20260929T174139Z_4496f922_feasibility
5899856607,5900727856,Senior Finance Analyst - Accounts Payable,JLL,4d528a0cbf651bc2,20260929T174139Z_4496f922_feasibility
5899863506,5900355268,Quality Assurance Engineering Specialist,GE Vernova,12799566b669ed3c,20260929T174139Z_4496f922_feasibility
5899864742,5900355917,Software Engineer 3,MongoDB,22fe5a00db0ba5be,20260929T174139Z_4496f922_feasibility
5899870572,5900356110,Principal Machine Learning Engineer (Prisma AIRS) - NetSec,Palo Alto Networks,1986934211026e41,20260929T174139Z_4496f922_feasibility
5899870777,5900355264,Quality Assurance Engineer Specialist,GE Vernova,0c2cd0ac482c443b,20260929T174139Z_4496f922_feasibility
5899924987,5901252840,"Software Development Manager, WWGST, Store Acceleration Tech",Amazon,4573b27ee88810ce,20260929T174139Z_4496f922_feasibility
5899975699,5900875768,Technical Project Manager,KPI Partners,ba05d22d031f5095,20260929T174139Z_4496f922_feasibility
5900354454,5900354466,"Software Development Engineer, Seller and AM GenAI Tools",Amazon,ad92428862996e21,20260929T174139Z_4496f922_feasibility
5900354463,5900354449,"Software Development Engineer II, FBA Capacity and Inventory Health Management",Amazon,722e95f5c13f5a85,20260929T174139Z_4496f922_feasibility
5900354472,5901252820,"Product Designer, Amazon Pay India",Amazon,e6721916a6586bd4,20260929T174139Z_4496f922_feasibility
5900354545,5900354539,Data Engineer III GBS IND,Bank of America,b87f8a6df26a4070,20260929T174139Z_4496f922_feasibility
5900354548,5900354539,Data Engineer III GBS IND,Bank of America,b87f8a6df26a4070,20260929T174139Z_4496f922_feasibility
5900354553,5900354549,Software Engineer III - GBS IND,Bank of America,a08aebac31a88b74,20260929T174139Z_4496f922_feasibility
5900355072,5900355071,Senior DevOps Engineer,Cornerstone onDemand,f80682869f2559af,20260929T174139Z_4496f922_feasibility
5900355266,5900355264,Quality Assurance Engineer Specialist,GE Vernova,0c2cd0ac482c443b,20260929T174139Z_4496f922_feasibility
5900355271,5900713614,Lead Engineer - Mechanical Component 2,GE Vernova,fb6c8ecc101ae283,20260929T174139Z_4496f922_feasibility
5900355273,5900355268,Quality Assurance Engineering Specialist,GE Vernova,12799566b669ed3c,20260929T174139Z_4496f922_feasibility
5900355277,5900723100,Engineer 1 - Software Engineer,GE Vernova,2de5dc1930362e75,20260929T174139Z_4496f922_feasibility
5900355287,5900713696,Lead Engineer - Mechanical Component-1,GE Vernova,1b60fd960b0b1c7d,20260929T174139Z_4496f922_feasibility
5900355689,5901762204,Data Engineer-Data Platforms-Databricks,IBM,e8a23e0528d2bd69,20260929T174139Z_4496f922_feasibility
5900355707,5900355700,Application Architect-Microsoft Business Applications,IBM,2752994cc995802b,20260929T174139Z_4496f922_feasibility
5900355713,5900355706,Process Analyst - Trade Finance (French),IBM,6e1e08465e3ce917,20260929T174139Z_4496f922_feasibility
5900355715,5901480984,Data Engineer-Data Platforms-SnowFlake,IBM,44b299d89e152ff1,20260929T174139Z_4496f922_feasibility
5900355719,5900355700,Application Architect-Microsoft Business Applications,IBM,2752994cc995802b,20260929T174139Z_4496f922_feasibility
5900355839,5900355836,Cybersecurity Engineering - Data Protection Lead,Kyndryl,51e6f8695fe99054,20260929T174139Z_4496f922_feasibility
5900356042,5900356057,Site Reliability Engineer,"NTT America, Inc.",64c50e6d02573567,20260929T174139Z_4496f922_feasibility
5900356214,5900356212,Software Engineer III,RELX INC,3389d4d5a2d9d97c,20260929T174139Z_4496f922_feasibility
5900356789,5900356781,"Principal Architect, Data Architecture & Design",Stryker,2629fc25aeea98b2,20260929T174139Z_4496f922_feasibility
5900356858,5900356846,Software Engineer II,American Express,57d966f175910735,20260929T174139Z_4496f922_feasibility
5900356860,5900356853,Senior Manager - Software Engineering,American Express,e32a18f4fc4517fe,20260929T174139Z_4496f922_feasibility
5900356904,5900356903,Sr Staff Software Engineer,"ServiceNow, Inc.",c9a4d8c778942923,20260929T174139Z_4496f922_feasibility
5900357000,5900357018,Associate Data Scientist,UnitedHealth Group,ae40c08eca20deb3,20260929T174139Z_4496f922_feasibility
5900357031,5900357028,Senior Product Manager,UnitedHealth Group,44139119b2032742,20260929T174139Z_4496f922_feasibility
5900357037,5900357030,Senior Manager Info Security Engineer - Cryptography & Certification Management,UnitedHealth Group,db637a9b1a65624f,20260929T174012Z_b5985163_smoke
5900357040,5900357028,Senior Product Manager,UnitedHealth Group,44139119b2032742,20260929T174139Z_4496f922_feasibility
5900357042,5900357028,Senior Product Manager,UnitedHealth Group,44139119b2032742,20260929T174139Z_4496f922_feasibility
5900529881,5900738722,"Security Engineer, GIOC",Vultr,31e26043675d3776,20260929T174012Z_b5985163_smoke
5900529965,5900529949,Senior Python Data Scraping Engineer (Freelance),Mindrift,f1eb8b34eb8202e3,20260929T174139Z_4496f922_feasibility
5900529969,5900529949,Senior Python Data Scraping Engineer (Freelance),Mindrift,f1eb8b34eb8202e3,20260929T174139Z_4496f922_feasibility
5900529972,5900529949,Senior Python Data Scraping Engineer (Freelance),Mindrift,f1eb8b34eb8202e3,20260929T174139Z_4496f922_feasibility
5900529973,5900529949,Senior Python Data Scraping Engineer (Freelance),Mindrift,f1eb8b34eb8202e3,20260929T174139Z_4496f922_feasibility
5900529978,5900529949,Senior Python Data Scraping Engineer (Freelance),Mindrift,f1eb8b34eb8202e3,20260929T174139Z_4496f922_feasibility
5900529986,5900529949,Senior Python Data Scraping Engineer (Freelance),Mindrift,f1eb8b34eb8202e3,20260929T174139Z_4496f922_feasibility
5900529987,5900529949,Senior Python Data Scraping Engineer (Freelance),Mindrift,f1eb8b34eb8202e3,20260929T174139Z_4496f922_feasibility
5900530000,5900529949,Senior Python Data Scraping Engineer (Freelance),Mindrift,f1eb8b34eb8202e3,20260929T174139Z_4496f922_feasibility
5900530031,5900722617,"Director, Security Engineering - AI",Cencora,8cc6a8692cdb986e,20260929T174012Z_b5985163_smoke
5900709214,5900723942,Record to Report Ops Senior Analyst,Accenture,073cb20ed04d9935,20260929T174012Z_b5985163_smoke
5900715773,5901699576,"Software Engineer, AVP",Natwest Group,f4cb73c6b73b94f5,20260929T174139Z_4496f922_feasibility
5900725273,5902918987,Ab Initio Software Engineer,CGI,2744e9ed52229b73,20260929T174139Z_4496f922_feasibility
5900734985,5900749687,Custom Software Engineer,Accenture,1be82ad08dfd5c3c,20260929T174139Z_4496f922_feasibility
5900741150,5901253640,DA Lead Data Engineer,Labcorp,277b622ebb0ff8aa,20260929T174139Z_4496f922_feasibility
5900749947,5902916362,Lead Data Engineer - Data Engineering 4C,Genpact,047137544aa848f4,20260929T174139Z_4496f922_feasibility
5900750552,5902919278,Technology Architect,Accenture,96ad44995c8adbbe,20260929T174139Z_4496f922_feasibility
5900856270,5901762459,Business Analyst – LOS & LMS,Synoriq,4cb46494b9cc208b,20260929T174139Z_4496f922_feasibility
5901252982,5901252980,Software Engineer - Data Platform,ContiTech,be8201c87be061eb,20260929T174139Z_4496f922_feasibility
5901253422,5901253421,"Product Manager, Google Pay",Google,2f053e767362f1c0,20260929T174139Z_4496f922_feasibility
5901253675,5901253673,Senior Software Engineer,Microsoft Corporation,2c3d017d1a72e0e8,20260929T174139Z_4496f922_feasibility
5901253676,5901253673,Senior Software Engineer,Microsoft Corporation,2c3d017d1a72e0e8,20260929T174139Z_4496f922_feasibility
5901254021,5901254016,Staff Software Engineer,"ServiceNow, Inc.",d28e115fdfca52cf,20260929T174139Z_4496f922_feasibility
5901254141,5901254124,"Lead Professional, Mechanical Engineering",WSP USA,0b710ea676abcf96,20260929T174139Z_4496f922_feasibility
5901424872,5902729986,Senior Data Engineer,Weekday AI,cc22fbd027328570,20260929T174139Z_4496f922_feasibility
5901425138,5902910102,Business and Finance Analyst (Finance/FP&A) India (1 PM–10 PM Shift),MMS,27fb4aa384e41616,20260929T174139Z_4496f922_feasibility
5901481036,5902911550,Staff Software Engineer/ Solution Architect,Epiq,7c26717432d25915,20260929T174139Z_4496f922_feasibility
5901556947,5902729319,Senior Test Software Engineer,Civica,e1b3322b0115a333,20260929T174139Z_4496f922_feasibility
5901556956,5902729497,Graphic Designer for a fashion Brand,Weekday AI,ecde81bd24c403c8,20260929T174139Z_4496f922_feasibility
5901635863,5902729337,Senior Delivery Manager / Delivery Lead,Accellor,8ae17ed7ae4c4af0,20260929T174139Z_4496f922_feasibility
5901695468,5901707324,Financial Plan & Analysis Senior Analyst,Accenture,91fea3a3c11bff12,20260929T174139Z_4496f922_feasibility
5901704753,5901762218,Senior Business Systems Analyst (AI / Data Products),Fresenius Medical Care,5815d54d2b9bd8d7,20260929T174012Z_b5985163_smoke
5901762316,5902920790,"Senior Manager, Software Engineering, Missionforce",Salesforce,fe15afa44a3bb5ab,20260929T174139Z_4496f922_feasibility
5901777130,5902729265,BI - Business Intelligence Analyst,FairMoney,cf9fae3765aae399,20260929T174012Z_b5985163_smoke
5901872321,5901872318,Software Engineer (III) - Core Engineer II,Tekwissen India,bf8317ceeb1c95fc,20260929T174139Z_4496f922_feasibility
5902067739,5902067758,Data Engineer ID89384,AgileEngine,86daa6c9a4327e12,20260929T174139Z_4496f922_feasibility
5902067752,5902067758,Data Engineer ID89384,AgileEngine,86daa6c9a4327e12,20260929T174139Z_4496f922_feasibility
5902067757,5902067758,Data Engineer ID89384,AgileEngine,86daa6c9a4327e12,20260929T174139Z_4496f922_feasibility
5902067764,5902067758,Data Engineer ID89384,AgileEngine,86daa6c9a4327e12,20260929T174139Z_4496f922_feasibility
5902067778,5902067758,Data Engineer ID89384,AgileEngine,86daa6c9a4327e12,20260929T174139Z_4496f922_feasibility
5902067784,5902067758,Data Engineer ID89384,AgileEngine,86daa6c9a4327e12,20260929T174139Z_4496f922_feasibility
5902067791,5902067758,Data Engineer ID89384,AgileEngine,86daa6c9a4327e12,20260929T174139Z_4496f922_feasibility
5902067792,5902067758,Data Engineer ID89384,AgileEngine,86daa6c9a4327e12,20260929T174139Z_4496f922_feasibility
5902067793,5902067758,Data Engineer ID89384,AgileEngine,86daa6c9a4327e12,20260929T174139Z_4496f922_feasibility
5902067794,5902067758,Data Engineer ID89384,AgileEngine,86daa6c9a4327e12,20260929T174139Z_4496f922_feasibility
5902067796,5902067758,Data Engineer ID89384,AgileEngine,86daa6c9a4327e12,20260929T174139Z_4496f922_feasibility
5902067799,5902067758,Data Engineer ID89384,AgileEngine,86daa6c9a4327e12,20260929T174139Z_4496f922_feasibility
5902067801,5902067758,Data Engineer ID89384,AgileEngine,86daa6c9a4327e12,20260929T174139Z_4496f922_feasibility
5902067807,5902067758,Data Engineer ID89384,AgileEngine,86daa6c9a4327e12,20260929T174139Z_4496f922_feasibility
5902067810,5902067758,Data Engineer ID89384,AgileEngine,86daa6c9a4327e12,20260929T174139Z_4496f922_feasibility
5902068573,5902511229,Program Manager PMU - Hyderabad,Rocket Learning,5cfa3e9f90345632,20260929T174139Z_4496f922_feasibility
5902539043,5902729301,Principal Architect - Payments & Ledger,YouTrip,d1336ae67bea4603,20260929T174139Z_4496f922_feasibility
5902539044,5902729417,Technical Program Manager,YouTrip,94275d160938a8a1,20260929T174139Z_4496f922_feasibility
5902580317,5902580426,Senior Software Engineer,Ferguson,a345e0951fc21db3,20260929T174139Z_4496f922_feasibility
5902631716,5902631717,Azure Data Engineer,Frontline Data Solutions,aecc9424e7e3a70f,20260929T174139Z_4496f922_feasibility
5902631722,5902631717,Azure Data Engineer,Frontline Data Solutions,aecc9424e7e3a70f,20260929T174139Z_4496f922_feasibility
5902721238,5902721326,"Senior/Principal Product Manager, User Onboarding & Growth (Crypto.com App)",Crypto.com,ed9f435532c90afc,20260929T174139Z_4496f922_feasibility
5902729963,5902729958,Business Analyst - Health Insurance (Fully Remote),CoverGo,9ad9191c30f075a3,20260929T174139Z_4496f922_feasibility
5902729995,5902729958,Business Analyst - Health Insurance (Fully Remote),CoverGo,9ad9191c30f075a3,20260929T174139Z_4496f922_feasibility
5902841828,5902841827,Project Manager - India,NowVertical,6888ef2eacc4c5e7,20260929T174139Z_4496f922_feasibility
5902910251,5902919201,Sr. Data Engineer - Data Engineering 4B,Genpact,bd27da1cd7a47dc5,20260929T174139Z_4496f922_feasibility
5902911667,5902914232,Platform Engineer – Storage Product Platform Development,Hewlett Packard Enterprise,adb0175476e26baf,20260929T174139Z_4496f922_feasibility
5902912989,5902917997,"Lead Information Security Engineer, ITC",Nike,2c0b11de36d3b5b1,20260929T174012Z_b5985163_smoke
5902914599,5902919201,Sr. Data Engineer - Data Engineering 4B,Genpact,bd27da1cd7a47dc5,20260929T174139Z_4496f922_feasibility
5902915460,5902919411,Principal Engineer - Data path - HPE Alletra Storage MP X10000 (Object Storage product development),Hewlett Packard Enterprise,8638513c60df0fda,20260929T174139Z_4496f922_feasibility
5902917729,5902919201,Sr. Data Engineer - Data Engineering 4B,Genpact,bd27da1cd7a47dc5,20260929T174139Z_4496f922_feasibility
