role,query_variant,status,title,n
Data Analyst,data analyst,matched,Data Analyst,106
Data Analyst,data analyst,matched,Senior Data Analyst,49
Data Analyst,data analyst,unmatched,"Sr. Analyst - BI, Reporting and Data Visualization 4B",8
Data Analyst,data analyst,matched,Lead Data Analyst,7
Data Analyst,data analyst,unmatched,Analyst - Business Data Services 5B,6
Data Analyst,data analyst,unmatched,"Sr. Analyst - BI, Reporting and Data Visualization 4A",6
Data Analyst,data analyst,matched,Data Analyst / Engineer,6
Data Analyst,data analyst,matched,Junior Data Analyst,5
Data Analyst,data analyst,unmatched,Analyst - Data,5
Data Analyst,data analyst,unmatched,Sales Data Quality Analyst,5
Data Analyst,data analyst,unmatched,"Lead Analyst - BI, Reporting and Data Visualization 4C",4
Data Analyst,data analyst,unmatched,Data Quality Analyst,4
Data Analyst,data analyst,unmatched,Sr. Analyst - Business Data Services 4A,4
Data Analyst,data analyst,matched,Data Analyst I,4
Data Analyst,data analyst,unmatched,HR Analyst - Workday Data Administration,4
Data Analyst,data analyst,matched,Senior Data Analyst I,4
Data Analyst,data analyst,unmatched,Analyst-Data Analytics,3
Data Analyst,data analyst,matched,Data Analyst Intern,3
Data Analyst,data analyst,matched,Master Data Analyst,3
Data Analyst,data analyst,ambiguous_multi,Data Analyst/Business Analyst,3
Data Analyst,data analyst,unmatched,Analyst - Data Engineering,3
Data Analyst,data analyst,unmatched,Data Governance Analyst,3
Data Analyst,data analyst,matched,End to End Product Data Analyst,3
Data Analyst,data analyst,unmatched,Sr. Analyst - Data Governance and Quality 4B,3
Data Analyst,data analyst,mapped:Business Analyst,Data Product Analyst,3
Data Analyst,data analyst,mapped:Business Analyst,Data Product Analyst Expert,3
Data Analyst,data analyst,matched,Principal Data Analyst,3
Data Analyst,data analyst,mapped:Business Analyst,"Business Analyst-Data Insights, Translation Services Operations",3
Data Analyst,data analyst,unmatched,Data Engineering Analyst,3
Data Analyst,data analyst,matched,Data Analyst II,3
Data Analyst,data analyst,mapped:Business Analyst,"Business Analyst, WHS Data",3
Data Analyst,data analyst,mapped:Financial Analyst,"Senior Financial Analyst, Data Center Finance",3
Data Analyst,data analyst,mapped:Business Analyst,"Business Analyst II, Ops Analytics & Data Engineering",3
Data Analyst,data analyst,unmatched,Data Engineering Senior Analyst,3
Data Analyst,data analyst,matched,Data Analyst Internship in Ahmedabad,3
Data Analyst,data analyst,matched,Sr. Data Analyst,3
Data Analyst,data analyst,unmatched,Lead Data Insight Analyst,3
Data Analyst,data analyst,mapped:Business Analyst,"Sr. Business Analyst, Global Data Analytics (GDA), Finance Operations",3
Data Analyst,data analyst,matched,Operational Data Analyst,3
Data Analyst,data analyst,mapped:Business Analyst,Senior Business Systems Analyst (AI / Data Products),2
Data Analyst,data analyst,unmatched,Data Research Analyst,2
Data Analyst,data analyst,matched,Lead - Data Analyst,2
Data Analyst,data analyst,matched,"Data Analyst, EDT Data Strategy & Marketing",2
Data Analyst,data analyst,matched,Senior Staff Data Analyst,2
Data Analyst,data analyst,unmatched,Senior Data Management Analyst,2
Data Analyst,data analyst,unmatched,"Analyst, Master Data Management",2
Data Analyst,data analyst,matched,Market Data Analyst,2
Data Analyst,data analyst,unmatched,Data & Analytics Analyst,2
Data Analyst,data analyst,matched,HR Data Analyst,2
Data Analyst,data analyst,unmatched,Senior Analyst-Data Science,2
Data Analyst,data analyst,unmatched,"Analyst-Data Analytics (Gen AI, Agentic AI)",2
Data Analyst,data analyst,unmatched,"Analyst, Data Interchange and Development",2
Data Analyst,data analyst,unmatched,Senior Analyst – Data & Analytics,2
Data Analyst,data analyst,unmatched,Data Operations Senior Analyst,2
Data Analyst,data analyst,unmatched,Senior Analyst-Data Analytics,2
Data Analyst,data analyst,matched,Data Analyst - Global Procurement & Planning COE,2
Data Analyst,data analyst,unmatched,Data Visualization Analyst,2
Data Analyst,data analyst,unmatched,"Sr Analyst, Data Engineering",2
Data Analyst,data analyst,matched,Assistant Manager - Data Analyst,2
Data Analyst,data analyst,unmatched,Data Operations Analyst,2
Data Analyst,data analyst,mapped:Business Analyst,"Data Business Analyst - (DataBricks, SAP, Azure)",2
Data Analyst,data analyst,unmatched,ANALYST DATA & INSIGHTS II,2
Data Analyst,data analyst,unmatched,Analyst Master Data Management(MDM),2
Data Analyst,data analyst,matched,Data Analyst 5B,2
Data Analyst,data analyst,unmatched,Analyst- Data Engineering,2
Data Analyst,data analyst,unmatched,Associate Data Center Operations Analyst - Mainframe Operations,2
Data Analyst,data analyst,unmatched,Analyst- Data Science and Advanced Analytics,2
Data Analyst,data analyst,matched,"Lead Cyber Defense Data Analyst, ITC",2
Data Analyst,data analyst,matched,Business/Data Analyst - Training & Certification,2
Data Analyst,data analyst,matched,Marketing Data Analyst,2
Data Analyst,data analyst,matched,Business Intelligence and Data Analyst,2
Data Analyst,data analyst,matched,Data Analyst III,2
Data Analyst,data analyst,matched,Litigation Data Analyst,2
Data Analyst,data analyst,matched,"Senior Data Analyst - SQL, BI Reporting & SAP BW",2
Data Analyst,data analyst,matched,Data Analyst (Remote),2
Data Analyst,data analyst,unmatched,Data Surveillance Analyst,2
Data Analyst,data analyst,matched,IND Senior Business Data Analyst,2
Data Analyst,data analyst,unmatched,Customer Data Governance Analyst,2
Data Analyst,data analyst,unmatched,Sr Analyst Data Process Management,2
Data Analyst,data analyst,mapped:Data Engineer,Senior Data Engineer (Analyst/Scientist) - Remote,2
Data Analyst,data analyst,unmatched,"Data Solutions Analyst, India",2
Data Analyst,data analyst,matched,Environmental Data Analyst,2
Data Analyst,data analyst,unmatched,Senior Data Engineering Analyst,2
Data Analyst,data analyst,matched,"Senior Data Analyst - SAP BW/ECC, Databricks & BI",2
Data Analyst,data analyst,matched,Senior Data Analyst Data Analytics,2
Data Analyst,data analyst,unmatched,Data Migration Analyst,2
Data Analyst,data analyst,unmatched,Sr. Analyst - Business Data Services 4B,2
Data Analyst,data analyst,matched,Lead Data Analyst - Data Operations,2
Data Analyst,data analyst,unmatched,Senior Analyst Data and Process Management,2
Data Analyst,data analyst,unmatched,Analyst Data Process Management,2
Data Analyst,data analyst,unmatched,Data Engineering Senior Analyst - Cigna Healthcare,2
Data Analyst,data analyst,matched,Business Data Analyst,2
Data Analyst,data analyst,unmatched,Distribution Data Management Analyst,2
Data Analyst,data analyst,unmatched,Regulatory Data & Reporting Analyst,2
Data Analyst,data analyst,matched,Binary Semantics - Senior Data Analyst - Tableau/Power BI,2
Data Analyst,data analyst,unmatched,Sr Analyst Data Systems and Automation -( Data Governance- Policies and Standards),2
Data Analyst,data analyst,unmatched,Market Data Operations Analyst,2
Data Analyst,data analyst,unmatched,Analyst - Data Governance,2
Data Analyst,data analyst,unmatched,Procurement Data Analytics & Reporting Analyst,2
Data Analyst,data analyst,unmatched,Data Quality Analyst - Senior 2,2
Data Analyst,data analyst,unmatched,Data Governance Analyst II,2
Data Analyst,data analyst,unmatched,"Senior Analyst, Data Management, IT",2
Data Analyst,data analyst,mapped:Business Analyst,Business Analyst - Patient Data,2
Data Analyst,data analyst,unmatched,S&C Global Network - AI - CDI - Data Science Analyst,2
Data Analyst,data analyst,matched,RegTech Data Analyst,2
Data Analyst,data analyst,matched,Senior Clinical Data Analyst,2
Data Analyst,data analyst,matched,Senior Associate Safety Data Analyst,2
Data Analyst,data analyst,matched,Lead Data Analyst - Profiling & Cleansing,2
Data Analyst,data analyst,matched,"Senior Data Analyst, IT PLM Platform",2
Data Analyst,data analyst,ambiguous_multi,Software Developer and Data Analyst (UG Freshers),2
Data Analyst,data analyst,matched,Data Analyst Internship in Pune,2
Data Analyst,data analyst,matched,Data Analyst / Data Operator / MIS Executive,2
Data Analyst,data analyst,matched,Data Analyst (MDM),2
Data Analyst,data analyst,matched,GBS Data Operations - Maintenance Data Analyst,1
Data Analyst,data analyst,matched,Senior Master Data Analyst - SCM,1
Data Analyst,data analyst,matched,0926-IND-185 - Lead Data Analyst,1
Data Analyst,data analyst,unmatched,Analyst - Data Solutions,1
Data Analyst,data analyst,unmatched,"Data Eng, Mgmt & Governance Sr Analyst",1
Data Analyst,data analyst,unmatched,"Analyst, Data Management",1
Data Analyst,data analyst,unmatched,Senior Risk Analyst – Data Science & Analytics,1
Data Analyst,data analyst,ambiguous_multi,Data Analyst / Data Scientist – AI & Analytics (Microsoft Fabric),1
Data Analyst,data analyst,unmatched,QA Analyst I (Data/SQL/Python),1
Data Analyst,data analyst,mapped:Business Analyst,Master Data Management Business Analyst-3,1
Data Analyst,data analyst,unmatched,Associate Product Data Optimization Analyst - Data Science/Machine Learning [T500-29709],1
Data Analyst,data analyst,matched,Staff Specialist Business Data Analyst,1
Data Analyst,data analyst,matched,ANT - Sr. Data Analyst,1
Data Analyst,data analyst,unmatched,Quality Analyst (Data Collection) IRC304981,1
Data Analyst,data analyst,unmatched,Data Measurement & Reporting Analyst - Cigna Healthcare,1
Data Analyst,data analyst,unmatched,"Senior Analyst I, Environment Offer Data and Performance",1
Data Analyst,data analyst,matched,"Data Analyst, Digital Thread - India",1
Data Analyst,data analyst,unmatched,Tech Operations and Support Analyst - USBU OBU Data Reporting Ops,1
Data Analyst,data analyst,matched,Senior MDM Product Data Analyst,1
Data Analyst,data analyst,unmatched,Clinical Data Svs Analyst,1
Data Analyst,data analyst,unmatched,Senior Analyst - Data Analytics,1
Data Analyst,data analyst,unmatched,Clinical Data Svs Sr Analyst,1
Data Analyst,data analyst,matched,Sr Data Analyst,1
Data Analyst,data analyst,unmatched,"Tech Operations and Support, Analyst - USBU OBU Data ML Ops",1
Data Analyst,data analyst,matched,Data Analyst (Python/SQL),1
Data Analyst,data analyst,unmatched,"Senior Analyst, Data Analytics",1
Data Analyst,data analyst,unmatched,Data analysis Analyst,1
Data Analyst,data analyst,matched,Senior EDI Data Analyst,1
Data Analyst,data analyst,matched,Lead Data Analyst (US Regulatory Reporting) - R01571259,1
Data Analyst,data analyst,matched,Reference Data Analyst,1
Data Analyst,data analyst,matched,"Data Analyst - Tableau, Power BI - Associate",1
Data Analyst,data analyst,unmatched,Labeling Data and Quality Analyst,1
Data Analyst,data analyst,unmatched,GIS Analyst - Data Solutions,1
Data Analyst,data analyst,matched,"Senior Data Analyst, Network Analytics & AI",1
Data Analyst,data analyst,unmatched,Index Data Research Analyst,1
Data Analyst,data analyst,unmatched,Senior Structured Data Access Control Process Analyst,1
Data Analyst,data analyst,unmatched,Solution Analyst - Data and Analytics 4B,1
Data Analyst,data analyst,unmatched,Senior Analyst - Clinical Data Abstraction,1
Data Analyst,data analyst,matched,"Data Analyst, Global Growth",1
Data Analyst,data analyst,matched,"Data Analyst, Regulatory Analytics and Reporting",1
Data Analyst,data analyst,mapped:Business Analyst,Business Analyst - P&C Insurance Data,1
Data Analyst,data analyst,matched,Data Analyst - Corporate Audit,1
Data Analyst,data analyst,unmatched,Associate Product Data Optimisation Analyst,1
Data Analyst,data analyst,matched,Senior Data Analyst – Analytics,1
Data Analyst,data analyst,unmatched,Buisness Analyst & Data,1
Data Analyst,data analyst,unmatched,Data Insight Analyst [T500-29603],1
Data Analyst,data analyst,matched,Pricing Ops Research & Data Analyst,1
Data Analyst,data analyst,matched,Business Data Analyst - Analytics & AI,1
Data Analyst,data analyst,unmatched,Quality Control Analyst - Data,1
Data Analyst,data analyst,matched,Team Member - Data Analyst,1
Data Analyst,data analyst,ambiguous_multi,Data Architect / Senior Business Analyst/Architect,1
Data Analyst,data analyst,unmatched,Analyst III - RGM Data Science,1
Data Analyst,data analyst,unmatched,Sr Analyst II Data Engineering,1
Data Analyst,data analyst,unmatched,Sr Analyst III Data Engineering,1
Data Analyst,data analyst,matched,Data Analyst - Pricing,1
Data Analyst,data analyst,unmatched,Associate Data Research Analyst-2,1
Data Analyst,data analyst,matched,"Financial Data Analyst Intern, Technical Operations",1
Data Analyst,data analyst,mapped:Data Engineer,Senior Data Engineer/Analyst (India- Remote),1
Data Analyst,data analyst,unmatched,Analyst Tender Data Management,1
Data Analyst,data analyst,matched,Business and Data analyst,1
Data Analyst,data analyst,unmatched,Data Governance Technical Analyst - Assistant Vice President,1
Data Analyst,data analyst,unmatched,Data Analysis Analyst SQL,1
Data Analyst,data analyst,mapped:Business Analyst,Data and Business Analyst,1
Data Analyst,data analyst,unmatched,Data Analytics Analyst,1
Data Analyst,data analyst,unmatched,Data Governance and Quality Analyst,1
Data Analyst,data analyst,unmatched,Senior Data Information management Analyst- Assistant Vice President,1
Data Analyst,data analyst,unmatched,Data Insight Analyst,1
Data Analyst,data analyst,matched,"Data Analyst [Rajkot, India]",1
Data Analyst,data analyst,matched,Sales Data Analyst,1
Data Analyst,data analyst,matched,Sales Operation Analyst (Data Analyst Sales),1
Data Analyst,data analyst,matched,Sales Data Analyst (Revenue Operations) | Bangalore,1
Data Analyst,data analyst,matched,Data Analyst - Senior II,1
Data Analyst,data analyst,unmatched,Technical Data Implementation Analyst,1
Data Analyst,data analyst,unmatched,"Tech Operations and Support, Analyst - USBU OBU Data Reporting Ops",1
Data Analyst,data analyst,matched,Sr Business Data Analyst - AI & Analytics,1
Data Analyst,data analyst,unmatched,Senior Analyst Data Quality - IDMC,1
Data Analyst,data analyst,matched,GSS Data Analyst,1
Data Analyst,data analyst,matched,Data Analyst Apprentice - 11 Months Contract,1
Data Analyst,data analyst,matched,"Data Analyst, Stewardship",1
Data Analyst,data analyst,matched,"Data Analyst, Exploration",1
Data Analyst,data analyst,mapped:Data Scientist,Analyst - Data Scientist Machine Learning,1
Data Analyst,data analyst,unmatched,Analyst-Data Science,1
Data Analyst,data analyst,unmatched,Senior Analyst - Data & Analytics,1
Data Analyst,data analyst,unmatched,Analyst - Data Governance & Management,1
Data Analyst,data analyst,unmatched,"Analyst, Data Analytics",1
Data Analyst,data analyst,unmatched,Analyst - Master Data Management,1
Data Analyst,data analyst,matched,Executive - MIS & Data Analyst,1
Data Analyst,data analyst,unmatched,Data Annotation Analyst,1
Data Analyst,data analyst,unmatched,"Senior Analyst, Data & Analytics",1
Data Analyst,data analyst,unmatched,Data Management Strategy & Governance Lead Analyst - Cigna Healthcare,1
Data Analyst,data analyst,unmatched,Sr Analyst- L1 Support Engineer- Data platform Cloud support,1
Data Analyst,data analyst,matched,Data Analyst/Engineer – SCG India,1
Data Analyst,data analyst,unmatched,Data Solutions & Analytics Senior Analyst,1
Data Analyst,data analyst,matched,Data Analyst – AV Support Data Infrastructure & Analytics,1
Data Analyst,data analyst,unmatched,ANALYST DATA & INSIGHTS III,1
Data Analyst,data analyst,matched,Sr. Data Analyst - Data Management & Governance Job,1
Data Analyst,data analyst,matched,Global Size Data Analyst - Data Pillar,1
Data Analyst,data analyst,unmatched,Analyst - Data & Analytics PBWM India FO Extn,1
Data Analyst,data analyst,unmatched,Sr Analyst – Data & Governance,1
Data Analyst,data analyst,matched,SAP Data Analyst - 8-Month Cloud Project,1
Data Analyst,data analyst,matched,"Senior Business Data Analyst - (DataBricks, SAP, Azure)",1
Data Analyst,data analyst,unmatched,Operation Analyst - Master Data Management,1
Data Analyst,data analyst,matched,SENIOR DATA ANALYST,1
Data Analyst,data analyst,unmatched,Data Governance Analysts - Collibra & Data Marketplace,1
Data Analyst,data analyst,matched,Online Data Analyst - Urdu (IN),1
Data Analyst,data analyst,unmatched,Quality Analyst (Data Auditor),1
Data Analyst,data analyst,matched,Snowflake Data Analyst,1
Data Analyst,data analyst,unmatched,Junior Legal / Paralegal Analyst – Contract Data Extraction | Fixed Term Contract,1
Data Analyst,data analyst,unmatched,Data Analytics Intermediate Analyst,1
Data Analyst,data analyst,unmatched,Reference Data Services Intmd Analyst,1
Data Analyst,data analyst,unmatched,Senior Analyst-Data Analytics and Reporting-SQL-Python,1
Data Analyst,data analyst,mapped:Data Engineer,Data Engineer - Analyst,1
Data Analyst,data analyst,unmatched,"Senior Data & Analytics Analyst, AVP",1
Data Analyst,data analyst,unmatched,Analyst Data & Insight,1
Data Analyst,data analyst,unmatched,Analyst - Data & Insights,1
Data Analyst,data analyst,matched,DATA ANALYST L4,1
Data Analyst,data analyst,matched,Data Analyst Team Lead,1
Data Analyst,data analyst,matched,Azure AI Data Analyst,1
Data Analyst,data analyst,unmatched,Data Management Analyst,1
Data Analyst,data analyst,matched,Senior Data Modeler & Data Analyst-Data Platform-8 Years-Remote,1
Data Analyst,data analyst,matched,Data Analyst - Senior,1
Data Analyst,data analyst,ambiguous_multi,Business Analyst Data Analyst JobID JC0015828,1
Data Analyst,data analyst,unmatched,"Sr. Research Analyst - BI, Reporting and Data Visualization 4A",1
Data Analyst,data analyst,matched,"Treasury ALM Senior Data Analyst, Assistant Manager",1
Data Analyst,data analyst,unmatched,Data & Reporting Analyst - 10437,1
Data Analyst,data analyst,matched,Intergrated Audit Data Analyst - Officer,1
Data Analyst,data analyst,matched,Big Data Analyst,1
Data Analyst,data analyst,mapped:Business Analyst,Data Product Analyst Specialist,1
Data Analyst,data analyst,unmatched,Senior Analyst - Data Management,1
Data Analyst,data analyst,matched,"Data Analyst (Remote, India)",1
Data Analyst,data analyst,matched,Salesforce Functional Data Analyst JobID JC0015827,1
Data Analyst,data analyst,mapped:Business Analyst,"Business Analyst: Carrier Data, Integrations & Automation (Commercial Insurance)",1
Data Analyst,data analyst,matched,Data Analyst - Customer Experience,1
Data Analyst,data analyst,matched,Power BI Specialist/Data analyst,1
Data Analyst,data analyst,unmatched,The Core Engineering - NFR & Controls Data Eng - Analyst - Hyderabad,1
Data Analyst,data analyst,matched,Data Analyst Banking,1
Data Analyst,data analyst,unmatched,Analyst I Data Engineering,1
Data Analyst,data analyst,matched,Lead - Data Analyst - GBS CRP Data Analytics,1
Data Analyst,data analyst,unmatched,Knowledge Analyst – Data Curation & Classification,1
Data Analyst,data analyst,unmatched,Data & Governance Senior Analyst,1
Data Analyst,data analyst,mapped:Data Engineer,Data Engineer & Analyst – Data Pipelines & Analytics (Backend),1
Data Analyst,data analyst,unmatched,Associate Data Governance Analyst,1
Data Analyst,data analyst,matched,Senior Data Analyst (Spot),1
Data Analyst,data analyst,matched,Senior Data Analyst – Tableau,1
Data Analyst,data analyst,unmatched,Alts Data Operations Analyst,1
Data Analyst,data analyst,matched,Program Operations Analyst Data Analyst,1
Data Analyst,data analyst,unmatched,Senior Campaign Data and Operations Analyst Immediate Joiner,1
Data Analyst,data analyst,unmatched,Analyst - Data & Analytics,1
Data Analyst,data analyst,matched,Data Analyst - Data Analyst L3 (5.1-7 years),1
Data Analyst,data analyst,matched,EViews Specialist - Data Analyst,1
Data Analyst,data analyst,matched,Stata SE Expert - Data Analyst,1
Data Analyst,data analyst,matched,Jr. Data Analyst,1
Data Analyst,data analyst,matched,Data Analyst (Fully Remote) – Top US MNC (Enterprise Software),1
Data Analyst,data analyst,matched,OriginPro Expert - Data Analyst,1
Data Analyst,data analyst,ambiguous_multi,Senior Digital Marketing Data Analyst - Python and Pyspark,1
Data Analyst,data analyst,ambiguous_multi,Digital Marketing Data Analyst - Python and Pyspark,1
Data Analyst,data analyst,unmatched,Data Privacy Analyst (Remote),1
Data Analyst,data analyst,matched,Turkish Data Analyst (Remote),1
Data Analyst,data analyst,matched,Data Analyst Fintech,1
Data Analyst,data analyst,unmatched,Quality Analyst - Data Review Expert,1
Data Analyst,data analyst,unmatched,ANALYST DATA & INSIGHTS,1
Data Analyst,data analyst,unmatched,Analyst - Data Center Operations,1
Data Analyst,data analyst,matched,Senior Data Analyst – Remote India,1
Data Analyst,data analyst,matched,Manager Data Analyst,1
Data Analyst,data analyst,unmatched,Solution Analyst - Data and Analytics 4A,1
Data Analyst,data analyst,unmatched,"Senior Analyst, Data Engineering",1
Data Analyst,data analyst,unmatched,"Senior Analyst, Risk Data Management",1
Data Analyst,data analyst,unmatched,Product Data Control Analyst,1
Data Analyst,data analyst,matched,Salesforce Data Analyst 2,1
Data Analyst,data analyst,matched,CDP-Tech Data Analyst,1
Data Analyst,data analyst,unmatched,GTM Data & AI Analyst - Night Shift,1
Data Analyst,data analyst,matched,Sr. Data Analyst – SDM,1
Data Analyst,data analyst,mapped:Business Analyst,"Business Analyst, Ring Data Engineering Services",1
Data Analyst,data analyst,matched,"Data Analyst, NYC",1
Data Analyst,data analyst,matched,Data Analyst Intern (Finance) - January to May 2027,1
Data Analyst,data analyst,matched,Process and Data Analyst,1
Data Analyst,data analyst,matched,Data Analyst IV,1
Data Analyst,data analyst,unmatched,"Sr. Analyst, Data & Analytics",1
Data Analyst,data analyst,mapped:Business Analyst,SAP Business Analyst Data Migrations,1
Data Analyst,data analyst,mapped:Business Analyst,"Business Analyst - Data Systems - Bengaluru, India",1
Data Analyst,data analyst,unmatched,Senior Analyst- Trade Accruals - Data operations,1
Data Analyst,data analyst,matched,Binance Accelerator Program - Data Analyst,1
Data Analyst,data analyst,unmatched,"Sr. Analyst, Global Data Science Supply Chain",1
Data Analyst,data analyst,matched,Data Analyst - Credit,1
Data Analyst,data analyst,mapped:Business Analyst,Data/BI/Business Analyst,1
Data Analyst,data analyst,matched,Data Analyst - Technical Data PM,1
Data Analyst,data analyst,matched,Senior Data Analyst 1,1
Data Analyst,data analyst,matched,Transport Economist cum Data Analyst,1
Data Analyst,data analyst,matched,"Staff Data Analyst, People Analytics",1
Data Analyst,data analyst,mapped:Business Analyst,Master Data Management Business Analyst-1,1
Data Analyst,data analyst,matched,Data Analyst Acquisition,1
Data Analyst,data analyst,matched,Business Operations & Data Analyst,1
Data Analyst,data analyst,unmatched,Data & Integration Analyst,1
Data Analyst,data analyst,matched,Senior Data Analyst/Programmer,1
Data Analyst,data analyst,matched,Senior Data Analyst- Tableau,1
Data Analyst,data analyst,matched,Quality Data Analyst,1
Data Analyst,data analyst,unmatched,"Senior Analyst, Data Privacy",1
Data Analyst,data analyst,matched,"Data Analyst, Finance and Payments",1
Data Analyst,data analyst,matched,Sr. Data Analyst| Mumbai,1
Data Analyst,data analyst,matched,"(IND) Senior, Data Analyst",1
Data Analyst,data analyst,matched,CDP - Data Analyst,1
Data Analyst,data analyst,unmatched,Data Security Analyst Engineer,1
Data Analyst,data analyst,mapped:Business Analyst,Vice President (VP) Data Business Analyst,1
Data Analyst,data analyst,ambiguous_multi,"Associate, Data Analyst / Business Analyst, Data Chapter",1
Data Analyst,data analyst,matched,GCP Data Analyst,1
Data Analyst,data analyst,matched,Data Analyst – Power Platform,1
Data Analyst,data analyst,unmatched,Assistant Analyst - Quality System Data Management,1
Data Analyst,data analyst,unmatched,Payroll Governance & Compliance Data Analytics Analyst,1
Data Analyst,data analyst,matched,Quantitative Data Analyst,1
Data Analyst,data analyst,matched,Online Data Analyst - Odia Language,1
Data Analyst,data analyst,matched,Data Analyst (3-5 YRS)-BLR,1
Data Analyst,data analyst,matched,"Data Analyst II, Incentive Compensation",1
Data Analyst,data analyst,matched,Data analyst - Customer & Pricing,1
Data Analyst,data analyst,matched,Global Employee Data Analyst,1
Data Analyst,data analyst,unmatched,Senior Analyst Data science- Marketing,1
Data Analyst,data analyst,matched,Senior Data Analyst (Advanced Excel with PowerBI) - Gurgaon Location,1
Data Analyst,data analyst,unmatched,"Analyst II, Data Assurance , Finance",1
Data Analyst,data analyst,unmatched,Data and Reporting Analyst – Private Wealth Solutions,1
Data Analyst,data analyst,matched,Sr. Data Analyst (Data Science),1
Data Analyst,data analyst,matched,Data Analyst - Team Lead,1
Data Analyst,data analyst,unmatched,Principal Data Operations Analyst,1
Data Analyst,data analyst,matched,"Associate, Finance Technology Data Analyst",1
Data Analyst,data analyst,unmatched,IDMC Master Data Management Analyst,1
Data Analyst,data analyst,matched,Lead Data Analyst - Cyber Incident Review,1
Data Analyst,data analyst,unmatched,Data Operation Analyst,1
Data Analyst,data analyst,unmatched,Data Loss Prevention Analyst,1
Data Analyst,data analyst,unmatched,PMI Delivery / Technical Analyst / M&A Data Integration Lead,1
Data Analyst,data analyst,unmatched,Data Operation Analyst-English,1
Data Analyst,data analyst,unmatched,Data & Security Analyst,1
Data Analyst,data analyst,unmatched,Data Protection & Responsible AI Analyst,1
Data Analyst,data analyst,unmatched,"Manager, Energy Market Analyst (Data)",1
Data Analyst,data analyst,matched,Sr. Data Analyst 4A,1
Data Analyst,data analyst,unmatched,"Lead, Energy Market Analyst (Data)",1
Data Analyst,data analyst,matched,Data Analyst - Bilingual,1
Data Analyst,data analyst,matched,Associate Data Analyst,1
Data Analyst,data analyst,matched,Data Analyst 4,1
Data Analyst,data analyst,unmatched,Analyst - Finance Data Capability,1
Data Analyst,data analyst,matched,Data Analyst - HR,1
Data Analyst,data analyst,matched,Senior Business Data Analyst,1
Data Analyst,data analyst,unmatched,Data & Insights Analyst,1
Data Analyst,data analyst,matched,"Senior Marketing Data Analyst (Python, SQL)",1
Data Analyst,data analyst,matched,Sr. Associate/Lead: Data Analyst – Schools of Excellence,1
Data Analyst,data analyst,matched,Intern - Data Analyst,1
Data Analyst,data analyst,unmatched,Research Analyst - Data Annotation,1
Data Analyst,data analyst,matched,Executive Data Analyst,1
Data Analyst,data analyst,unmatched,Data Protection Analyst,1
Data Analyst,data analyst,unmatched,Analyst - Counterparty Data,1
Data Analyst,data analyst,unmatched,Data Governance Policy & Standards Analyst 2,1
Data Analyst,data analyst,matched,Engineer - Data Analyst,1
Data Analyst,data analyst,unmatched,"Strategic initiatives - Sr Analyst(Research, Data Analysis, Reporting)",1
Data Analyst,data analyst,unmatched,Principal Data Quality Analyst,1
Data Analyst,data analyst,matched,Senior Data Analyst I with Python Experience,1
Data Analyst,data analyst,matched,Data Analyst (Tableau),1
Data Analyst,data analyst,matched,Data Analyst - Intern,1
Data Analyst,data analyst,unmatched,Pre-Sales Analyst - Data & Analytics,1
Data Analyst,data analyst,matched,Call Center Data Analyst,1
Data Analyst,data analyst,matched,Aerospace Warranty Data Analyst,1
Data Analyst,data analyst,ambiguous_multi,Data Analyst / Data Engineer,1
Data Analyst,data analyst,matched,Data Analyst (Tibco Webfocus ),1
Data Analyst,data analyst,matched,Sr Data Analyst_Campaign Management Analytics,1
Data Analyst,data analyst,unmatched,Tax Data & Operations Analyst,1
Data Analyst,data analyst,matched,Sr Data Analyst (Tariff Data,1
Data Analyst,data analyst,matched,Mirai- Data Analyst,1
Data Analyst,data analyst,matched,AI Data Analyst,1
Data Analyst,data analyst,matched,Sr Lead Data analyst- R01570137,1
Data Analyst,data analyst,matched,"Corporate Audit Integrated Data Analyst, Officer",1
Data Analyst,data analyst,matched,Staff AI & Automation Data Analyst,1
Data Analyst,data analyst,unmatched,Data Testing - Cloud Analyst,1
Data Analyst,data analyst,matched,Healthcare_ Data Analyst_Q2,1
Data Analyst,data analyst,matched,Data Analyst -Survey Administration,1
Data Analyst,data analyst,unmatched,Remote IT Operations Analyst Data Entry and Service Management Specialist for,1
Data Analyst,data analyst,unmatched,Data Operations Analyst Isdma Ibm Project Gurugram,1
Data Analyst,data analyst,matched,Data Analyst SQL Hybrid Working,1
Data Analyst,data analyst,matched,Senior Data Analyst - CSA,1
Data Analyst,data analyst,unmatched,Data Governance Analyst (MS Purview),1
Data Analyst,data analyst,unmatched,AVP - Data Governance Foundation Sr Analyst,1
Data Analyst,data analyst,matched,Data Analyst - Revenue Operations,1
Data Analyst,data analyst,unmatched,Lead Analyst - Credit Data Solutions,1
Data Analyst,data analyst,matched,Liquidity Reporting- data analyst,1
Data Analyst,data analyst,unmatched,Data Engineering Lead Analyst - HIH - Evernorth,1
Data Analyst,data analyst,matched,Reporting and Data Analyst,1
Data Analyst,data analyst,matched,Flight Data Analyst,1
Data Analyst,data analyst,mapped:Business Analyst,Senior System Analyst- Data Warehouse,1
Data Analyst,data analyst,mapped:Data Engineer,Analyst - Data Engineer,1
Data Analyst,data analyst,matched,Sr. Specialist Data Analyst,1
Data Analyst,data analyst,ambiguous_multi,Data Analyst - Digital Marketing,1
Data Analyst,data analyst,matched,Data Analyst Lead,1
Data Analyst,bi analyst,unmatched,"Sr. Analyst - BI, Reporting and Data Visualization 4B",8
Data Analyst,bi analyst,unmatched,"Sr. Analyst - BI, Reporting and Data Visualization 4A",6
Data Analyst,bi analyst,matched,BI Analyst,5
Data Analyst,bi analyst,unmatched,"Lead Analyst - BI, Reporting and Data Visualization 4C",4
Data Analyst,bi analyst,matched,Senior BI Analyst,3
Data Analyst,bi analyst,matched,BI - Business Intelligence Analyst,2
Data Analyst,bi analyst,mapped:Financial Analyst,Lead Financial Planning & Analysis Analyst - Power BI Development,2
Data Analyst,bi analyst,unmatched,Lead Analyst/ Associate Consultant-Power BI with paginated reports,2
Data Analyst,bi analyst,matched,"Senior Data Analyst - SQL, BI Reporting & SAP BW",2
Data Analyst,bi analyst,mapped:Business Analyst,System Analyst - Power BI/Python/VBA/R,2
Data Analyst,bi analyst,unmatched,BI Reporting Senior Support Analyst,2
Data Analyst,bi analyst,matched,Binary Semantics - Senior Data Analyst - Tableau/Power BI,2
Data Analyst,bi analyst,matched,"Data Analyst - Tableau, Power BI - Associate",1
Data Analyst,bi analyst,matched,GTM BI Analyst,1
Data Analyst,bi analyst,unmatched,RevOps SF Analyst and Power BI,1
Data Analyst,bi analyst,unmatched,BI Reporting Analyst,1
Data Analyst,bi analyst,unmatched,Senior Insights Analyst - Power BI (Italian Speaking),1
Data Analyst,bi analyst,unmatched,BI & MIS ANALYST – POWER BI & SQL EXPERT,1
Data Analyst,bi analyst,unmatched,"Sr. Research Analyst - BI, Reporting and Data Visualization 4A",1
Data Analyst,bi analyst,matched,Power BI Specialist/Data analyst,1
Data Analyst,bi analyst,mapped:Business Analyst,Business Analyst - Power BI with Snowflake,1
Data Analyst,bi analyst,mapped:Business Analyst,Data/BI/Business Analyst,1
Data Analyst,bi analyst,matched,Middle Financial BI Analyst,1
Data Analyst,bi analyst,mapped:Business Analyst,French - Business Analyst with Power BI or HR Functional,1
Data Analyst,bi analyst,matched,Sr BI Analyst,1
Data Analyst,bi analyst,matched,TPM  RGM Process & BI Analyst-Senior Associate-Bangalore,1
Data Analyst,bi analyst,unmatched,S&C Global Network - AI - BI Strategy – Senior Analyst,1
Data Analyst,bi analyst,matched,Sr. BI Analyst,1
Data Analyst,bi analyst,unmatched,"Sr. Research Analyst - BI, Reporting and Data Visualization 4B",1
Data Analyst,bi analyst,matched,Data Analyst/BI Developer,1
Data Analyst,bi analyst,matched,Tableau Developer with Snowflake/ BI Analyst,1
Data Analyst,bi analyst,matched,Senior Power BI Analyst / Developer (Azure Cloud),1
Data Analyst,bi analyst,unmatched,Junior Power BI Developer/Analyst,1
Data Analyst,bi analyst,matched,Power BI Developer / Data Analyst,1
Data Analyst,bi analyst,matched,Senior BI Analyst - Power BI & Commercial Analytics,1
Data Analyst,business intelligence analyst,matched,Business Intelligence Analyst,12
Data Analyst,business intelligence analyst,matched,BI - Business Intelligence Analyst,2
Data Analyst,business intelligence analyst,unmatched,"Analyst, Business & Competitive Intelligence",2
Data Analyst,business intelligence analyst,matched,People Business Intelligence Analyst,2
Data Analyst,business intelligence analyst,matched,Business Intelligence and Data Analyst,2
Data Analyst,business intelligence analyst,unmatched,"Senior Analyst, Business Intelligence",2
Data Analyst,business intelligence analyst,matched,Business Intelligence Analyst II,2
Data Analyst,business intelligence analyst,matched,Senior Business Intelligence Analyst,1
Data Analyst,business intelligence analyst,matched,Business Intelligence Analyst_97046,1
Data Analyst,business intelligence analyst,unmatched,Lead/ Sr. Analyst – Business Research/ Market Intelligence/ Competitive Intelligence,1
Data Analyst,business intelligence analyst,matched,Group Finance Business Intelligence Analyst,1
Data Analyst,business intelligence analyst,matched,"Business Intelligence Analyst, Revenue Operations (India Remote) - Hours 1-9pm IST",1
Data Analyst,business intelligence analyst,unmatched,Analyst Business Intelligence,1
Data Analyst,business intelligence analyst,matched,Business Intelligence Analyst - II,1
Data Analyst,business intelligence analyst,mapped:Business Analyst,Senior Business Analyst – Agentic Enterprise Intelligence (AEI),1
Data Analyst,business intelligence analyst,matched,SR BUSINESS INTELLIGENCE ANALYST,1
Data Analyst,business intelligence analyst,unmatched,Senior Analyst- BUSINESS INTELLIGENCE,1
Data Analyst,business intelligence analyst,unmatched,Sr Analyst Business Intelligence,1
Data Analyst,business intelligence analyst,unmatched,Sr. D&T Analyst – Business Intelligence,1
Data Analyst,business intelligence analyst,matched,Business Intelligence Analyst On Contract / Off-Roll,1
Data Analyst,business intelligence analyst,unmatched,Lead Analyst – Business Intelligence (SQLSemantic),1
Data Analyst,business intelligence analyst,matched,Business Intelligence Analyst (Hotel Revenue Data),1
Data Analyst,business intelligence analyst,matched,WALK IN DRIVE - Business Intelligence Analyst - 13th August,1
Data Analyst,business intelligence analyst,unmatched,"Analyst, Business Intelligence (Operations, Product & Support)",1
Data Analyst,business intelligence analyst,matched,Business Intelligence Analyst - Product,1
Data Analyst,business intelligence analyst,unmatched,AVP Business Intelligence Senior Analyst,1
Data Analyst,business intelligence analyst,matched,PTSI | Business Intelligence Analyst,1
Data Analyst,reporting analyst,unmatched,Record to Report Ops Analyst,42
Data Analyst,reporting analyst,unmatched,Record to Report Ops Senior Analyst,35
Data Analyst,reporting analyst,unmatched,"Sr. Analyst - BI, Reporting and Data Visualization 4B",8
Data Analyst,reporting analyst,unmatched,Reporting Analyst,6
Data Analyst,reporting analyst,unmatched,"Sr. Analyst - BI, Reporting and Data Visualization 4A",6
Data Analyst,reporting analyst,unmatched,"Lead Analyst - BI, Reporting and Data Visualization 4C",4
Data Analyst,reporting analyst,unmatched,"Senior Tax Analyst, Foreign Reporting & Compliance, Withholding Tax",4
Data Analyst,reporting analyst,mapped:Business Analyst,"Business Analyst, RBS ARTS (Automation Reporting and Tech Sciences)",4
Data Analyst,reporting analyst,unmatched,"Analyst, Accounting & Reporting",3
Data Analyst,reporting analyst,unmatched,Analyst - Account to Report,3
Data Analyst,reporting analyst,unmatched,Measurement and Report Senior Analyst,3
Data Analyst,reporting analyst,unmatched,"Tax Analyst I, Foreign Reporting & Compliance",3
Data Analyst,reporting analyst,unmatched,"Senior Tax Analyst, Foreign Tax Reporting and Compliance",3
Data Analyst,reporting analyst,unmatched,Senior Reporting Analyst,3
Data Analyst,reporting analyst,mapped:Business Analyst,"Business Analyst I, Automation, Reporting and Tech sciences (ARTS)",3
Data Analyst,reporting analyst,mapped:Financial Analyst,Financial Analyst-Record to Report,2
Data Analyst,reporting analyst,unmatched,"Financial and Regulatory Reporting Senior Analyst, AVP",2
Data Analyst,reporting analyst,unmatched,Regulatory Reporting Analyst,2
Data Analyst,reporting analyst,unmatched,BSA Administration and Reporting Senior Analyst,2
Data Analyst,reporting analyst,unmatched,Measurement and Report Analyst,2
Data Analyst,reporting analyst,unmatched,Senior Reporting & Insights Analyst,2
Data Analyst,reporting analyst,matched,"Senior Data Analyst - SQL, BI Reporting & SAP BW",2
Data Analyst,reporting analyst,unmatched,Oracle HR Reporting Analyst,2
Data Analyst,reporting analyst,unmatched,Measurement & Report Senior Analyst,2
Data Analyst,reporting analyst,unmatched,Senior Analyst Reporting Solutions,2
Data Analyst,reporting analyst,unmatched,Senior Analyst - Regulatory Reporting,2
Data Analyst,reporting analyst,unmatched,Sr. Analyst - Account to Report,2
Data Analyst,reporting analyst,unmatched,"AVP, Group Reporting Process Analyst",2
Data Analyst,reporting analyst,unmatched,Financial Reporting Analyst,2
Data Analyst,reporting analyst,unmatched,BI Reporting Senior Support Analyst,2
Data Analyst,reporting analyst,unmatched,Regulatory Data & Reporting Analyst,2
Data Analyst,reporting analyst,unmatched,Procurement Data Analytics & Reporting Analyst,2
Data Analyst,reporting analyst,unmatched,WFM Reporting Analyst,2
Data Analyst,reporting analyst,unmatched,Senior Analyst - Account to Report,2
Data Analyst,reporting analyst,unmatched,RCM MIS & Reporting Analyst,2
Data Analyst,reporting analyst,unmatched,Measurement & Report Analyst,1
Data Analyst,reporting analyst,unmatched,GFCC Enablement Reporting Analyst-Compliance,1
Data Analyst,reporting analyst,unmatched,Record to Report ops Senior Analyst,1
Data Analyst,reporting analyst,unmatched,Data Measurement & Reporting Analyst - Cigna Healthcare,1
Data Analyst,reporting analyst,unmatched,Associate Systems & Reporting Analyst [T500-29707],1
Data Analyst,reporting analyst,unmatched,Tech Operations and Support Analyst - USBU OBU Data Reporting Ops,1
Data Analyst,reporting analyst,unmatched,Associate Senior Financial Reporting Analyst,1
Data Analyst,reporting analyst,unmatched,Servicing Reporting Intermediate Analyst,1
Data Analyst,reporting analyst,matched,Lead Data Analyst (US Regulatory Reporting) - R01571259,1
Data Analyst,reporting analyst,unmatched,Workday Reporting Analyst (People Analytics),1
Data Analyst,reporting analyst,matched,"Data Analyst, Regulatory Analytics and Reporting",1
Data Analyst,reporting analyst,unmatched,"Senior Risk Reporting Analyst, Wholesale Credit Risk, AVP (Hybrid)",1
Data Analyst,reporting analyst,unmatched,Associate Systems & Reporting Analyst,1
Data Analyst,reporting analyst,unmatched,Record-to-Report Analyst,1
Data Analyst,reporting analyst,unmatched,Accounting & Reporting Analyst - Accounts Payable_15,1
Data Analyst,reporting analyst,unmatched,BSA Administration and Reporting Junior Analyst,1
Data Analyst,reporting analyst,unmatched,"Tech Operations and Support, Principal Analyst -Reporting & ML Ops",1
Data Analyst,reporting analyst,mapped:Financial Analyst,Reporting/Finance Analyst,1
Data Analyst,reporting analyst,unmatched,Accounting & Financial Reporting Analyst,1
Data Analyst,reporting analyst,unmatched,BI Reporting Analyst,1
Data Analyst,reporting analyst,unmatched,"Tech Operations and Support, Analyst - USBU OBU Data Reporting Ops",1
Data Analyst,reporting analyst,unmatched,GFCC Detect/Report Analyst,1
Data Analyst,reporting analyst,unmatched,Record to report Operations analyst,1
Data Analyst,reporting analyst,unmatched,External Reporting Controller - Analyst,1
Data Analyst,reporting analyst,unmatched,BSA Administration and Reporting Analyst,1
Data Analyst,reporting analyst,unmatched,MIS Reporting Analyst,1
Data Analyst,reporting analyst,unmatched,Senior Accounting Analyst- Closing & Reporting- A2R,1
Data Analyst,reporting analyst,unmatched,Senior Analyst-Data Analytics and Reporting-SQL-Python,1
Data Analyst,reporting analyst,unmatched,"Senior Analyst , Client Reporting",1
Data Analyst,reporting analyst,mapped:Project Manager,Lead Project Manager (Regulatory Reporting Analyst),1
Data Analyst,reporting analyst,unmatched,Workday Analyst – Workday Reporting,1
Data Analyst,reporting analyst,unmatched,Accounting Analyst- Closing & Reporting- A2R,1
Data Analyst,reporting analyst,unmatched,"Sr. Research Analyst - BI, Reporting and Data Visualization 4A",1
Data Analyst,reporting analyst,unmatched,Data & Reporting Analyst - 10437,1
Data Analyst,reporting analyst,unmatched,Payments Regulatory Reporting Operations - Analyst,1
Data Analyst,reporting analyst,unmatched,Analyst - Flight Operations Safety Reporting and Insights,1
Data Analyst,reporting analyst,unmatched,Reporting Analyst II,1
Data Analyst,reporting analyst,unmatched,Senior Analyst- Risk Reporting,1
Data Analyst,reporting analyst,unmatched,Sr Analyst Accounting & Financial Reporting,1
Data Analyst,reporting analyst,unmatched,Client Reporting Analyst,1
Data Analyst,reporting analyst,unmatched,Technology Reporting & Insights Analyst- Senior Associate,1
Data Analyst,reporting analyst,unmatched,Financial Planning & Reporting Analyst,1
Data Analyst,reporting analyst,unmatched,"Risk Reporting Senior Analyst, Assistant Vice President",1
Data Analyst,reporting analyst,unmatched,SR HRIS / Workday Reporting Analyst,1
Data Analyst,reporting analyst,unmatched,Suspicious Activity Report - Analyst,1
Data Analyst,reporting analyst,unmatched,Reporting & Visualization Analyst,1
Data Analyst,reporting analyst,unmatched,IPG Senior Reporting Analyst,1
Data Analyst,reporting analyst,unmatched,Sr IPG Reporting Analyst,1
Data Analyst,reporting analyst,unmatched,"Senior Marketing Analyst, Reporting & Insights",1
Data Analyst,reporting analyst,unmatched,Analyst - Agency Reporting,1
Data Analyst,reporting analyst,unmatched,External Reporting - Analyst,1
Data Analyst,reporting analyst,unmatched,Accounting & Reporting Analyst,1
Data Analyst,reporting analyst,unmatched,"Fund Accounting &/or Reporting Analyst, AS",1
Data Analyst,reporting analyst,unmatched,Analyst - IFRS Reporting,1
Data Analyst,reporting analyst,unmatched,"Credit Risk Senior Analyst - CECL Reporting, Loss Forecasting",1
Data Analyst,reporting analyst,unmatched,"Associate Analyst,Accounting & Reporting",1
Data Analyst,reporting analyst,unmatched,Sr Client Reporting Analyst,1
Data Analyst,reporting analyst,unmatched,Tax Intermediate Analyst - Tax Information Reporting,1
Data Analyst,reporting analyst,unmatched,Data and Reporting Analyst – Private Wealth Solutions,1
Data Analyst,reporting analyst,unmatched,Finance Controls and Reporting-Senior Analyst,1
Data Analyst,reporting analyst,unmatched,HRIS Reporting Analyst Senior,1
Data Analyst,reporting analyst,unmatched,Workday Reports & Integrations Analyst,1
Data Analyst,reporting analyst,unmatched,"Senior Risk Regulatory Reporting Analyst, AVP (Hybrid)",1
Data Analyst,reporting analyst,unmatched,"Strategic initiatives - Sr Analyst(Research, Data Analysis, Reporting)",1
Data Analyst,reporting analyst,unmatched,Junior Analyst - Financial Reporting,1
Data Analyst,reporting analyst,unmatched,"Lead Risk Reporting Analyst, Python AI, VP (Hybrid)",1
Data Analyst,reporting analyst,mapped:Business Analyst,Business analyst - Regulatory reporting,1
Data Analyst,reporting analyst,unmatched,CB Risk Reporting Analyst,1
Data Analyst,reporting analyst,unmatched,Senior Analyst - Financial Reporting & Control,1
Data Analyst,reporting analyst,unmatched,ES Workday Reporting Senior Analyst,1
Data Analyst,reporting analyst,matched,Liquidity Reporting- data analyst,1
Data Analyst,reporting analyst,matched,Reporting and Data Analyst,1
Data Analyst,reporting analyst,unmatched,Associate Reporting Analyst,1
Data Analyst,reporting analyst,unmatched,"Senior Analyst Finance, Accounting & External Reporting",1
Data Analyst,reporting analyst,unmatched,Senior HR Analyst HR Data and Reporting Team parental leave coverage,1
Data Analyst,reporting analyst,unmatched,Liquidity Reporting and Calculation Compliance Test Analyst AM M,1
Data Analyst,reporting analyst,unmatched,Accounting & Reporting Analyst- Accounts Payable - 16,1
Data Analyst,reporting analyst,unmatched,"Analyst, Merchandising Reporting",1
Data Analyst,reporting analyst,unmatched,"Sr. Research Analyst - BI, Reporting and Data Visualization 4B",1
Data Analyst,reporting analyst,unmatched,"Financial Reporting and Planning COE Analyst, APAC",1
Data Analyst,reporting analyst,unmatched,Sr Analyst Workday Reporting,1
Data Analyst,reporting analyst,unmatched,"Financial and Regulatory Reporting Senior Analyst, AS",1
Data Analyst,reporting analyst,unmatched,Analyst 2 - Revenue & Reporting,1
Data Analyst,reporting analyst,unmatched,Payroll Dashboard Reporting Analyst,1
Data Analyst,reporting analyst,unmatched,Analyst- Account To Report,1
Data Analyst,reporting analyst,mapped:Business Analyst,Nostro Risk Reporting Business Analyst,1
Data Analyst,reporting analyst,unmatched,Analyst – Financial reporting and IGAAP reporting| Mumbai,1
Data Analyst,reporting analyst,unmatched,Senior Tax Reporting Analyst,1
Data Analyst,reporting analyst,unmatched,Accounting and Reporting Analyst_IG,1
Security Engineer,security engineer,matched,Network Security Engineer,32
Security Engineer,security engineer,matched,Senior Security Engineer,24
Security Engineer,security engineer,matched,Security Engineer,20
Security Engineer,security engineer,mapped:Cybersecurity Engineer,Cyber Security Engineer,15
Security Engineer,security engineer,matched,Senior Product Security Engineer,14
Security Engineer,security engineer,matched,Product Security Engineer,12
Security Engineer,security engineer,matched,Application Security Engineer,12
Security Engineer,security engineer,mapped:Information Security Engineer,Senior Information Security Engineer,10
Security Engineer,security engineer,matched,"Security Engineer, AWS Security Incident Response",8
Security Engineer,security engineer,matched,Senior Application Security Engineer,7
Security Engineer,security engineer,mapped:Information Security Engineer,Information Security Engineer,7
Security Engineer,security engineer,matched,Senior Cloud Security Engineer,6
Security Engineer,security engineer,matched,Senior Network Security Engineer,5
Security Engineer,security engineer,mapped:Cybersecurity Engineer,Senior Cyber Security Engineer,5
Security Engineer,security engineer,mapped:Information Security Engineer,"Lead Information Security Engineer, ITC",4
Security Engineer,security engineer,matched,Principal Security Engineer,4
Security Engineer,security engineer,mapped:Information Security Engineer,"Principal Information Security Engineer, ITC",4
Security Engineer,security engineer,matched,Lead Security Engineer,4
Security Engineer,security engineer,matched,Cloud Security Engineer,4
Security Engineer,security engineer,unmatched,Engineer - ICT/Security,4
Security Engineer,security engineer,unmatched,Senior Engineer - ICT/Security,4
Security Engineer,security engineer,unmatched,Senior Security Research Engineer,4
Security Engineer,security engineer,unmatched,Engineer- Network & Security,4
Security Engineer,security engineer,unmatched,Security Consulting Engineer,4
Security Engineer,security engineer,unmatched,Consulting Engineer - Security,4
Security Engineer,security engineer,unmatched,Associate - Security Test Engineer,3
Security Engineer,security engineer,unmatched,"Solutions Engineer (Security, GSSO) - Mumbai",3
Security Engineer,security engineer,mapped:Information Security Engineer,Senior Information Security Engineer Consultant,3
Security Engineer,security engineer,unmatched,Senior Security Operations Engineer,3
Security Engineer,security engineer,matched,"Staff Product Security Engineer, PSIRT",3
Security Engineer,security engineer,mapped:Cybersecurity Engineer,SOC Detection and Response - Engineer Cyber Security Engineer,3
Security Engineer,security engineer,matched,AI Security Engineer,3
Security Engineer,security engineer,unmatched,Security Services Engineer (L2),3
Security Engineer,security engineer,matched,Staff Security Engineer,3
Security Engineer,security engineer,matched,"Security Engineer, Stores Application Security",3
Security Engineer,security engineer,unmatched,Security Automation Engineer,3
Security Engineer,security engineer,unmatched,Senior Engineer - Network Security,3
Security Engineer,security engineer,unmatched,"Senior Engineer, SAP Security",3
Security Engineer,security engineer,unmatched,Security Managed Services Engineer (L2),3
Security Engineer,security engineer,unmatched,Lead Security Research Engineer,3
Security Engineer,security engineer,matched,Security Engineer II,3
Security Engineer,security engineer,unmatched,"Solutions Engineer (Security, GSSO) - Bangalore",3
Security Engineer,security engineer,unmatched,Application Security Testing Engineer(Code Review),3
Security Engineer,security engineer,unmatched,"Senior Engineer, AI Security & Automation",3
Security Engineer,security engineer,unmatched,"Support Engineer III, SIG, Security Integrations Group (SIG)",3
Security Engineer,security engineer,matched,Principal Product Security Engineer,3
Security Engineer,security engineer,mapped:Information Security Engineer,Sr. Information Security Engineer,3
Security Engineer,security engineer,matched,Sr . Security Engineer,3
Security Engineer,security engineer,unmatched,Security Managed Services Engineer (L3),3
Security Engineer,security engineer,matched,"Security Engineer, GIOC",2
Security Engineer,security engineer,unmatched,Security Research Engineer,2
Security Engineer,security engineer,unmatched,"Director, Security Engineering - AI",2
Security Engineer,security engineer,mapped:Information Security Engineer,Lead Information Security Engineer-AppSec Champion,2
Security Engineer,security engineer,matched,Senior Manager Info Security Engineer - Cryptography & Certification Management,2
Security Engineer,security engineer,matched,Application Security Engineer - Assistant Vice President,2
Security Engineer,security engineer,unmatched,"Director, Information Security Engineering - ITC",2
Security Engineer,security engineer,matched,Offensive Security Engineer,2
Security Engineer,security engineer,mapped:Software Engineer,Embedded Software Engineer - Security,2
Security Engineer,security engineer,matched,Security Engineer - Identity and Access,2
Security Engineer,security engineer,mapped:DevOps / Cloud Engineer,Senior Associate Security Platform Engineer,2
Security Engineer,security engineer,matched,Senior Infrastructure Security Engineer-L3 (Palo Alto & NGFW),2
Security Engineer,security engineer,unmatched,Sr. Staff Integration Engineer (Security Platform and Data Pipelines),2
Security Engineer,security engineer,matched,Senior Staff Cloud Security Engineer,2
Security Engineer,security engineer,matched,Network and Security Engineer,2
Security Engineer,security engineer,matched,"Senior Network Security Engineer - Jeddah, KSA",2
Security Engineer,security engineer,matched,DevSecOps & Product Security Engineer,2
Security Engineer,security engineer,matched,"Senior Security Engineer,GIOC",2
Security Engineer,security engineer,matched,IT Security Engineer,2
Security Engineer,security engineer,unmatched,Solutions Engineer - Public Sector | Splunk Security (Delhi/Gurgaon),2
Security Engineer,security engineer,unmatched,"Director, Software Engineering | Email Security, SaaS | 15 years, Bangalore",2
Security Engineer,security engineer,unmatched,Senior Security Managed Services Engineer,2
Security Engineer,security engineer,mapped:Cybersecurity Engineer,Sr. Cyber Security Engineer,2
Security Engineer,security engineer,matched,Senior Security Engineer (Security by Design),2
Security Engineer,security engineer,mapped:Cybersecurity Engineer,Lead OT Cyber Security Engineer,2
Security Engineer,security engineer,unmatched,IT Security & Compliance Engineer,2
Security Engineer,security engineer,mapped:Cybersecurity Engineer,Lead Product Cyber Security Engineer I,2
Security Engineer,security engineer,unmatched,SAP Security & GRC Engineer,2
Security Engineer,security engineer,matched,Senior Security Engineer II,2
Security Engineer,security engineer,unmatched,Senior Security Application Engineer,2
Security Engineer,security engineer,mapped:Software Engineer,"Senior Software Engineer – Java, Security & SD-WAN Platform from 8 Years",2
Security Engineer,security engineer,unmatched,Engineer - GISOCC Security IS,2
Security Engineer,security engineer,unmatched,Jr. Engineer - Security,2
Security Engineer,security engineer,mapped:Information Security Engineer,"Information Security Engineer, DLP & Insider Risk",2
Security Engineer,security engineer,mapped:Software Engineer,"Software Engineer III, Security/Privacy, gTech Risk",2
Security Engineer,security engineer,mapped:Information Security Engineer,Information Security Engineer II,2
Security Engineer,security engineer,unmatched,"Software QA Engineer- Networking & Security Protocols, AI, Cloud & Virtualization - 4 to 8 years",2
Security Engineer,security engineer,mapped:Software Engineer,"Senior Software Engineer, Security and Privacy, Detection AI, Core",2
Security Engineer,security engineer,unmatched,"IND Lead Engineer, Security",2
Security Engineer,security engineer,mapped:Software Engineer,"Staff Software Engineer, Google One Security Development",2
Security Engineer,security engineer,matched,Staff Security Engineer (Vulnerability Management),2
Security Engineer,security engineer,mapped:Software Engineer,"Staff Software Engineer, Security Platform",2
Security Engineer,security engineer,mapped:Information Security Engineer,Associate Information Security Engineer,2
Security Engineer,security engineer,mapped:DevOps / Cloud Engineer,Senior AI Platform Engineer - Security,2
Security Engineer,security engineer,mapped:Cybersecurity Engineer,Senior Cyber security Engineer,2
Security Engineer,security engineer,mapped:Software Engineer,Senior Windows Software Engineer – Biometric & Security Auth,2
Security Engineer,security engineer,matched,Security Engineer - Directory Services,2
Security Engineer,security engineer,ambiguous_multi,Lead Information Security Engineer- Architect,2
Security Engineer,security engineer,unmatched,"Sr. Engineer- Perimeter Security | On-Site, Bangalore",2
Security Engineer,security engineer,mapped:Cybersecurity Engineer,Sr Cyber Security Engineer,2
Security Engineer,security engineer,matched,Senior Associate - Lead Security Engineer,2
Security Engineer,security engineer,matched,Sr Prin IT Technologist - Network Security Engineer,2
Security Engineer,security engineer,unmatched,"Sr. Engineer - Endpoint security | On-Site, Bangalore",2
Security Engineer,security engineer,unmatched,Senior Associate Secure Data exchange Engineer,2
Security Engineer,security engineer,matched,Facilities and Security Engineer,2
Security Engineer,security engineer,unmatched,SR Security Operations Engineer,2
Security Engineer,security engineer,matched,Staff Product Security Engineer,2
Security Engineer,security engineer,matched,Senior Security Engineer - IOT,2
Security Engineer,security engineer,matched,Associate IS Security Engineer,2
Security Engineer,security engineer,unmatched,Senior IT Security Analyst (Senior IAM Engineer),2
Security Engineer,security engineer,matched,Security Engineer WAF and SSLO (L2),2
Security Engineer,security engineer,mapped:Software Engineer,"Software Development Engineer II, AWS Compliance & Security Assurance, Denied Party Screening",2
Security Engineer,security engineer,unmatched,"Staff Engineer, Security Architecture",2
Security Engineer,security engineer,mapped:DevOps / Cloud Engineer,Security Platform Engineer,2
Security Engineer,security engineer,unmatched,Information Security Support Engineer,2
Security Engineer,security engineer,matched,Systems and Security Engineer,2
Security Engineer,security engineer,unmatched,"Software Engineering Technical Leader, Security Officer / DevSecOps (BLR G11)",2
Security Engineer,security engineer,matched,Principal Network Security Engineer,2
Security Engineer,security engineer,unmatched,"Network Dev Engineer I(Security), Corporate Network Engineering",2
Security Engineer,security engineer,matched,Senior Platform Security Engineer,2
Security Engineer,security engineer,unmatched,Principal Engineer | AI and Security | 13 years,2
Security Engineer,security engineer,matched,Lead Embedded Security Engineer,2
Security Engineer,security engineer,unmatched,Product Security Apprentice Engineer – Post-Market Surveillance & Security Testing,1
Security Engineer,security engineer,ambiguous_multi,Enterprise Software Engineer (AppOps Security Engineer),1
Security Engineer,security engineer,matched,Network Security Engineer (L3),1
Security Engineer,security engineer,matched,SIEM Security Engineer,1
Security Engineer,security engineer,mapped:Information Security Engineer,"Senior Information Security Engineer, ITC",1
Security Engineer,security engineer,unmatched,EY - Cyber Security - Data Protection and Privacy Platforms Engineering - Manager,1
Security Engineer,security engineer,matched,Sr Security Engineer,1
Security Engineer,security engineer,matched,Senior Security Engineer - Privacy & Data Security,1
Security Engineer,security engineer,matched,NETSKOPE SECURITY ENGINEER,1
Security Engineer,security engineer,matched,L3- Senior Security Engineer,1
Security Engineer,security engineer,matched,L2- Senior Security Engineer,1
Security Engineer,security engineer,matched,Mulesoft - Security Engineer – Integration Specialist,1
Security Engineer,security engineer,unmatched,Assistant Manager - IT Business Information Security Office (BISO) Engineer,1
Security Engineer,security engineer,unmatched,Identity Security Operations Engineer,1
Security Engineer,security engineer,matched,Mobile Security Engineer,1
Security Engineer,security engineer,matched,Security Engineer (L1),1
Security Engineer,security engineer,mapped:Cybersecurity Engineer,Cybersecurity Engineer: Security Operations Center (SOC),1
Security Engineer,security engineer,unmatched,Security Risk Engineer,1
Security Engineer,security engineer,matched,Security Engineer (Detection and Response),1
Security Engineer,security engineer,mapped:Software Engineer,Security Software Engineer,1
Security Engineer,security engineer,matched,Security Engineer – Cloud & Infrastructure Security,1
Security Engineer,security engineer,matched,"SecOps Security Engineer (L3) – Check Point, Palo Alto & Fortinet firewalls",1
Security Engineer,security engineer,unmatched,Security Detection Engineer,1
Security Engineer,security engineer,unmatched,Information Security Engineering Senior Manager - Critical Infrastructure,1
Security Engineer,security engineer,unmatched,Engineer MS - Network Security,1
Security Engineer,security engineer,mapped:Data Engineer,"Sr. Security Data Engineer & Developer, Security Data Platform",1
Security Engineer,security engineer,unmatched,Information Security Engineering Senior Manager – Critical Infrastructure,1
Security Engineer,security engineer,mapped:Software Engineer,"Staff Software Engineer, Frontier Security Team",1
Security Engineer,security engineer,matched,Lead Network Security Engineer,1
Security Engineer,security engineer,matched,Privileged Access Management Security Engineer,1
Security Engineer,security engineer,matched,Infrastructure & Cloud Security Engineer,1
Security Engineer,security engineer,mapped:Software Engineer,Senior Network Security Software Engineer,1
Security Engineer,security engineer,unmatched,Guardicore Micro Segmentation Engineer – L2 Security,1
Security Engineer,security engineer,mapped:Software Engineer,"Senior Mobile Software Engineer (iOS / Android), Identity & Security",1
Security Engineer,security engineer,unmatched,Sr. Design Engineer- Security Systems,1
Security Engineer,security engineer,matched,Senior Security Engineer – Platform,1
Security Engineer,security engineer,unmatched,Network Engineer Security I,1
Security Engineer,security engineer,unmatched,"Director, Security Engineering (Application & Cloud Security)",1
Security Engineer,security engineer,matched,L1 Security Engineer,1
Security Engineer,security engineer,matched,Security Engineer Intern,1
Security Engineer,security engineer,unmatched,"Sr Manager, Active Directory & Entra Engineering - People Leader (Cyber Security)",1
Security Engineer,security engineer,matched,"Security Engineer II, Application Security",1
Security Engineer,security engineer,matched,"Security Engineer I, Application Security",1
Security Engineer,security engineer,unmatched,Engineering Manager – Security Architecture,1
Security Engineer,security engineer,unmatched,Security Integration Engineer,1
Security Engineer,security engineer,unmatched,"Staff Engineer, Offensive Security",1
Security Engineer,security engineer,matched,Senior Security Engineer - DART (Detection and Response Team),1
Security Engineer,security engineer,unmatched,"Sr. Associate Support Engineer, Security",1
Security Engineer,security engineer,matched,Cloud Security Engineer (Oracle Cloud Infrastructure - OCI),1
Security Engineer,security engineer,matched,Senior Security Engineer - Microsoft Sentinel SIEM,1
Security Engineer,security engineer,matched,"Product Security Engineer, Senior",1
Security Engineer,security engineer,mapped:Software Engineer,"Senior Mobile Software Engineer (iOS / Android), Identity & Security - India",1
Security Engineer,security engineer,unmatched,Engineering-L2-Bengaluru-Vice President-Security Engineering,1
Security Engineer,security engineer,matched,"Security Engineer, CyberArk",1
Security Engineer,security engineer,matched,Senior Security Engineer Cryptography,1
Security Engineer,security engineer,matched,"Senior Security Engineer, DeFi",1
Security Engineer,security engineer,matched,"Cloud Security, CNAPP - Security Engineer",1
Security Engineer,security engineer,unmatched,Security Operations Center (SOC) Analyst / Engineer,1
Security Engineer,security engineer,unmatched,Application Security (AppSec) / DevSecOps Engineer,1
Security Engineer,security engineer,matched,NETWORK SECURITY ENGINEER,1
Security Engineer,security engineer,matched,System Security Engineer,1
Security Engineer,security engineer,matched,"Lead Security Engineer | AWS, Cloud & Application Security",1
Security Engineer,security engineer,matched,"Senior Security Engineer, Detection & Response",1
Security Engineer,security engineer,matched,Security Engineer Intern - Summer 2027,1
Security Engineer,security engineer,matched,Staff Product Security Engineer (Security),1
Security Engineer,security engineer,mapped:Information Security Engineer,Lead Information Security Engineer- PAM,1
Security Engineer,security engineer,unmatched,Solution Engineering - Security,1
Security Engineer,security engineer,matched,Senior Application Security Engineer - India,1
Security Engineer,security engineer,matched,Android Security Engineer,1
Security Engineer,security engineer,unmatched,Sr. IT Engineer (Security),1
Security Engineer,security engineer,matched,MTS 1 - Mobile Security Engineer,1
Security Engineer,security engineer,unmatched,Security & Compliance Engineer,1
Security Engineer,security engineer,unmatched,Cloud Security & DevSecOps Engineer (AWS) - 6 Week Contract,1
Security Engineer,security engineer,matched,Lead Security Engineer -Microsoft Intune,1
Security Engineer,security engineer,matched,Senior Corporate Security Engineer,1
Security Engineer,security engineer,unmatched,Security Information and Event Management (SIEM) Engineer,1
Security Engineer,security engineer,mapped:Cybersecurity Engineer,Cyber Security Engineer -Sentinel & XDR SME,1
Security Engineer,security engineer,unmatched,Sr. Engineer - Security Engineering,1
Security Engineer,security engineer,matched,"Lead AI Security Engineer, AI Identities",1
Security Engineer,security engineer,unmatched,Software Engineering PMTS - Cloud Security - Hyderabad,1
Security Engineer,security engineer,mapped:Software Engineer,Senior Software Engineer - Application Security,1
Security Engineer,security engineer,unmatched,Staff Engineer - Security,1
Security Engineer,security engineer,unmatched,"VP, Engineering Cyber Security Mgr",1
Security Engineer,security engineer,mapped:Software Engineer,Software Engineer 3 – Platform Security,1
Security Engineer,security engineer,unmatched,Backend Engineer (Go) – Endpoint Security,1
Security Engineer,security engineer,matched,Product Security Engineer 5,1
Security Engineer,security engineer,mapped:Information Security Engineer,Information Security Engineer (II),1
Security Engineer,security engineer,unmatched,Solutions Engineer – Public Sector | Splunk Security (Delhi/Gurgaon),1
Security Engineer,security engineer,mapped:Information Security Engineer,Lead Information Security Engineer - IAM (Java Full Stack Developer),1
Security Engineer,security engineer,unmatched,Backend Engineer (Go) – AI Security Platform,1
Security Engineer,security engineer,unmatched,Principal Info Security Risk Engineer IND [T500-29476],1
Security Engineer,security engineer,matched,Senior Security Engineer – EDR & Malware Defence,1
Security Engineer,security engineer,matched,"Staff Security Engineer, Abuse Control",1
Security Engineer,security engineer,matched,Senior Offensive Security Engineer,1
Security Engineer,security engineer,matched,"Security Engineer, ACE",1
Security Engineer,security engineer,mapped:Software Engineer,"Senior Software Engineer, AI Security",1
Security Engineer,security engineer,unmatched,Prin Info Security Risk Engineer IND,1
Security Engineer,security engineer,unmatched,Staff Security Operations Engineer,1
Security Engineer,security engineer,unmatched,Supply Chain Security Engineering - Officer,1
Security Engineer,security engineer,matched,Senior Offensive Security Engineer(Cloud Operations),1
Security Engineer,security engineer,matched,Red Team Security Engineer,1
Security Engineer,security engineer,unmatched,IT Security Engineering Manager,1
Security Engineer,security engineer,unmatched,Senior Engineer - Product Security,1
Security Engineer,security engineer,matched,Infrastructure Security Engineer-L2 (Palo Alto & NGFW),1
Security Engineer,security engineer,matched,Security Engineer — Offensive Security,1
Security Engineer,security engineer,matched,Security Engineer - Cyber Threat Intelligence,1
Security Engineer,security engineer,mapped:Software Engineer,Software Engineer Product Security,1
Security Engineer,security engineer,matched,Principal Security Engineer (India),1
Security Engineer,security engineer,unmatched,Security & Compliance Engineer (Hybrid – Hyd/BLR/Chennai),1
Security Engineer,security engineer,matched,Network Security Engineer - Cochin,1
Security Engineer,security engineer,unmatched,IAM Engineer - AI Security,1
Security Engineer,security engineer,matched,Security Engineer I – Palo Alto Technologies,1
Security Engineer,security engineer,matched,Long term contract-Network & Security Engineer – Infoblox / DDI(Environment)-Remote,1
Security Engineer,security engineer,matched,Staff Infrastructure Security Engineer,1
Security Engineer,security engineer,matched,. Security Engineer — Security Operations,1
Security Engineer,security engineer,matched,Fortinet OT Security Engineer,1
Security Engineer,security engineer,matched,VAPT Security Engineer,1
Security Engineer,security engineer,matched,Netskope Security Engineer,1
Security Engineer,security engineer,unmatched,Presales Engineer - Cyber Security experience is a must,1
Security Engineer,security engineer,matched,SME - Network Security Engineer,1
Security Engineer,security engineer,unmatched,Business Information Security Office (BISO) Engineer,1
Security Engineer,security engineer,unmatched,Senior Security Solutions Engineer,1
Security Engineer,security engineer,unmatched,SME / Sr Engineer - Platform & Endpoint Security,1
Security Engineer,security engineer,matched,Network Security Engineer I,1
Security Engineer,security engineer,unmatched,Senior Firmware Engineer - Security,1
Security Engineer,security engineer,unmatched,"Senior Security Operations Engineer, AIDC",1
Security Engineer,security engineer,unmatched,"Director, Security Engineering",1
Security Engineer,security engineer,unmatched,Forward Deployed Engineer - US National Security,1
Security Engineer,security engineer,matched,Staff Platform Security Engineer (Security),1
Security Engineer,security engineer,mapped:Cybersecurity Engineer,Cybersecurity Engineer - Security Operations Center (SOC),1
Security Engineer,security engineer,mapped:Software Engineer,"Software Engineer – VPN & PKI, Network Security",1
Security Engineer,security engineer,matched,MDR Security Engineer (India),1
Security Engineer,security engineer,matched,Application Security Engineer 2,1
Security Engineer,security engineer,mapped:Information Security Engineer,"Senior Information Security Engineer, Identity Security Engineering",1
Security Engineer,security engineer,mapped:Software Engineer,Senior Software Engineer II (Security),1
Security Engineer,security engineer,matched,Network Security Engineer (Hybrid),1
Security Engineer,security engineer,matched,SaaS Security Engineer,1
Security Engineer,security engineer,unmatched,Assistant Manager - SOC Engineer (OT Security),1
Security Engineer,security engineer,matched,Palo Alto Security Engineer,1
Security Engineer,security engineer,unmatched,"Senior Director, Software Engineering - Cloud Security & Networking experience",1
Security Engineer,security engineer,matched,"Systems Security Engineer, Officer",1
Security Engineer,security engineer,unmatched,TC-CS-Cyber Architecture- OT and Engineering-Cloud Security-Manager,1
Security Engineer,security engineer,matched,Product Security Engineer (Remote),1
Security Engineer,security engineer,mapped:Information Security Engineer,"AVP, Endpoint Information Security Engineer",1
Security Engineer,security engineer,matched,Application Security Engineer - Threat & Vulnerability Management (AI Focus),1
Security Engineer,security engineer,mapped:Software Engineer,"Senior Software Engineer - Java, Security & SD-WAN Platform from 8 Years",1
Security Engineer,security engineer,unmatched,"Senior Engineer, Product Security Testing",1
Security Engineer,security engineer,unmatched,IT Security Engineering Associate Director,1
Security Engineer,security engineer,matched,"Staff Security Engineer, API Security",1
Security Engineer,security engineer,unmatched,"Systems Engineer, Corporate Security",1
Security Engineer,security engineer,unmatched,Security Managed Services Engineer (L1),1
Security Engineer,security engineer,unmatched,"Software Engineering Technical Leader - Networking & Security Protocols, AI, Cloud & Virtualization - 10 to 14 years",1
Security Engineer,security engineer,matched,Security Engineer II (Offensive),1
Security Engineer,security engineer,matched,Zscaler Network Security Engineer,1
Security Engineer,security engineer,matched,AI Security Engineer III,1
Security Engineer,security engineer,matched,AWS Security Engineer,1
Security Engineer,security engineer,unmatched,"Senior Engineer - Application Security (Akamai, WAF)",1
Security Engineer,security engineer,unmatched,Network Engineer/Network security,1
Security Engineer,security engineer,matched,L2 - Endpoint Security Engineer,1
Security Engineer,security engineer,matched,SAP Basis & Security Engineer,1
Security Engineer,security engineer,unmatched,Network Security Operation Engineer,1
Security Engineer,security engineer,unmatched,Senior Network Security Operations Engineer(Checkpoint Firewall),1
Security Engineer,security engineer,matched,"Sr. Security Engineer, Stores Application Security",1
Security Engineer,security engineer,matched,"Security Engineer II, Stores Application Security",1
Security Engineer,security engineer,matched,Lead Security Engineer - Penetration Testing & AI Security,1
Security Engineer,security engineer,matched,Forward Deployed Security Engineer,1
Security Engineer,security engineer,unmatched,Digital Trust and Resilience Engineer (Security Governance),1
Security Engineer,security engineer,unmatched,Tech Governance - Security Compliance & Governance Engineer (Mandarin Bilingual Required),1
Security Engineer,security engineer,matched,"Senior Security Engineer, Research & Engineering (United Kingdom)",1
Security Engineer,security engineer,matched,AI Security Engineer (Offensive & Defensive),1
Security Engineer,security engineer,matched,Analyst Information Security / Security Engineer,1
Security Engineer,security engineer,matched,Application Security Engineer (AppSec Engineer) - Bengaluru,1
Security Engineer,security engineer,matched,Senior Staff Software Security Engineer,1
Security Engineer,security engineer,matched,Senior Security Engineer (Defensive),1
Security Engineer,security engineer,unmatched,Security Support Engineer II,1
Security Engineer,security engineer,unmatched,QA Engineer III - Security,1
Security Engineer,security engineer,matched,Firmware security engineer,1
Security Engineer,security engineer,matched,Application Security Engineer II - Contract ( 6 months ),1
Security Engineer,security engineer,unmatched,Senior Security MS Engineer - NAC,1
Security Engineer,security engineer,matched,"AI Security Engineer (Teradyne, India)",1
Security Engineer,security engineer,unmatched,Security Operations Engineer,1
Security Engineer,security engineer,unmatched,Data Security Analyst Engineer,1
Security Engineer,security engineer,unmatched,Security / Policy Engineer,1
Security Engineer,security engineer,matched,Key Management & Cryptographic Security Engineer,1
Security Engineer,security engineer,mapped:DevOps / Cloud Engineer,Senior Security DevOps Engineer (SAP & AI Automation),1
Security Engineer,security engineer,mapped:Software Engineer,"Senior Software Engineer, Information Security",1
Security Engineer,security engineer,unmatched,"Sr.Staff Engineer,Secure Web Gateway.",1
Security Engineer,security engineer,matched,Security Engineer - SIEM Engineer,1
Security Engineer,security engineer,unmatched,Software Security Compiler Engineer,1
Security Engineer,security engineer,unmatched,PKI Certificate Management - Security Identity Engineer,1
Security Engineer,security engineer,unmatched,TC-CS-Cyber Architecture- OT and Engineering-Devops- Cloud Security-Senior,1
Security Engineer,security engineer,mapped:Cybersecurity Engineer,Lead Network & Cyber Security Engineer-L3,1
Security Engineer,security engineer,unmatched,Security Content Engineer (Data Engineering),1
Security Engineer,security engineer,unmatched,Staff Security Content Engineer (Detection Engineering),1
Security Engineer,security engineer,unmatched,Senior Application Security (DevSecOps) Engineer,1
Security Engineer,security engineer,matched,Sr Offensive Security Engineer,1
Security Engineer,security engineer,mapped:Cybersecurity Engineer,R&D Cyber Security Engineer - IN MACH - India Development Centre,1
Security Engineer,security engineer,excluded_by_rule,"Staff Software Development Engineer in Test, Secure Web Gateway",1
Security Engineer,security engineer,matched,Manager - AppSec/DevSecOps Security Engineer,1
Security Engineer,security engineer,matched,SME- Network Security Engineer,1
Security Engineer,security engineer,matched,Sr. Security Engineer,1
Security Engineer,security engineer,unmatched,"Director, Software Engineering - Security Asset Inventory Platform",1
Security Engineer,security engineer,unmatched,Network Security Lead Engineer,1
Security Engineer,security engineer,unmatched,Senior Information Security Officer/Engineer,1
Security Engineer,security engineer,unmatched,Security Research Engineer - Customer Success,1
Security Engineer,security engineer,mapped:Information Security Engineer,Senior information security Engineer - Vulnerability Management,1
Security Engineer,security engineer,mapped:Cybersecurity Engineer,EM - DI - Cyber Security Engineer,1
Security Engineer,security engineer,mapped:Cybersecurity Engineer,EM - DI - Automotive Cyber Security Engineer,1
Security Engineer,security engineer,unmatched,Principal-Security Engineering,1
Security Engineer,security engineer,matched,Senior Security Engineer – Palo Alto Technologies,1
Security Engineer,security engineer,matched,Senior Cloud Security Engineer â AWS,1
Security Engineer,security engineer,unmatched,Sr. Engineer Cloud Security,1
Security Engineer,security engineer,matched,Lead Response Technology and Automation Security Engineer,1
Security Engineer,security engineer,matched,Security Engineer I - Palo Alto Technologies,1
Security Engineer,security engineer,matched,Senior Security Engineer - Palo Alto Technologies,1
Security Engineer,security engineer,ambiguous_multi,"Siftware Engineering Technical Leader - SRE | Security Architect, Kubernetes,AWS,Terraform | 13 years | Bangalore",1
Security Engineer,security engineer,unmatched,Cyber Security Pre-Sales & Post-Sales Engineer Required at Delhi - ( Job ID - 24147),1
Security Engineer,security engineer,unmatched,FPGA Post Silicon Validation Engineer - Security,1
Security Engineer,security engineer,unmatched,Sr. Engineer – Security Engineering (Zscaler),1
Security Engineer,security engineer,matched,Senior Security Engineer - Product Security,1
Security Engineer,security engineer,unmatched,Application Security Engineering Lead,1
Security Engineer,security engineer,matched,Security Engineer - Vulnerability,1
Security Engineer,security engineer,unmatched,"AWS DevOps (Cloud Security ,Cloud Networking) Engineer",1
Security Engineer,security engineer,matched,Endpoint Security Engineer,1
Security Engineer,security engineer,matched,Senior Security Engineer – Red Team,1
Security Engineer,security engineer,matched,"Senior Security Engineer, CIAM-Contractual",1
Security Engineer,security engineer,matched,Network Security Engineer-L2,1
Security Engineer,security engineer,matched,Lead Security Engineer - Data Security & RL for Cyberecurity,1
Security Engineer,security engineer,matched,Offensive Security Engineer / Pen Tester (Ethical Hacker) — Konfirmity,1
Security Engineer,security engineer,mapped:Software Engineer,"Software Engineer, Security Platform",1
Security Engineer,security engineer,matched,Senior Security Engineer - Perimeter Security Operations,1
Security Engineer,security engineer,matched,Security engineer-Sourcing Team Q2 26,1
Security Engineer,security engineer,mapped:Software Engineer,"Senior Staff Software Development Engineer - API Security, WAF",1
Security Engineer,security engineer,unmatched,Information Security Engineering Manager,1
Security Engineer,security engineer,mapped:Architect (contamination audit),Senior Lead Engineer/ Architect - Security Layer 2/ Layer 3 Developer,1
Security Engineer,security engineer,mapped:Information Security Engineer,P1-GP-Information Security Engineer (Generalist – AI & Automation Focus),1
Security Engineer,security engineer,unmatched,Information Security - IAM - Systems Engineer,1
Security Engineer,security engineer,unmatched,Information Security - Firewall - Systems Engineer,1
Security Engineer,security engineer,matched,Senior Embedded Platform Security Engineer,1
Security Engineer,security engineer,unmatched,"Engineering Manager II, Cloud Security-Confluent",1
Security Engineer,security engineer,matched,Associate Application Security Engineer 2,1
Security Engineer,security engineer,matched,Associate Enterprise Security Engineer 2,1
Security Engineer,security engineer,mapped:Information Security Engineer,Senior Information Security Engineer 1,1
Security Engineer,security engineer,mapped:Information Security Engineer,Information Security Engineer 1,1
Security Engineer,security engineer,matched,"IT Security Engineer, Sr",1
Security Engineer,security engineer,matched,Senior Endpoint Security Engineer for Cyber Defense Engineering,1
Security Engineer,security engineer,matched,Embedded Security Engineer,1
Security Engineer,security engineer,unmatched,"Staff Engineer DevOps, Data Security (DLP)",1
Security Engineer,security engineer,unmatched,Senior Security Infrastructure Engineer,1
Security Engineer,security engineer,matched,Senior Security Engineer — Course Creator (Content Engineering),1
Security Engineer,security engineer,unmatched,Infrastructure Security and Data Security Engineers,1
Security Engineer,security engineer,unmatched,Security Testing Engineer,1
Security Engineer,security engineer,unmatched,"Senior Analyst Detection Engineering, Information Security",1
Security Engineer,security engineer,unmatched,Application Engineer- Fire & Security,1
Security Engineer,security engineer,matched,Sr. Product Security Engineer,1
Security Engineer,security engineer,unmatched,Security Threat Detection Engineer - II (SOC),1
Security Engineer,security engineer,matched,Security Engineer - II (SOC),1
Security Engineer,security engineer,mapped:DevOps / Cloud Engineer,Cloud Security DevOps Engineer,1
Security Engineer,security engineer,matched,Senior Security Engineer - Security Operations,1
Security Engineer,security engineer,unmatched,Manager Software Development Engineering Cloud Security SASE Data,1
Security Engineer,security engineer,matched,Network Security Engineer Vesu,1
Security Engineer,security engineer,matched,"OT Security Engineer, Cyber Risk",1
Security Engineer,security engineer,unmatched,Security and Automation Engineer,1
Security Engineer,security engineer,matched,QA Automation & Security Engineer,1
Security Engineer,security engineer,matched,Software Security Engineer,1
Security Engineer,security engineer,unmatched,Sr Prin IT Technologist - Security Engineering,1
Security Engineer,security engineer,unmatched,Senior Associate - Security Engineering,1
Security Engineer,security engineer,mapped:Software Engineer,Senior Software Engineer (Security Domain),1
Security Engineer,security engineer,unmatched,Cloud Security Support Engineer,1
Security Engineer,security engineer,unmatched,Senior Associate Engineer - Security,1
Security Engineer,security engineer,unmatched,ASSOCIATE ENGINEER-Mobile Security Testing,1
Security Engineer,security engineer,unmatched,Principal Engineer - Cyber Security,1
Security Engineer,security engineer,mapped:Software Engineer,Software Engineer (SaaS Security),1
Security Engineer,security engineer,unmatched,Infosec Senior Expert Application and Product Security Engineering,1
Security Engineer,security engineer,matched,Network & Security Engineer,1
Security Engineer,security engineer,matched,Senior Associate Network & Security Engineer,1
Security Engineer,security engineer,unmatched,MTS-2 Security Operations Engineer,1
Security Engineer,security engineer,unmatched,Security Engineering Manager,1
Security Engineer,security engineer,unmatched,Security Operations Engineer - PCI DSS,1
Financial Analyst,financial analyst,matched,Financial Analyst,56
Financial Analyst,financial analyst,matched,Senior Financial Analyst,21
Financial Analyst,financial analyst,matched,Financial Plan & Analysis Senior Analyst,15
Financial Analyst,financial analyst,matched,Finance Analyst,14
Financial Analyst,financial analyst,matched,Financial Plan & Analysis Analyst,10
Financial Analyst,financial analyst,unmatched,"Senior Analyst, Finance Solutions",7
Financial Analyst,financial analyst,matched,Financial Analyst II,6
Financial Analyst,financial analyst,matched,"Financial Analyst I, FOAA Leases",6
Financial Analyst,financial analyst,matched,Financial Analyst - Fully Remote,6
Financial Analyst,financial analyst,matched,Sr Finance Analyst,6
Financial Analyst,financial analyst,matched,Sr. Finance Analyst,5
Financial Analyst,financial analyst,matched,"Financial Analyst, FOAA - Payroll",5
Financial Analyst,financial analyst,matched,Financial Analyst I,4
Financial Analyst,financial analyst,matched,"Sr. Financial Analyst, Sr. Finance Analyst, RBS, Stores Tech Finance (STF)",4
Financial Analyst,financial analyst,matched,"Finance Analyst II, APAC ITX team",4
Financial Analyst,financial analyst,unmatched,Business Finance Senior Analyst,4
Financial Analyst,financial analyst,matched,"Financial Analyst I, GFS Services FP&A",4
Financial Analyst,financial analyst,matched,Sr Finance Analyst (PS),4
Financial Analyst,financial analyst,matched,Financial Planning Analyst,3
Financial Analyst,financial analyst,matched,Financial Analyst 3,3
Financial Analyst,financial analyst,unmatched,"FinOps Analyst - AP, Finance & Accounting",3
Financial Analyst,financial analyst,matched,"Financial Analyst II, FOAA Leo",3
Financial Analyst,financial analyst,mapped:Business Analyst,SAP Finance Functional Analyst,3
Financial Analyst,financial analyst,unmatched,Analyst - India Finance Team,3
Financial Analyst,financial analyst,matched,"Financial Analyst II, FOAA GST",3
Financial Analyst,financial analyst,ambiguous_multi,Financial Analyst I (Business Analyst),3
Financial Analyst,financial analyst,unmatched,"Analyst, Financial Operations",3
Financial Analyst,financial analyst,unmatched,Sr IT Analyst - SAP Finance/ECC/S4HANA,3
Financial Analyst,financial analyst,matched,"Senior Financial Analyst, IN FC Finance",3
Financial Analyst,financial analyst,matched,"Financial Analyst II, ASSPL Finance Team",3
Financial Analyst,financial analyst,matched,"Financial Analyst I, FOAA",3
Financial Analyst,financial analyst,matched,Financial Analyst Intern,3
Financial Analyst,financial analyst,matched,"Senior Financial Analyst, FOAA",3
Financial Analyst,financial analyst,matched,"Senior Financial Analyst, Data Center Finance",3
Financial Analyst,financial analyst,mapped:Business Analyst,"Business Analyst I, SPS Finance Insights & Analytics",3
Financial Analyst,financial analyst,matched,"Senior Financial Analyst, DEX Finance",3
Financial Analyst,financial analyst,matched,"Finance Analyst, IN Amazon Now Finance",3
Financial Analyst,financial analyst,matched,"Financial Analyst I, FOAA Accounts Payable",3
Financial Analyst,financial analyst,matched,"Financial Analyst III, FOAA Accounts Payable",3
Financial Analyst,financial analyst,matched,"Financial Analyst Intern, NL/RE&E Finance team",3
Financial Analyst,financial analyst,matched,"Finance Analyst, India AMZL Finance",3
Financial Analyst,financial analyst,matched,"Financial Analyst Intern, AMZL",3
Financial Analyst,financial analyst,matched,"Financial Analyst , Selling Partner Risk Management",3
Financial Analyst,financial analyst,matched,"Financial Analyst II, Financial Operations Accounting Analysis",3
Financial Analyst,financial analyst,matched,"Financial Analyst, GREF FP&A",3
Financial Analyst,financial analyst,matched,"Senior Financial Analyst - Amazon Logistics, AMZL Finance",3
Financial Analyst,financial analyst,matched,Business and Finance Analyst (Finance/FP&A) India (1 PM–10 PM Shift),2
Financial Analyst,financial analyst,unmatched,Finance Operation Analyst,2
Financial Analyst,financial analyst,mapped:Business Analyst,Financial Systems Analyst I,2
Financial Analyst,financial analyst,matched,Senior Finance Analyst - Accounts Payable,2
Financial Analyst,financial analyst,matched,Lead Financial Planning & Analysis Analyst - Power BI Development,2
Financial Analyst,financial analyst,unmatched,Process Analyst - Trade Finance (French),2
Financial Analyst,financial analyst,matched,Lead Service Finance Analyst,2
Financial Analyst,financial analyst,mapped:Business Analyst,Financial Systems Analyst II,2
Financial Analyst,financial analyst,mapped:Business Analyst,Business Analyst - SAP Finance,2
Financial Analyst,financial analyst,matched,Project Finance Analyst,2
Financial Analyst,financial analyst,unmatched,Analyst 2 - Financial Planning & Analysis,2
Financial Analyst,financial analyst,matched,Financial Analyst-Record to Report,2
Financial Analyst,financial analyst,matched,Business Financial Analyst,2
Financial Analyst,financial analyst,matched,"Senior Financial Analyst, Consolidations",2
Financial Analyst,financial analyst,unmatched,"Financial and Regulatory Reporting Senior Analyst, AVP",2
Financial Analyst,financial analyst,unmatched,Finance Business Partner - Analyst,2
Financial Analyst,financial analyst,unmatched,Analyst Financial Planning & Analysis Technology,2
Financial Analyst,financial analyst,matched,Financial Analyst - AI Collaboration,2
Financial Analyst,financial analyst,matched,"Financial Analyst II, FOAA Accounting",2
Financial Analyst,financial analyst,matched,Financial Planning Lead Analyst,2
Financial Analyst,financial analyst,matched,"Sr. Financial Analyst, Cloud Infrastructure",2
Financial Analyst,financial analyst,unmatched,Senior Finance Operation Analyst,2
Financial Analyst,financial analyst,unmatched,"Analyst, External Manufacturing Finance",2
Financial Analyst,financial analyst,unmatched,Sr Analyst I Finance Business Partner,2
Financial Analyst,financial analyst,matched,Finance Analyst (Chartered Accountant),2
Financial Analyst,financial analyst,mapped:Business Analyst,Finance Systems Analyst,2
Financial Analyst,financial analyst,matched,GSF LEA Senior Finance Analyst,2
Financial Analyst,financial analyst,matched,Financial Analyst 1,2
Financial Analyst,financial analyst,matched,Senior Financial Planning Analyst,2
Financial Analyst,financial analyst,unmatched,Financial Reporting Analyst,2
Financial Analyst,financial analyst,matched,"Financial Analyst Intern, Accounting",2
Financial Analyst,financial analyst,matched,Senior Finance Analyst,2
Financial Analyst,financial analyst,unmatched,Financial Svcs Analyst,2
Financial Analyst,financial analyst,matched,"Financial Analyst, Defined Contribution - India",2
Financial Analyst,financial analyst,unmatched,Client Financial Mgmt Analyst,2
Financial Analyst,financial analyst,unmatched,Finance Deployment Lead Analyst - IMFT,2
Financial Analyst,financial analyst,mapped:Business Analyst,Salesforce Business Analyst in Financial Services Cloud (FSC),2
Financial Analyst,financial analyst,unmatched,"Sr Analyst, Financial Operations",2
Financial Analyst,financial analyst,matched,"Senior Financial Analyst, FP&A",2
Financial Analyst,financial analyst,matched,Associate Financial Analyst,2
Financial Analyst,financial analyst,matched,Plant Finance Analyst,2
Financial Analyst,financial analyst,unmatched,Analyst (Finance & Statutory Audits),2
Financial Analyst,financial analyst,matched,Sr. Financial Analyst,2
Financial Analyst,financial analyst,unmatched,Financial Market | Analyst Hiring,2
Financial Analyst,financial analyst,unmatched,"Senior Analyst, Supply Chain Finance",2
Financial Analyst,financial analyst,unmatched,Quantitative Risk Mgmt Analyst - Financial Risk Developer,2
Financial Analyst,financial analyst,unmatched,Senior Software Quality Assurance Analyst (SAP Finance / CFIN),1
Financial Analyst,financial analyst,unmatched,"Snr Solution Analyst – Finance – AP, VIM & integration",1
Financial Analyst,financial analyst,matched,Financial Planning & Analysis- Analyst,1
Financial Analyst,financial analyst,unmatched,Analyst - Financial Analysis (PXT P&A),1
Financial Analyst,financial analyst,unmatched,"Snr Solution Analyst – Finance – Cash, Bank & Receivables",1
Financial Analyst,financial analyst,matched,Senior Finance Analyst - General Accounting,1
Financial Analyst,financial analyst,matched,Production Financial Analyst,1
Financial Analyst,financial analyst,matched,"Financial Analyst, GFS FP&A",1
Financial Analyst,financial analyst,unmatched,"Lead, Finance Application Analyst-Tagetik",1
Financial Analyst,financial analyst,unmatched,Associate Senior Financial Reporting Analyst,1
Financial Analyst,financial analyst,matched,Project Finance Analyst - Infrastructure Finance / Clean Energy Finance - Officer,1
Financial Analyst,financial analyst,matched,Financial Analyst-Services Deliver,1
Financial Analyst,financial analyst,unmatched,Senior Analyst - Finance & Accounting,1
Financial Analyst,financial analyst,matched,Finance Analyst - Accounts Payable,1
Financial Analyst,financial analyst,matched,Finance & Accounts Executive / Financial Analyst-CA/CA Inter,1
Financial Analyst,financial analyst,unmatched,Process Analyst – Trade Finance (French),1
Financial Analyst,financial analyst,unmatched,Finance & Strategy Analyst,1
Financial Analyst,financial analyst,matched,Assistant Finance Analyst,1
Financial Analyst,financial analyst,matched,Financial Planning Analyst_4-7yrs_Kolkata_Face-to-Face Interview,1
Financial Analyst,financial analyst,unmatched,"Analyst, Financial Instruments and Technology",1
Financial Analyst,financial analyst,matched,IN_Specialist 3_ Finance Analyst _GCC_Advisory_Bangalore,1
Financial Analyst,financial analyst,matched,Financial Analyst - II,1
Financial Analyst,financial analyst,matched,Financial Analyst-Lease Enablement,1
Financial Analyst,financial analyst,unmatched,Finance Assoc Analyst,1
Financial Analyst,financial analyst,unmatched,Business Risk Analyst - Supply Chain Finance,1
Financial Analyst,financial analyst,mapped:Data Analyst,"Financial Data Analyst Intern, Technical Operations",1
Financial Analyst,financial analyst,unmatched,Financial Crime Intelligence Analyst - Crypto,1
Financial Analyst,financial analyst,unmatched,Financial Crime Intelligence Analyst - Fiat,1
Financial Analyst,financial analyst,unmatched,Finance & Strategy Senior Analyst,1
Financial Analyst,financial analyst,unmatched,Senior Financial Planning and Analysis Analyst,1
Financial Analyst,financial analyst,unmatched,Analyst Oracle Fusion Financials-L1 - Pune,1
Financial Analyst,financial analyst,matched,Financial Analyst - Cost Accounting Solutions,1
Financial Analyst,financial analyst,matched,Financial Analyst 4,1
Financial Analyst,financial analyst,matched,Reporting/Finance Analyst,1
Financial Analyst,financial analyst,unmatched,Accounting & Financial Reporting Analyst,1
Financial Analyst,financial analyst,matched,Lead Financial Analyst,1
Financial Analyst,financial analyst,unmatched,"Senior Analyst, Strategic Finance",1
Financial Analyst,financial analyst,unmatched,Analyst/Sr. Analyst – Legal & Compliance (Financing),1
Financial Analyst,financial analyst,matched,Business & Financial Analyst,1
Financial Analyst,financial analyst,matched,Trade Finance Analyst,1
Financial Analyst,financial analyst,mapped:Business Analyst,"Senior Business Analyst, Actimize (Payments & financial Fraud)",1
Financial Analyst,financial analyst,unmatched,Analyst III Finance Operations,1
Financial Analyst,financial analyst,matched,"Senior Financial Analyst (Consumer, Jetpac, Services)",1
Financial Analyst,financial analyst,unmatched,"Senior Analyst, Finance & Accounts",1
Financial Analyst,financial analyst,mapped:Data Analyst,Group Finance Business Intelligence Analyst,1
Financial Analyst,financial analyst,matched,Sr Financial Analyst II,1
Financial Analyst,financial analyst,unmatched,Finance Service Delivery Analyst,1
Financial Analyst,financial analyst,unmatched,Analyst/ Senior Analyst – Corporate Finance,1
Financial Analyst,financial analyst,unmatched,Principal Analyst - Financial Accounting / Associate Manager - Financial Accounting,1
Financial Analyst,financial analyst,matched,Business Finance Analyst,1
Financial Analyst,financial analyst,unmatched,Senior Analyst - EMEA - Fund Finance,1
Financial Analyst,financial analyst,unmatched,Senior Analyst - FPnA (Technology Finance & Commercial Finance),1
Financial Analyst,financial analyst,matched,Senior Accountant / Financial Analyst,1
Financial Analyst,financial analyst,matched,L3 - Senior Finance Analyst / Payroll Specialist,1
Financial Analyst,financial analyst,unmatched,Analyst Finance Transactions,1
Financial Analyst,financial analyst,mapped:Business Analyst,Sr. Business Analyst - Corporate Financial Systems,1
Financial Analyst,financial analyst,matched,Financial Planning Analyst - Business Finance,1
Financial Analyst,financial analyst,matched,Lead Finance Analyst,1
Financial Analyst,financial analyst,mapped:Business Analyst,Finance Change Business Analyst,1
Financial Analyst,financial analyst,mapped:Business Analyst,Oracle EBS GL Finance Functional Consultant - Lead Business Analyst,1
Financial Analyst,financial analyst,matched,Finance Analyst - IT,1
Financial Analyst,financial analyst,unmatched,"Senior Analyst, Financial Control",1
Financial Analyst,financial analyst,unmatched,Sr Analyst - Trade Finance,1
Financial Analyst,financial analyst,unmatched,Senior Financial Services Analyst,1
Financial Analyst,financial analyst,matched,Financial Analyst - Accounting,1
Financial Analyst,financial analyst,unmatched,"Compliance Analyst, Financial Crime Compliance QA",1
Financial Analyst,financial analyst,matched,Senior Technology Finance Analyst,1
Financial Analyst,financial analyst,matched,FP&A Financial Analyst - CP&O,1
Financial Analyst,financial analyst,unmatched,Sr Analyst Accounting & Financial Reporting,1
Financial Analyst,financial analyst,matched,"Senior Financial Analyst, IME Finance",1
Financial Analyst,financial analyst,matched,"Sr. Financial Analyst, FP&A Intl, APAC Region",1
Financial Analyst,financial analyst,mapped:Business Analyst,Infor ERPLn Senior Finance Business Analyst,1
Financial Analyst,financial analyst,matched,Principal Financial Analyst,1
Financial Analyst,financial analyst,unmatched,Strategic Finance Expert - Analyst,1
Financial Analyst,financial analyst,mapped:Business Analyst,Senior Business Analyst(Finance Domain),1
Financial Analyst,financial analyst,matched,Financial Analyst-Controllership and Tax,1
Financial Analyst,financial analyst,mapped:Business Analyst,Oracle Finance Business Analyst,1
Financial Analyst,financial analyst,unmatched,Financial Planning & Reporting Analyst,1
Financial Analyst,financial analyst,matched,Financial Analyst (Entry-Level),1
Financial Analyst,financial analyst,matched,Senior Financial Analyst - Site Operations,1
Financial Analyst,financial analyst,matched,Financial Analyst I/ II,1
Financial Analyst,financial analyst,matched,"Financial Analyst, FP&A - India",1
Financial Analyst,financial analyst,matched,Freight & Logistics Finance Analyst,1
Financial Analyst,financial analyst,matched,Senior Financial Analyst – Site Operations,1
Financial Analyst,financial analyst,matched,AWM Management-CSG Finance-Analyst-Bengaluru,1
Financial Analyst,financial analyst,mapped:Data Analyst,Data Analyst Intern (Finance) - January to May 2027,1
Financial Analyst,financial analyst,unmatched,Senior Analyst Finance & Accounts,1
Financial Analyst,financial analyst,matched,Financial Analyst (Project Finance),1
Financial Analyst,financial analyst,matched,Financial Analyst II - FBP,1
Financial Analyst,financial analyst,matched,Financial Analyst Trainee,1
Financial Analyst,financial analyst,matched,"Senior Financial Analyst, WW Ops Finance",1
Financial Analyst,financial analyst,matched,Lead Finance Analyst: APAC GCC FP&A,1
Financial Analyst,financial analyst,matched,"Financial Analyst II, GREF FP&A",1
Financial Analyst,financial analyst,mapped:Business Analyst,Financial Systems Analyst,1
Financial Analyst,financial analyst,unmatched,Sr. Analyst- Financial Planning & Analysis,1
Financial Analyst,financial analyst,unmatched,Analyst Finance,1
Financial Analyst,financial analyst,matched,Corporate Accounting Financial Analyst,1
Financial Analyst,financial analyst,unmatched,"Lead Analyst, Finance Project Controlling",1
Financial Analyst,financial analyst,unmatched,Financial Planning and Analysis Analyst,1
Financial Analyst,financial analyst,matched,SOX Senior Financial Analyst,1
Financial Analyst,financial analyst,mapped:Business Analyst,Finance Systems Analyst (D365 Finance & Operations),1
Financial Analyst,financial analyst,mapped:Data Analyst,Middle Financial BI Analyst,1
Financial Analyst,financial analyst,mapped:Business Analyst,"Business Analyst, Finance",1
Financial Analyst,financial analyst,matched,Financial Analyst IV / TL,1
Financial Analyst,financial analyst,matched,"Financial Analyst, Customer Revenue",1
Financial Analyst,financial analyst,matched,Accountant(Financial Analyst),1
Financial Analyst,financial analyst,unmatched,Software Analyst– Finance Technology (FICO),1
Financial Analyst,financial analyst,matched,Corporate Financial Analyst,1
Financial Analyst,financial analyst,matched,Associate/Sr. Associte Financial Analyst,1
Financial Analyst,financial analyst,mapped:Data Analyst,"Data Analyst, Finance and Payments",1
Financial Analyst,financial analyst,mapped:Business Analyst,"Sr. Business Analyst, SAP Financials",1
Financial Analyst,financial analyst,matched,"Sr. Finance Analyst, Global Internal Audit",1
Financial Analyst,financial analyst,matched,Finance Analyst - Generalaccoun,1
Financial Analyst,financial analyst,matched,Senior Financial Analyst-Supply Chain Finance,1
Financial Analyst,financial analyst,mapped:Business Analyst,Oracle Finance (EBS) - Functional Analyst,1
Financial Analyst,financial analyst,matched,Financial Analyst I - AP,1
Financial Analyst,financial analyst,unmatched,Senior Financial Control Analyst,1
Financial Analyst,financial analyst,matched,Senior Quantitative Finance Analyst (Financial Engineer),1
Financial Analyst,financial analyst,matched,Sales Compensation Financial Analyst,1
Financial Analyst,financial analyst,matched,Oracle Finance Analyst,1
Financial Analyst,financial analyst,unmatched,Risk Analyst Structured Finance,1
Financial Analyst,financial analyst,matched,Project Financial Analyst 1,1
Financial Analyst,financial analyst,unmatched,Project Finance Contract Analyst,1
Financial Analyst,financial analyst,matched,"Sr. Financial Analyst, GFS FP&A, GFS FP&A",1
Financial Analyst,financial analyst,unmatched,"Analyst II, Data Assurance , Finance",1
Financial Analyst,financial analyst,matched,Finance Analyst-2,1
Financial Analyst,financial analyst,matched,Finance Analyst - Senior Executive,1
Financial Analyst,financial analyst,matched,Finance Analyst - FP&A,1
Financial Analyst,financial analyst,mapped:Data Analyst,"Associate, Finance Technology Data Analyst",1
Financial Analyst,financial analyst,mapped:Business Analyst,Lead Business Analyst - Project Financial Management,1
Financial Analyst,financial analyst,unmatched,Financial Crime Review Analyst,1
Financial Analyst,financial analyst,unmatched,"Analyst, Financial Modeling",1
Financial Analyst,financial analyst,matched,"Financial Analyst, Renewable Energy",1
Financial Analyst,financial analyst,unmatched,"Senior Analyst, Licensing Commercial Finance",1
Financial Analyst,financial analyst,unmatched,Finance Controls and Reporting-Senior Analyst,1
Financial Analyst,financial analyst,unmatched,Finance Systems Senior Support Analyst,1
Financial Analyst,financial analyst,unmatched,Finance EPM Senior Analyst,1
Financial Analyst,financial analyst,matched,Financial Analyst Investor Relations,1
Financial Analyst,financial analyst,matched,Financial Analyst-Voice,1
Financial Analyst,financial analyst,mapped:Business Analyst,Business Analyst (Financial or Credit Risk Management) - KPMG,1
Financial Analyst,financial analyst,unmatched,Finance Sr. Analyst,1
Financial Analyst,financial analyst,matched,Financial Analyst - Controlling Planning & Operations,1
Financial Analyst,financial analyst,unmatched,"Analyst, Finance - R01570504",1
Financial Analyst,financial analyst,unmatched,Analyst - Project Finance & Infrastructure Credit Risk,1
Financial Analyst,financial analyst,unmatched,Analyst - Finance Data Capability,1
Financial Analyst,financial analyst,unmatched,Analyst - Financial Planning & Analysis,1
Financial Analyst,financial analyst,unmatched,US Equity Research Analyst Financial Modelling and Valuation Visakhapatnam,1
Financial Analyst,financial analyst,matched,Senior Financial Analyst - 2nd Shift OR 3rd shift,1
Financial Analyst,financial analyst,unmatched,Sr. D&T Analyst – Finance,1
Financial Analyst,financial analyst,unmatched,Senior Financial Analytics Analyst,1
Financial Analyst,financial analyst,unmatched,Finance Process & Ops Analyst,1
Financial Analyst,financial analyst,unmatched,Analyst Financial Advisory Support,1
Financial Analyst,financial analyst,unmatched,Senior Analyst- Financial Planning & Analysis,1
Financial Analyst,financial analyst,unmatched,IN_Sr Associate_Finance Transformation Analyst – Black Line Support_GCC_Advisory_Bangalore,1
Financial Analyst,financial analyst,matched,"XBRL Financial Analyst, Associate",1
Financial Analyst,financial analyst,matched,Finance Analyst - Seeds FC Finance AMEA,1
Financial Analyst,financial analyst,unmatched,Workday Finance C2C - Analyst,1
Financial Analyst,financial analyst,unmatched,Senior Analyst - Commercial Finance,1
Financial Analyst,financial analyst,matched,Financial Analyst MIS,1
Financial Analyst,financial analyst,matched,Financial Analyst-Accounts Payable,1
Financial Analyst,financial analyst,unmatched,Junior Analyst - Financial Reporting,1
Financial Analyst,financial analyst,unmatched,Senior Analyst - Financial Reporting & Control,1
Financial Analyst,financial analyst,unmatched,Senior Operations Analyst Financial,1
Financial Analyst,financial analyst,unmatched,SAP S/4HANA Central Finance AIF Support Analyst,1
Financial Analyst,financial analyst,matched,Finance Analyst III,1
Financial Analyst,financial analyst,unmatched,"Senior Analyst Finance, Accounting & External Reporting",1
Financial Analyst,financial analyst,unmatched,Analyst ISC Finance,1
Financial Analyst,financial analyst,unmatched,Senior Analyst - Business Insights (Finance),1
Financial Analyst,financial analyst,unmatched,Senior Analyst Finance,1
Financial Analyst,financial analyst,unmatched,Analyst - Finance,1
Financial Analyst,financial analyst,unmatched,Analyst Finance (Salesforce),1
Financial Analyst,financial analyst,unmatched,IT Applications Analyst - Oracle Fusion Technical Finance,1
Financial Analyst,financial analyst,unmatched,"Analyst, Financial",1
Financial Analyst,financial analyst,mapped:Business Analyst,Finance Business Analyst,1
Financial Analyst,financial analyst,unmatched,Analyst - Global Financial Crimes Technology,1
Financial Analyst,financial analyst,matched,Financial Analyst – Sr Associate,1
Financial Analyst,financial analyst,mapped:Business Analyst,Senior Product Analyst - Finance Technology,1
Financial Analyst,financial analyst,mapped:Data Analyst,Financial Data Analyst (Reference Data/Financial Instruments),1
Financial Analyst,financial analyst,mapped:Business Analyst,Senior Systems Analyst (Finance Workday),1
Financial Analyst,financial analyst,unmatched,Financial Solutions Analyst,1
Financial Analyst,financial analyst,unmatched,Analyst - Funds Finance (FF),1
Financial Analyst,financial analyst,ambiguous_multi,Senior Associate - Finance Data Analyst / Architect – Finance Consulting,1
Financial Analyst,financial analyst,unmatched,Pune Walk-in | Financial Market | Analyst Hiring,1
Financial Analyst,financial analyst,matched,Corporate Finance Analyst - Fully Remote,1
Financial Analyst,financial analyst,matched,Senior Project Finance Analyst - India,1
Financial Analyst,financial analyst,matched,Supply Chain Financial Analyst,1
Financial Analyst,financial analyst,unmatched,Finance Research Analyst - Expert,1
Financial Analyst,financial analyst,unmatched,Senior Financial Crime Analyst,1
Financial Analyst,financial analyst,matched,Sr Financial Analyst,1
Financial Analyst,financial analyst,unmatched,"Analyst, Financial Planning and Analysis",1
Financial Analyst,financial analyst,matched,Financial Analyst-II,1
Financial Analyst,financial analyst,matched,Senior Financial Analyst (Workday Adaptive Developer),1
Financial Analyst,financial analyst,matched,Asst Finance Analyst,1
Financial Analyst,financial analyst,matched,Financial Analyst 2,1
Financial Analyst,financial analyst,matched,Finance Analyst 2,1
Financial Analyst,financial analyst,matched,Senior Financial Analyst I,1
Financial Analyst,financial analyst,unmatched,Financial Markets - Analyst-Mumbai,1
Financial Analyst,financial analyst,mapped:Business Analyst,Functional SME/Business Analyst (Auto Finance/Asset Finance Domain),1
Financial Analyst,financial analyst,matched,Sr. Finance Analyst / Manager - Finance,1
Financial Analyst,financial analyst,unmatched,Financial Spreading (Analyst/Associate),1
Financial Analyst,financial analyst,unmatched,"Senior Analyst, Financial Planning & Analysis",1
Financial Analyst,financial analyst,matched,BU FP&A - Financial Analyst - CP&O,1
Financial Analyst,financial analyst,matched,Financial Analyst-Contra Revenue,1
Financial Analyst,financial analyst,unmatched,"Finance Shared Services Analyst I (BPS, BPO-Finance) - 5 -7 Years - Pune",1
Financial Analyst,financial analyst,unmatched,"Financial Reporting and Planning COE Analyst, APAC",1
Financial Analyst,financial analyst,matched,Role Title Sr. Finance Analyst - IMFT VMB,1
Financial Analyst,financial analyst,matched,Role Title Sr. Finance Analyst – IMFT VMB,1
Financial Analyst,financial analyst,unmatched,"Financial and Regulatory Reporting Senior Analyst, AS",1
Financial Analyst,financial analyst,matched,M41Q0: Financial Planning & Analysis Analyst-Senior,1
Financial Analyst,financial analyst,unmatched,Senior Analyst - Finance Data Capability,1
Financial Analyst,financial analyst,mapped:Data Scientist,Senior Analyst - AI/ ML Engineer (Financial Crimes Innovation),1
Financial Analyst,financial analyst,matched,Financial Analyst(Qualified/Semi Qualified CA),1
Financial Analyst,financial analyst,matched,Sr. Financial Analyst – Operations & Commercial,1
Financial Analyst,financial analyst,unmatched,"Senior Analyst, GFCD Technology, Financial Crimes Innovation",1
Financial Analyst,financial analyst,unmatched,Senior Financial Operations Analyst,1
Financial Analyst,financial analyst,mapped:Business Analyst,Global Finance Business Analyst - CP&O,1
Financial Analyst,financial analyst,unmatched,Client Financial Mgmt Senior Analyst,1
Financial Analyst,financial analyst,matched,"Financial Analyst, Business F&S",1
Financial Analyst,financial analyst,unmatched,Analyst – Financial reporting and IGAAP reporting| Mumbai,1
Financial Analyst,financial analyst,matched,Senior ERP LN Finance Analyst,1
Financial Analyst,financial analyst,unmatched,Sr. Analyst - Financial Operation,1
Financial Analyst,financial analyst,matched,Investment and Financial analyst CFAWealth Mgt,1
Financial Analyst,financial analyst,matched,"Financial Analyst, Senior",1
Financial Analyst,financial analyst,unmatched,Finance EPM ARCS Senior Analyst,1
Financial Analyst,financial analyst,matched,Financial Analyst - FP&A,1
Financial Analyst,financial analyst,unmatched,Finance Control Analyst - Projects,1
Financial Analyst,financial analyst,mapped:Business Analyst,Senior Finance Systems Analyst,1
Financial Analyst,financial analyst,matched,Finance Analyst Advanced,1
Financial Analyst,financial analyst,unmatched,Finance & Operations Analyst,1
Financial Analyst,financial analyst,matched,We are hiring for Financial Analyst for Pharma Industry,1
Financial Analyst,finance analyst,matched,Financial Analyst,56
Financial Analyst,finance analyst,matched,Senior Financial Analyst,21
Financial Analyst,finance analyst,matched,Financial Plan & Analysis Senior Analyst,15
Financial Analyst,finance analyst,matched,Finance Analyst,14
Financial Analyst,finance analyst,matched,Financial Plan & Analysis Analyst,10
Financial Analyst,finance analyst,unmatched,"Senior Analyst, Finance Solutions",7
Financial Analyst,finance analyst,matched,Financial Analyst II,6
Financial Analyst,finance analyst,matched,"Financial Analyst I, FOAA Leases",6
Financial Analyst,finance analyst,matched,Financial Analyst - Fully Remote,6
Financial Analyst,finance analyst,matched,Sr Finance Analyst,6
Financial Analyst,finance analyst,matched,Sr. Finance Analyst,5
Financial Analyst,finance analyst,matched,"Financial Analyst, FOAA - Payroll",5
Financial Analyst,finance analyst,matched,Financial Analyst I,4
Financial Analyst,finance analyst,matched,"Sr. Financial Analyst, Sr. Finance Analyst, RBS, Stores Tech Finance (STF)",4
Financial Analyst,finance analyst,matched,"Finance Analyst II, APAC ITX team",4
Financial Analyst,finance analyst,unmatched,Business Finance Senior Analyst,4
Financial Analyst,finance analyst,matched,"Financial Analyst I, GFS Services FP&A",4
Financial Analyst,finance analyst,matched,Sr Finance Analyst (PS),4
Financial Analyst,finance analyst,matched,Financial Planning Analyst,3
Financial Analyst,finance analyst,matched,Financial Analyst 3,3
Financial Analyst,finance analyst,unmatched,"FinOps Analyst - AP, Finance & Accounting",3
Financial Analyst,finance analyst,matched,"Financial Analyst II, FOAA Leo",3
Financial Analyst,finance analyst,mapped:Business Analyst,SAP Finance Functional Analyst,3
Financial Analyst,finance analyst,unmatched,Analyst - India Finance Team,3
Financial Analyst,finance analyst,matched,"Financial Analyst II, FOAA GST",3
Financial Analyst,finance analyst,ambiguous_multi,Financial Analyst I (Business Analyst),3
Financial Analyst,finance analyst,unmatched,"Analyst, Financial Operations",3
Financial Analyst,finance analyst,unmatched,Sr IT Analyst - SAP Finance/ECC/S4HANA,3
Financial Analyst,finance analyst,matched,"Senior Financial Analyst, IN FC Finance",3
Financial Analyst,finance analyst,matched,"Financial Analyst II, ASSPL Finance Team",3
Financial Analyst,finance analyst,matched,"Financial Analyst I, FOAA",3
Financial Analyst,finance analyst,matched,Financial Analyst Intern,3
Financial Analyst,finance analyst,matched,"Senior Financial Analyst, FOAA",3
Financial Analyst,finance analyst,matched,"Senior Financial Analyst, Data Center Finance",3
Financial Analyst,finance analyst,mapped:Business Analyst,"Business Analyst I, SPS Finance Insights & Analytics",3
Financial Analyst,finance analyst,matched,"Senior Financial Analyst, DEX Finance",3
Financial Analyst,finance analyst,matched,"Finance Analyst, IN Amazon Now Finance",3
Financial Analyst,finance analyst,matched,"Financial Analyst I, FOAA Accounts Payable",3
Financial Analyst,finance analyst,matched,"Financial Analyst III, FOAA Accounts Payable",3
Financial Analyst,finance analyst,matched,"Financial Analyst Intern, NL/RE&E Finance team",3
Financial Analyst,finance analyst,matched,"Finance Analyst, India AMZL Finance",3
Financial Analyst,finance analyst,matched,"Financial Analyst Intern, AMZL",3
Financial Analyst,finance analyst,matched,"Financial Analyst , Selling Partner Risk Management",3
Financial Analyst,finance analyst,matched,"Financial Analyst II, Financial Operations Accounting Analysis",3
Financial Analyst,finance analyst,matched,"Financial Analyst, GREF FP&A",3
Financial Analyst,finance analyst,matched,"Senior Financial Analyst - Amazon Logistics, AMZL Finance",3
Financial Analyst,finance analyst,matched,Business and Finance Analyst (Finance/FP&A) India (1 PM–10 PM Shift),2
Financial Analyst,finance analyst,unmatched,Finance Operation Analyst,2
Financial Analyst,finance analyst,mapped:Business Analyst,Financial Systems Analyst I,2
Financial Analyst,finance analyst,matched,Senior Finance Analyst - Accounts Payable,2
Financial Analyst,finance analyst,matched,Lead Financial Planning & Analysis Analyst - Power BI Development,2
Financial Analyst,finance analyst,unmatched,Process Analyst - Trade Finance (French),2
Financial Analyst,finance analyst,matched,Lead Service Finance Analyst,2
Financial Analyst,finance analyst,mapped:Business Analyst,Financial Systems Analyst II,2
Financial Analyst,finance analyst,mapped:Business Analyst,Business Analyst - SAP Finance,2
Financial Analyst,finance analyst,matched,Project Finance Analyst,2
Financial Analyst,finance analyst,unmatched,Analyst 2 - Financial Planning & Analysis,2
Financial Analyst,finance analyst,matched,Financial Analyst-Record to Report,2
Financial Analyst,finance analyst,matched,Business Financial Analyst,2
Financial Analyst,finance analyst,matched,"Senior Financial Analyst, Consolidations",2
Financial Analyst,finance analyst,unmatched,"Financial and Regulatory Reporting Senior Analyst, AVP",2
Financial Analyst,finance analyst,unmatched,Finance Business Partner - Analyst,2
Financial Analyst,finance analyst,unmatched,Analyst Financial Planning & Analysis Technology,2
Financial Analyst,finance analyst,matched,Financial Analyst - AI Collaboration,2
Financial Analyst,finance analyst,matched,"Financial Analyst II, FOAA Accounting",2
Financial Analyst,finance analyst,matched,Financial Planning Lead Analyst,2
Financial Analyst,finance analyst,matched,"Sr. Financial Analyst, Cloud Infrastructure",2
Financial Analyst,finance analyst,unmatched,Senior Finance Operation Analyst,2
Financial Analyst,finance analyst,unmatched,"Analyst, External Manufacturing Finance",2
Financial Analyst,finance analyst,unmatched,Sr Analyst I Finance Business Partner,2
Financial Analyst,finance analyst,matched,Finance Analyst (Chartered Accountant),2
Financial Analyst,finance analyst,mapped:Business Analyst,Finance Systems Analyst,2
Financial Analyst,finance analyst,matched,GSF LEA Senior Finance Analyst,2
Financial Analyst,finance analyst,matched,Financial Analyst 1,2
Financial Analyst,finance analyst,matched,Senior Financial Planning Analyst,2
Financial Analyst,finance analyst,unmatched,Financial Reporting Analyst,2
Financial Analyst,finance analyst,matched,"Financial Analyst Intern, Accounting",2
Financial Analyst,finance analyst,matched,Senior Finance Analyst,2
Financial Analyst,finance analyst,unmatched,Financial Svcs Analyst,2
Financial Analyst,finance analyst,matched,"Financial Analyst, Defined Contribution - India",2
Financial Analyst,finance analyst,unmatched,Client Financial Mgmt Analyst,2
Financial Analyst,finance analyst,unmatched,Finance Deployment Lead Analyst - IMFT,2
Financial Analyst,finance analyst,mapped:Business Analyst,Salesforce Business Analyst in Financial Services Cloud (FSC),2
Financial Analyst,finance analyst,unmatched,"Sr Analyst, Financial Operations",2
Financial Analyst,finance analyst,matched,"Senior Financial Analyst, FP&A",2
Financial Analyst,finance analyst,matched,Associate Financial Analyst,2
Financial Analyst,finance analyst,matched,Plant Finance Analyst,2
Financial Analyst,finance analyst,unmatched,Analyst (Finance & Statutory Audits),2
Financial Analyst,finance analyst,matched,Sr. Financial Analyst,2
Financial Analyst,finance analyst,unmatched,Financial Market | Analyst Hiring,2
Financial Analyst,finance analyst,unmatched,"Senior Analyst, Supply Chain Finance",2
Financial Analyst,finance analyst,unmatched,Quantitative Risk Mgmt Analyst - Financial Risk Developer,2
Financial Analyst,finance analyst,unmatched,Senior Software Quality Assurance Analyst (SAP Finance / CFIN),1
Financial Analyst,finance analyst,unmatched,"Snr Solution Analyst – Finance – AP, VIM & integration",1
Financial Analyst,finance analyst,matched,Financial Planning & Analysis- Analyst,1
Financial Analyst,finance analyst,unmatched,Analyst - Financial Analysis (PXT P&A),1
Financial Analyst,finance analyst,unmatched,"Snr Solution Analyst – Finance – Cash, Bank & Receivables",1
Financial Analyst,finance analyst,matched,Senior Finance Analyst - General Accounting,1
Financial Analyst,finance analyst,matched,Production Financial Analyst,1
Financial Analyst,finance analyst,matched,"Financial Analyst, GFS FP&A",1
Financial Analyst,finance analyst,unmatched,"Lead, Finance Application Analyst-Tagetik",1
Financial Analyst,finance analyst,unmatched,Associate Senior Financial Reporting Analyst,1
Financial Analyst,finance analyst,matched,Project Finance Analyst - Infrastructure Finance / Clean Energy Finance - Officer,1
Financial Analyst,finance analyst,matched,Financial Analyst-Services Deliver,1
Financial Analyst,finance analyst,unmatched,Senior Analyst - Finance & Accounting,1
Financial Analyst,finance analyst,matched,Finance Analyst - Accounts Payable,1
Financial Analyst,finance analyst,matched,Finance & Accounts Executive / Financial Analyst-CA/CA Inter,1
Financial Analyst,finance analyst,unmatched,Process Analyst – Trade Finance (French),1
Financial Analyst,finance analyst,unmatched,Finance & Strategy Analyst,1
Financial Analyst,finance analyst,matched,Assistant Finance Analyst,1
Financial Analyst,finance analyst,matched,Financial Planning Analyst_4-7yrs_Kolkata_Face-to-Face Interview,1
Financial Analyst,finance analyst,unmatched,"Analyst, Financial Instruments and Technology",1
Financial Analyst,finance analyst,matched,IN_Specialist 3_ Finance Analyst _GCC_Advisory_Bangalore,1
Financial Analyst,finance analyst,matched,Financial Analyst - II,1
Financial Analyst,finance analyst,matched,Financial Analyst-Lease Enablement,1
Financial Analyst,finance analyst,unmatched,Finance Assoc Analyst,1
Financial Analyst,finance analyst,unmatched,Business Risk Analyst - Supply Chain Finance,1
Financial Analyst,finance analyst,mapped:Data Analyst,"Financial Data Analyst Intern, Technical Operations",1
Financial Analyst,finance analyst,unmatched,Financial Crime Intelligence Analyst - Crypto,1
Financial Analyst,finance analyst,unmatched,Financial Crime Intelligence Analyst - Fiat,1
Financial Analyst,finance analyst,unmatched,Finance & Strategy Senior Analyst,1
Financial Analyst,finance analyst,unmatched,Senior Financial Planning and Analysis Analyst,1
Financial Analyst,finance analyst,unmatched,Analyst Oracle Fusion Financials-L1 - Pune,1
Financial Analyst,finance analyst,matched,Financial Analyst - Cost Accounting Solutions,1
Financial Analyst,finance analyst,matched,Financial Analyst 4,1
Financial Analyst,finance analyst,matched,Reporting/Finance Analyst,1
Financial Analyst,finance analyst,unmatched,Accounting & Financial Reporting Analyst,1
Financial Analyst,finance analyst,matched,Lead Financial Analyst,1
Financial Analyst,finance analyst,unmatched,"Senior Analyst, Strategic Finance",1
Financial Analyst,finance analyst,unmatched,Analyst/Sr. Analyst – Legal & Compliance (Financing),1
Financial Analyst,finance analyst,matched,Business & Financial Analyst,1
Financial Analyst,finance analyst,matched,Trade Finance Analyst,1
Financial Analyst,finance analyst,mapped:Business Analyst,"Senior Business Analyst, Actimize (Payments & financial Fraud)",1
Financial Analyst,finance analyst,unmatched,Analyst III Finance Operations,1
Financial Analyst,finance analyst,matched,"Senior Financial Analyst (Consumer, Jetpac, Services)",1
Financial Analyst,finance analyst,unmatched,"Senior Analyst, Finance & Accounts",1
Financial Analyst,finance analyst,mapped:Data Analyst,Group Finance Business Intelligence Analyst,1
Financial Analyst,finance analyst,matched,Sr Financial Analyst II,1
Financial Analyst,finance analyst,unmatched,Finance Service Delivery Analyst,1
Financial Analyst,finance analyst,unmatched,Analyst/ Senior Analyst – Corporate Finance,1
Financial Analyst,finance analyst,unmatched,Principal Analyst - Financial Accounting / Associate Manager - Financial Accounting,1
Financial Analyst,finance analyst,matched,Business Finance Analyst,1
Financial Analyst,finance analyst,unmatched,Senior Analyst - EMEA - Fund Finance,1
Financial Analyst,finance analyst,unmatched,Senior Analyst - FPnA (Technology Finance & Commercial Finance),1
Financial Analyst,finance analyst,matched,Senior Accountant / Financial Analyst,1
Financial Analyst,finance analyst,matched,L3 - Senior Finance Analyst / Payroll Specialist,1
Financial Analyst,finance analyst,unmatched,Analyst Finance Transactions,1
Financial Analyst,finance analyst,mapped:Business Analyst,Sr. Business Analyst - Corporate Financial Systems,1
Financial Analyst,finance analyst,matched,Financial Planning Analyst - Business Finance,1
Financial Analyst,finance analyst,matched,Lead Finance Analyst,1
Financial Analyst,finance analyst,mapped:Business Analyst,Finance Change Business Analyst,1
Financial Analyst,finance analyst,mapped:Business Analyst,Oracle EBS GL Finance Functional Consultant - Lead Business Analyst,1
Financial Analyst,finance analyst,matched,Finance Analyst - IT,1
Financial Analyst,finance analyst,unmatched,"Senior Analyst, Financial Control",1
Financial Analyst,finance analyst,unmatched,Sr Analyst - Trade Finance,1
Financial Analyst,finance analyst,unmatched,Senior Financial Services Analyst,1
Financial Analyst,finance analyst,matched,Financial Analyst - Accounting,1
Financial Analyst,finance analyst,unmatched,"Compliance Analyst, Financial Crime Compliance QA",1
Financial Analyst,finance analyst,matched,Senior Technology Finance Analyst,1
Financial Analyst,finance analyst,matched,FP&A Financial Analyst - CP&O,1
Financial Analyst,finance analyst,unmatched,Sr Analyst Accounting & Financial Reporting,1
Financial Analyst,finance analyst,matched,"Senior Financial Analyst, IME Finance",1
Financial Analyst,finance analyst,matched,"Sr. Financial Analyst, FP&A Intl, APAC Region",1
Financial Analyst,finance analyst,mapped:Business Analyst,Infor ERPLn Senior Finance Business Analyst,1
Financial Analyst,finance analyst,matched,Principal Financial Analyst,1
Financial Analyst,finance analyst,unmatched,Strategic Finance Expert - Analyst,1
Financial Analyst,finance analyst,mapped:Business Analyst,Senior Business Analyst(Finance Domain),1
Financial Analyst,finance analyst,matched,Financial Analyst-Controllership and Tax,1
Financial Analyst,finance analyst,mapped:Business Analyst,Oracle Finance Business Analyst,1
Financial Analyst,finance analyst,unmatched,Financial Planning & Reporting Analyst,1
Financial Analyst,finance analyst,matched,Financial Analyst (Entry-Level),1
Financial Analyst,finance analyst,matched,Senior Financial Analyst - Site Operations,1
Financial Analyst,finance analyst,matched,Financial Analyst I/ II,1
Financial Analyst,finance analyst,matched,"Financial Analyst, FP&A - India",1
Financial Analyst,finance analyst,matched,Freight & Logistics Finance Analyst,1
Financial Analyst,finance analyst,matched,Senior Financial Analyst – Site Operations,1
Financial Analyst,finance analyst,matched,AWM Management-CSG Finance-Analyst-Bengaluru,1
Financial Analyst,finance analyst,mapped:Data Analyst,Data Analyst Intern (Finance) - January to May 2027,1
Financial Analyst,finance analyst,unmatched,Senior Analyst Finance & Accounts,1
Financial Analyst,finance analyst,matched,Financial Analyst (Project Finance),1
Financial Analyst,finance analyst,matched,Financial Analyst II - FBP,1
Financial Analyst,finance analyst,matched,Financial Analyst Trainee,1
Financial Analyst,finance analyst,matched,"Senior Financial Analyst, WW Ops Finance",1
Financial Analyst,finance analyst,matched,Lead Finance Analyst: APAC GCC FP&A,1
Financial Analyst,finance analyst,matched,"Financial Analyst II, GREF FP&A",1
Financial Analyst,finance analyst,mapped:Business Analyst,Financial Systems Analyst,1
Financial Analyst,finance analyst,unmatched,Sr. Analyst- Financial Planning & Analysis,1
Financial Analyst,finance analyst,unmatched,Analyst Finance,1
Financial Analyst,finance analyst,matched,Corporate Accounting Financial Analyst,1
Financial Analyst,finance analyst,unmatched,"Lead Analyst, Finance Project Controlling",1
Financial Analyst,finance analyst,unmatched,Financial Planning and Analysis Analyst,1
Financial Analyst,finance analyst,matched,SOX Senior Financial Analyst,1
Financial Analyst,finance analyst,mapped:Business Analyst,Finance Systems Analyst (D365 Finance & Operations),1
Financial Analyst,finance analyst,mapped:Data Analyst,Middle Financial BI Analyst,1
Financial Analyst,finance analyst,mapped:Business Analyst,"Business Analyst, Finance",1
Financial Analyst,finance analyst,matched,Financial Analyst IV / TL,1
Financial Analyst,finance analyst,matched,"Financial Analyst, Customer Revenue",1
Financial Analyst,finance analyst,matched,Accountant(Financial Analyst),1
Financial Analyst,finance analyst,unmatched,Software Analyst– Finance Technology (FICO),1
Financial Analyst,finance analyst,matched,Corporate Financial Analyst,1
Financial Analyst,finance analyst,matched,Associate/Sr. Associte Financial Analyst,1
Financial Analyst,finance analyst,mapped:Data Analyst,"Data Analyst, Finance and Payments",1
Financial Analyst,finance analyst,mapped:Business Analyst,"Sr. Business Analyst, SAP Financials",1
Financial Analyst,finance analyst,matched,"Sr. Finance Analyst, Global Internal Audit",1
Financial Analyst,finance analyst,matched,Finance Analyst - Generalaccoun,1
Financial Analyst,finance analyst,matched,Senior Financial Analyst-Supply Chain Finance,1
Financial Analyst,finance analyst,mapped:Business Analyst,Oracle Finance (EBS) - Functional Analyst,1
Financial Analyst,finance analyst,matched,Financial Analyst I - AP,1
Financial Analyst,finance analyst,unmatched,Senior Financial Control Analyst,1
Financial Analyst,finance analyst,matched,Senior Quantitative Finance Analyst (Financial Engineer),1
Financial Analyst,finance analyst,matched,Sales Compensation Financial Analyst,1
Financial Analyst,finance analyst,matched,Oracle Finance Analyst,1
Financial Analyst,finance analyst,unmatched,Risk Analyst Structured Finance,1
Financial Analyst,finance analyst,matched,Project Financial Analyst 1,1
Financial Analyst,finance analyst,unmatched,Project Finance Contract Analyst,1
Financial Analyst,finance analyst,matched,"Sr. Financial Analyst, GFS FP&A, GFS FP&A",1
Financial Analyst,finance analyst,unmatched,"Analyst II, Data Assurance , Finance",1
Financial Analyst,finance analyst,matched,Finance Analyst-2,1
Financial Analyst,finance analyst,matched,Finance Analyst - Senior Executive,1
Financial Analyst,finance analyst,matched,Finance Analyst - FP&A,1
Financial Analyst,finance analyst,mapped:Data Analyst,"Associate, Finance Technology Data Analyst",1
Financial Analyst,finance analyst,mapped:Business Analyst,Lead Business Analyst - Project Financial Management,1
Financial Analyst,finance analyst,unmatched,Financial Crime Review Analyst,1
Financial Analyst,finance analyst,unmatched,"Analyst, Financial Modeling",1
Financial Analyst,finance analyst,matched,"Financial Analyst, Renewable Energy",1
Financial Analyst,finance analyst,unmatched,"Senior Analyst, Licensing Commercial Finance",1
Financial Analyst,finance analyst,unmatched,Finance Controls and Reporting-Senior Analyst,1
Financial Analyst,finance analyst,unmatched,Finance Systems Senior Support Analyst,1
Financial Analyst,finance analyst,unmatched,Finance EPM Senior Analyst,1
Financial Analyst,finance analyst,matched,Financial Analyst Investor Relations,1
Financial Analyst,finance analyst,matched,Financial Analyst-Voice,1
Financial Analyst,finance analyst,mapped:Business Analyst,Business Analyst (Financial or Credit Risk Management) - KPMG,1
Financial Analyst,finance analyst,unmatched,Finance Sr. Analyst,1
Financial Analyst,finance analyst,matched,Financial Analyst - Controlling Planning & Operations,1
Financial Analyst,finance analyst,unmatched,"Analyst, Finance - R01570504",1
Financial Analyst,finance analyst,unmatched,Analyst - Project Finance & Infrastructure Credit Risk,1
Financial Analyst,finance analyst,unmatched,Analyst - Finance Data Capability,1
Financial Analyst,finance analyst,unmatched,Analyst - Financial Planning & Analysis,1
Financial Analyst,finance analyst,unmatched,US Equity Research Analyst Financial Modelling and Valuation Visakhapatnam,1
Financial Analyst,finance analyst,matched,Senior Financial Analyst - 2nd Shift OR 3rd shift,1
Financial Analyst,finance analyst,unmatched,Sr. D&T Analyst – Finance,1
Financial Analyst,finance analyst,unmatched,Senior Financial Analytics Analyst,1
Financial Analyst,finance analyst,unmatched,Finance Process & Ops Analyst,1
Financial Analyst,finance analyst,unmatched,Analyst Financial Advisory Support,1
Financial Analyst,finance analyst,unmatched,Senior Analyst- Financial Planning & Analysis,1
Financial Analyst,finance analyst,unmatched,IN_Sr Associate_Finance Transformation Analyst – Black Line Support_GCC_Advisory_Bangalore,1
Financial Analyst,finance analyst,matched,"XBRL Financial Analyst, Associate",1
Financial Analyst,finance analyst,matched,Finance Analyst - Seeds FC Finance AMEA,1
Financial Analyst,finance analyst,unmatched,Workday Finance C2C - Analyst,1
Financial Analyst,finance analyst,unmatched,Senior Analyst - Commercial Finance,1
Financial Analyst,finance analyst,matched,Financial Analyst MIS,1
Financial Analyst,finance analyst,matched,Financial Analyst-Accounts Payable,1
Financial Analyst,finance analyst,unmatched,Junior Analyst - Financial Reporting,1
Financial Analyst,finance analyst,unmatched,Senior Analyst - Financial Reporting & Control,1
Financial Analyst,finance analyst,unmatched,Senior Operations Analyst Financial,1
Financial Analyst,finance analyst,unmatched,SAP S/4HANA Central Finance AIF Support Analyst,1
Financial Analyst,finance analyst,matched,Finance Analyst III,1
Financial Analyst,finance analyst,unmatched,"Senior Analyst Finance, Accounting & External Reporting",1
Financial Analyst,finance analyst,unmatched,Analyst ISC Finance,1
Financial Analyst,finance analyst,unmatched,Senior Analyst - Business Insights (Finance),1
Financial Analyst,finance analyst,unmatched,Senior Analyst Finance,1
Financial Analyst,finance analyst,unmatched,Analyst - Finance,1
Financial Analyst,finance analyst,unmatched,Analyst Finance (Salesforce),1
Financial Analyst,finance analyst,unmatched,IT Applications Analyst - Oracle Fusion Technical Finance,1
Financial Analyst,finance analyst,unmatched,"Analyst, Financial",1
Financial Analyst,finance analyst,mapped:Business Analyst,Finance Business Analyst,1
Financial Analyst,finance analyst,unmatched,Analyst - Global Financial Crimes Technology,1
Financial Analyst,finance analyst,matched,Financial Analyst – Sr Associate,1
Financial Analyst,finance analyst,mapped:Business Analyst,Senior Product Analyst - Finance Technology,1
Financial Analyst,finance analyst,mapped:Data Analyst,Financial Data Analyst (Reference Data/Financial Instruments),1
Financial Analyst,finance analyst,mapped:Business Analyst,Senior Systems Analyst (Finance Workday),1
Financial Analyst,finance analyst,unmatched,Financial Solutions Analyst,1
Financial Analyst,finance analyst,unmatched,Analyst - Funds Finance (FF),1
Financial Analyst,finance analyst,ambiguous_multi,Senior Associate - Finance Data Analyst / Architect – Finance Consulting,1
Financial Analyst,finance analyst,unmatched,Pune Walk-in | Financial Market | Analyst Hiring,1
Financial Analyst,finance analyst,matched,Corporate Finance Analyst - Fully Remote,1
Financial Analyst,finance analyst,matched,Senior Project Finance Analyst - India,1
Financial Analyst,finance analyst,matched,Supply Chain Financial Analyst,1
Financial Analyst,finance analyst,unmatched,Finance Research Analyst - Expert,1
Financial Analyst,finance analyst,unmatched,Senior Financial Crime Analyst,1
Financial Analyst,finance analyst,matched,Sr Financial Analyst,1
Financial Analyst,finance analyst,unmatched,"Analyst, Financial Planning and Analysis",1
Financial Analyst,finance analyst,matched,Financial Analyst-II,1
Financial Analyst,finance analyst,matched,Senior Financial Analyst (Workday Adaptive Developer),1
Financial Analyst,finance analyst,matched,Asst Finance Analyst,1
Financial Analyst,finance analyst,matched,Financial Analyst 2,1
Financial Analyst,finance analyst,matched,Finance Analyst 2,1
Financial Analyst,finance analyst,matched,Senior Financial Analyst I,1
Financial Analyst,finance analyst,unmatched,Financial Markets - Analyst-Mumbai,1
Financial Analyst,finance analyst,mapped:Business Analyst,Functional SME/Business Analyst (Auto Finance/Asset Finance Domain),1
Financial Analyst,finance analyst,matched,Sr. Finance Analyst / Manager - Finance,1
Financial Analyst,finance analyst,unmatched,Financial Spreading (Analyst/Associate),1
Financial Analyst,finance analyst,unmatched,"Senior Analyst, Financial Planning & Analysis",1
Financial Analyst,finance analyst,matched,BU FP&A - Financial Analyst - CP&O,1
Financial Analyst,finance analyst,matched,Financial Analyst-Contra Revenue,1
Financial Analyst,finance analyst,unmatched,"Finance Shared Services Analyst I (BPS, BPO-Finance) - 5 -7 Years - Pune",1
Financial Analyst,finance analyst,unmatched,"Financial Reporting and Planning COE Analyst, APAC",1
Financial Analyst,finance analyst,matched,Role Title Sr. Finance Analyst - IMFT VMB,1
Financial Analyst,finance analyst,matched,Role Title Sr. Finance Analyst – IMFT VMB,1
Financial Analyst,finance analyst,unmatched,"Financial and Regulatory Reporting Senior Analyst, AS",1
Financial Analyst,finance analyst,matched,M41Q0: Financial Planning & Analysis Analyst-Senior,1
Financial Analyst,finance analyst,unmatched,Senior Analyst - Finance Data Capability,1
Financial Analyst,finance analyst,mapped:Data Scientist,Senior Analyst - AI/ ML Engineer (Financial Crimes Innovation),1
Financial Analyst,finance analyst,matched,Financial Analyst(Qualified/Semi Qualified CA),1
Financial Analyst,finance analyst,matched,Sr. Financial Analyst – Operations & Commercial,1
Financial Analyst,finance analyst,unmatched,"Senior Analyst, GFCD Technology, Financial Crimes Innovation",1
Financial Analyst,finance analyst,unmatched,Senior Financial Operations Analyst,1
Financial Analyst,finance analyst,mapped:Business Analyst,Global Finance Business Analyst - CP&O,1
Financial Analyst,finance analyst,unmatched,Client Financial Mgmt Senior Analyst,1
Financial Analyst,finance analyst,matched,"Financial Analyst, Business F&S",1
Financial Analyst,finance analyst,unmatched,Analyst – Financial reporting and IGAAP reporting| Mumbai,1
Financial Analyst,finance analyst,matched,Senior ERP LN Finance Analyst,1
Financial Analyst,finance analyst,unmatched,Sr. Analyst - Financial Operation,1
Financial Analyst,finance analyst,matched,Investment and Financial analyst CFAWealth Mgt,1
Financial Analyst,finance analyst,matched,"Financial Analyst, Senior",1
Financial Analyst,finance analyst,unmatched,Finance EPM ARCS Senior Analyst,1
Financial Analyst,finance analyst,matched,Financial Analyst - FP&A,1
Financial Analyst,finance analyst,unmatched,Finance Control Analyst - Projects,1
Financial Analyst,finance analyst,mapped:Business Analyst,Senior Finance Systems Analyst,1
Financial Analyst,finance analyst,matched,Finance Analyst Advanced,1
Financial Analyst,finance analyst,unmatched,Finance & Operations Analyst,1
Financial Analyst,finance analyst,matched,We are hiring for Financial Analyst for Pharma Industry,1
Financial Analyst,fp&a analyst,matched,Senior FP&A Analyst,6
Financial Analyst,fp&a analyst,matched,FP&A Analyst,6
Financial Analyst,fp&a analyst,matched,"Financial Analyst, GREF FP&A",3
Financial Analyst,fp&a analyst,matched,Business and Finance Analyst (Finance/FP&A) India (1 PM–10 PM Shift),2
Financial Analyst,fp&a analyst,unmatched,Senior Analyst FP&A & Oracle,2
Financial Analyst,fp&a analyst,matched,FP&A Analyst – Forecasting & Budgeting,2
Financial Analyst,fp&a analyst,unmatched,FP&A Senior Analyst,2
Financial Analyst,fp&a analyst,matched,"Senior Financial Analyst, FP&A",2
Financial Analyst,fp&a analyst,unmatched,"Sr. Analyst, Engineering FP&A",2
Financial Analyst,fp&a analyst,unmatched,FP&A Cost Performance Senior Analyst - O&G,1
Financial Analyst,fp&a analyst,matched,"Financial Analyst, GFS FP&A",1
Financial Analyst,fp&a analyst,unmatched,Analyst II FP&A,1
Financial Analyst,fp&a analyst,unmatched,"Senior Analyst, FP&A",1
Financial Analyst,fp&a analyst,mapped:Business Analyst,FP&A Systems Analyst,1
Financial Analyst,fp&a analyst,matched,FP&A Financial Analyst - CP&O,1
Financial Analyst,fp&a analyst,matched,"Sr. Financial Analyst, FP&A Intl, APAC Region",1
Financial Analyst,fp&a analyst,unmatched,Senior FP&A & GL Analyst,1
Financial Analyst,fp&a analyst,unmatched,FP&A & GL Analyst,1
Financial Analyst,fp&a analyst,unmatched,Lead Analyst- FP&A,1
Financial Analyst,fp&a analyst,matched,"Financial Analyst, FP&A - India",1
Financial Analyst,fp&a analyst,matched,FP&A Analyst [T500-29251],1
Financial Analyst,fp&a analyst,matched,Lead Finance Analyst: APAC GCC FP&A,1
Financial Analyst,fp&a analyst,matched,"Financial Analyst II, GREF FP&A",1
Financial Analyst,fp&a analyst,unmatched,Financial Planning & Analysis (FP&A) and Revenue Accounting Analyst,1
Financial Analyst,fp&a analyst,matched,"Sr. Financial Analyst, GFS FP&A, GFS FP&A",1
Financial Analyst,fp&a analyst,matched,Finance Analyst - FP&A,1
Financial Analyst,fp&a analyst,unmatched,FP&A Costing Analyst,1
Financial Analyst,fp&a analyst,unmatched,FP&A and Revenue Accounting Analyst,1
Financial Analyst,fp&a analyst,matched,FP&A Analyst - Manager,1
Financial Analyst,fp&a analyst,unmatched,Analyst- FP&A,1
Financial Analyst,fp&a analyst,unmatched,"Analyst, Engineering FP&A",1
Financial Analyst,fp&a analyst,unmatched,Senior Analyst FP&A,1
Financial Analyst,fp&a analyst,unmatched,PSC FP&A Controlling & Planning Analyst,1
Financial Analyst,fp&a analyst,unmatched,Principal Analyst - FP&A,1
Financial Analyst,fp&a analyst,matched,BU FP&A - Financial Analyst - CP&O,1
Financial Analyst,fp&a analyst,unmatched,Senior Analyst - FP&A,1
Financial Analyst,fp&a analyst,unmatched,FP&A Control Senior Analyst,1
Financial Analyst,fp&a analyst,unmatched,"Senior Analyst, Global ZBB FP&A",1
Financial Analyst,fp&a analyst,unmatched,Senior Analyst_FP&A,1
Financial Analyst,fp&a analyst,mapped:Business Analyst,Senior Business Analyst - FP&A,1
Financial Analyst,fp&a analyst,matched,Financial Analyst - FP&A,1
Financial Analyst,investment analyst,matched,Investment Analyst,4
Financial Analyst,investment analyst,mapped:Business Analyst,Senior Business Analyst - Investment Management,4
Financial Analyst,investment analyst,matched,Investment Analyst - Valuation Expert,3
Financial Analyst,investment analyst,unmatched,Analyst - Pricing - Nuveen Global Investment Operations,2
Financial Analyst,investment analyst,unmatched,Investment Operations Analyst,2
Financial Analyst,investment analyst,unmatched,Analyst / Senior Analyst - Investment Banking,2
Financial Analyst,investment analyst,unmatched,Investment Risk Performance - Senior Analyst,2
Financial Analyst,investment analyst,unmatched,"Analyst, Investment Modeling",1
Financial Analyst,investment analyst,unmatched,"Senior Analyst, Investment Modelling",1
Financial Analyst,investment analyst,unmatched,Community Investing and Development - Program Analyst,1
Financial Analyst,investment analyst,unmatched,"Analyst, Investment Operations",1
Financial Analyst,investment analyst,mapped:Business Analyst,Business Analyst (Investment banking),1
Financial Analyst,investment analyst,unmatched,Associate Investment Fund Analyst,1
Financial Analyst,investment analyst,unmatched,Credit Analyst – Fixed Income Investments,1
Financial Analyst,investment analyst,unmatched,"Senior Analyst, Investment Modeling",1
Financial Analyst,investment analyst,matched,"Investment Analyst Intern, Robinhood Ventures (Summer 2027)",1
Financial Analyst,investment analyst,matched,Corporate Development & Investment Analyst,1
Financial Analyst,investment analyst,unmatched,Morningstar Investment Operations Analyst,1
Financial Analyst,investment analyst,unmatched,Global Investment Banking Product Control – Analyst,1
Financial Analyst,investment analyst,unmatched,We are hiring for Senior Investment Operations Analyst,1
Financial Analyst,investment analyst,mapped:Business Analyst,System Analyst Invest Growth,1
Financial Analyst,investment analyst,mapped:Business Analyst,"Senior Business Analyst IT - Alternate Investments, Assistant Vice President",1
Financial Analyst,investment analyst,ambiguous_multi,Business Analyst / Project Manager - Investment / Corporate Banking - Assistant Vice President,1
Financial Analyst,investment analyst,unmatched,"Senior Analyst, Investment Operations",1
Financial Analyst,investment analyst,unmatched,Investment Research Analyst,1
Financial Analyst,investment analyst,mapped:Business Analyst,UK Tax - Global Innovation and Investment Incentives (Gi3 UK) - Business Analyst - Senior Tax Services – Bengaluru,1
Financial Analyst,investment analyst,unmatched,"Analyst/Senior Analyst, Investment Operations",1
Financial Analyst,investment analyst,unmatched,"Investment Risk Analyst (CFA/FRM, SQL, Power BI, Python)",1
Financial Analyst,investment analyst,unmatched,Analyst - Institutional Investment Solutions - Program Support,1
Financial Analyst,investment analyst,mapped:Business Analyst,Global Investment Product Analyst,1
Financial Analyst,investment analyst,unmatched,Analyst - Investment & Trade Operations,1
Financial Analyst,investment analyst,unmatched,"Investment Risk Analyst (CFA / FRM , SQL , Python )",1
Financial Analyst,investment analyst,mapped:Business Analyst,Business Analyst - Investment Managed Solutions / Premier Wealth Enablement - (BFSI)[Shephali],1
Financial Analyst,investment analyst,matched,Investment Analyst Hospitality Real Estate Private Equity,1
Financial Analyst,investment analyst,matched,Investment Analyst for oe of the leading InVit company- Mumbai,1
Financial Analyst,investment analyst,mapped:Business Analyst,Business Analyst - Investment,1
Financial Analyst,investment analyst,unmatched,"Investment Banking Division - Analyst, Investment Banking (Mumbai)",1
Financial Analyst,investment analyst,unmatched,Senior Analyst/Associate - Investment Systems Engineer,1
Financial Analyst,investment analyst,unmatched,Investment Sourcing Analyst,1
Financial Analyst,investment analyst,unmatched,Operations Analyst Investment Services Corporate Actions and Income Processing,1
Financial Analyst,investment analyst,matched,Investment and Financial analyst CFAWealth Mgt,1
Financial Analyst,investment analyst,unmatched,Portfolio Quality Analyst - Investment APM,1
Financial Analyst,investment analyst,unmatched,Analyst - Investment Management,1
Financial Analyst,investment analyst,unmatched,"Analyst, Enterprise Reconciliation, Investment Operations",1
Mechanical Engineer,mechanical engineer,matched,Mechanical Engineer,55
Mechanical Engineer,mechanical engineer,matched,Mechanical Design Engineer,36
Mechanical Engineer,mechanical engineer,matched,Lead Engineer - Mechanical Component,11
Mechanical Engineer,mechanical engineer,matched,Senior Mechanical Engineer,10
Mechanical Engineer,mechanical engineer,matched,Engineer - Mechanical Component,9
Mechanical Engineer,mechanical engineer,matched,Sr. Mechanical Engineer,6
Mechanical Engineer,mechanical engineer,matched,Principal Engineer - Mechanical,6
Mechanical Engineer,mechanical engineer,matched,Engineer Mechanical,5
Mechanical Engineer,mechanical engineer,matched,Mechanical Engineer III,5
Mechanical Engineer,mechanical engineer,matched,Principal Mechanical Engineer,5
Mechanical Engineer,mechanical engineer,unmatched,Mechanical Engineering,4
Mechanical Engineer,mechanical engineer,matched,Associate Engineer - Mechanical,4
Mechanical Engineer,mechanical engineer,unmatched,Principal Engineer- Rock mechanics,4
Mechanical Engineer,mechanical engineer,matched,Engineer - Mechanical,4
Mechanical Engineer,mechanical engineer,matched,Senior Mechanical Engineer - Water,4
Mechanical Engineer,mechanical engineer,unmatched,"Experienced Professional, Mechanical Engineering",4
Mechanical Engineer,mechanical engineer,unmatched,Mechanical Maintenance Engineer,3
Mechanical Engineer,mechanical engineer,unmatched,"Lead Professional, Mechanical Engineering",3
Mechanical Engineer,mechanical engineer,matched,Lead Engineer - Mechanical,3
Mechanical Engineer,mechanical engineer,matched,Mechanical Design Engineer I (Pressure vessel),3
Mechanical Engineer,mechanical engineer,matched,"Sr. Mechanical Design Engineer, APAC Mech DE",3
Mechanical Engineer,mechanical engineer,matched,Associate Engineer Mechanical,3
Mechanical Engineer,mechanical engineer,unmatched,Senior Mechanical Data Center Engineer,3
Mechanical Engineer,mechanical engineer,matched,Engineer Mechanical - Pumping Station,3
Mechanical Engineer,mechanical engineer,unmatched,Mechanical Innovation Engineer,3
Mechanical Engineer,mechanical engineer,unmatched,Senior Engineer- Mining/Rock Mechanics,3
Mechanical Engineer,mechanical engineer,matched,Design Engineer Mechanical,3
Mechanical Engineer,mechanical engineer,matched,"Sr Mechanical Design Engineer - CFD, Mechanical DE",3
Mechanical Engineer,mechanical engineer,matched,IN_RBIC_Sr.Engineer/Asst.Manager_Design Engineer_ Mechanical for New Braking System,2
Mechanical Engineer,mechanical engineer,matched,Staff Engineer Mechanical,2
Mechanical Engineer,mechanical engineer,matched,Mechanical Engineer/Senior Mechanical Engineer,2
Mechanical Engineer,mechanical engineer,matched,Lead Engineer - Mechanical Component-1,2
Mechanical Engineer,mechanical engineer,matched,Lead Engineer - Mechanical Component 2,2
Mechanical Engineer,mechanical engineer,unmatched,Experienced Mechanical System Design & Analysis Engineer,2
Mechanical Engineer,mechanical engineer,matched,Mechanical Design Engineer II,2
Mechanical Engineer,mechanical engineer,matched,Mechanical Engineer III (Senior),2
Mechanical Engineer,mechanical engineer,matched,Engineer II Mechanical Engineering X,2
Mechanical Engineer,mechanical engineer,matched,Engineer/ Sr Engineer Mechanical (Water/Waste Water),2
Mechanical Engineer,mechanical engineer,matched,Engineer I Mechanical Engineering IX,2
Mechanical Engineer,mechanical engineer,matched,Junior Engineer Mechanical,2
Mechanical Engineer,mechanical engineer,matched,Mechanical Engineer Level I,2
Mechanical Engineer,mechanical engineer,matched,BIM Engineer - Mechanical (HVAC),2
Mechanical Engineer,mechanical engineer,matched,Senior Engineer Mechanical - Onsite Operations,2
Mechanical Engineer,mechanical engineer,matched,Site Engineer (Mechanical: Firefighting Systems),2
Mechanical Engineer,mechanical engineer,matched,Installed Base Engineer Mechanical Design,2
Mechanical Engineer,mechanical engineer,unmatched,Lead Engineer - Electro Mechanical Component,2
Mechanical Engineer,mechanical engineer,matched,"Mechanical Engineer, Senior",2
Mechanical Engineer,mechanical engineer,matched,Senior Mechanical Engineer - HVAC,2
Mechanical Engineer,mechanical engineer,unmatched,Senior Engineer - Rock Mechanics,2
Mechanical Engineer,mechanical engineer,matched,Senior Engineer Mechanical,2
Mechanical Engineer,mechanical engineer,matched,"Engineer I, Mechanical",2
Mechanical Engineer,mechanical engineer,matched,Senior Engineer - Mechanical,2
Mechanical Engineer,mechanical engineer,matched,Mechanical Engineer- Packages,2
Mechanical Engineer,mechanical engineer,matched,Engineer-Mechanical,2
Mechanical Engineer,mechanical engineer,matched,Mechanical Engineer design - Hydropower,2
Mechanical Engineer,mechanical engineer,matched,Mechanical Engineer- Static Equipment,2
Mechanical Engineer,mechanical engineer,matched,"Mechanical Engineer, Grade 10",2
Mechanical Engineer,mechanical engineer,unmatched,Manager - Mechanical Engineering,2
Mechanical Engineer,mechanical engineer,matched,Mechanical Engineer I,2
Mechanical Engineer,mechanical engineer,matched,Senior Mechanical Design Engineer,2
Mechanical Engineer,mechanical engineer,matched,Senior Lead Engineer - Mechanical,2
Mechanical Engineer,mechanical engineer,matched,Associate Sr. Mechanical Engineer,2
Mechanical Engineer,mechanical engineer,matched,GET Mechanical Engineer,2
Mechanical Engineer,mechanical engineer,matched,HV Battery System Engineer - Mechanical,2
Mechanical Engineer,mechanical engineer,matched,Staff Engineer - Mechanical Municipal Water HVAC & Plumbing Job Details | Black & Veatch Family of Companies,2
Mechanical Engineer,mechanical engineer,matched,Staff Engineer - Mechanical Engineer - Data Center HVAC & Plumbing Design Job Details | Black & Veatch Family of Companies,2
Mechanical Engineer,mechanical engineer,matched,Mechanical Engineer- Water,2
Mechanical Engineer,mechanical engineer,unmatched,Lead Engineer - Customer Application Engineering-Turbine Mechanical,2
Mechanical Engineer,mechanical engineer,matched,"Manager, Mechanical Engineer",2
Mechanical Engineer,mechanical engineer,unmatched,"Associate, Mechanical Engineering",2
Mechanical Engineer,mechanical engineer,unmatched,Design Engineer - Electro mechanical,2
Mechanical Engineer,mechanical engineer,matched,Sr. Engineer Mechanical,2
Mechanical Engineer,mechanical engineer,unmatched,Mechanical Engineering Department Manager,2
Mechanical Engineer,mechanical engineer,matched,Mechanical Engineer - Fully Remote,2
Mechanical Engineer,mechanical engineer,unmatched,Mechanical Engineering Associate,2
Mechanical Engineer,mechanical engineer,unmatched,Mechanical Principal Engineer,2
Mechanical Engineer,mechanical engineer,matched,Senior Electro-Mechanical Engineer/Technician,2
Mechanical Engineer,mechanical engineer,matched,Manufacturing Engineer (Mechanical),2
Mechanical Engineer,mechanical engineer,matched,Sr Mechanical Engineer (Erection),2
Mechanical Engineer,mechanical engineer,matched,Senior Principal Mechanical Design Engineer,2
Mechanical Engineer,mechanical engineer,unmatched,"Intermediate Professional, Mechanical Engineering",2
Mechanical Engineer,mechanical engineer,unmatched,Engineer 2 - Mechanical Component,2
Mechanical Engineer,mechanical engineer,matched,Senior Lead Engineer - Mechanical Design,1
Mechanical Engineer,mechanical engineer,unmatched,"Sr. Engineer, TSE-SIG, Mechanical",1
Mechanical Engineer,mechanical engineer,matched,Principle Mechanical Engineer – WCP (Well Completion Products),1
Mechanical Engineer,mechanical engineer,matched,Mechanical Engineer Level II,1
Mechanical Engineer,mechanical engineer,matched,Mechanical Engineer - Static Equipment,1
Mechanical Engineer,mechanical engineer,matched,Sr. Engineer – Mechanical Design,1
Mechanical Engineer,mechanical engineer,matched,MEP Mechanical Engineer,1
Mechanical Engineer,mechanical engineer,matched,Production Engineer (Mechanical Engineer),1
Mechanical Engineer,mechanical engineer,unmatched,Mechanical Engineering Lead,1
Mechanical Engineer,mechanical engineer,matched,Mechanical Engineer - Structural Specialist,1
Mechanical Engineer,mechanical engineer,matched,"Mechanical Design Engineer (Jigs and Fixtures, SPM, Static Structural Ansys)",1
Mechanical Engineer,mechanical engineer,matched,Urgent Opening For CAD Engineer – Mechanical - Ahmedabad,1
Mechanical Engineer,mechanical engineer,matched,Lead Engineer - Mechanical Testing,1
Mechanical Engineer,mechanical engineer,matched,Mechanical Design Engineer - IND,1
Mechanical Engineer,mechanical engineer,unmatched,Manager - Mechanical Engineering - Chennai Global Logistics Park,1
Mechanical Engineer,mechanical engineer,matched,Associate Engineer Mechanical Engineering VIII,1
Mechanical Engineer,mechanical engineer,matched,Mechanical Engineer IV (Staff Engineer),1
Mechanical Engineer,mechanical engineer,unmatched,Lead Engineer 2 - Mechanical Component,1
Mechanical Engineer,mechanical engineer,unmatched,Assistant Mechanical BIM Engineer/Modeller (MEP),1
Mechanical Engineer,mechanical engineer,matched,MECHANICAL DESIGN ENGINEER,1
Mechanical Engineer,mechanical engineer,unmatched,Engineer - Accessories Mechanical,1
Mechanical Engineer,mechanical engineer,unmatched,Mechanical Designer Engineer,1
Mechanical Engineer,mechanical engineer,matched,Mechanical Design Engineer - Data Center,1
Mechanical Engineer,mechanical engineer,matched,Lead Mechanical Engineer - Kolkata,1
Mechanical Engineer,mechanical engineer,unmatched,Mechanical BIM Engineer,1
Mechanical Engineer,mechanical engineer,matched,Senior Mechanical Engineer - Precision Design,1
Mechanical Engineer,mechanical engineer,matched,Plant & Machinery (P&M) Mechanical Engineer,1
Mechanical Engineer,mechanical engineer,unmatched,"Senior Executive, Mechanical Engineering",1
Mechanical Engineer,mechanical engineer,matched,Design Engineer - Mechanical,1
Mechanical Engineer,mechanical engineer,matched,Lead Mechanical Design Engineer - Data Center,1
Mechanical Engineer,mechanical engineer,unmatched,Integration (Electronic and Mechanical) Engineering - Entry Professional,1
Mechanical Engineer,mechanical engineer,matched,Mechanical Engineer - NSR,1
Mechanical Engineer,mechanical engineer,matched,Lead Engineer – Mechanical Testing,1
Mechanical Engineer,mechanical engineer,unmatched,Sr Principal Mechanical Integration Engineer – DCI Liquid Cooling,1
Mechanical Engineer,mechanical engineer,matched,Mechanical Engineer (3-5 years),1
Mechanical Engineer,mechanical engineer,matched,"Principal Mechanical Engineer – DCI Pipes, Frames and Structures",1
Mechanical Engineer,mechanical engineer,unmatched,Engineer – Accessories Mechanical,1
Mechanical Engineer,mechanical engineer,unmatched,Mechanical Engineering Experienced Professional,1
Mechanical Engineer,mechanical engineer,matched,Senior Design Engineer - Mechanical,1
Mechanical Engineer,mechanical engineer,matched,ETO Mechanical Engineer,1
Mechanical Engineer,mechanical engineer,matched,"CAD Design Engineer, Mechanical & Code-First Reverse Engineering",1
Mechanical Engineer,mechanical engineer,matched,Associate Mechanical Engineer ( Male),1
Mechanical Engineer,mechanical engineer,matched,Sr . Engineer Mechanical Maintenance,1
Mechanical Engineer,mechanical engineer,matched,Mechanical Design Engineer (Specialist) - Design of a Servo Motor for Industrial application,1
Mechanical Engineer,mechanical engineer,matched,R&D Mechanical Engineer - Traction Transformers,1
Mechanical Engineer,mechanical engineer,matched,Engineer/ Sr. Engineer-Mechanical & Utility,1
Mechanical Engineer,mechanical engineer,unmatched,"Senior Team Leader, Engineering Management - Mechanical",1
Mechanical Engineer,mechanical engineer,matched,Principal Engineer - Mechanical Engineering,1
Mechanical Engineer,mechanical engineer,matched,Mechanical Engineer-Systems Design,1
Mechanical Engineer,mechanical engineer,unmatched,"PhD Engineers (Mechanical, Electrical, Chemical, Civil)",1
Mechanical Engineer,mechanical engineer,matched,Senior Engineer- Mechanical Rotating,1
Mechanical Engineer,mechanical engineer,matched,Superintendent Engineer (Mechanical) / Senior Engineer 4 Stroke,1
Mechanical Engineer,mechanical engineer,matched,Sr Engineer-Mechanical Water process Job Details | Black & Veatch Family of Companies,1
Mechanical Engineer,mechanical engineer,ambiguous_multi,Mechanical Engineer - SDE/ACE,1
Mechanical Engineer,mechanical engineer,matched,Maintenance Engineer - Mechanical,1
Mechanical Engineer,mechanical engineer,unmatched,Senior Engineer_Systems Engineering (Steam Turbine_BOP Mechanical),1
Mechanical Engineer,mechanical engineer,matched,Senior Engineer - Mechanical (Material Handling),1
Mechanical Engineer,mechanical engineer,matched,Associate Lead Engineer - Mechanical,1
Mechanical Engineer,mechanical engineer,unmatched,Sr. Executive - Mechanical Maintenance Engineer for MNC company,1
Mechanical Engineer,mechanical engineer,matched,Senior Mechanical Engineer - Pump Design,1
Mechanical Engineer,mechanical engineer,matched,Maintenance Engineer-Mechanical (Maintenance Engineer-Mechanical),1
Mechanical Engineer,mechanical engineer,matched,Lead Engineer - Mechanical Component(Clearances),1
Mechanical Engineer,mechanical engineer,matched,Sr. Mechanical Design Engineer – STP,1
Mechanical Engineer,mechanical engineer,unmatched,Mechanical Engineers,1
Mechanical Engineer,mechanical engineer,matched,Site Engineer – Mechanical,1
Mechanical Engineer,mechanical engineer,matched,Mechanical Engineer - CFD,1
Mechanical Engineer,mechanical engineer,matched,Principal Engineer – Mechanical Design,1
Mechanical Engineer,mechanical engineer,matched,Project Engineer (Mechanical),1
Mechanical Engineer,mechanical engineer,matched,Mechanical Engineer - Internship,1
Mechanical Engineer,mechanical engineer,unmatched,Lead Mechanical Commissioning Engineer - India,1
Mechanical Engineer,mechanical engineer,matched,Senior Application Mechanical Engineer / Designer,1
Mechanical Engineer,mechanical engineer,matched,R&D Mechanical Design Engineer,1
Mechanical Engineer,mechanical engineer,matched,Mechanical Design Engineer (Managed by Klenzaids Contamination Controls Pvt. Ltd.),1
Mechanical Engineer,mechanical engineer,matched,"Senior Mechanical Engineer (Data Center), Taiwan China",1
Mechanical Engineer,mechanical engineer,matched,"Staff Engineer, Mechanical",1
Mechanical Engineer,mechanical engineer,matched,"Engineer III, Mechanical",1
Mechanical Engineer,mechanical engineer,matched,Senior Plumbing Engineer Mechanical (MEP),1
Mechanical Engineer,mechanical engineer,unmatched,"Mechanical Engineering Technical Leader | Rack Server, Solid Modelling, Structural Simulation, System Thermal, People Manager",1
Mechanical Engineer,mechanical engineer,unmatched,Senior Mechanical Commissioning Engineer - Data Center,1
Mechanical Engineer,mechanical engineer,unmatched,Manager - Mechanical Engineering - Ports & Terminals - Nhava Sheva,1
Mechanical Engineer,mechanical engineer,unmatched,Mechanical System Installation Engineer - LG,1
Mechanical Engineer,mechanical engineer,matched,Senior Engineer- Mechanical (LV Switchgear),1
Mechanical Engineer,mechanical engineer,matched,"Mechanical Engineer - Enclosures, Frames & Sheet Metal",1
Mechanical Engineer,mechanical engineer,unmatched,Mechanical Purchase Engineer,1
Mechanical Engineer,mechanical engineer,unmatched,Lead Engineer Mechanisms,1
Mechanical Engineer,mechanical engineer,matched,"Mechanical Engineer – Enclosures, Frames & Sheet Metal",1
Mechanical Engineer,mechanical engineer,ambiguous_multi,Software Engineer - Mechanical,1
Mechanical Engineer,mechanical engineer,matched,Lead Mechanical Design Engineer – CAD,1
Mechanical Engineer,mechanical engineer,matched,SPM Mechanical Design Engineer,1
Mechanical Engineer,mechanical engineer,matched,"Senior Mechanical Engineer, Mechanical Engineering Subject Expert",1
Mechanical Engineer,mechanical engineer,unmatched,Flight Mechanics V&V Engineer,1
Mechanical Engineer,mechanical engineer,matched,Mechanical Engineer-Pune,1
Mechanical Engineer,mechanical engineer,matched,Engineer - Mechanical / Electrical (VAVE),1
Mechanical Engineer,mechanical engineer,unmatched,"Mechanical Engineering Technical Leader || Electro-mechanical Packaging || CREO, FEA || DFM/DFA || ASIC System Integration || Exp - 11 years",1
Mechanical Engineer,mechanical engineer,matched,Senior Mechanical Engineer - Liquid Cooling,1
Mechanical Engineer,mechanical engineer,matched,Sr. Engineer Mechanical Engineering XI - Hydraulic Piping SME,1
Mechanical Engineer,mechanical engineer,matched,Senior Engineer (Mechanical),1
Mechanical Engineer,mechanical engineer,matched,Mechanical Engineer - HVAC,1
Mechanical Engineer,mechanical engineer,matched,"Mechanical Engineer - Kharghar, Navi Mumbai",1
Mechanical Engineer,mechanical engineer,mapped:Electrical Engineer,Production Engineer - Electrical / Mechanical,1
Mechanical Engineer,mechanical engineer,unmatched,Senior Mechanical and Industrial Design Engineer,1
Mechanical Engineer,mechanical engineer,matched,Associate Engineer - Mechanical Systems Engineer Job Details | Black & Veatch Family of Companies,1
Mechanical Engineer,mechanical engineer,matched,Inspection Engineer- Mechanical,1
Mechanical Engineer,mechanical engineer,mapped:Electrical Engineer,Mechanical & Electrical Engineer,1
Mechanical Engineer,mechanical engineer,matched,Senior Mechanical Design Engineer (4 -8 Years),1
Mechanical Engineer,mechanical engineer,mapped:Electrical Engineer,Powertrain Process Engineer (Electrical/Mechanical),1
Mechanical Engineer,mechanical engineer,unmatched,Proposal Engineering Professional - Mechanical BoP,1
Mechanical Engineer,mechanical engineer,unmatched,Graduate Engineer Trainee (GET) - Mechanical Engineering,1
Mechanical Engineer,mechanical engineer,matched,Mechanical Engineer - QC/ Production/ Design,1
Mechanical Engineer,mechanical engineer,unmatched,Mechanical Handling Design Engineer at Bangalore,1
Mechanical Engineer,mechanical engineer,unmatched,Assistant Manager- Engineering (Mechanical),1
Mechanical Engineer,mechanical engineer,unmatched,Valve Converter Mechanical Engineering Team Leader,1
Mechanical Engineer,mechanical engineer,unmatched,Mechanical Simulation Engineer,1
Mechanical Engineer,mechanical engineer,matched,"Estimation Engineer Mechanical For Fabrication Plant - Bhilai , Chhattisgarh",1
Mechanical Engineer,mechanical engineer,matched,SFP Mechanical Engineer,1
Mechanical Engineer,mechanical engineer,unmatched,Assistant Engineer - Maintenance- Mechanical,1
Mechanical Engineer,mechanical engineer,matched,Project Engineer - Mechanical,1
Mechanical Engineer,mechanical engineer,matched,Lead Engineer- Mechanical (Breakers),1
Mechanical Engineer,mechanical engineer,matched,Staff Engineer - Mechanical Static Equipment Job Details | Black & Veatch Family of Companies,1
Mechanical Engineer,mechanical engineer,matched,Staff Engineer-Mechanical Rotating Equipment & Packages Job Details | Black & Veatch Family of Companies,1
Mechanical Engineer,mechanical engineer,matched,Mechanical Engineer (E3) - Design for Manufacturing (DFM),1
Mechanical Engineer,mechanical engineer,matched,Mechanical Engineer (E3) - Design for Cost (DFC),1
Mechanical Engineer,mechanical engineer,matched,"Senior Mechanical Engineer (Bangalore,Kolkata,Ahmedabad)",1
Mechanical Engineer,mechanical engineer,matched,Mechanical Engineer (E3) – Design for Cost (DFC),1
Mechanical Engineer,mechanical engineer,matched,Mechanical Engineer - Mumbai,1
Mechanical Engineer,mechanical engineer,matched,Mechanical Engineer (E3) – Design for Manufacturing (DFM),1
Mechanical Engineer,mechanical engineer,matched,Lead Engineer – Mechanical Design,1
Mechanical Engineer,mechanical engineer,matched,Lead Engineer - Mechanical Design,1
Mechanical Engineer,mechanical engineer,matched,Mechanical Engineer Interior Integration,1
Mechanical Engineer,mechanical engineer,unmatched,Mechanical Calculation Engineer,1
Mechanical Engineer,mechanical engineer,unmatched,Mechanical Lead Engineer - Interiors and Cab,1
Mechanical Engineer,mechanical engineer,matched,Project Engineer Mechanical / Aerospace,1
Mechanical Engineer,mechanical engineer,unmatched,Flight Mechanics Engineer,1
Mechanical Engineer,mechanical engineer,matched,Mechanical Design Engineer / CAD Engineer,1
Mechanical Engineer,mechanical engineer,matched,Mechanical engineer ( Chandigarh),1
Mechanical Engineer,mechanical engineer,matched,Senior Engineer- Mechanical,1
Mechanical Engineer,mechanical engineer,matched,Production Engineer - Mechanical Assembly & Cable Assembly,1
Mechanical Engineer,mechanical engineer,unmatched,Team Lead-Mechanical Engineering,1
Mechanical Engineer,mechanical engineer,matched,Electrical & Mechanical Engineer,1
Mechanical Engineer,mechanical engineer,unmatched,R&D Mechanical Simulation Engineer - Bushings,1
Mechanical Engineer,mechanical engineer,mapped:Electrical Engineer,Maintenance Engineer Electrical Mechanical Engg at Umbergaon near VapiValsad,1
Mechanical Engineer,mechanical engineer,matched,Assistant Field Engineer Mechanical Maintenance,1
Mechanical Engineer,mechanical engineer,matched,Mechanical Engineer Commissioning,1
Mechanical Engineer,mechanical engineer,matched,Mechanical Engineer - Product Design,1
Mechanical Engineer,mechanical engineer,matched,Mechanical Engineer - Estimation,1
Mechanical Engineer,mechanical engineer,matched,Senior Mechanical Engineer - Robotics Hardware,1
Mechanical Engineer,mechanical engineer,unmatched,Lead EPC Mechanical (Static) Engineer,1
Mechanical Engineer,mechanical engineer,matched,Job Opening For Mechanical Engineer (Rotating Machines) - Product Engineering,1
Mechanical Engineer,mechanical engineer,matched,Sr. Engineer Mechanical Engineering XII,1
Mechanical Engineer,mechanical engineer,unmatched,Seismic / Structural - Mechanical Engineering,1
Mechanical Engineer,mechanical engineer,matched,Piping Engineer - Mechanical,1
Mechanical Engineer,mechanical engineer,unmatched,Assistant Manager in Mechanical Engineering formulation Dept.,1
Mechanical Engineer,mechanical engineer,unmatched,Sr. Manager Mechanical Engineering,1
Mechanical Engineer,mechanical engineer,matched,Senior Design Engineer- Mechanical,1
Mechanical Engineer,mechanical engineer,unmatched,Staff Engineer - R&D Mechanical,1
Mechanical Engineer,mechanical engineer,matched,Mechanical design engineer ( Rajkot),1
Mechanical Engineer,mechanical engineer,matched,Senior Mechanical Engineer – Static Equipment,1
Mechanical Engineer,mechanical engineer,unmatched,Mechanical Draughtsman Engineer,1
Mechanical Engineer,mechanical engineer,unmatched,Vendor Development Executive - Mechanical Engineering,1
Mechanical Engineer,mechanical engineer,matched,BIM Mechanical Engineer,1
Mechanical Engineer,mechanical engineer,matched,Hardware Validation Engineer (Mechanical),1
Mechanical Engineer,mechanical engineer,matched,Lead Mechanical Engineer - Structural,1
Mechanical Engineer,mechanical engineer,matched,Sr. Mechanical Engineer ORE,1
Mechanical Engineer,mechanical engineer,unmatched,"Assistant General Manager, Mechanical Engineering",1
Mechanical Engineer,mechanical engineer,unmatched,Mechanical Execution Engineer,1
Mechanical Engineer,mechanical engineer,unmatched,Mechanical Erection Engineer,1
Mechanical Engineer,mechanical engineer,matched,Hiring Freshers- Mechanical Engineer,1
Mechanical Engineer,mechanical engineer,unmatched,Mechanical Assembly Engineer,1
Mechanical Engineer,mechanical engineer,matched,Engineer (Mechanical) - Static Heat Transfer,1
Mechanical Engineer,mechanical engineer,matched,Mechanical Engineer Freshers,1
Mechanical Engineer,mechanical engineer,matched,Senior Engineer- Mechanical HVAC(Wastewater),1
Mechanical Engineer,mechanical engineer,unmatched,"Team Lead, Engineering, Mechanical Validation Lab",1
Mechanical Engineer,mechanical engineer,matched,Mechanical Engineer NPD,1
Mechanical Engineer,mechanical engineer,unmatched,Senior Design Engineer - LV Switchgear (Mechanical),1
Mechanical Engineer,mechanical engineer,unmatched,Senior Hydroelectricity and Dams Engineer - Heavy Mechanical,1
Mechanical Engineer,mechanical engineer,matched,HVAC Mechanical Design Engineer,1
Mechanical Engineer,mechanical engineer,unmatched,"Sr. Engineer, Construction Quality- Mechanical",1
Mechanical Engineer,mechanical engineer,matched,Senior Engineer-Mechanical,1
Mechanical Engineer,mechanical engineer,matched,Design Engineer Mechanical MNC,1
Mechanical Engineer,mechanical engineer,unmatched,"Mechanical Engineering Technical Leader || Thermal Engineering || Electronics Cooling, Liquid cooling, Coldplates || Thermal validations || Exp 11 years",1
Mechanical Engineer,mechanical engineer,matched,Mechanical Engineer - PHE & HVAC (Project Supervision/Construction Management),1
Mechanical Engineer,mechanical engineer,unmatched,Mechanical Engineering Expert - F500,1
Mechanical Engineer,mechanical engineer,unmatched,Associate Engineering Technician - Mechanical(Water) - Contract Job Details | Black & Veatch Family of Companies,1
Mechanical Engineer,mechanical engineer,matched,Senior Mechanical Engineer- Industrial Water - HVAC & Plumbing Job Details | Black & Veatch Family of Companies,1
Mechanical Engineer,mechanical engineer,matched,Sr Engineer Mechanical Sourcing,1
Mechanical Engineer,mechanical engineer,matched,Sr. Staff Engineer Mechanical Engineer - Equipment,1
Mechanical Engineer,mechanical engineer,matched,Sr Engineer-Mechanical-Industrial Water - Mechanical Process Job Details | Black & Veatch Family of Companies,1
Mechanical Engineer,mechanical engineer,matched,Sr Engineer-Mechanical-Municipal Water - Mechanical Process Job Details | Black & Veatch Family of Companies,1
Mechanical Engineer,mechanical engineer,matched,R&D Mechanical Design Engineer (Edge Solutions) - IDC,1
Mechanical Engineer,mechanical engineer,matched,Engineer II Mechanical,1
Mechanical Engineer,mechanical engineer,unmatched,Mechanical Engineering PhD - Problem Author,1
Mechanical Engineer,mechanical engineer,unmatched,Staff Engineer - NPI (Mechanical ),1
Mechanical Engineer,mechanical engineer,ambiguous_multi,In-Process Quality Engineer (Mechanical),1
Mechanical Engineer,mechanical engineer,matched,Manager Mechanical Engineer,1
Mechanical Engineer,mechanical engineer,matched,"Mechanical Engineer, Associate",1
Mechanical Engineer,mechanical engineer,unmatched,Mechanical Simulation Engineer – Advanced Packaging,1
Mechanical Engineer,mechanical engineer,matched,Mechanical Engineer - Data Center,1
Mechanical Engineer,mechanical engineer,unmatched,Engineer - Maintenance-Mechanical,1
Mechanical Engineer,mechanical engineer,matched,Staff Engineer – Mechanical Design,1
Mechanical Engineer,mechanical engineer,unmatched,Senior Mechanical Equipment Engineer,1
Mechanical Engineer,mechanical engineer,matched,Lead Mechanical Engineer,1
Mechanical Engineer,mechanical engineer,matched,Process Mechanical Design Engineer,1
Mechanical Engineer,mechanical engineer,matched,"Engineer, Mechanical I",1
Mechanical Engineer,mechanical engineer,unmatched,Lead Engineer - CMMS Maintenance (Mechanical / Electrical),1
Mechanical Engineer,mechanical engineer,matched,"Lead Engineer, Mechanical",1
Mechanical Engineer,mechanical engineer,unmatched,Sr Engineer/AM/DM - Civil/Mechanical (Water Supply Proj) Karnataka,1
Mechanical Engineer,mechanical engineer,unmatched,Mechanical maintenance engineer,1
Mechanical Engineer,mechanical engineer,matched,Mechanical Engineer - MEP - Substation & HVDC,1
Mechanical Engineer,mechanical engineer,unmatched,Mechanical Production Engineer,1
Mechanical Engineer,mechanical engineer,matched,Principal Engineer – Mechanical (Pump & Pipeline),1
Mechanical Engineer,mechanical engineer,unmatched,Mechanical draft engineer,1
Mechanical Engineer,mechanical engineer,matched,Mechanical Design Engineer (Field Deployment),1
Mechanical Engineer,mechanical engineer,matched,Associate Engineer-Mechanical Thermal Job Details | Black & Veatch Family of Companies,1
Mechanical Engineer,mechanical engineer,matched,Senior Mechanical Engineer- Data Center CFD Lead Job Details | Black & Veatch Family of Companies,1
Mechanical Engineer,mechanical engineer,unmatched,Senior Mechanical Product Development Engineer / Lead Engineer,1
Mechanical Engineer,mechanical engineer,mapped:Architect (contamination audit),Mechanical Engineering Architect - Mechanical Design,1
Mechanical Engineer,mechanical engineer,matched,Engineer - Mechanical Engineering,1
Mechanical Engineer,mechanical engineer,matched,Senior Engineer- Mechanical (Packages),1
Mechanical Engineer,mechanical engineer,matched,Engineer - Mechanical (Package),1
Mechanical Engineer,mechanical engineer,unmatched,Field Service Engineer - Rotary Filling Machine - Mechanical,1
Mechanical Engineer,mechanical engineer,matched,Graduate Mechanical Engineer.,1
Mechanical Engineer,mechanical engineer,matched,BESS Mechanical Design Engineer,1
Mechanical Engineer,mechanical engineer,matched,"Mechanical Engineer For Textile Industry - Tirupur, Tamilnadu",1
Mechanical Engineer,mechanical engineer,unmatched,Mechanical Product Engineer,1
Mechanical Engineer,mechanical engineer,matched,Mechanical Engineer - O&M,1
Mechanical Engineer,mechanical engineer,matched,Mechanical Design Engineer at Navsari,1
Mechanical Engineer,mechanical engineer,matched,"Mechanical Engineer For Fabrication - Raigarh , Chhattisgarh",1
Mechanical Engineer,mechanical engineer,matched,Senior Engineer - Mechanical Power Plant Systems,1
Mechanical Engineer,mechanical engineer,matched,R&D Mechanical Design engineer (High Voltage) - IDC,1
Mechanical Engineer,mechanical engineer,matched,Execution Engineer - Mechanical,1
Mechanical Engineer,mechanical engineer,unmatched,Senior Mechanical Product Development Engineer,1
Mechanical Engineer,mechanical engineer,matched,Engineering Change (EC) Engineer - Mechanical,1
Mechanical Engineer,mechanical engineer,matched,"Mechanical Design Engineer, Industrial and Mining",1
Mechanical Engineer,mechanical engineer,matched,"Senior Engineer, Mechanical Design (PEG)",1
Mechanical Engineer,mechanical engineer,matched,R&D Mechanical Engineer,1
Mechanical Engineer,mechanical engineer,unmatched,Mechanical Project Engineer,1
Mechanical Engineer,mechanical engineer,mapped:Architect (contamination audit),"Mechanical Engineering Technical Architect | Solid modelling, Structural Simulation, System Thermal Design | 15 years",1
Mechanical Engineer,mechanical engineer,unmatched,"Mechanical / Diploma Engineer For Fabrication Plant- Raipur , Chhattisgarh",1
Mechanical Engineer,mechanical engineer,matched,Service Engineer (Mechanical ),1
Mechanical Engineer,mechanical engineer,matched,We Are Hiring Mechanical Engineer In Ahmedabad,1
Mechanical Engineer,mechanical engineer,matched,Thermal Performance Mechanical Engineer (Power),1
Mechanical Engineer,mechanical engineer,unmatched,We Are Hiring Mechanical Engineering Supervisor,1
Mechanical Engineer,mechanical engineer,unmatched,Foundary Maintenance Engineer Disha Matic Line - Mechanical - Bhilai,1
Mechanical Engineer,mechanical engineer,unmatched,Mechanical Engineering- Data Center Projects,1
Mechanical Engineer,mechanical engineer,unmatched,Mechanical Maintenance Engineer-Male- HPS/2026/563,1
Mechanical Engineer,mechanical engineer,unmatched,Mechanical Industrialization Engineer,1
Mechanical Engineer,mechanical engineer,matched,Sales Engineer (Mechanical),1
Mechanical Engineer,mechanical engineer,matched,Engineer Mechanical Design,1
Mechanical Engineer,mechanical engineer,matched,Mechanical - Engineer/Lead,1
Mechanical Engineer,mechanical engineer,unmatched,Service Engineer Jobs in Chennai | Mechanical Service Engineer Hiring | Orbit Global HR Consultants,1
Mechanical Engineer,mechanical engineer,matched,Senior Mechanical Engineer- HVAC,1
Mechanical Engineer,mechanical design engineer,matched,Mechanical Design Engineer,36
Mechanical Engineer,mechanical design engineer,matched,Mechanical Design Engineer I (Pressure vessel),3
Mechanical Engineer,mechanical design engineer,matched,"Sr. Mechanical Design Engineer, APAC Mech DE",3
Mechanical Engineer,mechanical design engineer,matched,Design Engineer Mechanical,3
Mechanical Engineer,mechanical design engineer,matched,"Sr Mechanical Design Engineer - CFD, Mechanical DE",3
Mechanical Engineer,mechanical design engineer,matched,IN_RBIC_Sr.Engineer/Asst.Manager_Design Engineer_ Mechanical for New Braking System,2
Mechanical Engineer,mechanical design engineer,unmatched,Experienced Mechanical System Design & Analysis Engineer,2
Mechanical Engineer,mechanical design engineer,matched,Mechanical Design Engineer II,2
Mechanical Engineer,mechanical design engineer,matched,Installed Base Engineer Mechanical Design,2
Mechanical Engineer,mechanical design engineer,matched,Mechanical Engineer design - Hydropower,2
Mechanical Engineer,mechanical design engineer,matched,Senior Mechanical Design Engineer,2
Mechanical Engineer,mechanical design engineer,unmatched,Design Engineer - Electro mechanical,2
Mechanical Engineer,mechanical design engineer,matched,Senior Principal Mechanical Design Engineer,2
Mechanical Engineer,mechanical design engineer,matched,Senior Lead Engineer - Mechanical Design,1
Mechanical Engineer,mechanical design engineer,matched,Sr. Engineer – Mechanical Design,1
Mechanical Engineer,mechanical design engineer,matched,"Mechanical Design Engineer (Jigs and Fixtures, SPM, Static Structural Ansys)",1
Mechanical Engineer,mechanical design engineer,matched,Mechanical Design Engineer - IND,1
Mechanical Engineer,mechanical design engineer,matched,MECHANICAL DESIGN ENGINEER,1
Mechanical Engineer,mechanical design engineer,unmatched,Mechanical Designer Engineer,1
Mechanical Engineer,mechanical design engineer,matched,Mechanical Design Engineer - Data Center,1
Mechanical Engineer,mechanical design engineer,matched,Senior Mechanical Engineer - Precision Design,1
Mechanical Engineer,mechanical design engineer,matched,Design Engineer - Mechanical,1
Mechanical Engineer,mechanical design engineer,matched,Lead Mechanical Design Engineer - Data Center,1
Mechanical Engineer,mechanical design engineer,matched,Senior Design Engineer - Mechanical,1
Mechanical Engineer,mechanical design engineer,matched,"CAD Design Engineer, Mechanical & Code-First Reverse Engineering",1
Mechanical Engineer,mechanical design engineer,matched,Mechanical Design Engineer (Specialist) - Design of a Servo Motor for Industrial application,1
Mechanical Engineer,mechanical design engineer,matched,Mechanical Engineer-Systems Design,1
Mechanical Engineer,mechanical design engineer,matched,Senior Mechanical Engineer - Pump Design,1
Mechanical Engineer,mechanical design engineer,matched,Sr. Mechanical Design Engineer – STP,1
Mechanical Engineer,mechanical design engineer,matched,Principal Engineer – Mechanical Design,1
Mechanical Engineer,mechanical design engineer,matched,Senior Application Mechanical Engineer / Designer,1
Mechanical Engineer,mechanical design engineer,matched,R&D Mechanical Design Engineer,1
Mechanical Engineer,mechanical design engineer,matched,Mechanical Design Engineer (Managed by Klenzaids Contamination Controls Pvt. Ltd.),1
Mechanical Engineer,mechanical design engineer,matched,Lead Mechanical Design Engineer – CAD,1
Mechanical Engineer,mechanical design engineer,matched,SPM Mechanical Design Engineer,1
Mechanical Engineer,mechanical design engineer,unmatched,Senior Mechanical and Industrial Design Engineer,1
Mechanical Engineer,mechanical design engineer,matched,Senior Mechanical Design Engineer (4 -8 Years),1
Mechanical Engineer,mechanical design engineer,matched,Mechanical Engineer - QC/ Production/ Design,1
Mechanical Engineer,mechanical design engineer,unmatched,Mechanical Handling Design Engineer at Bangalore,1
Mechanical Engineer,mechanical design engineer,matched,Mechanical Engineer (E3) - Design for Manufacturing (DFM),1
Mechanical Engineer,mechanical design engineer,matched,Mechanical Engineer (E3) - Design for Cost (DFC),1
Mechanical Engineer,mechanical design engineer,matched,Mechanical Engineer (E3) – Design for Cost (DFC),1
Mechanical Engineer,mechanical design engineer,matched,Mechanical Engineer (E3) – Design for Manufacturing (DFM),1
Mechanical Engineer,mechanical design engineer,matched,Lead Engineer – Mechanical Design,1
Mechanical Engineer,mechanical design engineer,matched,Lead Engineer - Mechanical Design,1
Mechanical Engineer,mechanical design engineer,matched,Mechanical Design Engineer / CAD Engineer,1
Mechanical Engineer,mechanical design engineer,matched,Mechanical Engineer - Product Design,1
Mechanical Engineer,mechanical design engineer,matched,Senior Design Engineer- Mechanical,1
Mechanical Engineer,mechanical design engineer,matched,Mechanical design engineer ( Rajkot),1
Mechanical Engineer,mechanical design engineer,unmatched,Senior Design Engineer - LV Switchgear (Mechanical),1
Mechanical Engineer,mechanical design engineer,matched,HVAC Mechanical Design Engineer,1
Mechanical Engineer,mechanical design engineer,matched,Design Engineer Mechanical MNC,1
Mechanical Engineer,mechanical design engineer,matched,R&D Mechanical Design Engineer (Edge Solutions) - IDC,1
Mechanical Engineer,mechanical design engineer,matched,Staff Engineer – Mechanical Design,1
Mechanical Engineer,mechanical design engineer,matched,Process Mechanical Design Engineer,1
Mechanical Engineer,mechanical design engineer,matched,Mechanical Design Engineer (Field Deployment),1
Mechanical Engineer,mechanical design engineer,mapped:Architect (contamination audit),Mechanical Engineering Architect - Mechanical Design,1
Mechanical Engineer,mechanical design engineer,matched,BESS Mechanical Design Engineer,1
Mechanical Engineer,mechanical design engineer,matched,Mechanical Design Engineer at Navsari,1
Mechanical Engineer,mechanical design engineer,matched,R&D Mechanical Design engineer (High Voltage) - IDC,1
Mechanical Engineer,mechanical design engineer,matched,"Mechanical Design Engineer, Industrial and Mining",1
Mechanical Engineer,mechanical design engineer,matched,"Senior Engineer, Mechanical Design (PEG)",1
Mechanical Engineer,mechanical design engineer,matched,Engineer Mechanical Design,1
Mechanical Engineer,cad engineer,matched,CAD Engineer,10
Mechanical Engineer,cad engineer,matched,Senior CAD Engineer,6
Mechanical Engineer,cad engineer,unmatched,Technical Staff Engineer - CAD,3
Mechanical Engineer,cad engineer,unmatched,CAD Automation Engineer,3
Mechanical Engineer,cad engineer,unmatched,Senior Engineer - Verification CAD,2
Mechanical Engineer,cad engineer,matched,Principal CAD Engineer,2
Mechanical Engineer,cad engineer,unmatched,"Senior Staff Engineer, CAD & Methodology",2
Mechanical Engineer,cad engineer,matched,"Silicon Backend CAD Engineer III, Silicon",2
Mechanical Engineer,cad engineer,unmatched,CAD Layout Design Engineer,1
Mechanical Engineer,cad engineer,unmatched,"Sr. Staff Engineer, Front-End CAD / Design Automation",1
Mechanical Engineer,cad engineer,matched,Urgent Opening For CAD Engineer – Mechanical - Ahmedabad,1
Mechanical Engineer,cad engineer,matched,CAD Engineer - Interior and Proto CAD Modelling Support,1
Mechanical Engineer,cad engineer,unmatched,Engineer - Programmer (CAD/CAM),1
Mechanical Engineer,cad engineer,matched,CAD Engineer - Engine,1
Mechanical Engineer,cad engineer,matched,CAD Engineer - Plastic Design,1
Mechanical Engineer,cad engineer,matched,CAD Engineer - Sheetmetal Design,1
Mechanical Engineer,cad engineer,matched,CAD Engineer - Wiring Harness (E&E),1
Mechanical Engineer,cad engineer,matched,Lead CAD Engineer - Methods & Tools,1
Mechanical Engineer,cad engineer,matched,CPU STA CAD Engineer (Lead/Staff/Sr Staff),1
Mechanical Engineer,cad engineer,matched,"CAD Design Engineer, Mechanical & Code-First Reverse Engineering",1
Mechanical Engineer,cad engineer,matched,Synthesis CAD Engineer,1
Mechanical Engineer,cad engineer,matched,AV CAD Engineer,1
Mechanical Engineer,cad engineer,unmatched,"Staff Engineer, CAD",1
Mechanical Engineer,cad engineer,matched,Electrical CAD Engineer,1
Mechanical Engineer,cad engineer,unmatched,"Senior Engineer, CAD Physical Verification",1
Mechanical Engineer,cad engineer,matched,"Junior CAD Engineer, Grade II",1
Mechanical Engineer,cad engineer,unmatched,Cad Design Engineer,1
Mechanical Engineer,cad engineer,unmatched,Senior Engineer - Analog Simulation CAD,1
Mechanical Engineer,cad engineer,matched,PD CAD Engineer,1
Mechanical Engineer,cad engineer,matched,Lead Mechanical Design Engineer – CAD,1
Mechanical Engineer,cad engineer,unmatched,Senior Engineer II - CAD (Physical Verification),1
Mechanical Engineer,cad engineer,unmatched,MEP Engineer [Cad to BIM],1
Mechanical Engineer,cad engineer,matched,"ASIC CAD Engineer, Clocks Methodology",1
Mechanical Engineer,cad engineer,matched,CAD Engineer - 48V Low-voltage energy storage systems,1
Mechanical Engineer,cad engineer,unmatched,BIM Engineer [Scan & Cad],1
Mechanical Engineer,cad engineer,mapped:Software Engineer,"Software Engineer II, CAD/CAM, API and Cloud Integration",1
Mechanical Engineer,cad engineer,unmatched,Senior Engineer - EMIR CAD,1
Mechanical Engineer,cad engineer,mapped:Software Engineer,Senior CAD Software Engineer - IC design,1
Mechanical Engineer,cad engineer,matched,Mechanical Design Engineer / CAD Engineer,1
Mechanical Engineer,cad engineer,unmatched,CAD & ERP Engineer,1
Mechanical Engineer,cad engineer,unmatched,Engineer II CAD Wet Seal Sys,1
Mechanical Engineer,cad engineer,unmatched,Engineer I CAD Wet Seal,1
Mechanical Engineer,cad engineer,unmatched,Engineer I CAD Filtration Eng,1
Mechanical Engineer,cad engineer,matched,Sr CAD Engineer (Digital),1
Mechanical Engineer,cad engineer,matched,Principal CAD Engineer Digital Verification,1
Mechanical Engineer,cad engineer,unmatched,CAD Design Engineer,1
Mechanical Engineer,cad engineer,unmatched,DFX CAD Tools Development Engineer,1
Mechanical Engineer,cad engineer,unmatched,Design Engineer- Auto Cad,1
Mechanical Engineer,cad engineer,unmatched,CAD Draftsman - Manufacturing Engineering,1
Mechanical Engineer,cad engineer,unmatched,Junior Engineer / Engineer - CAD,1
Mechanical Engineer,cad engineer,unmatched,Staff / Senior Staff CAD & Methodology Engineer (Digital Implementation & Signoff),1
Mechanical Engineer,cad engineer,matched,CAD Engineer - Dynamic Sealing Parts,1
Mechanical Engineer,cad engineer,unmatched,Deputy Chief Engineer- Piping & CAD,1
Electrical Engineer,electrical engineer,matched,Electrical Engineer,59
Electrical Engineer,electrical engineer,matched,Senior Electrical Engineer,28
Electrical Engineer,electrical engineer,matched,Electrical Design Engineer,23
Electrical Engineer,electrical engineer,matched,Senior Engineer - Electrical,19
Electrical Engineer,electrical engineer,matched,Engineer - Electrical,12
Electrical Engineer,electrical engineer,matched,Principal Engineer - Electrical,11
Electrical Engineer,electrical engineer,matched,Lead Engineer - Electrical Component,11
Electrical Engineer,electrical engineer,unmatched,Electrical Maintenance Engineer,9
Electrical Engineer,electrical engineer,matched,Lead Electrical Engineer,9
Electrical Engineer,electrical engineer,matched,Electrical Engineer - Fully Remote,7
Electrical Engineer,electrical engineer,matched,"Sr. Electrical Design Engineer, APAC Data Center Design Engineering",5
Electrical Engineer,electrical engineer,matched,Engineer - Electrical Component,4
Electrical Engineer,electrical engineer,matched,Lead Engineer - Electrical Component-2,4
Electrical Engineer,electrical engineer,matched,Engineer - Electrical Engineering,3
Electrical Engineer,electrical engineer,matched,Electrical Engineer II,3
Electrical Engineer,electrical engineer,unmatched,Electrical Estimation Engineer,3
Electrical Engineer,electrical engineer,matched,Engineer I Electrical & Electronics Engineering IX,3
Electrical Engineer,electrical engineer,matched,Principal Electrical Engineer,3
Electrical Engineer,electrical engineer,matched,"Senior Data Center Engineer, Electrical Engineering",3
Electrical Engineer,electrical engineer,matched,Sr. Electrical Engineer,3
Electrical Engineer,electrical engineer,unmatched,Electrical Site Engineer,3
Electrical Engineer,electrical engineer,matched,Electrical Engineer 3,3
Electrical Engineer,electrical engineer,matched,Associate Senior Engineer - Electrical,2
Electrical Engineer,electrical engineer,matched,Senior - Electrical Engineer,2
Electrical Engineer,electrical engineer,matched,"Engineer II, Electrical Systems Design",2
Electrical Engineer,electrical engineer,matched,Associate Senior Lead Engineer - Electrical,2
Electrical Engineer,electrical engineer,matched,Electrical Engineer/Senior Electrical Engineer,2
Electrical Engineer,electrical engineer,matched,Senior Engineer- Electrical(MEP),2
Electrical Engineer,electrical engineer,matched,Sr . Engineer Electrical Maintenance,2
Electrical Engineer,electrical engineer,matched,Senior Engineer- Electrical,2
Electrical Engineer,electrical engineer,matched,Sr. Engineer Electrical,2
Electrical Engineer,electrical engineer,matched,Lead Electrical Engineer / Sr. Principal Engineer - Electrical,2
Electrical Engineer,electrical engineer,matched,Deputy Chief Engineer - Electrical,2
Electrical Engineer,electrical engineer,matched,Sr Engineer Electrical Maintenance,2
Electrical Engineer,electrical engineer,matched,"Lead, Electrical Engineer",2
Electrical Engineer,electrical engineer,matched,Engineer II Electrical & Electronics Engineering X,2
Electrical Engineer,electrical engineer,matched,LV Electrical Engineer (Rail),2
Electrical Engineer,electrical engineer,matched,Lead Electrical Design Engineer,2
Electrical Engineer,electrical engineer,matched,Site Engineer (Electrical),2
Electrical Engineer,electrical engineer,matched,Principal Engineer - Electrical (MEP),2
Electrical Engineer,electrical engineer,unmatched,Electrical Engineering I,2
Electrical Engineer,electrical engineer,matched,Electrical Engineer III,2
Electrical Engineer,electrical engineer,matched,Electrical Engineer-Substation,2
Electrical Engineer,electrical engineer,matched,Associate Engineer Electrical & Electronics Engineering VIII,2
Electrical Engineer,electrical engineer,matched,"Engineer, Electrical Design.",2
Electrical Engineer,electrical engineer,unmatched,Advanced Lead Engineer - Electric Drive Train Controls,2
Electrical Engineer,electrical engineer,matched,"Engineer, Electrical Systems",2
Electrical Engineer,electrical engineer,matched,Senior Engineer Electrical,2
Electrical Engineer,electrical engineer,unmatched,"Senior Silicon Electrical Validation Engineer, Google Cloud",2
Electrical Engineer,electrical engineer,unmatched,Electrical Test Automation Engineer,2
Electrical Engineer,electrical engineer,matched,Senior Engineer - Electrical (Oil & Gas),2
Electrical Engineer,electrical engineer,matched,"Electrical Engineer, Grade 10",2
Electrical Engineer,electrical engineer,matched,Electrical Engineer Level I,2
Electrical Engineer,electrical engineer,matched,"Senior Hardware Project Engineer, Electrical Engineering",2
Electrical Engineer,electrical engineer,matched,Engineer - Electrical Maintenance,2
Electrical Engineer,electrical engineer,matched,Electrical Engineer Level II,2
Electrical Engineer,electrical engineer,unmatched,Lead Electrical & Instrumentation Engineer,2
Electrical Engineer,electrical engineer,matched,Deputy Director - Electrical Engineer,2
Electrical Engineer,electrical engineer,unmatched,Electrical Integration Engineer,2
Electrical Engineer,electrical engineer,matched,Manager - Electrical Engineer,2
Electrical Engineer,electrical engineer,unmatched,Lead Engineer 2 - Electrical Component,2
Electrical Engineer,electrical engineer,matched,Supplier Engineer - Electrical/Quality,2
Electrical Engineer,electrical engineer,mapped:Product Manager,"Product Owner, Electrical Engineering Software",2
Electrical Engineer,electrical engineer,unmatched,Electrical System Engineer,2
Electrical Engineer,electrical engineer,unmatched,Electrical - New Product Manufacturing Engineer,2
Electrical Engineer,electrical engineer,matched,Engineer - Electrical Plant Layout & Cable Trays,2
Electrical Engineer,electrical engineer,matched,Substation Electrical Engineer (Energy),2
Electrical Engineer,electrical engineer,matched,NPQ Engineer- Electrical,2
Electrical Engineer,electrical engineer,unmatched,Electrical and Electronics Cost Out Engineer,2
Electrical Engineer,electrical engineer,matched,Sr Electrical Engineer (Erection),2
Electrical Engineer,electrical engineer,matched,Servo Drives development - Electrical Design Engineer,2
Electrical Engineer,electrical engineer,matched,Project Lead Engineer - Electrical(Capacitor Bank),1
Electrical Engineer,electrical engineer,unmatched,Senior Electrical/ Instrumentation & Control Engineer,1
Electrical Engineer,electrical engineer,matched,Principal Engineer - Electrical Design,1
Electrical Engineer,electrical engineer,matched,MEP Electrical Engineer,1
Electrical Engineer,electrical engineer,matched,Advanced Electrical Engineer,1
Electrical Engineer,electrical engineer,mapped:Project Manager,Project Manager-Electrical Engineering,1
Electrical Engineer,electrical engineer,matched,"Design Engineer, Electrical",1
Electrical Engineer,electrical engineer,unmatched,Junior Engineering Technician-Electrical Revit Job Details | Black & Veatch Family of Companies,1
Electrical Engineer,electrical engineer,matched,Shift Electrical Engineer,1
Electrical Engineer,electrical engineer,unmatched,Deputy Manager - Electrical Systems Design Engineer,1
Electrical Engineer,electrical engineer,matched,Semiconductor Package Electrical Engineer,1
Electrical Engineer,electrical engineer,unmatched,Diploma Engineer Trainee - Electrical (2026 passout),1
Electrical Engineer,electrical engineer,unmatched,Diploma Engineer Trainee - Electrical (2026 passouts),1
Electrical Engineer,electrical engineer,matched,Electrical Engineer - Mission Critical - GFS,1
Electrical Engineer,electrical engineer,matched,Electrical Design Engineer(Substation) | Mumbai,1
Electrical Engineer,electrical engineer,matched,Senior Electrical Engineer ( Primary),1
Electrical Engineer,electrical engineer,unmatched,Sr. Principal Electrical Integration Engineer,1
Electrical Engineer,electrical engineer,unmatched,Associate Director - Data Center Electrical Engineering & Innovation,1
Electrical Engineer,electrical engineer,matched,Maintenance Engineer - Electrical & Mechatronics,1
Electrical Engineer,electrical engineer,unmatched,Senior Electrical System Integration Engineer,1
Electrical Engineer,electrical engineer,matched,"Senior Engineer II, Electrical Systems Design",1
Electrical Engineer,electrical engineer,matched,Design Engineer/Sr Design Engineer - Electrical/Instrumentation,1
Electrical Engineer,electrical engineer,unmatched,Electrical Engineering Innovation Lead - (Exp with Data Center Only),1
Electrical Engineer,electrical engineer,unmatched,Senior Electrical Systems Engineer,1
Electrical Engineer,electrical engineer,unmatched,Lead Electrical & Instrumentation Engineer - Industrial project execution,1
Electrical Engineer,electrical engineer,unmatched,Engineering Associate - Electrician,1
Electrical Engineer,electrical engineer,matched,BIM Engineer - Electrical BIM,1
Electrical Engineer,electrical engineer,unmatched,"PhD Engineers (Mechanical, Electrical, Chemical, Civil)",1
Electrical Engineer,electrical engineer,matched,BIM Engineer (Electrical),1
Electrical Engineer,electrical engineer,matched,Project Engineer - Electrical,1
Electrical Engineer,electrical engineer,unmatched,Sales Engineer ( In-house -Electrical),1
Electrical Engineer,electrical engineer,matched,Project/Site Engineer – Electrical,1
Electrical Engineer,electrical engineer,matched,Estimation & Costing Engineer – Electrical,1
Electrical Engineer,electrical engineer,unmatched,Apprentice- Electrical Engineering,1
Electrical Engineer,electrical engineer,matched,Engineer (Electrical)- Maintenance - Solar Cable,1
Electrical Engineer,electrical engineer,matched,Lead Engineer - Electrical components,1
Electrical Engineer,electrical engineer,unmatched,Electrical Design & Estimation Engineer,1
Electrical Engineer,electrical engineer,unmatched,"Engineer, Sig Electrical Design",1
Electrical Engineer,electrical engineer,mapped:Mechanical Engineer,Electrical CAD Engineer,1
Electrical Engineer,electrical engineer,matched,Senior Principal Engineer - Electrical,1
Electrical Engineer,electrical engineer,matched,DCN Electrical Engineer,1
Electrical Engineer,electrical engineer,matched,Power Station Electrical Engineer,1
Electrical Engineer,electrical engineer,matched,Chief Electrical Engineer,1
Electrical Engineer,electrical engineer,unmatched,Lead Electrical Commissioning Engineer - India,1
Electrical Engineer,electrical engineer,matched,Project Engineer (Electrical),1
Electrical Engineer,electrical engineer,matched,"Engineer I, Electrical Systems Design",1
Electrical Engineer,electrical engineer,matched,Electrical Engineer - National Contract,1
Electrical Engineer,electrical engineer,unmatched,PSE-Electrical Engineering,1
Electrical Engineer,electrical engineer,matched,Electrical Engineer - Substation PMC,1
Electrical Engineer,electrical engineer,matched,Electrical Engineer- Bhatiya,1
Electrical Engineer,electrical engineer,matched,BIM Electrical Engineer,1
Electrical Engineer,electrical engineer,matched,Senior Electrical Engineer- India,1
Electrical Engineer,electrical engineer,matched,Electrical Engineer – Substation PMC,1
Electrical Engineer,electrical engineer,matched,Project Engineer (Electrical & Automation),1
Electrical Engineer,electrical engineer,unmatched,Senior Manager - Electrical Engineering - Ports & Terminals - Nhava Sheva,1
Electrical Engineer,electrical engineer,matched,Senior Electrical Design Engineer,1
Electrical Engineer,electrical engineer,unmatched,Senior Electrical Commissioning Engineer - Data Centre,1
Electrical Engineer,electrical engineer,matched,Senior Engineer- Electrical (Process & Piping),1
Electrical Engineer,electrical engineer,matched,Principal Engineer- Electrical (Process & Piping),1
Electrical Engineer,electrical engineer,matched,Edrc Electrical Design Engineer,1
Electrical Engineer,electrical engineer,unmatched,Edrc Electrical Design - Lead Engineering Manager,1
Electrical Engineer,electrical engineer,unmatched,Electrical Engineering Professor (Remote),1
Electrical Engineer,electrical engineer,unmatched,Associate Engineering Technician - Electrical Job Details | Black & Veatch Family of Companies,1
Electrical Engineer,electrical engineer,unmatched,Staff Engineering Technician - Electrical Job Details | Black & Veatch Family of Companies,1
Electrical Engineer,electrical engineer,unmatched,Senior Engineering Technician - Electrical Job Details | Black & Veatch Family of Companies,1
Electrical Engineer,electrical engineer,unmatched,Electrical and Instrumentation Engineer,1
Electrical Engineer,electrical engineer,matched,Electrical Engineer Level II (Protection & Control / Secondary Engineering),1
Electrical Engineer,electrical engineer,matched,Electrical Engineer – Estimation,1
Electrical Engineer,electrical engineer,matched,Associate Electrical Engineer-1,1
Electrical Engineer,electrical engineer,matched,Electrical Engineer-Pune,1
Electrical Engineer,electrical engineer,mapped:Mechanical Engineer,Engineer - Mechanical / Electrical (VAVE),1
Electrical Engineer,electrical engineer,matched,Sr. Engineer Electrical & Electronics Engineering XII,1
Electrical Engineer,electrical engineer,matched,Engineer Electrical & Electronics,1
Electrical Engineer,electrical engineer,unmatched,"Sr Manager, Electrical Engineering – PCBA Center of Excellence",1
Electrical Engineer,electrical engineer,matched,Electrical Engineer - TSI,1
Electrical Engineer,electrical engineer,matched,Site Engineer - Electrical - HYD123,1
Electrical Engineer,electrical engineer,matched,Senior Engineer Electrical & Electronics,1
Electrical Engineer,electrical engineer,matched,Electrical Engineer (Proposal),1
Electrical Engineer,electrical engineer,matched,Production Engineer - Electrical / Mechanical,1
Electrical Engineer,electrical engineer,unmatched,"Sr Manager, Electrical Engineering - PCBA Center of Excellence",1
Electrical Engineer,electrical engineer,matched,Mechanical & Electrical Engineer,1
Electrical Engineer,electrical engineer,matched,Senior Principal Electrical Engineer,1
Electrical Engineer,electrical engineer,matched,Powertrain Process Engineer (Electrical/Mechanical),1
Electrical Engineer,electrical engineer,unmatched,Graduate Engineer Trainee (GET) - Electrical/Electronics Engineer,1
Electrical Engineer,electrical engineer,unmatched,Design Engineer (Primary) - Substation (Electrical),1
Electrical Engineer,electrical engineer,matched,Electrical Engineer - AAC Blocks,1
Electrical Engineer,electrical engineer,unmatched,Lead Engineer - Hardware Electrical & Electronics Design,1
Electrical Engineer,electrical engineer,matched,"Sr Principal Engineer, Electrical",1
Electrical Engineer,electrical engineer,unmatched,Electrician Engineer (SF),1
Electrical Engineer,electrical engineer,matched,Engineer-Electrical,1
Electrical Engineer,electrical engineer,matched,Hiring || Electrical Engineer – Water & Wastewater Treatment,1
Electrical Engineer,electrical engineer,matched,Electrical Design Engineer (Solar),1
Electrical Engineer,electrical engineer,matched,Design Engineer – Electrical Wiring Harness,1
Electrical Engineer,electrical engineer,unmatched,Electrical Maintenance Engineer /Male/HPS/202686 HPS/2026/680/4,1
Electrical Engineer,electrical engineer,unmatched,Senior Manager – Electrical Systems Engineering,1
Electrical Engineer,electrical engineer,unmatched,Electrical Project Engineer for Leading MNC Pharma Company,1
Electrical Engineer,electrical engineer,matched,We are hiring Assistant Senior Electrical Design Engineer for an MNC Pharmaceutical in Mumbai,1
Electrical Engineer,electrical engineer,matched,"Shift Engineer Electrical For Power Plant - Bilaspur , Chhattisgarh",1
Electrical Engineer,electrical engineer,matched,Hardware Electrical Design Engineer - Automotive,1
Electrical Engineer,electrical engineer,matched,Engineer - Electrical Design,1
Electrical Engineer,electrical engineer,unmatched,Electrical/Electronics Design Engineer,1
Electrical Engineer,electrical engineer,matched,"Engineer, Electrical",1
Electrical Engineer,electrical engineer,unmatched,PLC / Electrical Maintenance Engineer - M/F/D,1
Electrical Engineer,electrical engineer,unmatched,Lead Engineer - Generator & Electrical Systems Product Service Engineering,1
Electrical Engineer,electrical engineer,matched,Assistant Engineer Electrical,1
Electrical Engineer,electrical engineer,matched,Junior Engineer Electrical,1
Electrical Engineer,electrical engineer,matched,Electrical Engineer - Mumbai,1
Electrical Engineer,electrical engineer,matched,Field Engineer (Electrical),1
Electrical Engineer,electrical engineer,matched,"Principal Engineer - Electrical, Lightning Protection & Ice Mitigation",1
Electrical Engineer,electrical engineer,unmatched,Electrical and Communication Engineer,1
Electrical Engineer,electrical engineer,matched,"Senior Project Engineer, Electrical Cost Modeler",1
Electrical Engineer,electrical engineer,unmatched,"Project Engineer - Aviation | Civil/Structural/Electrical/MEP/Airport Systems | Trivandrum, Mangalore & Ahmedabad",1
Electrical Engineer,electrical engineer,unmatched,"Jr. QA/QC Engineer - Aviation | Civil/Structural/Electrical/MEP/Airport Systems | Trivandrum, Mangalore & Ahmedabad",1
Electrical Engineer,electrical engineer,unmatched,Manager - Electrical QA/QC Engineer (Construction),1
Electrical Engineer,electrical engineer,matched,Senior Engineer - Electrical & Instrumentation,1
Electrical Engineer,electrical engineer,matched,Electrical Engineer Level II (Physical Engineer),1
Electrical Engineer,electrical engineer,unmatched,"Staff Engineer, Product Design and Engineering - Electrical",1
Electrical Engineer,electrical engineer,unmatched,Electrical Lead Engineer,1
Electrical Engineer,electrical engineer,unmatched,"Electrical Instrument Engineer For Rollingmill - Raipur , Chhattisgarh",1
Electrical Engineer,electrical engineer,mapped:Mechanical Engineer,Electrical & Mechanical Engineer,1
Electrical Engineer,electrical engineer,matched,System Engineer / Electrical Developer – MV Switchgear Engineering,1
Electrical Engineer,electrical engineer,unmatched,Program Director – Electrical & Electronics Engineering (EEE),1
Electrical Engineer,electrical engineer,unmatched,Crane DC Electrical Maintenance Engineer,1
Electrical Engineer,electrical engineer,matched,Site Engineer Electrical,1
Electrical Engineer,electrical engineer,unmatched,Electrical Hardware Engineer,1
Electrical Engineer,electrical engineer,matched,Electrical Engineer Freshers,1
Electrical Engineer,electrical engineer,matched,Maintenance Engineer Electrical Mechanical Engg at Umbergaon near VapiValsad,1
Electrical Engineer,electrical engineer,matched,Fresher Electrical Engineer,1
Electrical Engineer,electrical engineer,unmatched,Electrical Schematic Design Engineer,1
Electrical Engineer,electrical engineer,unmatched,"Jr. Billing & Costing Engineer - Aviation (Civil/Electrical/MEP/Airport Systems) | Ahmedabad, Trivandrum & Mangalore",1
Electrical Engineer,electrical engineer,matched,"Project Engineer - Electrical (AGL/Airside) | Trivandrum, Mangalore & Ahmedabad",1
Electrical Engineer,electrical engineer,unmatched,Electrical proposal engineer,1
Electrical Engineer,electrical engineer,matched,Electrical Engineer (Versa Valves) - Product Engineering,1
Electrical Engineer,electrical engineer,matched,Job Opening For Electrical Engineer - Product Engineering,1
Electrical Engineer,electrical engineer,unmatched,Sr.Engineer - Instrumentation & Electrical,1
Electrical Engineer,electrical engineer,matched,Instrumentation & Electrical Engineer,1
Electrical Engineer,electrical engineer,ambiguous_multi,Supplier Quality Engineer - Electrical,1
Electrical Engineer,electrical engineer,matched,Colliery Engineer (Electrical),1
Electrical Engineer,electrical engineer,unmatched,Electrical Designer - Engineering & Technical Support,1
Electrical Engineer,electrical engineer,unmatched,Senior Electrical Project Engineer,1
Electrical Engineer,electrical engineer,matched,Sr. Engineer Electrical & Electronics Engineering XI,1
Electrical Engineer,electrical engineer,matched,Senior Project Engineer - Electrical,1
Electrical Engineer,electrical engineer,matched,Electrical Engineer (Revit) - WTR,1
Electrical Engineer,electrical engineer,matched,Senior Engineer- Electrical (Water) Job Details | Black & Veatch Family of Companies,1
Electrical Engineer,electrical engineer,matched,"Senior Engineer, Electrical Systems & Integration",1
Electrical Engineer,electrical engineer,unmatched,Electrical Equipment Engineer,1
Electrical Engineer,electrical engineer,unmatched,Electrical Layout Engineer,1
Electrical Engineer,electrical engineer,matched,Installation & Commissioning Engineer (Electrical),1
Electrical Engineer,electrical engineer,matched,Electrical Design Engineer - Vadodara (POR),1
Electrical Engineer,electrical engineer,unmatched,Associate Engineering Technician - Electrical Water(Contract) Job Details | Black & Veatch Family of Companies,1
Electrical Engineer,electrical engineer,unmatched,Associate Engineering Technician-Electrical APG Job Details | Black & Veatch Family of Companies,1
Electrical Engineer,electrical engineer,unmatched,Senior Engineering Technician - Electrical Oil & Gas Job Details | Black & Veatch Family of Companies,1
Electrical Engineer,electrical engineer,unmatched,Associate Engineering Technician - Electrical Water Job Details | Black & Veatch Family of Companies,1
Electrical Engineer,electrical engineer,unmatched,Engineer / Executive - Electrical,1
Electrical Engineer,electrical engineer,matched,"Engineer III, Electrical",1
Electrical Engineer,electrical engineer,matched,Electrical Engineer 8-12 yrs,1
Electrical Engineer,electrical engineer,unmatched,Electrical & Instrumentation ( E&I ) Engineer,1
Electrical Engineer,electrical engineer,unmatched,Lead - Electrical Engineering,1
Electrical Engineer,electrical engineer,matched,BESS Electrical Design Engineer Lead,1
Electrical Engineer,electrical engineer,matched,Engineer-Electrical Maintenance,1
Electrical Engineer,electrical engineer,matched,Product SME/Engineer - Electrical & Instrumentation,1
Electrical Engineer,electrical engineer,unmatched,Senior Engineer - Purchase (Electrical & Automation),1
Electrical Engineer,electrical engineer,matched,"Sr.Engineer, Electrical",1
Electrical Engineer,electrical engineer,matched,Senior Engineer-Electrical,1
Electrical Engineer,electrical engineer,matched,Electrical Engineer (Design),1
Electrical Engineer,electrical engineer,matched,Consultancy Engineer - Electrical (Transmission Line & Substation),1
Electrical Engineer,electrical engineer,unmatched,Electrical Maintenance Engineer-Machine Shop,1
Electrical Engineer,electrical engineer,matched,"Senior Hardware Engineer, Electrical Engineering",1
Electrical Engineer,electrical engineer,matched,Staff Engineer Electrical- APG Job Details | Black & Veatch Family of Companies,1
Electrical Engineer,electrical engineer,matched,Associate Engineer-Electrical Substation Job Details | Black & Veatch Family of Companies,1
Electrical Engineer,electrical engineer,matched,Sr. Electrical Design Engineer,1
Electrical Engineer,electrical engineer,matched,MEP Engineer - Electrical,1
Electrical Engineer,electrical engineer,matched,Repair Engineer - Electrical,1
Electrical Engineer,electrical engineer,matched,Senior Electrical Engineer - Water (Mumbai),1
Electrical Engineer,electrical engineer,matched,Electrical Design Engineer MEP,1
Electrical Engineer,electrical engineer,matched,Engineer - Electrical Maintenance Casting (Mandal),1
Electrical Engineer,electrical engineer,matched,Staff Engineer Electrical Design,1
Electrical Engineer,electrical engineer,unmatched,"Sr. Engineer, Construction Quality- Electrical & ELV",1
Electrical Engineer,electrical engineer,matched,Electrical Design Engineer – Power Transformer,1
Electrical Engineer,electrical engineer,unmatched,Electrical Site Engineer Nadiad India,1
Electrical Engineer,electrical engineer,matched,Sr Electrical Design Engineer EPC Thermal Power Plant,1
Electrical Engineer,electrical engineer,unmatched,Electrical Shift Engineer – Facilities Operations,1
Electrical Engineer,electrical engineer,matched,Assistant Engineer-Electrical,1
Electrical Engineer,electrical engineer,unmatched,Electrical Engineering Expert - F500,1
Electrical Engineer,electrical engineer,matched,Electrical Engineer (Annex Building),1
Electrical Engineer,electrical engineer,matched,PROJECT ENGINEER - Electrical Design,1
Electrical Engineer,electrical engineer,unmatched,Lead Engineering manager ( Electrical designer),1
Electrical Engineer,electrical engineer,matched,"Civil Engineer, Electrical Engineer",1
Electrical Engineer,electrical engineer,matched,Sr Engineer Electrical Sourcing,1
Electrical Engineer,electrical engineer,matched,Associate Engineer-Electrical Power Gen Job Details | Black & Veatch Family of Companies,1
Electrical Engineer,electrical engineer,matched,"Computer Operator,Civil Engineer,Electrical Engineer,Supervisor",1
Electrical Engineer,electrical engineer,matched,Lead Engineer Electrical & Electronics,1
Electrical Engineer,electrical engineer,unmatched,Electrical Systems Engineer- E3,1
Electrical Engineer,electrical engineer,unmatched,Hiring Electrical Maintenance Engineer for MNC company,1
Electrical Engineer,electrical engineer,unmatched,Electrical Systems Engineer - E2,1
Electrical Engineer,electrical engineer,matched,Advance Indus (Methods) Engineer – Electrical,1
Electrical Engineer,electrical engineer,ambiguous_multi,Incoming Quality Engineer (Electrical),1
Electrical Engineer,electrical engineer,matched,"Engineer, Electrical Design",1
Electrical Engineer,electrical engineer,matched,R&D Engineer - Electrical,1
Electrical Engineer,electrical engineer,matched,Staff Engineer Electrical- Data Center Job Details | Black & Veatch Family of Companies,1
Electrical Engineer,electrical engineer,matched,Associate Engineer Electrical- Data Center Job Details | Black & Veatch Family of Companies,1
Electrical Engineer,electrical engineer,matched,Senior Engineer Electrical - Data Center Job Details | Black & Veatch Family of Companies,1
Electrical Engineer,electrical engineer,matched,Sr Electrical Engineer,1
Electrical Engineer,electrical engineer,matched,Electrical Engineer - I,1
Electrical Engineer,electrical engineer,matched,Electrical Design Engineer (LV Control Panel),1
Electrical Engineer,electrical engineer,matched,Engineer Electrical,1
Electrical Engineer,electrical engineer,unmatched,Lead Engineer - CMMS Maintenance (Mechanical / Electrical),1
Electrical Engineer,electrical engineer,matched,Quality Electrical Engineer - Solar,1
Electrical Engineer,electrical engineer,matched,Electrical Engineer (Airfield Ground Lighting),1
Electrical Engineer,electrical engineer,matched,Resident Engineer / Electrical Engineer,1
Electrical Engineer,electrical engineer,unmatched,Electrical Field Engineer - Substation & HVDC,1
Electrical Engineer,electrical engineer,matched,Electrical Engineer (Hydropower & Pumped Storage Projects),1
Electrical Engineer,electrical engineer,matched,Senior Electrical Engineer - Data Centers,1
Electrical Engineer,electrical engineer,matched,Principal Engineer I - Electrical,1
Electrical Engineer,electrical engineer,matched,Senior Engineer - Electrical ( Detail Engineering),1
Electrical Engineer,electrical engineer,matched,Electrical Engineer Fresher,1
Electrical Engineer,electrical engineer,unmatched,Electrical Engineering Lead,1
Electrical Engineer,electrical engineer,unmatched,Engineering Technical Leader - Electric Drives Controls,1
Electrical Engineer,electrical engineer,matched,Lead Engineer – Electrical Component,1
Electrical Engineer,electrical engineer,unmatched,Model Based System Engineer – Electric Motor Design Method and Tools Engineer,1
Electrical Engineer,electrical engineer,matched,Sr.Electrical Design Engineer,1
Electrical Engineer,electrical engineer,unmatched,Senior Electrical Engineering,1
Electrical Engineer,electrical engineer,matched,Senior Engineer - Electrical (Industrial Water) Job Details | Black & Veatch Family of Companies,1
Electrical Engineer,electrical engineer,matched,Assistant Chief Engineer -Electrical,1
Electrical Engineer,electrical engineer,matched,Electrical Engineer 5,1
Electrical Engineer,electrical engineer,unmatched,"Senior Associate Engineer, Maintenance, Reliability Expert, Electrical Project Expert",1
Electrical Engineer,electrical engineer,unmatched,Electrical Project Engineer I,1
Electrical Engineer,electrical engineer,matched,"Electrical Engineer For Textile Industry - Tirupur, Tamilnadu",1
Electrical Engineer,electrical engineer,matched,"Electrical Engineer For Steel Structure - Bhilai, Chhattisgarh",1
Electrical Engineer,electrical engineer,matched,Electrical Engineer - O&M,1
Electrical Engineer,electrical engineer,matched,Senior Electrical Engineer - Switchyards,1
Electrical Engineer,electrical engineer,unmatched,Electrical Schematics Engineer,1
Electrical Engineer,electrical engineer,unmatched,Engineer - Supplier Development (Electrical),1
Electrical Engineer,electrical engineer,unmatched,Design Engineer - Solar (Electrical AC),1
Electrical Engineer,electrical engineer,matched,Installation Cum Service Engineer - Electrical (Diploma),1
Electrical Engineer,electrical engineer,matched,Principal Engineer – Electrical,1
Electrical Engineer,electrical engineer,matched,Infra Engineer- Electrical,1
Electrical Engineer,electrical engineer,matched,Lead Electrical Engineer - HVDC Systems for PMC,1
Electrical Engineer,electrical engineer,unmatched,Electric design Engineer,1
Electrical Engineer,electrical engineer,unmatched,Electrical Service Engineer,1
Electrical Engineer,electrical engineer,matched,Electrical Engineer I,1
Electrical Engineer,electrical engineer,matched,We Are Hiring Electrical Engineer,1
Electrical Engineer,electrical engineer,matched,EICA Engineer – Electrical Control Panel Design,1
Electrical Engineer,electrical engineer,unmatched,Diploma Engineer Trainee - Electrical (2026 batch) - Bangalore Location,1
Electrical Engineer,electrical engineer,matched,Principal Engineer - Electrical (Offshore),1
Electrical Engineer,electrical engineer,matched,Design Engineer - Electrical,1
Electrical Engineer,electrical engineer,matched,Staff Engineer-Electrical Oil & Gas Job Details | Black & Veatch Family of Companies,1
Electrical Engineer,electrical engineer,matched,Associate Engineer-Electrical Oil & Gas Job Details | Black & Veatch Family of Companies,1
Electrical Engineer,electrical engineer,matched,Electrical Engineer - Solar PMC,1
Electrical Engineer,electrical engineer,unmatched,Electrician / Electrical Maintenance Engineer/Male/HPS/2026/572,1
Electrical Engineer,electrical engineer,matched,"Lead Hardware Engineer, Electrical Engineering",1
Electrical Engineer,electrical engineer,unmatched,Sales Engineer – Switchgear & Electrical Instruments Products,1
Electrical Engineer,electrical engineer,unmatched,"Senior Electrical Product Engineer- Senior Hardware NPI & Quality Lead with 15 years of experience in hardware engineering, a deep understanding of PCB/PCBA, and a passion for DFM and NPI",1
Electrical Engineer,electrical engineer,matched,Engineer Electrical (Controls),1
Electrical Engineer,electrical design engineer,matched,Electrical Design Engineer,23
Electrical Engineer,electrical design engineer,matched,"Sr. Electrical Design Engineer, APAC Data Center Design Engineering",5
Electrical Engineer,electrical design engineer,matched,"Engineer II, Electrical Systems Design",2
Electrical Engineer,electrical design engineer,matched,Lead Electrical Design Engineer,2
Electrical Engineer,electrical design engineer,matched,"Engineer, Electrical Design.",2
Electrical Engineer,electrical design engineer,matched,Servo Drives development - Electrical Design Engineer,2
Electrical Engineer,electrical design engineer,matched,Principal Engineer - Electrical Design,1
Electrical Engineer,electrical design engineer,matched,"Design Engineer, Electrical",1
Electrical Engineer,electrical design engineer,unmatched,Deputy Manager - Electrical Systems Design Engineer,1
Electrical Engineer,electrical design engineer,matched,Electrical Design Engineer(Substation) | Mumbai,1
Electrical Engineer,electrical design engineer,matched,"Senior Engineer II, Electrical Systems Design",1
Electrical Engineer,electrical design engineer,matched,Design Engineer/Sr Design Engineer - Electrical/Instrumentation,1
Electrical Engineer,electrical design engineer,unmatched,Electrical Design & Estimation Engineer,1
Electrical Engineer,electrical design engineer,unmatched,"Engineer, Sig Electrical Design",1
Electrical Engineer,electrical design engineer,matched,"Engineer I, Electrical Systems Design",1
Electrical Engineer,electrical design engineer,matched,Senior Electrical Design Engineer,1
Electrical Engineer,electrical design engineer,matched,Edrc Electrical Design Engineer,1
Electrical Engineer,electrical design engineer,unmatched,Edrc Electrical Design - Lead Engineering Manager,1
Electrical Engineer,electrical design engineer,unmatched,Design Engineer (Primary) - Substation (Electrical),1
Electrical Engineer,electrical design engineer,unmatched,Lead Engineer - Hardware Electrical & Electronics Design,1
Electrical Engineer,electrical design engineer,matched,Electrical Design Engineer (Solar),1
Electrical Engineer,electrical design engineer,matched,Design Engineer – Electrical Wiring Harness,1
Electrical Engineer,electrical design engineer,matched,We are hiring Assistant Senior Electrical Design Engineer for an MNC Pharmaceutical in Mumbai,1
Electrical Engineer,electrical design engineer,matched,Hardware Electrical Design Engineer - Automotive,1
Electrical Engineer,electrical design engineer,matched,Engineer - Electrical Design,1
Electrical Engineer,electrical design engineer,unmatched,Electrical/Electronics Design Engineer,1
Electrical Engineer,electrical design engineer,unmatched,"Staff Engineer, Product Design and Engineering - Electrical",1
Electrical Engineer,electrical design engineer,unmatched,Electrical Schematic Design Engineer,1
Electrical Engineer,electrical design engineer,unmatched,Electrical Designer - Engineering & Technical Support,1
Electrical Engineer,electrical design engineer,matched,Electrical Design Engineer - Vadodara (POR),1
Electrical Engineer,electrical design engineer,matched,BESS Electrical Design Engineer Lead,1
Electrical Engineer,electrical design engineer,matched,Electrical Engineer (Design),1
Electrical Engineer,electrical design engineer,matched,Sr. Electrical Design Engineer,1
Electrical Engineer,electrical design engineer,matched,Electrical Design Engineer MEP,1
Electrical Engineer,electrical design engineer,matched,Staff Engineer Electrical Design,1
Electrical Engineer,electrical design engineer,matched,Electrical Design Engineer – Power Transformer,1
Electrical Engineer,electrical design engineer,matched,Sr Electrical Design Engineer EPC Thermal Power Plant,1
Electrical Engineer,electrical design engineer,matched,PROJECT ENGINEER - Electrical Design,1
Electrical Engineer,electrical design engineer,unmatched,Lead Engineering manager ( Electrical designer),1
Electrical Engineer,electrical design engineer,matched,"Engineer, Electrical Design",1
Electrical Engineer,electrical design engineer,matched,Electrical Design Engineer (LV Control Panel),1
Electrical Engineer,electrical design engineer,unmatched,Model Based System Engineer – Electric Motor Design Method and Tools Engineer,1
Electrical Engineer,electrical design engineer,matched,Sr.Electrical Design Engineer,1
Electrical Engineer,electrical design engineer,unmatched,Design Engineer - Solar (Electrical AC),1
Electrical Engineer,electrical design engineer,unmatched,Electric design Engineer,1
Electrical Engineer,electrical design engineer,matched,EICA Engineer – Electrical Control Panel Design,1
Electrical Engineer,electrical design engineer,matched,Design Engineer - Electrical,1
Quality Engineer,quality engineer,matched,Quality Engineer,75
Quality Engineer,quality engineer,unmatched,Quality Engineering Lead,27
Quality Engineer,quality engineer,matched,Senior Quality Engineer,26
Quality Engineer,quality engineer,matched,Supplier Quality Engineer,20
Quality Engineer,quality engineer,unmatched,Quality Assurance Engineer,17
Quality Engineer,quality engineer,unmatched,Senior Quality Assurance Engineer,17
Quality Engineer,quality engineer,unmatched,Quality Assurance Automation Engineer,13
Quality Engineer,quality engineer,matched,Lead Quality Engineer,11
Quality Engineer,quality engineer,unmatched,Quality Control Engineer,10
Quality Engineer,quality engineer,matched,Quality Engineer II,8
Quality Engineer,quality engineer,unmatched,Senior Quality Test Engineer II,8
Quality Engineer,quality engineer,matched,Intermediate Quality Engineer,7
Quality Engineer,quality engineer,mapped:Data Scientist,"Machine Learning Engineer, Amazon Music - Catalog Quality",6
Quality Engineer,quality engineer,unmatched,Quality Assurance Engineering Specialist,6
Quality Engineer,quality engineer,unmatched,Senior Quality Assurance Automation Engineer,6
Quality Engineer,quality engineer,unmatched,Senior Quality Test Engineer I,6
Quality Engineer,quality engineer,unmatched,Quality Assurance Engineer III,6
Quality Engineer,quality engineer,unmatched,Software Quality Assurance Engineer,6
Quality Engineer,quality engineer,unmatched,"Quality Assurance Engineer 1, QRE",6
Quality Engineer,quality engineer,unmatched,Senior Manager Quality Engineering,5
Quality Engineer,quality engineer,matched,Sr Quality Engineer,5
Quality Engineer,quality engineer,matched,Data Quality Engineer,5
Quality Engineer,quality engineer,unmatched,Quality Assurance Engineer Specialist,4
Quality Engineer,quality engineer,excluded_by_rule,Software Quality Engineer,4
Quality Engineer,quality engineer,unmatched,Junior Engineer - Field Quality (SEB),4
Quality Engineer,quality engineer,excluded_by_rule,"Quality Engineer (Tester, Manual)",4
Quality Engineer,quality engineer,excluded_by_rule,Senior Software Quality Engineer,4
Quality Engineer,quality engineer,unmatched,Quality Assurance Engineer - Test Automation,4
Quality Engineer,quality engineer,unmatched,"Sr. Software Quality Assurance Engineer - Audio, Edge Technology",3
Quality Engineer,quality engineer,matched,Senior Quality Engineer I,3
Quality Engineer,quality engineer,unmatched,"Quality Assurance Engineer, Amazon Search Relevance Measurement",3
Quality Engineer,quality engineer,matched,Senior Data Quality Engineer,3
Quality Engineer,quality engineer,unmatched,"Quality Assurance Engineer, Alexa Connect Kit, Alexa Smart Home",3
Quality Engineer,quality engineer,excluded_by_rule,Associate Software Quality Engineer,3
Quality Engineer,quality engineer,unmatched,"Manager, Quality Engineering",3
Quality Engineer,quality engineer,matched,Quality Engineer I,3
Quality Engineer,quality engineer,matched,Sr. Quality Engineer,3
Quality Engineer,quality engineer,matched,Associate Quality Engineer,3
Quality Engineer,quality engineer,unmatched,"Engineer, Quality",3
Quality Engineer,quality engineer,unmatched,"Support Engineer III, Music Client Quality",3
Quality Engineer,quality engineer,unmatched,Software Quality Assurance Engineer - Manual QA,2
Quality Engineer,quality engineer,matched,E&I Supplier Quality Engineer,2
Quality Engineer,quality engineer,unmatched,"Senior Quality Assurance Engineer, Digital Products",2
Quality Engineer,quality engineer,matched,Senior quality Engineer,2
Quality Engineer,quality engineer,excluded_by_rule,Senior Software Engineer (Quality) - CONSUMER EXPERIENCE ENGINEERING,2
Quality Engineer,quality engineer,unmatched,Engineer - Quality,2
Quality Engineer,quality engineer,matched,Quality engineer M/F,2
Quality Engineer,quality engineer,unmatched,"AI Engineer, Agentic Systems (Quality Engineering)",2
Quality Engineer,quality engineer,unmatched,"Quality Assurance Engineer, Prime Video Sports",2
Quality Engineer,quality engineer,matched,Staff Quality Engineer,2
Quality Engineer,quality engineer,unmatched,Project Engineer (Product quality control),2
Quality Engineer,quality engineer,unmatched,Senior Specialist - Quality Engineering,2
Quality Engineer,quality engineer,unmatched,Senior Software Quality Assurance Engineer - Manual QA,2
Quality Engineer,quality engineer,matched,Senior Quality Engineer - Complaints Handling,2
Quality Engineer,quality engineer,unmatched,Quality Assurance Engineer / Tester (Analyst / Senior Analyst / Associate),2
Quality Engineer,quality engineer,matched,Performance Quality Engineer (Senior Analyst),2
Quality Engineer,quality engineer,matched,Quality Engineer III,2
Quality Engineer,quality engineer,matched,Design/Launch Quality Engineer,2
Quality Engineer,quality engineer,matched,Quality Engineer - VPI,2
Quality Engineer,quality engineer,unmatched,Specialist - Quality Engineering,2
Quality Engineer,quality engineer,unmatched,"Quality Assurance Engineer , Associate",2
Quality Engineer,quality engineer,matched,Quality Engineer - Manufacturing process,2
Quality Engineer,quality engineer,matched,Plant Quality Engineer,2
Quality Engineer,quality engineer,unmatched,"Quality Assurance Engineer I, Amazon Payment Services",2
Quality Engineer,quality engineer,excluded_by_rule,"Senior Staff Software Engineer, Workspace Search Quality",2
Quality Engineer,quality engineer,unmatched,Quality Engineering Specialist,2
Quality Engineer,quality engineer,excluded_by_rule,Quality Engineer-Automation,2
Quality Engineer,quality engineer,matched,Fullstack AI Quality Engineer – Applied & Agentic AI Systems,2
Quality Engineer,quality engineer,unmatched,Lead Quality Assurance Engineer,2
Quality Engineer,quality engineer,unmatched,SENIOR QUALITY CUM MATERIAL ENGINEER,2
Quality Engineer,quality engineer,unmatched,Quality Engineering Practice Head,2
Quality Engineer,quality engineer,excluded_by_rule,Intermediate Quality Engineer - Automation,2
Quality Engineer,quality engineer,matched,Lead Supplier Quality Engineer,2
Quality Engineer,quality engineer,matched,Supplier Quality Engineer: EME (Castings & Castings Machining,2
Quality Engineer,quality engineer,unmatched,Quality Assurance Engineer M/F,2
Quality Engineer,quality engineer,matched,Senior Material Quality Engineer,2
Quality Engineer,quality engineer,unmatched,Sr. Engineer - Testing & Quality Assurance N 4B,2
Quality Engineer,quality engineer,matched,Quality Engineer | NPI(New Product Introduction) exp,2
Quality Engineer,quality engineer,unmatched,Senior Engineer - Quality,2
Quality Engineer,quality engineer,unmatched,ITP Engineer-Quality Assurance,2
Quality Engineer,quality engineer,matched,Quality Engineer - Medical Devices,2
Quality Engineer,quality engineer,unmatched,Quality Analyst Engineer,2
Quality Engineer,quality engineer,unmatched,Quality Assurance (QA) Engineer,2
Quality Engineer,quality engineer,mapped:Electrical Engineer,Supplier Engineer - Electrical/Quality,2
Quality Engineer,quality engineer,matched,Supplier Quality Engineer: Proprietary and Power Train,2
Quality Engineer,quality engineer,unmatched,Data Quality Engineering Lead,2
Quality Engineer,quality engineer,matched,Site Quality Engineer,2
Quality Engineer,quality engineer,unmatched,Senior Quality Automation Engineer,2
Quality Engineer,quality engineer,matched,Salesforce Quality Engineer 3,2
Quality Engineer,quality engineer,unmatched,PLM Software Quality & Validation Engineer,2
Quality Engineer,quality engineer,unmatched,Senior Quality Assurance Engineer - Playwright & WebdriverIO,2
Quality Engineer,quality engineer,matched,"Quality Engineer, CAT 2",2
Quality Engineer,quality engineer,matched,StreamOne Quality engineer,2
Quality Engineer,quality engineer,unmatched,Quality Engineering Technical Leader,2
Quality Engineer,quality engineer,unmatched,"Quality Assurance Engineer, Digital Products",1
Quality Engineer,quality engineer,unmatched,"Senior Engineer, Quality and Release Management",1
Quality Engineer,quality engineer,unmatched,Engineer 1 - Embedded SW Quality Test,1
Quality Engineer,quality engineer,unmatched,"Engineer, Quality and Release Management",1
Quality Engineer,quality engineer,unmatched,Reliability Quality Integration Engineer,1
Quality Engineer,quality engineer,matched,In-Process Quality Engineer- Small & Medium Power Transformer,1
Quality Engineer,quality engineer,unmatched,Quality Assurance Engineer- Automation Testing,1
Quality Engineer,quality engineer,matched,Intermediate Quality Engineer Performance,1
Quality Engineer,quality engineer,unmatched,Advanced Engineer Quality,1
Quality Engineer,quality engineer,matched,Senior AIT Quality Engineer,1
Quality Engineer,quality engineer,unmatched,Sr Engineer - Quality Assurance,1
Quality Engineer,quality engineer,unmatched,Senior Quality and Training Engineer,1
Quality Engineer,quality engineer,unmatched,Global Quality FrontEnd Central Quality Assurance Engineer,1
Quality Engineer,quality engineer,unmatched,Sr. Engineer - Quality - QLT,1
Quality Engineer,quality engineer,unmatched,Quality Inspector & Supplier Coordinator Engineer,1
Quality Engineer,quality engineer,unmatched,Reflections Info Systems - Quality Assurance Automation Engineer - AI/ML Testing,1
Quality Engineer,quality engineer,matched,QUALITY ENGINEER - EV Motor,1
Quality Engineer,quality engineer,matched,Lead Quality Engineer - R01571704,1
Quality Engineer,quality engineer,unmatched,"Manager, Quality Engineering (TCF)",1
Quality Engineer,quality engineer,matched,Senior Lead Quality Engineer - R01571335,1
Quality Engineer,quality engineer,unmatched,Sr Sourcing Manager - Supplier Quality Engineering,1
Quality Engineer,quality engineer,unmatched,Quality Senior Engineer,1
Quality Engineer,quality engineer,unmatched,Senior Associate - Quality Assurance Engineer - Cypress,1
Quality Engineer,quality engineer,matched,Industrial Quality Engineer,1
Quality Engineer,quality engineer,unmatched,Software Test Engineer / Quality Analyst,1
Quality Engineer,quality engineer,matched,Generative AI Quality Engineer - Assistant Vice President,1
Quality Engineer,quality engineer,unmatched,Quality Engineering Lead - Automated Testing,1
Quality Engineer,quality engineer,unmatched,Quality Engineering Lead - Selenium,1
Quality Engineer,quality engineer,unmatched,InfoBeans Technologies - ETL Quality Assurance Engineer - Databricks/Python,1
Quality Engineer,quality engineer,excluded_by_rule,ASPICE TESTING / QUALITY ENGINEER-SDET,1
Quality Engineer,quality engineer,unmatched,Quality Test Engineer II - Salesforce,1
Quality Engineer,quality engineer,unmatched,Staff Engineer - Quality & Reliability,1
Quality Engineer,quality engineer,excluded_by_rule,Senior Data & AI Quality Engineer (Ingestion Â· Evaluation Â· Testing),1
Quality Engineer,quality engineer,unmatched,Quality Test Engineer II,1
Quality Engineer,quality engineer,matched,Quality Engineer - 2026_1796,1
Quality Engineer,quality engineer,unmatched,Engineering Manager - Quality,1
Quality Engineer,quality engineer,excluded_by_rule,Quality Engineer - Manual Game Tester,1
Quality Engineer,quality engineer,matched,"Consultant, Quality Engineer",1
Quality Engineer,quality engineer,matched,"Specialist, Quality Engineer - India",1
Quality Engineer,quality engineer,mapped:Data Engineer,Healthcare Data Engineer - HEDIS & Quality (India),1
Quality Engineer,quality engineer,unmatched,Quality Engineering Arch Manager,1
Quality Engineer,quality engineer,unmatched,Quality Assistant Engineer / Trainee Engineer (Sheet Metal),1
Quality Engineer,quality engineer,matched,Supplier Quality Engineer - Casting & Machining,1
Quality Engineer,quality engineer,matched,Manufacturing Quality Engineer - Chennai,1
Quality Engineer,quality engineer,matched,Supplier Quality Engineer M/F,1
Quality Engineer,quality engineer,excluded_by_rule,Salesforce Automation Quality Engineer [T500-29535],1
Quality Engineer,quality engineer,unmatched,Sr. Manager Supplier Quality Engineering,1
Quality Engineer,quality engineer,unmatched,Manager Supplier Quality Engineering,1
Quality Engineer,quality engineer,unmatched,Lead Engineer Automation Quality,1
Quality Engineer,quality engineer,excluded_by_rule,"Quality Engineer III - Web Automation (Java, Playwright)",1
Quality Engineer,quality engineer,unmatched,Quality Jr. Engineer I,1
Quality Engineer,quality engineer,matched,India - Quality Engineer (6 Months Contract),1
Quality Engineer,quality engineer,matched,SW Quality Engineer 3-1,1
Quality Engineer,quality engineer,unmatched,Senior Engineer - In process Quality,1
Quality Engineer,quality engineer,unmatched,Quality Control Engineer - Morbi Trading Plant,1
Quality Engineer,quality engineer,excluded_by_rule,Staff Software Quality Engineer I,1
Quality Engineer,quality engineer,unmatched,IN_RBIN_ Senior Engineer Quality Management Process,1
Quality Engineer,quality engineer,unmatched,Junior Engineer-Quality,1
Quality Engineer,quality engineer,excluded_by_rule,Salesforce Automation Quality Engineer,1
Quality Engineer,quality engineer,matched,Power Quality Engineer,1
Quality Engineer,quality engineer,unmatched,AI Quality Automation Engineer – Life Sciences,1
Quality Engineer,quality engineer,matched,Quality Engineer – Incoming Inspection,1
Quality Engineer,quality engineer,unmatched,"Engineer II, Quality",1
Quality Engineer,quality engineer,matched,Quality - Engineer,1
Quality Engineer,quality engineer,unmatched,"Engineer 2, Quality Assurance",1
Quality Engineer,quality engineer,unmatched,Senior Engineer - Code Quality & Developer Enablement - Assistant Vice President,1
Quality Engineer,quality engineer,excluded_by_rule,Software Engineer - Quality,1
Quality Engineer,quality engineer,unmatched,Quality Inward Engineer,1
Quality Engineer,quality engineer,unmatched,Software Engineering Senior Associate - Data Quality,1
Quality Engineer,quality engineer,unmatched,Quality PTM - Engineer / Sr. Engineer - M/F/D,1
Quality Engineer,quality engineer,unmatched,Engineer / Sr. Engineer - Quality,1
Quality Engineer,quality engineer,unmatched,Jr. Engineer / Engineer - Quality,1
Quality Engineer,quality engineer,unmatched,Quality Engineering Manager - FlashArray,1
Quality Engineer,quality engineer,matched,"Sr. Quality Engineer 1, Digital Features",1
Quality Engineer,quality engineer,unmatched,Engineer / Sr. Engineer Quality,1
Quality Engineer,quality engineer,unmatched,Staff Engineer (Quality/Test Automation Engineer),1
Quality Engineer,quality engineer,matched,Quality Engineer Technical Lead,1
Quality Engineer,quality engineer,excluded_by_rule,Software Methods and Quality Engineer,1
Quality Engineer,quality engineer,unmatched,"Quality Engineering, QA Expert, Commissioning & Qualification Audit and Inspection Support",1
Quality Engineer,quality engineer,unmatched,Senior Engineer / Lead - Quality Engineering,1
Quality Engineer,quality engineer,matched,"Quality Engineer (Galvanizing Plant) needed for a Fabrication and galvanizing manufacturing Unit in Mahemdavad, Kheda (Gujarat)-387110 - ( Job ID - 24252)",1
Quality Engineer,quality engineer,unmatched,Director - Quality Engineering,1
Quality Engineer,quality engineer,unmatched,"Founding member, Quality Assurance Engineer",1
Quality Engineer,quality engineer,unmatched,Quality Engineering - Professional 3 (DEX & Horizon Interoperability),1
Quality Engineer,quality engineer,unmatched,Engineer- Quality I IND,1
Quality Engineer,quality engineer,matched,Material Product Quality Engineer,1
Quality Engineer,quality engineer,unmatched,VP AI Quality Software Engineering Remote,1
Quality Engineer,quality engineer,unmatched,Senior AI Engineer – Test & Quality Enablement,1
Quality Engineer,quality engineer,unmatched,Quality Assurance Engineer-1,1
Quality Engineer,quality engineer,matched,Senior Staff Quality Engineer,1
Quality Engineer,quality engineer,unmatched,Quality Control Manager – Heavy Civil Engineering,1
Quality Engineer,quality engineer,unmatched,"Quality Engineering Lead, Enterprise System [T500-29276]",1
Quality Engineer,quality engineer,unmatched,Staff Engineer-Supplier Quality,1
Quality Engineer,quality engineer,matched,Manufacturing Quality Engineer,1
Quality Engineer,quality engineer,unmatched,Associate Quality Assurance Engineer - Intern,1
Quality Engineer,quality engineer,matched,Senior Quality Engineer II [T500-29357],1
Quality Engineer,quality engineer,excluded_by_rule,Quality Engineer I - Automation Testing,1
Quality Engineer,quality engineer,unmatched,Production & Quality - Engineers / Assistants / Supervisors,1
Quality Engineer,quality engineer,unmatched,Quality Assurance Engineering Manager,1
Quality Engineer,quality engineer,matched,Digital Quality Engineer,1
Quality Engineer,quality engineer,matched,Member of Technical Staff- Quality Engineer,1
Quality Engineer,quality engineer,unmatched,"Senior Director – Software Engineering, Quality & Innovation",1
Quality Engineer,quality engineer,unmatched,Engineer 3 - Global Supplier Quality,1
Quality Engineer,quality engineer,matched,Product Quality Engineer,1
Quality Engineer,quality engineer,matched,Fullstack AI Quality Engineer - Applied & Agentic AI Systems,1
Quality Engineer,quality engineer,unmatched,Staff Quality Assurance Engineer,1
Quality Engineer,quality engineer,matched,Senior Quality Engineer II _ 2026_1543,1
Quality Engineer,quality engineer,matched,Senior Quality Engineer II- IHC445,1
Quality Engineer,quality engineer,matched,Sr Quality Engineer - Performance,1
Quality Engineer,quality engineer,unmatched,Quality Assurance & UAT Engineer – Dialer,1
Quality Engineer,quality engineer,matched,Senior Quality Engineer - Salesforce,1
Quality Engineer,quality engineer,matched,Senior Quality Engineer - India,1
Quality Engineer,quality engineer,unmatched,Junior Engineer - Field Quality (NBS),1
Quality Engineer,quality engineer,matched,Senior Quality Engineer (Cybersecurity Platform),1
Quality Engineer,quality engineer,excluded_by_rule,Software Engineer - AI Quality & Test Automation | Security - Python | Golang | Test Automation | AI/ML Testing | Agentic Workflows (4 - 8 Years),1
Quality Engineer,quality engineer,unmatched,Senior Technical Quality Assurance Engineer,1
Quality Engineer,quality engineer,unmatched,Lead Technical Quality Assurance Engineer,1
Quality Engineer,quality engineer,unmatched,Quality Assurance Test Engineer,1
Quality Engineer,quality engineer,matched,Quality Engineer - PPAP,1
Quality Engineer,quality engineer,unmatched,Engineer - Process Quality,1
Quality Engineer,quality engineer,matched,Python Data Quality Engineer,1
Quality Engineer,quality engineer,unmatched,Engineer - Supplier Quality Mech,1
Quality Engineer,quality engineer,matched,Supplier Quality Engineer - Vadodara (Savli),1
Quality Engineer,quality engineer,unmatched,Quality Assurance Engineer - Design Quality,1
Quality Engineer,quality engineer,unmatched,Software Quality Automation Engineer - Python & Playwright,1
Quality Engineer,quality engineer,unmatched,Software Quality Assurance / Testing Engineer: ServiceNow,1
Quality Engineer,quality engineer,unmatched,"Quality Engineering Lead, Enterprise System (E2E)",1
Quality Engineer,quality engineer,unmatched,Senior Engineer Quality,1
Quality Engineer,quality engineer,unmatched,Quality Engineering Lead (US Healthcare Revenue Cycle Management (RCM),1
Quality Engineer,quality engineer,excluded_by_rule,Software Engineer II (Quality) - Core Commerce Platform,1
Quality Engineer,quality engineer,unmatched,Software Quality Automation Engineer – Python & Playwright,1
Quality Engineer,quality engineer,unmatched,Sr. Engineer - Quality,1
Quality Engineer,quality engineer,matched,Quality Engineer 2,1
Quality Engineer,quality engineer,unmatched,Senior Software Quality Assurance Engineer - Manual,1
Quality Engineer,quality engineer,excluded_by_rule,Senior Software Engineer - AI Quality & Test Automation | Security - Python | Golang | Test Automation | AI/ML Testing | Performance Testing | Security Testing | LLM APIs | Agentic Workflows | LangCha,1
Quality Engineer,quality engineer,excluded_by_rule,Principal Software Quality Engineer,1
Quality Engineer,quality engineer,unmatched,Software Quality Assurance Engineer - Automation QA,1
Quality Engineer,quality engineer,excluded_by_rule,Software Quality Engineer II (V&V),1
Quality Engineer,quality engineer,excluded_by_rule,Intermediate Quality Engineer - UI Automation,1
Quality Engineer,quality engineer,unmatched,"Diploma Engineer Trainee, Quality",1
Quality Engineer,quality engineer,unmatched,Sr. Software Quality Automation Engineer,1
Quality Engineer,quality engineer,unmatched,Quality and Automation Engineer 2,1
Quality Engineer,quality engineer,matched,Quality Engineer Consultant,1
Quality Engineer,quality engineer,unmatched,Quality Assurance Engineer- Bigquery,1
Quality Engineer,quality engineer,unmatched,Engineer Automation Quality,1
Quality Engineer,quality engineer,unmatched,Quality Assurance Engineer(Hardware Manufacturing),1
Quality Engineer,quality engineer,unmatched,Engineer / Sr. Engineer - Supplier Quality,1
Quality Engineer,quality engineer,unmatched,Quality Assurance Automation Engineer - Playwright  AI,1
Quality Engineer,quality engineer,matched,Senior Quality Engineer II - 2026_1803,1
Quality Engineer,quality engineer,unmatched,Sr. Manager Quality Engineering,1
Quality Engineer,quality engineer,unmatched,Quality Control Engineer - K2,1
Quality Engineer,quality engineer,matched,In-process Quality engineer,1
Quality Engineer,quality engineer,unmatched,AI Engineer - Quality system,1
Quality Engineer,quality engineer,unmatched,"Sr Engineer, R&D Software Quality (Playwright Automation)",1
Quality Engineer,quality engineer,excluded_by_rule,Senior Quality Engineer(SDET),1
Quality Engineer,quality engineer,unmatched,Secondary Design Engineer - Power Quality Solutions,1
Quality Engineer,quality engineer,matched,Quality Engineer (Tester),1
Quality Engineer,quality engineer,matched,Quality Engineer - Telecom,1
Quality Engineer,quality engineer,excluded_by_rule,Automation Quality Engineer,1
Quality Engineer,quality engineer,unmatched,System Design Engineer- Power Quality,1
Quality Engineer,quality engineer,unmatched,Engineer II - Quality Assurance,1
Quality Engineer,quality engineer,matched,Quality Engineer Pulveriser,1
Quality Engineer,quality engineer,excluded_by_rule,Software Quality Engineer I (SDET),1
Quality Engineer,quality engineer,excluded_by_rule,Software Quality Engineer - Conversational AI / LLM Testing,1
Quality Engineer,quality engineer,matched,ORACLE ARGUS QUALITY ENGINEER,1
Quality Engineer,quality engineer,unmatched,"Hiring for Presales Solutioning Quality Engineering (QE), AI",1
Quality Engineer,quality engineer,unmatched,Product-Aligned Agentic Quality Engineering Lead (Automation & Agentic AI),1
Quality Engineer,quality engineer,unmatched,Engineer - Quality (Chennai),1
Quality Engineer,quality engineer,matched,Quality Engineer - Pune,1
Quality Engineer,quality engineer,excluded_by_rule,Senior Software Engineer (Quality) - Core Commerce Platform,1
Quality Engineer,quality engineer,excluded_by_rule,Senior Software Engineer (Quality) - Consumer Intelligence & Engagement,1
Quality Engineer,quality engineer,unmatched,Quality Analyst Engineer- HLS Domain Expert,1
Quality Engineer,quality engineer,matched,Quality Engineer - SAP,1
Quality Engineer,quality engineer,unmatched,Telecom Quality Assurance Engineer,1
Quality Engineer,quality engineer,unmatched,Quality Assurance Engineer Test Automation,1
Quality Engineer,quality engineer,excluded_by_rule,"Software Quality Engineer, Process and Task Mining",1
Quality Engineer,quality engineer,unmatched,"Technical Engineer( Production ,Quality -AAC Block, Panels)s",1
Quality Engineer,quality engineer,unmatched,Quality Control Engineer - Mech,1
Quality Engineer,quality engineer,excluded_by_rule,"Manager I - Senior Software Engineer, SAP Quality Management",1
Quality Engineer,quality engineer,unmatched,Lead Engineer (Quality) - CONSUMER EXPERIENCE ENGINEERING,1
Quality Engineer,quality engineer,matched,NPI / NPD Quality Engineer,1
Quality Engineer,quality engineer,excluded_by_rule,"API Testing, Playwright, AI Usage_Software Quality Engineer",1
Quality Engineer,quality engineer,excluded_by_rule,"API Testing, Playwright, AI Usage_Quality Engineer Analyst",1
Quality Engineer,quality engineer,matched,Quality Engineer - Process Equipment Division,1
Quality Engineer,quality engineer,unmatched,Engineer/Sr. Engineer-Quality,1
Quality Engineer,quality engineer,unmatched,Software Quality Principal Engineer,1
Quality Engineer,quality engineer,unmatched,"Lead Engineer, Software Quality Assurance (Network Operating System)",1
Quality Engineer,quality engineer,excluded_by_rule,Software Quality Engineer 5,1
Quality Engineer,quality engineer,unmatched,NVMQRA Solid State Drive (SSD) Quality and Reliability Engineer,1
Quality Engineer,quality engineer,unmatched,Lead Quality Assurance Engineer(2PM-12AM IST),1
Quality Engineer,quality engineer,matched,Lead Quality Engineer - R01568881,1
Quality Engineer,quality engineer,matched,AI Quality Engineer (Contract),1
Quality Engineer,quality engineer,unmatched,"Software Quality Assurance Engineer (Teradyne, India)",1
Quality Engineer,quality engineer,unmatched,Quality Engineering-Automation Lead,1
Quality Engineer,quality engineer,excluded_by_rule,Intermediate Quality Engineer-Automation Frontend,1
Quality Engineer,quality engineer,unmatched,Customer Quality(PWT) Engineer,1
Quality Engineer,quality engineer,unmatched,Senior Quality Assurance Engineer 1,1
Quality Engineer,quality engineer,matched,Automotive Quality Engineer,1
Quality Engineer,quality engineer,unmatched,Quality Assurance Engineer- Automation,1
Quality Engineer,quality engineer,unmatched,Quality Automation Engineer (SDET) - Intermediate,1
Quality Engineer,quality engineer,ambiguous_multi,Supplier Quality Engineer - Electrical,1
Quality Engineer,quality engineer,unmatched,"Junior Engineer II, Process quality",1
Quality Engineer,quality engineer,matched,Quality Engineer - Vadodara (Karjan),1
Quality Engineer,quality engineer,excluded_by_rule,Senior Software Engineer - Quality,1
Quality Engineer,quality engineer,excluded_by_rule,Quality Engineer (SAP Automation),1
Quality Engineer,quality engineer,unmatched,Quality Control Engineer (Transformers Testing),1
Quality Engineer,quality engineer,unmatched,AI Quality Automation Engineer - Assistant Vice President,1
Quality Engineer,quality engineer,unmatched,AI Quality engineering Lead,1
Quality Engineer,quality engineer,unmatched,Sr. Engineer - Testing & Quality Assurance P 4B,1
Quality Engineer,quality engineer,unmatched,Data Center Quality Assurance Engineer,1
Quality Engineer,quality engineer,unmatched,"Engineer, Quality Assurance Automation",1
Quality Engineer,quality engineer,matched,Customer Quality Engineer,1
Quality Engineer,quality engineer,unmatched,Engineer - Quality Analyst,1
Quality Engineer,quality engineer,unmatched,Quality Assurance- Engineer,1
Quality Engineer,quality engineer,unmatched,Quality Engineering Consultant AI and Software Testing,1
Quality Engineer,quality engineer,unmatched,Software Engineering and Quality Test Engineering,1
Quality Engineer,quality engineer,excluded_by_rule,"Senior Quality Engineer (Automation - Selenium, Playwright, Cypress)",1
Quality Engineer,quality engineer,matched,D&T Quality Engineer I,1
Quality Engineer,quality engineer,matched,Quality Engineer (II),1
Quality Engineer,quality engineer,excluded_by_rule,Staff Software Quality Engineer – Product Development,1
Quality Engineer,quality engineer,unmatched,Resident Engineer-Quality Control,1
Quality Engineer,quality engineer,matched,"Quality Engineer 1, Enterprise Systems (Foundation)",1
Quality Engineer,quality engineer,matched,Vendor Quality Engineer,1
Quality Engineer,quality engineer,unmatched,Quality Automation Engineer II,1
Quality Engineer,quality engineer,unmatched,"Engineering Manager, Workspace Search Quality",1
Quality Engineer,quality engineer,matched,"Quality Engineer 1, Enterprise Systems (Planning/Allocation)",1
Quality Engineer,quality engineer,matched,"Quality Engineer 1, Enterprise Systems (Pricing)",1
Quality Engineer,quality engineer,unmatched,Quality Assurance Engineering,1
Quality Engineer,quality engineer,matched,Supplier Quality Engineer India Support,1
Quality Engineer,quality engineer,unmatched,Supplier Quality Assurance Engineer - Independent After Market,1
Quality Engineer,quality engineer,unmatched,Quality Control Engineer - LED Lighting,1
Quality Engineer,quality engineer,unmatched,Quality Inspectors / Quality Engineers - (Male - Freshers/Exp),1
Quality Engineer,quality engineer,unmatched,Senior Product Quality Assurance Engineer,1
Quality Engineer,quality engineer,unmatched,Advisory Quality Assurance Engineer,1
Quality Engineer,quality engineer,unmatched,Manager - Data Quality Engineering,1
Quality Engineer,quality engineer,unmatched,AI Engineer - Quality,1
Quality Engineer,quality engineer,unmatched,Quality Assurance Engineer II,1
Quality Engineer,quality engineer,matched,Lead Quality Engineer - R01569777,1
Quality Engineer,quality engineer,unmatched,Quality Automation Engineer 2b,1
Quality Engineer,quality engineer,matched,"Supplier Quality Engineer: EME (Gears, Machining Components, Forgings & Transmissions)",1
Quality Engineer,quality engineer,matched,Supplier Quality Engineer: EME (Castings & Castings Machining),1
Quality Engineer,quality engineer,unmatched,Engineer - Quality Control - Site (Civil),1
Quality Engineer,quality engineer,matched,Intermediate Quality Engineer - Performance,1
Quality Engineer,quality engineer,matched,Intermediate Quality Engineer - French Tester,1
Quality Engineer,quality engineer,unmatched,"Senior Manager, Quality Engineering",1
Quality Engineer,quality engineer,unmatched,Senior Quality Control Engineer,1
Quality Engineer,quality engineer,unmatched,QA Lead / Quality Engineering Lead,1
Quality Engineer,quality engineer,matched,Quality Engineer Trainee,1
Quality Engineer,quality engineer,unmatched,"Sr. Engineer, Construction Quality- CSA",1
Quality Engineer,quality engineer,unmatched,"Sr. Engineer, Construction Quality- Electrical & ELV",1
Quality Engineer,quality engineer,unmatched,"Sr. Engineer, Construction Quality- Mechanical",1
Quality Engineer,quality engineer,unmatched,"Quality Assurance Engineer II, Amazon Search Relevance Measurement",1
Quality Engineer,quality engineer,matched,"Quality Engineer - Shahapur, Dist. - Thane",1
Quality Engineer,quality engineer,unmatched,Quality Assurance Engineer(Automation Testing),1
Quality Engineer,quality engineer,unmatched,Supplier Quality Assurance Engineer,1
Quality Engineer,quality engineer,matched,Hiring for Quality Engineer,1
Quality Engineer,quality engineer,unmatched,Engineer- Quality II IND,1
Quality Engineer,quality engineer,matched,Quality Engineer_Boiler Structures_Adani Pirpainti Site,1
Quality Engineer,quality engineer,matched,Quality Engineer - Odisha,1
Quality Engineer,quality engineer,unmatched,On Job Monitoring - Quality Assurance Engineer M/F,1
Quality Engineer,quality engineer,matched,Senior Hardware Quality Engineer,1
Quality Engineer,quality engineer,matched,JUNIOR QUALITY ENGINEER,1
Quality Engineer,quality engineer,unmatched,AI Engineer - Test & Quality Enablement,1
Quality Engineer,quality engineer,matched,Quality engineer,1
Quality Engineer,quality engineer,unmatched,Senior Software Quality Assurance (SQA) Engineer,1
Quality Engineer,quality engineer,unmatched,Global Quality Front-End Central Quality Assurance Engineer/Sr Engineer – (GQ FECTQA MOI),1
Quality Engineer,quality engineer,unmatched,Lead Quality Assurance Engineer (Automation),1
Quality Engineer,quality engineer,unmatched,Quality Engineers - Manjusar GIDC (Vadodara),1
Quality Engineer,quality engineer,matched,"Sr Analyst, Quality Engineer - India",1
Quality Engineer,quality engineer,excluded_by_rule,Senior Software Quality Engineer - Automation Playwright / Selenium,1
Quality Engineer,quality engineer,ambiguous_multi,In-Process Quality Engineer (Mechanical),1
Quality Engineer,quality engineer,matched,Senior Sofware Quality Engineer Chennai,1
Quality Engineer,quality engineer,excluded_by_rule,Returnship opportunity - Software Quality Engineer,1
Quality Engineer,quality engineer,matched,Cloud Quality Engineer,1
Quality Engineer,quality engineer,excluded_by_rule,Senior Software Quality Engineer- Karate / Rest Assured,1
Quality Engineer,quality engineer,matched,Executive / Sr. Executive - APU Quality Engineer,1
Quality Engineer,quality engineer,ambiguous_multi,Incoming Quality Engineer (Electrical),1
Quality Engineer,quality engineer,excluded_by_rule,Intermediate Software Quality Engineer -Mainframe,1
Quality Engineer,quality engineer,unmatched,Senior Quality Engineering Specialist - AI,1
Quality Engineer,quality engineer,matched,Quality Engineer - QAQC,1
Quality Engineer,quality engineer,unmatched,Nuclear Quality Planning Engineer – Senior,1
Quality Engineer,quality engineer,matched,IT Quality Engineer - Swing Shift,1
Quality Engineer,quality engineer,unmatched,"Quality Assurance Engineer (Automation, Manual and Mobile testing)",1
Quality Engineer,quality engineer,unmatched,Engineer - Quality Assurance,1
Quality Engineer,quality engineer,matched,Quality Engineer - DB/ETL,1
Quality Engineer,quality engineer,excluded_by_rule,Quality Engineer - DB/ETL/API,1
Quality Engineer,quality engineer,excluded_by_rule,Associate Software/ Quality Engineer,1
Quality Engineer,quality engineer,unmatched,Quality Engineering Consultant,1
Quality Engineer,quality engineer,unmatched,Engineer - Production Quality,1
Quality Engineer,quality engineer,unmatched,AM / DM - Customer Quality (Resident Engineer),1
Quality Engineer,quality engineer,mapped:Architect (contamination audit),Quality Engineering ( QE ) Architect,1
Quality Engineer,quality engineer,unmatched,"Senior Engineer, IT Quality Assurance",1
Quality Engineer,quality engineer,mapped:Electrical Engineer,Quality Electrical Engineer - Solar,1
Quality Engineer,quality engineer,unmatched,MAS-Quality Engineering-Supervisor,1
Quality Engineer,quality engineer,unmatched,"Lead Engineer, Quality Assurance",1
Quality Engineer,quality engineer,unmatched,Quality Jr. Engineer,1
Quality Engineer,quality engineer,unmatched,Quality Control Engineer - Site,1
Quality Engineer,quality engineer,matched,R&D SW Quality Engineer,1
Quality Engineer,quality engineer,unmatched,Intern Quality Engineering Bengaluru,1
Quality Engineer,quality engineer,matched,Quality Engineer - Nerul,1
Quality Engineer,quality engineer,matched,Manufacturing Process Quality Engineer,1
Quality Engineer,quality engineer,matched,Incoming Quality Engineer,1
Quality Engineer,quality engineer,unmatched,MAS-Quality Engineering-Senior Associate,1
Quality Engineer,quality engineer,matched,Civil Quality Engineer,1
Quality Engineer,quality engineer,excluded_by_rule,Sr Software Quality Engineer (V&V),1
Quality Engineer,quality engineer,unmatched,Engineering Quality Specialist,1
Quality Engineer,quality assurance engineer,unmatched,Quality Assurance Engineer,17
Quality Engineer,quality assurance engineer,unmatched,Senior Quality Assurance Engineer,17
Quality Engineer,quality assurance engineer,unmatched,Quality Assurance Automation Engineer,13
Quality Engineer,quality assurance engineer,unmatched,Quality Assurance Engineering Specialist,6
Quality Engineer,quality assurance engineer,unmatched,Senior Quality Assurance Automation Engineer,6
Quality Engineer,quality assurance engineer,unmatched,Quality Assurance Engineer III,6
Quality Engineer,quality assurance engineer,unmatched,Software Quality Assurance Engineer,6
Quality Engineer,quality assurance engineer,unmatched,"Quality Assurance Engineer 1, QRE",6
Quality Engineer,quality assurance engineer,unmatched,Quality Assurance Engineer Specialist,4
Quality Engineer,quality assurance engineer,unmatched,Quality Assurance Engineer - Test Automation,4
Quality Engineer,quality assurance engineer,unmatched,"Sr. Software Quality Assurance Engineer - Audio, Edge Technology",3
Quality Engineer,quality assurance engineer,unmatched,"Quality Assurance Engineer, Amazon Search Relevance Measurement",3
Quality Engineer,quality assurance engineer,unmatched,"Quality Assurance Engineer, Alexa Connect Kit, Alexa Smart Home",3
Quality Engineer,quality assurance engineer,unmatched,Software Quality Assurance Engineer - Manual QA,2
Quality Engineer,quality assurance engineer,unmatched,"Senior Quality Assurance Engineer, Digital Products",2
Quality Engineer,quality assurance engineer,unmatched,"Quality Assurance Engineer, Prime Video Sports",2
Quality Engineer,quality assurance engineer,unmatched,Senior Software Quality Assurance Engineer - Manual QA,2
Quality Engineer,quality assurance engineer,unmatched,Quality Assurance Engineer / Tester (Analyst / Senior Analyst / Associate),2
Quality Engineer,quality assurance engineer,unmatched,"Quality Assurance Engineer , Associate",2
Quality Engineer,quality assurance engineer,unmatched,"Quality Assurance Engineer I, Amazon Payment Services",2
Quality Engineer,quality assurance engineer,unmatched,Lead Quality Assurance Engineer,2
Quality Engineer,quality assurance engineer,unmatched,Quality Assurance Engineer M/F,2
Quality Engineer,quality assurance engineer,unmatched,Sr. Engineer - Testing & Quality Assurance N 4B,2
Quality Engineer,quality assurance engineer,unmatched,ITP Engineer-Quality Assurance,2
Quality Engineer,quality assurance engineer,unmatched,Quality Assurance (QA) Engineer,2
Quality Engineer,quality assurance engineer,unmatched,Senior Quality Assurance Engineer - Playwright & WebdriverIO,2
Quality Engineer,quality assurance engineer,unmatched,"Quality Assurance Engineer, Digital Products",1
Quality Engineer,quality assurance engineer,unmatched,Quality Assurance Engineer- Automation Testing,1
Quality Engineer,quality assurance engineer,unmatched,Sr Engineer - Quality Assurance,1
Quality Engineer,quality assurance engineer,unmatched,Global Quality FrontEnd Central Quality Assurance Engineer,1
Quality Engineer,quality assurance engineer,unmatched,Reflections Info Systems - Quality Assurance Automation Engineer - AI/ML Testing,1
Quality Engineer,quality assurance engineer,unmatched,Senior Associate - Quality Assurance Engineer - Cypress,1
Quality Engineer,quality assurance engineer,unmatched,InfoBeans Technologies - ETL Quality Assurance Engineer - Databricks/Python,1
Quality Engineer,quality assurance engineer,unmatched,"Engineer 2, Quality Assurance",1
Quality Engineer,quality assurance engineer,unmatched,"Founding member, Quality Assurance Engineer",1
Quality Engineer,quality assurance engineer,unmatched,Quality Assurance Engineer-1,1
Quality Engineer,quality assurance engineer,unmatched,Associate Quality Assurance Engineer - Intern,1
Quality Engineer,quality assurance engineer,unmatched,Quality Assurance Engineering Manager,1
Quality Engineer,quality assurance engineer,unmatched,Staff Quality Assurance Engineer,1
Quality Engineer,quality assurance engineer,unmatched,Quality Assurance & UAT Engineer – Dialer,1
Quality Engineer,quality assurance engineer,unmatched,Senior Technical Quality Assurance Engineer,1
Quality Engineer,quality assurance engineer,unmatched,Lead Technical Quality Assurance Engineer,1
Quality Engineer,quality assurance engineer,unmatched,Quality Assurance Test Engineer,1
Quality Engineer,quality assurance engineer,unmatched,Quality Assurance Engineer - Design Quality,1
Quality Engineer,quality assurance engineer,unmatched,Software Quality Assurance / Testing Engineer: ServiceNow,1
Quality Engineer,quality assurance engineer,unmatched,Senior Software Quality Assurance Engineer - Manual,1
Quality Engineer,quality assurance engineer,unmatched,Software Quality Assurance Engineer - Automation QA,1
Quality Engineer,quality assurance engineer,unmatched,Quality Assurance Engineer- Bigquery,1
Quality Engineer,quality assurance engineer,unmatched,Quality Assurance Engineer(Hardware Manufacturing),1
Quality Engineer,quality assurance engineer,unmatched,Quality Assurance Automation Engineer - Playwright  AI,1
Quality Engineer,quality assurance engineer,unmatched,Engineer II - Quality Assurance,1
Quality Engineer,quality assurance engineer,unmatched,Telecom Quality Assurance Engineer,1
Quality Engineer,quality assurance engineer,unmatched,Quality Assurance Engineer Test Automation,1
Quality Engineer,quality assurance engineer,unmatched,"Lead Engineer, Software Quality Assurance (Network Operating System)",1
Quality Engineer,quality assurance engineer,unmatched,Lead Quality Assurance Engineer(2PM-12AM IST),1
Quality Engineer,quality assurance engineer,unmatched,"Software Quality Assurance Engineer (Teradyne, India)",1
Quality Engineer,quality assurance engineer,unmatched,Senior Quality Assurance Engineer 1,1
Quality Engineer,quality assurance engineer,unmatched,Quality Assurance Engineer- Automation,1
Quality Engineer,quality assurance engineer,unmatched,Sr. Engineer - Testing & Quality Assurance P 4B,1
Quality Engineer,quality assurance engineer,unmatched,Data Center Quality Assurance Engineer,1
Quality Engineer,quality assurance engineer,unmatched,"Engineer, Quality Assurance Automation",1
Quality Engineer,quality assurance engineer,unmatched,Quality Assurance- Engineer,1
Quality Engineer,quality assurance engineer,unmatched,Quality Assurance Engineering,1
Quality Engineer,quality assurance engineer,unmatched,Supplier Quality Assurance Engineer - Independent After Market,1
Quality Engineer,quality assurance engineer,unmatched,Senior Product Quality Assurance Engineer,1
Quality Engineer,quality assurance engineer,unmatched,Advisory Quality Assurance Engineer,1
Quality Engineer,quality assurance engineer,unmatched,Quality Assurance Engineer II,1
Quality Engineer,quality assurance engineer,unmatched,"Quality Assurance Engineer II, Amazon Search Relevance Measurement",1
Quality Engineer,quality assurance engineer,unmatched,Quality Assurance Engineer(Automation Testing),1
Quality Engineer,quality assurance engineer,unmatched,Supplier Quality Assurance Engineer,1
Quality Engineer,quality assurance engineer,unmatched,On Job Monitoring - Quality Assurance Engineer M/F,1
Quality Engineer,quality assurance engineer,unmatched,Senior Software Quality Assurance (SQA) Engineer,1
Quality Engineer,quality assurance engineer,unmatched,Global Quality Front-End Central Quality Assurance Engineer/Sr Engineer – (GQ FECTQA MOI),1
Quality Engineer,quality assurance engineer,unmatched,Lead Quality Assurance Engineer (Automation),1
Quality Engineer,quality assurance engineer,excluded_by_rule,Senior Software Quality Engineer- Karate / Rest Assured,1
Quality Engineer,quality assurance engineer,unmatched,"Quality Assurance Engineer (Automation, Manual and Mobile testing)",1
Quality Engineer,quality assurance engineer,unmatched,Engineer - Quality Assurance,1
Quality Engineer,quality assurance engineer,unmatched,"Senior Engineer, IT Quality Assurance",1
Quality Engineer,quality assurance engineer,unmatched,"Lead Engineer, Quality Assurance",1
Quality Engineer,quality assurance engineer,unmatched,Senior Quality & Reliability Assurance Engineer,1
Quality Engineer,quality assurance engineer,unmatched,Principal Quality Assurance Engineer,1
Quality Engineer,quality assurance engineer,unmatched,Senior AI-Powered Quality Assurance Engineer,1
Quality Engineer,quality assurance engineer,unmatched,Software Quality Assurance Engineer IV,1
Quality Engineer,quality assurance engineer,unmatched,Jr.Engineer Quality Assurance,1
