job_id,title,company_name,target_role,adzuna_category,seniority_level,seniority_order,standardized_city,standardized_state,country,location_raw,is_remote,contract_time,contract_type,posting_datetime,posting_date,posting_year,posting_month,posting_day,posting_day_of_week,salary_raw_min,salary_raw_max,salary_reported_avg,salary_reported_lpa,is_salary_missing,salary_imputed,salary_imputed_lpa,salary_is_imputed,latitude,longitude,redirect_url
5871227803,Software Engineer,ABB,Software Engineer,IT Jobs,Mid-Level,2,Bengaluru,Karnataka,India,"Bangalore, Karnataka",0,full_time,unspecified,2026-09-05 06:18:56,2026-09-05,2026,9,5,Saturday,,,,,1,1000000.0,10.0,1,12.95703,77.59837,https://www.adzuna.in/land/ad/5871227803?se=YFl8R7C78RGh8MIOntL-mw&utm_medium=api&utm_source=f46203c2&v=FDA167DAAE872AD631AFB63CBB5DA6AB3CAA2D80
5897683093,Software Engineer,Kyndryl,Software Engineer,IT Jobs,Mid-Level,2,Unspecified / Pan-India,Unspecified,India,India,0,full_time,unspecified,2026-09-25 06:38:20,2026-09-25,2026,9,25,Friday,,,,,1,1000000.0,10.0,1,,,https://www.adzuna.in/land/ad/5897683093?se=YFl8R7C78RGh8MIOntL-mw&utm_medium=api&utm_source=f46203c2&v=70251153B2A1B3E56007B86BBA469C98B1F9A9E8
5890717561,Software Engineer,Kyndryl,Software Engineer,Engineering Jobs,Mid-Level,2,Unspecified / Pan-India,Unspecified,India,India,0,full_time,unspecified,2026-09-19 20:33:31,2026-09-19,2026,9,19,Saturday,,,,,1,1000000.0,10.0,1,,,https://www.adzuna.in/land/ad/5890717561?se=YFl8R7C78RGh8MIOntL-mw&utm_medium=api&utm_source=f46203c2&v=8E3A0784E989D09D61113A917386790EC7C8EAB1
5846723066,Software Engineer,Morningstar,Software Engineer,IT Jobs,Mid-Level,2,Mumbai,Maharashtra,India,"Mumbai, Maharashtra",0,full_time,unspecified,2026-08-18 18:03:33,2026-08-18,2026,8,18,Tuesday,,,,,1,1000000.0,10.0,1,19.00821,72.84415,https://www.adzuna.in/land/ad/5846723066?se=YFl8R7C78RGh8MIOntL-mw&utm_medium=api&utm_source=f46203c2&v=8B6833BC7D3C826D7B13B446AC080A4708B285EE
5893930080,System Software Engineer,Evolving Systems,Software Engineer,IT Jobs,Mid-Level,2,Remote,Remote,India,India,1,unspecified,unspecified,2026-09-22 17:39:24,2026-09-22,2026,9,22,Tuesday,,,,,1,1000000.0,10.0,1,,,https://www.adzuna.in/land/ad/5893930080?se=YFl8R7C78RGh8MIOntL-mw&utm_medium=api&utm_source=f46203c2&v=67AE637022CED61439EA8A2AA42B400B92D21B12
5891204283,Principal Software Engineer,ABB,Software Engineer,IT Jobs,Lead / Architect,5,Bengaluru,Karnataka,India,"Bangalore, Karnataka",0,full_time,unspecified,2026-09-20 06:34:37,2026-09-20,2026,9,20,Sunday,,,,,1,1000000.0,10.0,1,12.95703,77.59837,https://www.adzuna.in/land/ad/5891204283?se=YFl8R7C78RGh8MIOntL-mw&utm_medium=api&utm_source=f46203c2&v=E8B48BE0356322590B3D92E19C9A1FC159BB7D34
5888967518,Storage Software Engineer,eBay,Software Engineer,IT Jobs,Mid-Level,2,Bengaluru,Karnataka,India,"Bangalore, Karnataka",0,full_time,unspecified,2026-09-18 14:35:28,2026-09-18,2026,9,18,Friday,,,,,1,1000000.0,10.0,1,,,https://www.adzuna.in/land/ad/5888967518?se=YFl8R7C78RGh8MIOntL-mw&utm_medium=api&utm_source=f46203c2&v=0CC2861177A69BBD58414B183824109696DE5AFD
5888968480,Storage Software Engineer,eBay,Software Engineer,IT Jobs,Mid-Level,2,Bengaluru,Karnataka,India,"Bangalore, Karnataka",0,full_time,unspecified,2026-09-18 14:36:05,2026-09-18,2026,9,18,Friday,,,,,1,1000000.0,10.0,1,,,https://www.adzuna.in/land/ad/5888968480?se=YFl8R7C78RGh8MIOntL-mw&utm_medium=api&utm_source=f46203c2&v=AD8EFEB1E017D6757299919FE0239DE44E47F74C
5875904795,Senior Software Engineer,ABB,Software Engineer,Engineering Jobs,Senior,3,Bengaluru,Karnataka,India,"Bangalore, Karnataka",0,full_time,unspecified,2026-09-09 00:19:14,2026-09-09,2026,9,9,Wednesday,,,,,1,1050000.0,10.5,1,12.95703,77.59837,https://www.adzuna.in/land/ad/5875904795?se=YFl8R7C78RGh8MIOntL-mw&utm_medium=api&utm_source=f46203c2&v=71A24A123AF899136ADDD4267FDFFE1D604A7B9A
5846723024,Senior Software Engineer,Moody's,Software Engineer,IT Jobs,Senior,3,Bengaluru,Karnataka,India,"Bangalore, Karnataka",0,full_time,unspecified,2026-08-18 18:03:32,2026-08-18,2026,8,18,Tuesday,,,,,1,1050000.0,10.5,1,,,https://www.adzuna.in/land/ad/5846723024?se=YFl8R7C78RGh8MIOntL-mw&utm_medium=api&utm_source=f46203c2&v=A3297652C3014CD8CD370462872C6A9BB2372E25
5888300208,Software Engineer – MES,ABB,Software Engineer,Engineering Jobs,Mid-Level,2,Bengaluru,Karnataka,India,"Bangalore, Karnataka",0,full_time,unspecified,2026-09-18 04:29:39,2026-09-18,2026,9,18,Friday,,,,,1,1000000.0,10.0,1,12.95703,77.59837,https://www.adzuna.in/land/ad/5888300208?se=YFl8R7C78RGh8MIOntL-mw&utm_medium=api&utm_source=f46203c2&v=5C8657A3D99211FF6802B4D5E9FCFC1DF44D7A5A
5898535241,Software Engineer in Test,EliteRecruitments,Software Engineer,IT Jobs,Mid-Level,2,Unspecified / Pan-India,Unspecified,India,India,0,unspecified,unspecified,2026-09-25 22:04:06,2026-09-25,2026,9,25,Friday,,,,,1,1000000.0,10.0,1,,,https://www.adzuna.in/land/ad/5898535241?se=YFl8R7C78RGh8MIOntL-mw&utm_medium=api&utm_source=f46203c2&v=C68424F1216F19AEAB4BF274E34DD2AFFE3F22B3
5888968015,Senior Software Engineer,Danaher,Software Engineer,IT Jobs,Senior,3,Bengaluru,Karnataka,India,"Bangalore, Karnataka",0,full_time,unspecified,2026-09-18 14:35:48,2026-09-18,2026,9,18,Friday,,,,,1,1050000.0,10.5,1,12.95703,77.59837,https://www.adzuna.in/land/ad/5888968015?se=YFl8R7C78RGh8MIOntL-mw&utm_medium=api&utm_source=f46203c2&v=11051D186B9A1C719126319DE56D1E653FE3217D
5888968649,Senior Software Engineer,Danaher,Software Engineer,IT Jobs,Senior,3,Bengaluru,Karnataka,India,"Bangalore, Karnataka",0,full_time,unspecified,2026-09-18 14:36:21,2026-09-18,2026,9,18,Friday,,,,,1,1050000.0,10.5,1,12.95703,77.59837,https://www.adzuna.in/land/ad/5888968649?se=YFl8R7C78RGh8MIOntL-mw&utm_medium=api&utm_source=f46203c2&v=119182934ECD2F92F39A42F7FF5581FCE3475192
5857982590,Senior Software Engineer,Danaher,Software Engineer,IT Jobs,Senior,3,Bengaluru,Karnataka,India,"Bangalore, Karnataka",0,full_time,unspecified,2026-08-27 12:12:36,2026-08-27,2026,8,27,Thursday,,,,,1,1050000.0,10.5,1,12.95703,77.59837,https://www.adzuna.in/land/ad/5857982590?se=YFl8R7C78RGh8MIOntL-mw&utm_medium=api&utm_source=f46203c2&v=0469BF60B89E735438CC0097D8EA9C83F0C5952C
5886486675,Principal Software Engineer,Moody's,Software Engineer,IT Jobs,Lead / Architect,5,Noida,Uttar Pradesh,India,"Noida, Gautam Buddha Nagar",0,full_time,unspecified,2026-09-16 22:34:56,2026-09-16,2026,9,16,Wednesday,,,,,1,1000000.0,10.0,1,,,https://www.adzuna.in/land/ad/5886486675?se=YFl8R7C78RGh8MIOntL-mw&utm_medium=api&utm_source=f46203c2&v=4AEAE36E8AD3558637EB6AFE630E36B4DA5FD7F9
5898263714,Software Engineer III,RX Global,Software Engineer,IT Jobs,Senior,3,Chennai,Tamil Nadu,India,"Chennai, Tamil Nadu",0,full_time,permanent,2026-09-25 16:35:07,2026-09-25,2026,9,25,Friday,,,,,1,1050000.0,10.5,1,13.06041,80.24963,https://www.adzuna.in/land/ad/5898263714?se=YFl8R7C78RGh8MIOntL-mw&utm_medium=api&utm_source=f46203c2&v=238267955F0B5922553DFE9AFA73678364BE1473
5890717585,Senior Software Engineer,Moody's,Software Engineer,IT Jobs,Senior,3,Noida,Uttar Pradesh,India,"Noida, Gautam Buddha Nagar",0,full_time,unspecified,2026-09-19 20:33:31,2026-09-19,2026,9,19,Saturday,,,,,1,1050000.0,10.5,1,,,https://www.adzuna.in/land/ad/5890717585?se=YFl8R7C78RGh8MIOntL-mw&utm_medium=api&utm_source=f46203c2&v=0CF01E3A3B88C3D86F9B38884DC8589CFA479FFA
5891204336,Software Engineer II,Elsevier,Software Engineer,IT Jobs,Mid-Level,2,Chennai,Tamil Nadu,India,"Chennai, Tamil Nadu",0,full_time,unspecified,2026-09-20 06:34:55,2026-09-20,2026,9,20,Sunday,,,,,1,1000000.0,10.0,1,13.06041,80.24963,https://www.adzuna.in/land/ad/5891204336?se=YFl8R7C78RGh8MIOntL-mw&utm_medium=api&utm_source=f46203c2&v=7C22BDAF8FE2784627DA593AD597ECA79586B82E
5846723657,Lead Software Engineer,Morningstar,Software Engineer,IT Jobs,Lead / Architect,5,Mumbai,Maharashtra,India,"Mumbai, Maharashtra",0,full_time,unspecified,2026-08-18 18:03:43,2026-08-18,2026,8,18,Tuesday,,,,,1,1000000.0,10.0,1,19.00821,72.84415,https://www.adzuna.in/land/ad/5846723657?se=YFl8R7C78RGh8MIOntL-mw&utm_medium=api&utm_source=f46203c2&v=4EDC11ADF4A0B0127EA0F9CBE9B78964754A3372
5900638720,"Manager, Software Engineering",Thermo Fisher Scientific,Software Engineer,IT Jobs,Manager,4,Bengaluru,Karnataka,India,"Bangalore, Karnataka",0,full_time,unspecified,2026-09-27 18:34:10,2026-09-27,2026,9,27,Sunday,,,,,1,1000000.0,10.0,1,12.95703,77.59837,https://www.adzuna.in/land/ad/5900638720?se=YFl8R7C78RGh8MIOntL-mw&utm_medium=api&utm_source=f46203c2&v=1B414EEE5EC91B777681EE03443DDE69E74AE19D
5846723122,Senior Software Engineer,Morningstar,Software Engineer,IT Jobs,Senior,3,Mumbai,Maharashtra,India,"Mumbai, Maharashtra",0,full_time,unspecified,2026-08-18 18:03:33,2026-08-18,2026,8,18,Tuesday,,,,,1,1050000.0,10.5,1,19.00821,72.84415,https://www.adzuna.in/land/ad/5846723122?se=YFl8R7C78RGh8MIOntL-mw&utm_medium=api&utm_source=f46203c2&v=D433CBC53861F80A6F3BD7A905ACC945A8D6BCBE
5858538829,Software Engineering Lead,RX Global,Software Engineer,IT Jobs,Lead / Architect,5,Chennai,Tamil Nadu,India,"Chennai, Tamil Nadu",0,full_time,unspecified,2026-08-27 22:17:05,2026-08-27,2026,8,27,Thursday,,,,,1,1000000.0,10.0,1,13.06041,80.24963,https://www.adzuna.in/land/ad/5858538829?se=YFl8R7C78RGh8MIOntL-mw&utm_medium=api&utm_source=f46203c2&v=4ADD681E98A40E1C3982A68D6A63A95EE9A6AF9B
5890717574,Hadoop Software Engineer,eBay,Software Engineer,IT Jobs,Mid-Level,2,Bengaluru,Karnataka,India,"Bangalore, Karnataka",0,full_time,unspecified,2026-09-19 20:33:31,2026-09-19,2026,9,19,Saturday,,,,,1,1000000.0,10.0,1,,,https://www.adzuna.in/land/ad/5890717574?se=YFl8R7C78RGh8MIOntL-mw&utm_medium=api&utm_source=f46203c2&v=2F752EA25FA448CB9737C30E0385AF64DCA20ADB
5846723137,Staff Software Engineer,Moody's,Software Engineer,IT Jobs,Lead / Architect,5,Noida,Uttar Pradesh,India,"Noida, Gautam Buddha Nagar",0,full_time,unspecified,2026-08-18 18:03:33,2026-08-18,2026,8,18,Tuesday,,,,,1,1000000.0,10.0,1,,,https://www.adzuna.in/land/ad/5846723137?se=YFl8R7C78RGh8MIOntL-mw&utm_medium=api&utm_source=f46203c2&v=102BE019FD379589711AEEC7A5EA0DB351FCD991
5847434885,Staff Software Engineer,Moody's,Software Engineer,IT Jobs,Lead / Architect,5,Noida,Uttar Pradesh,India,"Noida, Gautam Buddha Nagar",0,full_time,unspecified,2026-08-19 04:12:27,2026-08-19,2026,8,19,Wednesday,,,,,1,1000000.0,10.0,1,,,https://www.adzuna.in/land/ad/5847434885?se=YFl8R7C78RGh8MIOntL-mw&utm_medium=api&utm_source=f46203c2&v=5372EC8D1AFE30989CA0894AAD8C0A08CC4AEE24
5846723079,Senior Software Engineer,Morningstar,Software Engineer,IT Jobs,Senior,3,Mumbai,Maharashtra,India,"Mumbai, Maharashtra",0,full_time,unspecified,2026-08-18 18:03:33,2026-08-18,2026,8,18,Tuesday,,,,,1,1050000.0,10.5,1,19.00821,72.84415,https://www.adzuna.in/land/ad/5846723079?se=YFl8R7C78RGh8MIOntL-mw&utm_medium=api&utm_source=f46203c2&v=344D930D6DCE0A591E1DE63A3B1250CC58F4E49B
5837139229,Software Engineering - Development,Kyndryl,Software Engineer,IT Jobs,Mid-Level,2,Unspecified / Pan-India,Unspecified,India,India,0,full_time,unspecified,2026-08-12 01:59:31,2026-08-12,2026,8,12,Wednesday,,,,,1,1000000.0,10.0,1,,,https://www.adzuna.in/land/ad/5837139229?se=YFl8R7C78RGh8MIOntL-mw&utm_medium=api&utm_source=f46203c2&v=3915E91942784F68F34D7CC5B46A11460B889762
5846723120,Lead Software Engineer,Morningstar,Software Engineer,IT Jobs,Lead / Architect,5,Mumbai,Maharashtra,India,"Mumbai, Maharashtra",0,full_time,unspecified,2026-08-18 18:03:33,2026-08-18,2026,8,18,Tuesday,,,,,1,1000000.0,10.0,1,19.00821,72.84415,https://www.adzuna.in/land/ad/5846723120?se=YFl8R7C78RGh8MIOntL-mw&utm_medium=api&utm_source=f46203c2&v=D8D317CFC6703855DDE59C765FEA3B52935D5A1F
5886486623,Sr. Software Engineer,Thermo Fisher Scientific,Software Engineer,IT Jobs,Senior,3,Bengaluru,Karnataka,India,"Bangalore, Karnataka",0,full_time,unspecified,2026-09-16 22:34:55,2026-09-16,2026,9,16,Wednesday,,,,,1,1050000.0,10.5,1,12.95703,77.59837,https://www.adzuna.in/land/ad/5886486623?se=YFl8R7C78RGh8MIOntL-mw&utm_medium=api&utm_source=f46203c2&v=9B8D2949E4595D4A2D05CE1E06DFDB0B8515BC0F
5887706951,Senior Software Engineer,Morningstar,Software Engineer,IT Jobs,Senior,3,Mumbai,Maharashtra,India,"Mumbai, Maharashtra",0,full_time,unspecified,2026-09-17 18:26:15,2026-09-17,2026,9,17,Thursday,,,,,1,1050000.0,10.5,1,19.00821,72.84415,https://www.adzuna.in/land/ad/5887706951?se=YFl8R7C78RGh8MIOntL-mw&utm_medium=api&utm_source=f46203c2&v=A2532D8261BD0D2355940B2E351FDD0E36E139AA
5896964091,"Lead, Software Engineering",S&P Global,Software Engineer,IT Jobs,Lead / Architect,5,Noida,Uttar Pradesh,India,"Noida, Ghaziabad",0,full_time,unspecified,2026-09-24 20:32:21,2026-09-24,2026,9,24,Thursday,,,,,1,1000000.0,10.0,1,28.56579,77.3225,https://www.adzuna.in/land/ad/5896964091?se=YFl8R7C78RGh8MIOntL-mw&utm_medium=api&utm_source=f46203c2&v=5F51BB82E6CFE23DDB6E2AED30FDC9F5F05A6B55
5879392144,Senior Software Engineer,Cornerstone OnDemand,Software Engineer,IT Jobs,Senior,3,Hyderabad,Telangana,India,"Hyderabad, Telangana",0,full_time,unspecified,2026-09-11 12:21:37,2026-09-11,2026,9,11,Friday,,,,,1,1050000.0,10.5,1,17.40275,78.50806,https://www.adzuna.in/land/ad/5879392144?se=YFl8R7C78RGh8MIOntL-mw&utm_medium=api&utm_source=f46203c2&v=F48565261B9C2D4D229D1D7D93A19CC595CB1333
5846723388,Staff Software Engineer,Moody's,Software Engineer,IT Jobs,Lead / Architect,5,Bengaluru,Karnataka,India,"Bangalore, Karnataka",0,full_time,unspecified,2026-08-18 18:03:38,2026-08-18,2026,8,18,Tuesday,,,,,1,1000000.0,10.0,1,,,https://www.adzuna.in/land/ad/5846723388?se=YFl8R7C78RGh8MIOntL-mw&utm_medium=api&utm_source=f46203c2&v=43BAAB4C2B9B91025B2C4E2EF1039AF52FAE195C
5846723078,Staff Software Engineer,Moody's,Software Engineer,IT Jobs,Lead / Architect,5,Bengaluru,Karnataka,India,"Bangalore, Karnataka",0,full_time,unspecified,2026-08-18 18:03:33,2026-08-18,2026,8,18,Tuesday,,,,,1,1000000.0,10.0,1,,,https://www.adzuna.in/land/ad/5846723078?se=YFl8R7C78RGh8MIOntL-mw&utm_medium=api&utm_source=f46203c2&v=E4A1A73C5F666ACB84BAE4E1985959AA9FF61296
5846723030,Staff Software Engineer,Moody's,Software Engineer,IT Jobs,Lead / Architect,5,Bengaluru,Karnataka,India,"Bangalore, Karnataka",0,full_time,unspecified,2026-08-18 18:03:32,2026-08-18,2026,8,18,Tuesday,,,,,1,1000000.0,10.0,1,,,https://www.adzuna.in/land/ad/5846723030?se=YFl8R7C78RGh8MIOntL-mw&utm_medium=api&utm_source=f46203c2&v=A12DF7C02E8D43AB5777E0856BEFF63ACAB7EB16
5837139560,Principal Software Engineer,Warner Bros. Discovery,Software Engineer,IT Jobs,Lead / Architect,5,Bengaluru,Karnataka,India,"Bangalore, Karnataka",0,full_time,unspecified,2026-08-12 01:59:38,2026-08-12,2026,8,12,Wednesday,,,,,1,1000000.0,10.0,1,12.95703,77.59837,https://www.adzuna.in/land/ad/5837139560?se=YFl8R7C78RGh8MIOntL-mw&utm_medium=api&utm_source=f46203c2&v=EBB55035A79BA2127E934C86759FC4C6036987E2
5846723080,Staff Software Engineer,Moody's,Software Engineer,IT Jobs,Lead / Architect,5,Bengaluru,Karnataka,India,"Bangalore, Karnataka",0,full_time,unspecified,2026-08-18 18:03:33,2026-08-18,2026,8,18,Tuesday,,,,,1,1000000.0,10.0,1,,,https://www.adzuna.in/land/ad/5846723080?se=YFl8R7C78RGh8MIOntL-mw&utm_medium=api&utm_source=f46203c2&v=BDD9C2926EC9D90B80A0CDAE02AC3B622B32FC99
5849297058,Senior Software Engineer,Kyndryl,Software Engineer,IT Jobs,Senior,3,Bengaluru,Karnataka,India,"Bangalore, Karnataka",0,full_time,unspecified,2026-08-20 10:04:46,2026-08-20,2026,8,20,Thursday,,,,,1,1050000.0,10.5,1,12.95703,77.59837,https://www.adzuna.in/land/ad/5849297058?se=YFl8R7C78RGh8MIOntL-mw&utm_medium=api&utm_source=f46203c2&v=9E93F01F48314A284AA86E54D455F971551B5709
5846723228,Senior Software Engineer,Moody's,Software Engineer,IT Jobs,Senior,3,Bengaluru,Karnataka,India,"Bangalore, Karnataka",0,full_time,unspecified,2026-08-18 18:03:36,2026-08-18,2026,8,18,Tuesday,,,,,1,1050000.0,10.5,1,,,https://www.adzuna.in/land/ad/5846723228?se=YFl8R7C78RGh8MIOntL-mw&utm_medium=api&utm_source=f46203c2&v=B0B61EDA28EC2E579EB00A34B6F23C1B7F4D6F6F
5868564307,Lead Software Engineer,Cornerstone OnDemand,Software Engineer,IT Jobs,Lead / Architect,5,Hyderabad,Telangana,India,"Hyderabad, Telangana",0,full_time,unspecified,2026-09-03 14:27:21,2026-09-03,2026,9,3,Thursday,,,,,1,1000000.0,10.0,1,17.40275,78.50806,https://www.adzuna.in/land/ad/5868564307?se=YFl8R7C78RGh8MIOntL-mw&utm_medium=api&utm_source=f46203c2&v=0D30DF532CECC0BA8B661CE89E20D39F4ECE234C
5886486866,Senior Software Engineer,Moody's,Software Engineer,IT Jobs,Senior,3,Bengaluru,Karnataka,India,"Bangalore, Karnataka",0,full_time,unspecified,2026-09-16 22:35:00,2026-09-16,2026,9,16,Wednesday,,,,,1,1050000.0,10.5,1,,,https://www.adzuna.in/land/ad/5886486866?se=YFl8R7C78RGh8MIOntL-mw&utm_medium=api&utm_source=f46203c2&v=5FA746CB011AE5C6E629876DD046D939FD40C80E
5846723231,Senior Software Engineer,Moody's,Software Engineer,IT Jobs,Senior,3,Bengaluru,Karnataka,India,"Bangalore, Karnataka",0,full_time,unspecified,2026-08-18 18:03:36,2026-08-18,2026,8,18,Tuesday,,,,,1,1050000.0,10.5,1,,,https://www.adzuna.in/land/ad/5846723231?se=YFl8R7C78RGh8MIOntL-mw&utm_medium=api&utm_source=f46203c2&v=6FDA262A4C5E50EF8EC518515612B2B84A7174CF
5880068093,Software Engineer in Test,Karix,Software Engineer,IT Jobs,Mid-Level,2,Bengaluru,Karnataka,India,"Bangalore, Karnataka",0,unspecified,unspecified,2026-09-12 01:07:25,2026-09-12,2026,9,12,Saturday,,,,,1,1000000.0,10.0,1,,,https://www.adzuna.in/land/ad/5880068093?se=YFl8R7C78RGh8MIOntL-mw&utm_medium=api&utm_source=f46203c2&v=B236475EF1AA7E2C50CFD7032D25BAA1A75D5030
5869485094,Software Engineer (OneStream),Moody's,Software Engineer,IT Jobs,Mid-Level,2,Unspecified / Pan-India,Unspecified,India,India,0,full_time,unspecified,2026-09-04 00:32:09,2026-09-04,2026,9,4,Friday,,,,,1,1000000.0,10.0,1,,,https://www.adzuna.in/land/ad/5869485094?se=YFl8R7C78RGh8MIOntL-mw&utm_medium=api&utm_source=f46203c2&v=162C333FEFF906C80A4E762FF3E515758AD128EB
5890717755,"Specialist, Software Engineering",MSD,Software Engineer,IT Jobs,Mid-Level,2,Hyderabad,Telangana,India,"Hyderabad, Telangana",0,full_time,permanent,2026-09-19 20:33:38,2026-09-19,2026,9,19,Saturday,,,,,1,1000000.0,10.0,1,17.40275,78.50806,https://www.adzuna.in/land/ad/5890717755?se=YFl8R7C78RGh8MIOntL-mw&utm_medium=api&utm_source=f46203c2&v=F8E00EFBDC47CE4DAFF7071FBAD628EBAB09233B
5899924364,"Spcialist, Software Engineering",MSD,Software Engineer,IT Jobs,Mid-Level,2,Hyderabad,Telangana,India,"Hyderabad, Telangana",0,full_time,unspecified,2026-09-26 22:38:17,2026-09-26,2026,9,26,Saturday,,,,,1,1000000.0,10.0,1,17.40275,78.50806,https://www.adzuna.in/land/ad/5899924364?se=YFl8R7C78RGh8MIOntL-mw&utm_medium=api&utm_source=f46203c2&v=32BD3FAADB4B682B6E9ECC5E782EF24248F16B34
5837138655,Software Engineering- Development,Kyndryl,Software Engineer,IT Jobs,Mid-Level,2,Noida,Uttar Pradesh,India,"Noida, Gautam Buddha Nagar",0,full_time,unspecified,2026-08-12 01:59:13,2026-08-12,2026,8,12,Wednesday,,,,,1,1000000.0,10.0,1,,,https://www.adzuna.in/land/ad/5837138655?se=YFl8R7C78RGh8MIOntL-mw&utm_medium=api&utm_source=f46203c2&v=148A114535A936613CEDBA7E80AAF88FE4CAB1FE
5846723322,Senior Software Engineer,Morningstar,Software Engineer,IT Jobs,Senior,3,Mumbai,Maharashtra,India,"Mumbai, Maharashtra",0,full_time,unspecified,2026-08-18 18:03:36,2026-08-18,2026,8,18,Tuesday,,,,,1,1050000.0,10.5,1,19.00821,72.84415,https://www.adzuna.in/land/ad/5846723322?se=YFl8R7C78RGh8MIOntL-mw&utm_medium=api&utm_source=f46203c2&v=8C01359E03AFA9F71D7C648F1635A82AA34105B6
5846723460,Senior Software Engineer,Moody's,Software Engineer,IT Jobs,Senior,3,Noida,Uttar Pradesh,India,"Noida, Gautam Buddha Nagar",0,full_time,unspecified,2026-08-18 18:03:40,2026-08-18,2026,8,18,Tuesday,,,,,1,1050000.0,10.5,1,,,https://www.adzuna.in/land/ad/5846723460?se=YFl8R7C78RGh8MIOntL-mw&utm_medium=api&utm_source=f46203c2&v=D9CA7065ABB50C8229F37ED0E06E7960EB8B75AF
5882598256,Software Engineer – Ruby (Remote),Quik Hire Staffing,Software Engineer,IT Jobs,Mid-Level,2,Remote,Remote,India,India,1,full_time,unspecified,2026-09-13 17:22:32,2026-09-13,2026,9,13,Sunday,,,,,1,1000000.0,10.0,1,,,https://www.adzuna.in/land/ad/5882598256?se=KB68SLC78RGKj5CFZN1R3A&utm_medium=api&utm_source=f46203c2&v=9F48E6EAACA3ADFEAE93A9ADE5D856E9B96BA85F
5886487535,Senior Software Engineering Manager,Thermo Fisher Scientific,Software Engineer,IT Jobs,Manager,4,Bengaluru,Karnataka,India,"Bangalore, Karnataka",0,full_time,unspecified,2026-09-16 22:35:05,2026-09-16,2026,9,16,Wednesday,,,,,1,1000000.0,10.0,1,12.95703,77.59837,https://www.adzuna.in/land/ad/5886487535?se=KB68SLC78RGKj5CFZN1R3A&utm_medium=api&utm_source=f46203c2&v=3BCDBAC8E9EBEFED2FDFC50A2DAB6FDA2FF854B9
5896317276,Senior Software Engineer II,Elsevier,Software Engineer,IT Jobs,Senior,3,Bengaluru,Karnataka,India,"Bangalore, Karnataka",0,full_time,unspecified,2026-09-24 10:32:16,2026-09-24,2026,9,24,Thursday,,,,,1,1050000.0,10.5,1,,,https://www.adzuna.in/land/ad/5896317276?se=KB68SLC78RGKj5CFZN1R3A&utm_medium=api&utm_source=f46203c2&v=08B82E5BA3DC6249A18C9FD80BF6566BAD17D384
5793571621,Associate Principal Software Engineer,ABB,Software Engineer,IT Jobs,Lead / Architect,5,Bengaluru,Karnataka,India,"Bangalore, Karnataka",0,full_time,unspecified,2026-07-09 07:31:31,2026-07-09,2026,7,9,Thursday,,,,,1,1000000.0,10.0,1,12.95703,77.59837,https://www.adzuna.in/land/ad/5793571621?se=KB68SLC78RGKj5CFZN1R3A&utm_medium=api&utm_source=f46203c2&v=48698FE6895E756AC07DFC947858DE6265E22942
5890215828,Senior Storage Software Engineer,eBay,Software Engineer,IT Jobs,Senior,3,Bengaluru,Karnataka,India,"Bangalore, Karnataka",0,full_time,unspecified,2026-09-19 10:27:44,2026-09-19,2026,9,19,Saturday,,,,,1,1050000.0,10.5,1,,,https://www.adzuna.in/land/ad/5890215828?se=KB68SLC78RGKj5CFZN1R3A&utm_medium=api&utm_source=f46203c2&v=A7BC784B8520146877604CD6F662109F5252326C
5893961260,"Associate Director, Software Engineering",S&P Global,Software Engineer,IT Jobs,Executive / Director,6,Bengaluru,Karnataka,India,"Bangalore, Karnataka",0,full_time,unspecified,2026-09-22 18:29:32,2026-09-22,2026,9,22,Tuesday,,,,,1,1000000.0,10.0,1,,,https://www.adzuna.in/land/ad/5893961260?se=KB68SLC78RGKj5CFZN1R3A&utm_medium=api&utm_source=f46203c2&v=E2E10A1376866F827794DA55A24A8C04C72FDDF6
5846723239,Senior Manager of Software Engineering,Morningstar,Software Engineer,IT Jobs,Manager,4,Mumbai,Maharashtra,India,"Mumbai, Maharashtra",0,full_time,unspecified,2026-08-18 18:03:36,2026-08-18,2026,8,18,Tuesday,,,,,1,1000000.0,10.0,1,19.00821,72.84415,https://www.adzuna.in/land/ad/5846723239?se=KB68SLC78RGKj5CFZN1R3A&utm_medium=api&utm_source=f46203c2&v=4CA3A2709C9202835BE142902E679E09BDF4D682
5880523762,Software Engineering Lead - A&E,Elsevier,Software Engineer,IT Jobs,Lead / Architect,5,Unspecified / Pan-India,Unspecified,India,India,0,full_time,unspecified,2026-09-12 08:31:36,2026-09-12,2026,9,12,Saturday,,,,,1,1000000.0,10.0,1,,,https://www.adzuna.in/land/ad/5880523762?se=KB68SLC78RGKj5CFZN1R3A&utm_medium=api&utm_source=f46203c2&v=5E196505F4310BC5F90F6E4E76F1112F4B73F0A5
5891204525,Senior Software Engineer II,Elsevier,Software Engineer,IT Jobs,Senior,3,Unspecified / Pan-India,Unspecified,India,India,0,full_time,unspecified,2026-09-20 06:35:03,2026-09-20,2026,9,20,Sunday,,,,,1,1050000.0,10.5,1,,,https://www.adzuna.in/land/ad/5891204525?se=KB68SLC78RGKj5CFZN1R3A&utm_medium=api&utm_source=f46203c2&v=0F07DF23A6E9782FA17079278B1A55C3BE7EF053
5870859107,Software Engineer - Networking Datapath,MacroHire,Software Engineer,IT Jobs,Mid-Level,2,Bengaluru,Karnataka,India,"Bangalore, Karnataka",0,unspecified,unspecified,2026-09-04 22:29:21,2026-09-04,2026,9,4,Friday,,,,,1,1000000.0,10.0,1,,,https://www.adzuna.in/land/ad/5870859107?se=KB68SLC78RGKj5CFZN1R3A&utm_medium=api&utm_source=f46203c2&v=04DA84F9994B10283E691E413776A527CCA24DA6
5893961415,Senior Software Engineer I,RX Global,Software Engineer,IT Jobs,Senior,3,Chennai,Tamil Nadu,India,"Chennai, Tamil Nadu",0,full_time,unspecified,2026-09-22 18:29:58,2026-09-22,2026,9,22,Tuesday,,,,,1,1050000.0,10.5,1,13.06041,80.24963,https://www.adzuna.in/land/ad/5893961415?se=KB68SLC78RGKj5CFZN1R3A&utm_medium=api&utm_source=f46203c2&v=76D5CFC64EFE6C8087B5498B5A849F7E0AB67BCE
5891204287,Senior Software Engineer II,Elsevier,Software Engineer,IT Jobs,Senior,3,Unspecified / Pan-India,Unspecified,India,India,0,full_time,unspecified,2026-09-20 06:34:38,2026-09-20,2026,9,20,Sunday,,,,,1,1050000.0,10.5,1,,,https://www.adzuna.in/land/ad/5891204287?se=KB68SLC78RGKj5CFZN1R3A&utm_medium=api&utm_source=f46203c2&v=3B11B55220B4F09D33BC23F36422DA824FC55C5C
5887706897,Principal Manufacturing Software Engineer,Danaher,Software Engineer,Engineering Jobs,Lead / Architect,5,Bengaluru,Karnataka,India,"Bangalore, Karnataka",0,full_time,unspecified,2026-09-17 18:26:05,2026-09-17,2026,9,17,Thursday,,,,,1,1000000.0,10.0,1,12.95703,77.59837,https://www.adzuna.in/land/ad/5887706897?se=KB68SLC78RGKj5CFZN1R3A&utm_medium=api&utm_source=f46203c2&v=708F74A3E24B025A8F8649296D90E966CEAC395E
5793571758,R&D Software Engineer,ABB,Software Engineer,Engineering Jobs,Mid-Level,2,Bengaluru,Karnataka,India,"Bangalore, Karnataka",0,full_time,unspecified,2026-07-09 07:31:35,2026-07-09,2026,7,9,Thursday,,,,,1,1000000.0,10.0,1,12.95703,77.59837,https://www.adzuna.in/land/ad/5793571758?se=KB68SLC78RGKj5CFZN1R3A&utm_medium=api&utm_source=f46203c2&v=0822C30AB775F41DF30AD6724E5498B51BC532CC
5900230772,Senior Software Engineer II,Elsevier,Software Engineer,IT Jobs,Senior,3,Chennai,Tamil Nadu,India,"Chennai, Tamil Nadu",0,full_time,unspecified,2026-09-27 08:35:13,2026-09-27,2026,9,27,Sunday,,,,,1,1050000.0,10.5,1,13.06041,80.24963,https://www.adzuna.in/land/ad/5900230772?se=KB68SLC78RGKj5CFZN1R3A&utm_medium=api&utm_source=f46203c2&v=DA80D6E7FD8EF0A4876A2CD746EA69F26D4B988D
5900230771,Senior Software Engineer - Salesforce,Elsevier,Software Engineer,IT Jobs,Senior,3,Chennai,Tamil Nadu,India,"Chennai, Tamil Nadu",0,full_time,unspecified,2026-09-27 08:35:13,2026-09-27,2026,9,27,Sunday,,,,,1,1050000.0,10.5,1,13.06041,80.24963,https://www.adzuna.in/land/ad/5900230771?se=KB68SLC78RGKj5CFZN1R3A&utm_medium=api&utm_source=f46203c2&v=90ECC7DB790A5E10A42A75BE89E3A8BCFD7A9431
5849297101,Software Engineer- PLSQL -ACP,Avaloq,Software Engineer,IT Jobs,Mid-Level,2,Pune,Maharashtra,India,"Pune, Maharashtra",0,full_time,unspecified,2026-08-20 10:04:50,2026-08-20,2026,8,20,Thursday,,,,,1,1000000.0,10.0,1,18.5062,73.84735,https://www.adzuna.in/land/ad/5849297101?se=KB68SLC78RGKj5CFZN1R3A&utm_medium=api&utm_source=f46203c2&v=170ABD5EB32B33D0BC4717E9433A3CFFFD17A09D
5890717748,"Principal MTS, Software Engineer",eBay,Software Engineer,IT Jobs,Lead / Architect,5,Bengaluru,Karnataka,India,"Bangalore, Karnataka",0,full_time,unspecified,2026-09-19 20:33:38,2026-09-19,2026,9,19,Saturday,,,,,1,1000000.0,10.0,1,,,https://www.adzuna.in/land/ad/5890717748?se=KB68SLC78RGKj5CFZN1R3A&utm_medium=api&utm_source=f46203c2&v=12125CCB38AEC3B7B8BF1BF44614DBE1091898BC
5838614193,Staff Software Engineer - iOS,Warner Bros. Discovery,Software Engineer,IT Jobs,Lead / Architect,5,Bengaluru,Karnataka,India,"Bangalore, Karnataka",0,full_time,unspecified,2026-08-12 22:00:50,2026-08-12,2026,8,12,Wednesday,,,,,1,1000000.0,10.0,1,12.95703,77.59837,https://www.adzuna.in/land/ad/5838614193?se=KB68SLC78RGKj5CFZN1R3A&utm_medium=api&utm_source=f46203c2&v=9A92C6347994E53121C302383944CFFCF637848A
5876645017,Senior Software Engineer (Backend),Wise,Software Engineer,Engineering Jobs,Senior,3,Hyderabad,Telangana,India,"Hyderabad, Telangana",0,full_time,unspecified,2026-09-09 10:19:31,2026-09-09,2026,9,9,Wednesday,,,,,1,1050000.0,10.5,1,17.40275,78.50806,https://www.adzuna.in/land/ad/5876645017?se=KB68SLC78RGKj5CFZN1R3A&utm_medium=api&utm_source=f46203c2&v=A1FE3A75D6892C7755DB781F5A29A454EB5CBCC4
5889679436,Software Engineer in Test - 1,CoinSwitch,Software Engineer,IT Jobs,Mid-Level,2,Bengaluru,Karnataka,India,"Bangalore, Karnataka",0,unspecified,contract,2026-09-18 23:24:00,2026-09-18,2026,9,18,Friday,,,,,1,1000000.0,10.0,1,,,https://www.adzuna.in/land/ad/5889679436?se=KB68SLC78RGKj5CFZN1R3A&utm_medium=api&utm_source=f46203c2&v=2AA078AC6BAA7D9F4362FD9B031932C6038E0A9C
5847959803,Principal Software Engineer - AI,Moody's,Software Engineer,IT Jobs,Lead / Architect,5,Bengaluru,Karnataka,India,"Bangalore, Karnataka",0,full_time,unspecified,2026-08-19 14:05:01,2026-08-19,2026,8,19,Wednesday,,,,,1,1000000.0,10.0,1,,,https://www.adzuna.in/land/ad/5847959803?se=KB68SLC78RGKj5CFZN1R3A&utm_medium=api&utm_source=f46203c2&v=24850D9B9C940C34EAB88A822280AD413E8F4422
5896317321,Software Engineer - AMS Support,Kyndryl,Software Engineer,IT Jobs,Mid-Level,2,Bengaluru,Karnataka,India,"Bangalore, Karnataka",0,full_time,permanent,2026-09-24 10:32:27,2026-09-24,2026,9,24,Thursday,,,,,1,1000000.0,10.0,1,12.95703,77.59837,https://www.adzuna.in/land/ad/5896317321?se=KB68SLC78RGKj5CFZN1R3A&utm_medium=api&utm_source=f46203c2&v=83931A657BCAEEF7878D04AE20F7E114F79CD1B0
5837139047,Principal Software Engineer- Workday,Cornerstone OnDemand,Software Engineer,IT Jobs,Lead / Architect,5,Pune,Maharashtra,India,"Pune, Maharashtra",0,full_time,unspecified,2026-08-12 01:59:27,2026-08-12,2026,8,12,Wednesday,,,,,1,1000000.0,10.0,1,18.5062,73.84735,https://www.adzuna.in/land/ad/5837139047?se=KB68SLC78RGKj5CFZN1R3A&utm_medium=api&utm_source=f46203c2&v=B2EC09EB6B317B2A1BCD959E52C16F3E15DD523D
5865064890,Software Engineer - Sharepoint Developer,Moody's,Software Engineer,IT Jobs,Mid-Level,2,Bengaluru,Karnataka,India,"Bangalore, Karnataka",0,full_time,unspecified,2026-09-01 22:16:19,2026-09-01,2026,9,1,Tuesday,,,,,1,1000000.0,10.0,1,,,https://www.adzuna.in/land/ad/5865064890?se=KB68SLC78RGKj5CFZN1R3A&utm_medium=api&utm_source=f46203c2&v=7D08E55F7B8119270271C16BDF7CB0165F3E88A9
5890717274,Staff Hadoop Software Engineer,eBay,Software Engineer,IT Jobs,Lead / Architect,5,Bengaluru,Karnataka,India,"Bangalore, Karnataka",0,full_time,unspecified,2026-09-19 20:33:20,2026-09-19,2026,9,19,Saturday,,,,,1,1000000.0,10.0,1,,,https://www.adzuna.in/land/ad/5890717274?se=KB68SLC78RGKj5CFZN1R3A&utm_medium=api&utm_source=f46203c2&v=96C4BD2A7D02FFCFD240A04141E66433E955839B
5900616292,Senior Network Software Engineer,Persistent Systems,Software Engineer,IT Jobs,Senior,3,Unspecified / Pan-India,Unspecified,India,India,0,full_time,unspecified,2026-09-27 18:06:57,2026-09-27,2026,9,27,Sunday,,,,,1,1050000.0,10.5,1,,,https://www.adzuna.in/land/ad/5900616292?se=KB68SLC78RGKj5CFZN1R3A&utm_medium=api&utm_source=f46203c2&v=7145BAC2DCCE56498950A72B7C4FDA5A6786450A
5864434547,Historian System and Software Engineer,Recro,Software Engineer,IT Jobs,Mid-Level,2,Bengaluru,Karnataka,India,"Bangalore, Karnataka",0,unspecified,unspecified,2026-09-01 16:22:10,2026-09-01,2026,9,1,Tuesday,,,,,1,1000000.0,10.0,1,,,https://www.adzuna.in/land/ad/5864434547?se=KB68SLC78RGKj5CFZN1R3A&utm_medium=api&utm_source=f46203c2&v=651D2303C08F41D72AF5F39C4E5F39DD317D6233
5890717722,Software Engineer 3 – Platform Security,eBay,Software Engineer,IT Jobs,Mid-Level,2,Bengaluru,Karnataka,India,"Bangalore, Karnataka",0,full_time,unspecified,2026-09-19 20:33:37,2026-09-19,2026,9,19,Saturday,,,,,1,1000000.0,10.0,1,,,https://www.adzuna.in/land/ad/5890717722?se=KB68SLC78RGKj5CFZN1R3A&utm_medium=api&utm_source=f46203c2&v=1AE0A9EECA8EEAAAC5FD29CCC0C2E807D0CA320E
5890717320,Software Engineer - Full Stack Development,Kyndryl,Software Engineer,IT Jobs,Mid-Level,2,Pune,Maharashtra,India,"Pune, Maharashtra",0,full_time,unspecified,2026-09-19 20:33:21,2026-09-19,2026,9,19,Saturday,,,,,1,1000000.0,10.0,1,18.5062,73.84735,https://www.adzuna.in/land/ad/5890717320?se=KB68SLC78RGKj5CFZN1R3A&utm_medium=api&utm_source=f46203c2&v=8DA059C597F4614F0B5668734633E5C97F3B42AF
5846723705,"Lead Software Engineer -C#, .NET",Danaher,Software Engineer,IT Jobs,Lead / Architect,5,Bengaluru,Karnataka,India,"Bangalore, Karnataka",0,full_time,unspecified,2026-08-18 18:03:43,2026-08-18,2026,8,18,Tuesday,,,,,1,1000000.0,10.0,1,12.95703,77.59837,https://www.adzuna.in/land/ad/5846723705?se=KB68SLC78RGKj5CFZN1R3A&utm_medium=api&utm_source=f46203c2&v=0A661A4F070C72B197802638222F80DAA159D65D
5870693422,Senior Staff Software Engineer - iOS,Warner Bros. Discovery,Software Engineer,IT Jobs,Lead / Architect,5,Bengaluru,Karnataka,India,"Bangalore, Karnataka",0,full_time,unspecified,2026-09-04 20:32:50,2026-09-04,2026,9,4,Friday,,,,,1,1000000.0,10.0,1,12.95703,77.59837,https://www.adzuna.in/land/ad/5870693422?se=KB68SLC78RGKj5CFZN1R3A&utm_medium=api&utm_source=f46203c2&v=68B24B35D58E1E5ACE7E2EA429B158E2FE080DB3
5896962265,Senior Software Engineer_Golang Developer,Warner Bros. Discovery,Software Engineer,IT Jobs,Senior,3,Bengaluru,Karnataka,India,"Bangalore, Karnataka",0,full_time,unspecified,2026-09-24 20:31:56,2026-09-24,2026,9,24,Thursday,,,,,1,1050000.0,10.5,1,12.95703,77.59837,https://www.adzuna.in/land/ad/5896962265?se=KB68SLC78RGKj5CFZN1R3A&utm_medium=api&utm_source=f46203c2&v=8B17F8EEF3048FF71017E95296C2FB9C8EFDB52D
5889223211,Embedded Test & Systems Software Engineer,ACL Digital,Software Engineer,Engineering Jobs,Mid-Level,2,Unspecified / Pan-India,Unspecified,India,India,0,unspecified,unspecified,2026-09-18 17:32:16,2026-09-18,2026,9,18,Friday,,,,,1,1000000.0,10.0,1,,,https://www.adzuna.in/land/ad/5889223211?se=KB68SLC78RGKj5CFZN1R3A&utm_medium=api&utm_source=f46203c2&v=4671AB125C4109DD02572DFF886FC50CA5A481E9
5857251118,MTS-1 Software Engineer - Fullstack,eBay,Software Engineer,IT Jobs,Mid-Level,2,Bengaluru,Karnataka,India,"Bangalore, Karnataka",0,full_time,unspecified,2026-08-27 02:10:26,2026-08-27,2026,8,27,Thursday,,,,,1,1000000.0,10.0,1,,,https://www.adzuna.in/land/ad/5857251118?se=KB68SLC78RGKj5CFZN1R3A&utm_medium=api&utm_source=f46203c2&v=554CED14F27E25A70D6F4A2B3F87FC47BCEAA74C
5837138765,"Lead II, Software Engineering - Development",Kyndryl,Software Engineer,IT Jobs,Lead / Architect,5,Bengaluru,Karnataka,India,"Bangalore, Karnataka",0,full_time,unspecified,2026-08-12 01:59:14,2026-08-12,2026,8,12,Wednesday,,,,,1,1000000.0,10.0,1,12.95703,77.59837,https://www.adzuna.in/land/ad/5837138765?se=KB68SLC78RGKj5CFZN1R3A&utm_medium=api&utm_source=f46203c2&v=1A99B1E0256D81E6667DFC83366A2F7117656EBF
5890717243,Senior Software Engineer - Workday Integration,Moody's,Software Engineer,IT Jobs,Senior,3,Bengaluru,Karnataka,India,"Bangalore, Karnataka",0,full_time,unspecified,2026-09-19 20:33:20,2026-09-19,2026,9,19,Saturday,,,,,1,1050000.0,10.5,1,,,https://www.adzuna.in/land/ad/5890717243?se=KB68SLC78RGKj5CFZN1R3A&utm_medium=api&utm_source=f46203c2&v=35CDD2C97BE9CD5AE34EDE0F20C03CED1C56161C
5785772327,Senior Software Engineer- Site Reliability,S&P Global,Software Engineer,IT Jobs,Senior,3,Hyderabad,Telangana,India,"Hyderabad, Telangana",0,full_time,unspecified,2026-07-03 00:54:24,2026-07-03,2026,7,3,Friday,,,,,1,1050000.0,10.5,1,17.40275,78.50806,https://www.adzuna.in/land/ad/5785772327?se=KB68SLC78RGKj5CFZN1R3A&utm_medium=api&utm_source=f46203c2&v=F12AE1BCDE940C5AAF0E1D1025B345F7DE2BBA21
5837139057,"Lead II, Software Engineering - Development",Kyndryl,Software Engineer,IT Jobs,Lead / Architect,5,Bengaluru,Karnataka,India,"Bangalore, Karnataka",0,full_time,unspecified,2026-08-12 01:59:27,2026-08-12,2026,8,12,Wednesday,,,,,1,1000000.0,10.0,1,12.95703,77.59837,https://www.adzuna.in/land/ad/5837139057?se=KB68SLC78RGKj5CFZN1R3A&utm_medium=api&utm_source=f46203c2&v=A61540EFB52B1578EEEE5D493BD8EFD09C00F93D
5837138668,Sr. Software Engineer - Backend Java,Kyndryl,Software Engineer,IT Jobs,Senior,3,Bengaluru,Karnataka,India,"Bangalore, Karnataka",0,full_time,unspecified,2026-08-12 01:59:13,2026-08-12,2026,8,12,Wednesday,,,,,1,1050000.0,10.5,1,12.95703,77.59837,https://www.adzuna.in/land/ad/5837138668?se=KB68SLC78RGKj5CFZN1R3A&utm_medium=api&utm_source=f46203c2&v=AE41B534F2371B442102070C83D6AA62C10BF7B4
5890717589,"Lead II, Software Engineering - Development",Kyndryl,Software Engineer,Engineering Jobs,Lead / Architect,5,Unspecified / Pan-India,Unspecified,India,India,0,full_time,unspecified,2026-09-19 20:33:31,2026-09-19,2026,9,19,Saturday,,,,,1,1000000.0,10.0,1,,,https://www.adzuna.in/land/ad/5890717589?se=KB68SLC78RGKj5CFZN1R3A&utm_medium=api&utm_source=f46203c2&v=675EE70C2661A318A8247E8349936D24AC0EE0D2
5880002274,"MTS 2, Software Engineer - FullStack",eBay,Software Engineer,IT Jobs,Mid-Level,2,Bengaluru,Karnataka,India,"Bangalore, Karnataka",0,full_time,unspecified,2026-09-11 22:27:52,2026-09-11,2026,9,11,Friday,,,,,1,1000000.0,10.0,1,,,https://www.adzuna.in/land/ad/5880002274?se=KB68SLC78RGKj5CFZN1R3A&utm_medium=api&utm_source=f46203c2&v=FBA4E394818843B1403366B310F5AED40AE0234D
5880002268,"MTS 2, Backend Software Engineer",eBay,Software Engineer,IT Jobs,Mid-Level,2,Bengaluru,Karnataka,India,"Bangalore, Karnataka",0,full_time,unspecified,2026-09-11 22:27:52,2026-09-11,2026,9,11,Friday,,,,,1,1000000.0,10.0,1,,,https://www.adzuna.in/land/ad/5880002268?se=KB68SLC78RGKj5CFZN1R3A&utm_medium=api&utm_source=f46203c2&v=0893B4C4C7CAD6642F571427E51395AEE2EA7676
5898533474,Senior Software Engineer - SAP MDG,ZEISS India,Software Engineer,IT Jobs,Senior,3,Bengaluru,Karnataka,India,"Bangalore, Karnataka",0,unspecified,unspecified,2026-09-25 22:01:00,2026-09-25,2026,9,25,Friday,,,,,1,1050000.0,10.5,1,,,https://www.adzuna.in/land/ad/5898533474?se=KB68SLC78RGKj5CFZN1R3A&utm_medium=api&utm_source=f46203c2&v=BC0956DA97F2CA84A2824E462E144AEA4EEBC483
5890717329,"Sr. MTS, Software Engineer - FullStack",eBay,Software Engineer,IT Jobs,Senior,3,Bengaluru,Karnataka,India,"Bangalore, Karnataka",0,full_time,unspecified,2026-09-19 20:33:21,2026-09-19,2026,9,19,Saturday,,,,,1,1050000.0,10.5,1,,,https://www.adzuna.in/land/ad/5890717329?se=KB68SLC78RGKj5CFZN1R3A&utm_medium=api&utm_source=f46203c2&v=F6FAA113523AAB4591D3DA1B683B35AC6E769A72
5864443104,Software Engineer Backend (SDE 2),Arcana,Software Engineer,IT Jobs,Mid-Level,2,Unspecified / Pan-India,Unspecified,India,India,0,unspecified,unspecified,2026-09-01 16:23:19,2026-09-01,2026,9,1,Tuesday,,,,,1,1000000.0,10.0,1,,,https://www.adzuna.in/land/ad/5864443104?se=KB68SLC78RGKj5CFZN1R3A&utm_medium=api&utm_source=f46203c2&v=99BF0FDEB61239C831193238DF10CEA9F1BC9309
5880002272,"MTS 1, Backend Software Engineer",eBay,Software Engineer,IT Jobs,Mid-Level,2,Bengaluru,Karnataka,India,"Bangalore, Karnataka",0,full_time,unspecified,2026-09-11 22:27:52,2026-09-11,2026,9,11,Friday,,,,,1,1000000.0,10.0,1,,,https://www.adzuna.in/land/ad/5880002272?se=KB68SLC78RGKj5CFZN1R3A&utm_medium=api&utm_source=f46203c2&v=453628E9497005FAEB4FC13FC077195315E9F789
5882857566,Principal Software Engineer (Distributed Storage Systems),NorthStar HR Consultants,Software Engineer,IT Jobs,Lead / Architect,5,Unspecified / Pan-India,Unspecified,India,India,0,unspecified,unspecified,2026-09-14 01:08:55,2026-09-14,2026,9,14,Monday,,,,,1,1000000.0,10.0,1,,,https://www.adzuna.in/land/ad/5882857566?se=KB68SLC78RGKj5CFZN1R3A&utm_medium=api&utm_source=f46203c2&v=7F977C6D585AA45CCF2A2CD5961D4A8F1DDE5225
5857251132,"Sr MTS Software Engineer, Data Platforms",eBay,Software Engineer,IT Jobs,Senior,3,Bengaluru,Karnataka,India,"Bangalore, Karnataka",0,full_time,unspecified,2026-08-27 02:10:27,2026-08-27,2026,8,27,Thursday,,,,,1,1050000.0,10.5,1,,,https://www.adzuna.in/land/ad/5857251132?se=KB68SLC78RGKj5CFZN1R3A&utm_medium=api&utm_source=f46203c2&v=82EB0120A23DCD90CE70DC21189F93709AE952CF
5857251152,"MTS 2, Software Engineer, Data Platforms",eBay,Software Engineer,IT Jobs,Mid-Level,2,Bengaluru,Karnataka,India,"Bangalore, Karnataka",0,full_time,unspecified,2026-08-27 02:10:30,2026-08-27,2026,8,27,Thursday,,,,,1,1000000.0,10.0,1,,,https://www.adzuna.in/land/ad/5857251152?se=KB68SLC78RGKj5CFZN1R3A&utm_medium=api&utm_source=f46203c2&v=F6ED6E5761AAB007E2A108EBC1289F6B09295EAC
5872266203,Linux Software Engineer – GPU Driver Development,L&T Technology Services,Software Engineer,IT Jobs,Mid-Level,2,Bengaluru,Karnataka,India,"Bangalore, Karnataka",0,unspecified,unspecified,2026-09-06 00:52:16,2026-09-06,2026,9,6,Sunday,,,,,1,1000000.0,10.0,1,,,https://www.adzuna.in/land/ad/5872266203?se=sCEMSrC78RGTcuZ3r2Yb6w&utm_medium=api&utm_source=f46203c2&v=F91636736320CA3C6252BBBA897A8E6FC180A6FF
5886486742,"Software Engineer I, AI Solutions & Platforms",Thermo Fisher Scientific,Software Engineer,IT Jobs,Mid-Level,2,Bengaluru,Karnataka,India,"Bangalore, Karnataka",0,full_time,unspecified,2026-09-16 22:34:58,2026-09-16,2026,9,16,Wednesday,,,,,1,1000000.0,10.0,1,,,https://www.adzuna.in/land/ad/5886486742?se=sCEMSrC78RGTcuZ3r2Yb6w&utm_medium=api&utm_source=f46203c2&v=30194B85D0F1492C2B0F2EE948A1F9EA788FD3A4
5888968659,"Adv Software Engineer II, Enterprise Practices",Invesco,Software Engineer,IT Jobs,Mid-Level,2,Hyderabad,Telangana,India,"Hyderabad, Telangana",0,full_time,contract,2026-09-18 14:36:21,2026-09-18,2026,9,18,Friday,,,,,1,1000000.0,10.0,1,17.40275,78.50806,https://www.adzuna.in/land/ad/5888968659?se=sCEMSrC78RGTcuZ3r2Yb6w&utm_medium=api&utm_source=f46203c2&v=271C68BC8B76F762CCF1ADB35AE293B0D64CF193
5888968037,"Adv Software Engineer II, Enterprise Practices",Invesco,Software Engineer,IT Jobs,Mid-Level,2,Hyderabad,Telangana,India,"Hyderabad, Telangana",0,full_time,contract,2026-09-18 14:35:48,2026-09-18,2026,9,18,Friday,,,,,1,1000000.0,10.0,1,17.40275,78.50806,https://www.adzuna.in/land/ad/5888968037?se=sCEMSrC78RGTcuZ3r2Yb6w&utm_medium=api&utm_source=f46203c2&v=5F13CFB50E9CB7A4FDB0F4E0853E29DD0FDE26FC
5886487356,"Software Engineer II, AI Solutions & Platforms",Thermo Fisher Scientific,Software Engineer,IT Jobs,Mid-Level,2,Bengaluru,Karnataka,India,"Bangalore, Karnataka",0,full_time,unspecified,2026-09-16 22:35:03,2026-09-16,2026,9,16,Wednesday,,,,,1,1000000.0,10.0,1,12.95703,77.59837,https://www.adzuna.in/land/ad/5886487356?se=sCEMSrC78RGTcuZ3r2Yb6w&utm_medium=api&utm_source=f46203c2&v=D7DFC0FA1DA2711DC8714DA6C1FC38756D60160C
5837138870,Software Engineering Technical Specialist - Workday Integrations,Kyndryl,Software Engineer,IT Jobs,Mid-Level,2,Bengaluru,Karnataka,India,"Bangalore, Karnataka",0,full_time,unspecified,2026-08-12 01:59:18,2026-08-12,2026,8,12,Wednesday,,,,,1,1000000.0,10.0,1,12.95703,77.59837,https://www.adzuna.in/land/ad/5837138870?se=sCEMSrC78RGTcuZ3r2Yb6w&utm_medium=api&utm_source=f46203c2&v=899C3565A64AEB2CF3591A438D267555AC8D99FF
5837139058,Software Engineering Technical Specialist - Workday Integrations,Kyndryl,Software Engineer,IT Jobs,Mid-Level,2,Unspecified / Pan-India,Unspecified,India,India,0,full_time,unspecified,2026-08-12 01:59:27,2026-08-12,2026,8,12,Wednesday,,,,,1,1000000.0,10.0,1,,,https://www.adzuna.in/land/ad/5837139058?se=sCEMSrC78RGTcuZ3r2Yb6w&utm_medium=api&utm_source=f46203c2&v=272ED659CA517B66038E84728ECEA3DF0ADEFD29
5898128658,Technical Consultant II (Software Engineer - Java),Zafin,Software Engineer,IT Jobs,Mid-Level,2,Thiruvananthapuram,Kerala,India,"Thiruvananthapuram, Kerala",0,unspecified,unspecified,2026-09-25 15:23:24,2026-09-25,2026,9,25,Friday,,,,,1,1000000.0,10.0,1,8.38159,77.0037,https://www.adzuna.in/land/ad/5898128658?se=sCEMSrC78RGTcuZ3r2Yb6w&utm_medium=api&utm_source=f46203c2&v=B5B0C2EBEA7451A455CB225E6B1F56B1885AF63C
5881876783,Senior Software Engineer - FullStack(Java&Angular),Warner Bros. Discovery,Software Engineer,IT Jobs,Senior,3,Bengaluru,Karnataka,India,"Bangalore, Karnataka",0,full_time,unspecified,2026-09-13 04:23:53,2026-09-13,2026,9,13,Sunday,,,,,1,1050000.0,10.5,1,12.95703,77.59837,https://www.adzuna.in/land/ad/5881876783?se=sCEMSrC78RGTcuZ3r2Yb6w&utm_medium=api&utm_source=f46203c2&v=59CEE632FF219DC16C2F995825C331B76B9331BA
5899377975,"VP Software Engineer, FIC Sales Technology",Deutsche Bank,Software Engineer,IT Jobs,Executive / Director,6,Bengaluru,Karnataka,India,"Bangalore, Karnataka",0,full_time,unspecified,2026-09-26 12:33:40,2026-09-26,2026,9,26,Saturday,,,,,1,1000000.0,10.0,1,12.95703,77.59837,https://www.adzuna.in/land/ad/5899377975?se=sCEMSrC78RGTcuZ3r2Yb6w&utm_medium=api&utm_source=f46203c2&v=A80CFE956E243B9EF7F5EB46ED6A8B8C61393B51
5880523677,Sr Consulting/Principal Software Engineer - A&E,Elsevier,Software Engineer,IT Jobs,Lead / Architect,5,Unspecified / Pan-India,Unspecified,India,India,0,full_time,unspecified,2026-09-12 08:31:17,2026-09-12,2026,9,12,Saturday,,,,,1,1000000.0,10.0,1,,,https://www.adzuna.in/land/ad/5880523677?se=sCEMSrC78RGTcuZ3r2Yb6w&utm_medium=api&utm_source=f46203c2&v=B3137F93C8C8D52EF09B171700906901FC6CAD40
5884588533,"Senior Software Engineer (C++, Linux/MacOS)",ConnectWise,Software Engineer,IT Jobs,Senior,3,Bengaluru,Karnataka,India,"Bangalore, Karnataka",0,unspecified,unspecified,2026-09-15 17:26:52,2026-09-15,2026,9,15,Tuesday,,,,,1,1050000.0,10.5,1,,,https://www.adzuna.in/land/ad/5884588533?se=sCEMSrC78RGTcuZ3r2Yb6w&utm_medium=api&utm_source=f46203c2&v=5F512B182B4D6307E70684867699731C955B8A75
5886487289,"Staff Software Engineer, AI Solutions & Platforms",Thermo Fisher Scientific,Software Engineer,IT Jobs,Lead / Architect,5,Bengaluru,Karnataka,India,"Bangalore, Karnataka",0,full_time,unspecified,2026-09-16 22:35:03,2026-09-16,2026,9,16,Wednesday,,,,,1,1000000.0,10.0,1,12.95703,77.59837,https://www.adzuna.in/land/ad/5886487289?se=sCEMSrC78RGTcuZ3r2Yb6w&utm_medium=api&utm_source=f46203c2&v=6B2FCD1BDA13DF9654643D89783F696002DCC4D5
5890717720,Senior Software Engineer - Full Stack Development,Kyndryl,Software Engineer,IT Jobs,Senior,3,Unspecified / Pan-India,Unspecified,India,India,0,full_time,unspecified,2026-09-19 20:33:37,2026-09-19,2026,9,19,Saturday,,,,,1,1050000.0,10.5,1,,,https://www.adzuna.in/land/ad/5890717720?se=sCEMSrC78RGTcuZ3r2Yb6w&utm_medium=api&utm_source=f46203c2&v=8F5E5858ACF56D92B6D978D741BB22AEC7047C7D
5837139380,"Director, Software Engineering - Data Platform, Hyderabad",Warner Bros. Discovery,Software Engineer,IT Jobs,Executive / Director,6,Hyderabad,Telangana,India,"Hyderabad, Telangana",0,full_time,unspecified,2026-08-12 01:59:34,2026-08-12,2026,8,12,Wednesday,,,,,1,1000000.0,10.0,1,17.40275,78.50806,https://www.adzuna.in/land/ad/5837139380?se=sCEMSrC78RGTcuZ3r2Yb6w&utm_medium=api&utm_source=f46203c2&v=1A3B058DCEFB48784C2B3A0C56C9BD34D21143C1
5890717307,Senior Software Engineer- Android Application Developer,Warner Bros. Discovery,Software Engineer,IT Jobs,Senior,3,Bengaluru,Karnataka,India,"Bangalore, Karnataka",0,full_time,unspecified,2026-09-19 20:33:20,2026-09-19,2026,9,19,Saturday,,,,,1,1050000.0,10.5,1,12.95703,77.59837,https://www.adzuna.in/land/ad/5890717307?se=sCEMSrC78RGTcuZ3r2Yb6w&utm_medium=api&utm_source=f46203c2&v=EBDABEC681D42C165BF3B7F7F6E95B03DF64B82D
5886487561,Senior Software Engineer (DEVOPS ENGINEER)_3092,Allianz Commercial,Software Engineer,IT Jobs,Senior,3,Unspecified / Pan-India,Unspecified,India,India,0,full_time,unspecified,2026-09-16 22:35:06,2026-09-16,2026,9,16,Wednesday,,,,,1,1050000.0,10.5,1,,,https://www.adzuna.in/land/ad/5886487561?se=sCEMSrC78RGTcuZ3r2Yb6w&utm_medium=api&utm_source=f46203c2&v=93DDAEBE698A001A2AC27C606AD6192DAB5DE02F
5864426177,Senior Software Engineer-Network Security Developement,ACL Digital,Software Engineer,IT Jobs,Senior,3,Unspecified / Pan-India,Karnataka,India,"Karnataka, India",0,unspecified,permanent,2026-09-01 16:20:43,2026-09-01,2026,9,1,Tuesday,,,,,1,1050000.0,10.5,1,14.325172,76.227524,https://www.adzuna.in/land/ad/5864426177?se=sCEMSrC78RGTcuZ3r2Yb6w&utm_medium=api&utm_source=f46203c2&v=AE38182FA658ED3288FA1BF67A47CD8B840928E6
5900230774,Software Engineering Technical Specialist – Workday Integrations,Kyndryl,Software Engineer,IT Jobs,Mid-Level,2,Bengaluru,Karnataka,India,"Bangalore, Karnataka",0,full_time,unspecified,2026-09-27 08:35:13,2026-09-27,2026,9,27,Sunday,,,,,1,1000000.0,10.0,1,12.95703,77.59837,https://www.adzuna.in/land/ad/5900230774?se=sCEMSrC78RGTcuZ3r2Yb6w&utm_medium=api&utm_source=f46203c2&v=7CAD98D535E3935C4C14A3A5144F05FF7238441E
5894224110,Software Engineer (Physical Network Layer/PHY/Serdes),Arista Networks,Software Engineer,IT Jobs,Mid-Level,2,Bengaluru,Karnataka,India,"Bangalore, Karnataka",0,unspecified,unspecified,2026-09-22 23:35:57,2026-09-22,2026,9,22,Tuesday,,,,,1,1000000.0,10.0,1,,,https://www.adzuna.in/land/ad/5894224110?se=sCEMSrC78RGTcuZ3r2Yb6w&utm_medium=api&utm_source=f46203c2&v=1BEBCDC0AC5D942E8268EAB23F80796AD26813E8
5884588352,Senior Software Engineer I (Java / Golang) - Cybersecurity,ConnectWise,Software Engineer,IT Jobs,Senior,3,Unspecified / Pan-India,Unspecified,India,India,0,unspecified,unspecified,2026-09-15 17:26:32,2026-09-15,2026,9,15,Tuesday,,,,,1,1050000.0,10.5,1,,,https://www.adzuna.in/land/ad/5884588352?se=sCEMSrC78RGTcuZ3r2Yb6w&utm_medium=api&utm_source=f46203c2&v=D1E773CA2785FD973A9EB8F165BDE6963D080B67
5846723130,"Lead Software Engineer (Java, Javascript, Oracle Database)",Danaher,Software Engineer,IT Jobs,Lead / Architect,5,Bengaluru,Karnataka,India,"Bangalore, Karnataka",0,full_time,unspecified,2026-08-18 18:03:33,2026-08-18,2026,8,18,Tuesday,,,,,1,1000000.0,10.0,1,12.95703,77.59837,https://www.adzuna.in/land/ad/5846723130?se=sCEMSrC78RGTcuZ3r2Yb6w&utm_medium=api&utm_source=f46203c2&v=F1410B2842520D4A97E2CD8D65A3E71162204136
5837139377,"Staff Software Engineer - Data Platform Team, Hyderabad",Warner Bros. Discovery,Software Engineer,IT Jobs,Lead / Architect,5,Hyderabad,Telangana,India,"Hyderabad, Telangana",0,full_time,unspecified,2026-08-12 01:59:34,2026-08-12,2026,8,12,Wednesday,,,,,1,1000000.0,10.0,1,17.40275,78.50806,https://www.adzuna.in/land/ad/5837139377?se=sCEMSrC78RGTcuZ3r2Yb6w&utm_medium=api&utm_source=f46203c2&v=20D2F32D463DC026D82B2D18F387A276C4E6E0CD
5896613894,Senior Software Engineer – Cisco IVR/Virtual Agent,VLink Inc,Software Engineer,IT Jobs,Senior,3,Remote,Remote,India,India,1,unspecified,unspecified,2026-09-24 15:18:33,2026-09-24,2026,9,24,Thursday,,,,,1,1050000.0,10.5,1,,,https://www.adzuna.in/land/ad/5896613894?se=sCEMSrC78RGTcuZ3r2Yb6w&utm_medium=api&utm_source=f46203c2&v=D00711AF67BBC45506A6C40E921FB0247B18030A
5843137565,"Manager, Software Engineering – Backend (Consumer Team) Hyderabad",Warner Bros. Discovery,Software Engineer,IT Jobs,Manager,4,Hyderabad,Telangana,India,"Hyderabad, Telangana",0,full_time,unspecified,2026-08-15 20:01:48,2026-08-15,2026,8,15,Saturday,,,,,1,1000000.0,10.0,1,17.40275,78.50806,https://www.adzuna.in/land/ad/5843137565?se=sCEMSrC78RGTcuZ3r2Yb6w&utm_medium=api&utm_source=f46203c2&v=350A6F014C00AD9B23ECEC9FA4BE67CC394F7E30
5871227792,"Director Software Engineering - Backend (Consumer Team),Hyderabad",Warner Bros. Discovery,Software Engineer,IT Jobs,Executive / Director,6,Hyderabad,Telangana,India,"Hyderabad, Telangana",0,full_time,unspecified,2026-09-05 06:18:55,2026-09-05,2026,9,5,Saturday,,,,,1,1000000.0,10.0,1,17.40275,78.50806,https://www.adzuna.in/land/ad/5871227792?se=sCEMSrC78RGTcuZ3r2Yb6w&utm_medium=api&utm_source=f46203c2&v=14705FABF8A04DE0B630CD52FE0D100EE84FBF8D
5898128637,Technical Consultant III (Senior Software Engineer - Java),Zafin,Software Engineer,IT Jobs,Senior,3,Thiruvananthapuram,Kerala,India,"Thiruvananthapuram, Kerala",0,unspecified,unspecified,2026-09-25 15:23:23,2026-09-25,2026,9,25,Friday,,,,,1,1050000.0,10.5,1,8.38159,77.0037,https://www.adzuna.in/land/ad/5898128637?se=sCEMSrC78RGTcuZ3r2Yb6w&utm_medium=api&utm_source=f46203c2&v=F0BEE4779F06BC5B45E311A2821A6EE499B37030
5889709391,"Senior Software Engineer - Backend (Commerce Team), Hyderabad",Warner Bros. Discovery,Software Engineer,IT Jobs,Senior,3,Hyderabad,Telangana,India,"Hyderabad, Telangana",0,full_time,unspecified,2026-09-19 00:27:38,2026-09-19,2026,9,19,Saturday,,,,,1,1050000.0,10.5,1,17.40275,78.50806,https://www.adzuna.in/land/ad/5889709391?se=sCEMSrC78RGTcuZ3r2Yb6w&utm_medium=api&utm_source=f46203c2&v=B3BA9E6BD22A149984B2D270D0F72684967B1DC9
5837138772,"Senior Lead, Software Engineering Specialist Workday Benefits",Kyndryl,Software Engineer,IT Jobs,Lead / Architect,5,Unspecified / Pan-India,Unspecified,India,India,0,full_time,unspecified,2026-08-12 01:59:14,2026-08-12,2026,8,12,Wednesday,,,,,1,1000000.0,10.0,1,,,https://www.adzuna.in/land/ad/5837138772?se=sCEMSrC78RGTcuZ3r2Yb6w&utm_medium=api&utm_source=f46203c2&v=85A67C68393FBA03B95062862ABDB7D33D60D35E
5886487439,Senior Software Engineer(Java Full Stack )_2494,Allianz Commercial,Software Engineer,IT Jobs,Senior,3,Unspecified / Pan-India,Unspecified,India,India,0,full_time,unspecified,2026-09-16 22:35:04,2026-09-16,2026,9,16,Wednesday,,,,,1,1050000.0,10.5,1,,,https://www.adzuna.in/land/ad/5886487439?se=sCEMSrC78RGTcuZ3r2Yb6w&utm_medium=api&utm_source=f46203c2&v=CDA2660DBD56593B3CFEDF05560C8677CA3479E9
5898127672,Senior Software Engineer(Ruby on Rails React.js),BigStep Technologies,Software Engineer,IT Jobs,Senior,3,Unspecified / Pan-India,Unspecified,India,India,0,unspecified,unspecified,2026-09-25 15:22:32,2026-09-25,2026,9,25,Friday,,,,,1,1050000.0,10.5,1,,,https://www.adzuna.in/land/ad/5898127672?se=sCEMSrC78RGTcuZ3r2Yb6w&utm_medium=api&utm_source=f46203c2&v=131592B5832F3FAA5813922DF89FC229B0B7FE73
5874818339,"Manager, Software Engineering (Full Stack), Java&Angular -Bangalore",Warner Bros. Discovery,Software Engineer,IT Jobs,Manager,4,Bengaluru,Karnataka,India,"Bangalore, Karnataka",0,full_time,unspecified,2026-09-08 04:21:38,2026-09-08,2026,9,8,Tuesday,,,,,1,1000000.0,10.0,1,12.95703,77.59837,https://www.adzuna.in/land/ad/5874818339?se=sCEMSrC78RGTcuZ3r2Yb6w&utm_medium=api&utm_source=f46203c2&v=EBE80B3015FCC0F07ADCC6FC511BAC92403B473D
5837139531,"Senior Staff Software Engineer - Golang (Consumer Team),Hyderabad",Warner Bros. Discovery,Software Engineer,IT Jobs,Lead / Architect,5,Hyderabad,Telangana,India,"Hyderabad, Telangana",0,full_time,unspecified,2026-08-12 01:59:38,2026-08-12,2026,8,12,Wednesday,,,,,1,1000000.0,10.0,1,17.40275,78.50806,https://www.adzuna.in/land/ad/5837139531?se=sCEMSrC78RGTcuZ3r2Yb6w&utm_medium=api&utm_source=f46203c2&v=FF7B72FE224B8CAB6B5FFC5EA2BB3F952801BDB1
5856130254,"Senior Software Engineer - Data Engineering ( Adtech Team),Bangalore",Warner Bros. Discovery,Software Engineer,IT Jobs,Senior,3,Bengaluru,Karnataka,India,"Bangalore, Karnataka",0,full_time,unspecified,2026-08-26 06:09:20,2026-08-26,2026,8,26,Wednesday,,,,,1,1050000.0,10.5,1,12.95703,77.59837,https://www.adzuna.in/land/ad/5856130254?se=sCEMSrC78RGTcuZ3r2Yb6w&utm_medium=api&utm_source=f46203c2&v=A2D157863F121C9BEFB4DBB266BF311DB513DCC3
5837139396,"Staff Software Engineer- Fullstack _Node & Typescript (GLP Team), Bangalore",Warner Bros. Discovery,Software Engineer,IT Jobs,Lead / Architect,5,Bengaluru,Karnataka,India,"Bangalore, Karnataka",0,full_time,unspecified,2026-08-12 01:59:34,2026-08-12,2026,8,12,Wednesday,,,,,1,1000000.0,10.0,1,12.95703,77.59837,https://www.adzuna.in/land/ad/5837139396?se=sCEMSrC78RGTcuZ3r2Yb6w&utm_medium=api&utm_source=f46203c2&v=075C4F4049F90C5715AB7538E8B646748EBE89A1
5837139161,"Senior Lead, Software Engineering Specialist Workday Time Tracking and Absence",Kyndryl,Software Engineer,IT Jobs,Lead / Architect,5,Unspecified / Pan-India,Unspecified,India,India,0,full_time,unspecified,2026-08-12 01:59:28,2026-08-12,2026,8,12,Wednesday,,,,,1,1000000.0,10.0,1,,,https://www.adzuna.in/land/ad/5837139161?se=sCEMSrC78RGTcuZ3r2Yb6w&utm_medium=api&utm_source=f46203c2&v=BBA494500EEA3C3B2EAA5D4BF9620302D91EAB95
5879392141,"Senior Lead, Software Engineering Specialist Workday Time Tracking and Absence",Kyndryl,Software Engineer,IT Jobs,Lead / Architect,5,Bengaluru,Karnataka,India,"Bangalore, Karnataka",0,full_time,unspecified,2026-09-11 12:21:37,2026-09-11,2026,9,11,Friday,,,,,1,1000000.0,10.0,1,12.95703,77.59837,https://www.adzuna.in/land/ad/5879392141?se=sCEMSrC78RGTcuZ3r2Yb6w&utm_medium=api&utm_source=f46203c2&v=A987B8B86708A6BDE937D8BCDAE3175666C86DFF
5896964310,Lead Software Development Engineer,Morningstar,Software Engineer,IT Jobs,Lead / Architect,5,Mumbai,Maharashtra,India,"Mumbai, Maharashtra",0,full_time,unspecified,2026-09-24 20:32:31,2026-09-24,2026,9,24,Thursday,,,,,1,1000000.0,10.0,1,19.00821,72.84415,https://www.adzuna.in/land/ad/5896964310?se=sCEMSrC78RGTcuZ3r2Yb6w&utm_medium=api&utm_source=f46203c2&v=A50667EDEA425165A9C8DC37BB754C7C66891A4E
5887061039,SR SOFTWARE TEST ENGINEER,TE Connectivity,Software Engineer,Engineering Jobs,Senior,3,Bengaluru,Karnataka,India,"Bangalore, Karnataka",0,full_time,unspecified,2026-09-17 08:30:59,2026-09-17,2026,9,17,Thursday,,,,,1,1050000.0,10.5,1,12.95703,77.59837,https://www.adzuna.in/land/ad/5887061039?se=sCEMSrC78RGTcuZ3r2Yb6w&utm_medium=api&utm_source=f46203c2&v=834CD4006C2E5EB5F647DF57063AF4271A785BDC
5870028845,Software Development Engineer III,Entain,Software Engineer,IT Jobs,Senior,3,Unspecified / Pan-India,Maharashtra,India,"Maharashtra, India",0,full_time,unspecified,2026-09-04 10:16:21,2026-09-04,2026,9,4,Friday,,,,,1,1050000.0,10.5,1,19.439563,75.949555,https://www.adzuna.in/land/ad/5870028845?se=sCEMSrC78RGTcuZ3r2Yb6w&utm_medium=api&utm_source=f46203c2&v=74A91545692A44F593398B979CD99C6B9E1060CF
5894229212,Immediate Hiring for Sr Software Engineer (C++ with Infoscale) in IT Company- Pune,Seventh Contact Hiring Solutions,Software Engineer,IT Jobs,Senior,3,Unspecified / Pan-India,Unspecified,India,India,0,unspecified,unspecified,2026-09-22 23:38:17,2026-09-22,2026,9,22,Tuesday,,,,,1,1050000.0,10.5,1,,,https://www.adzuna.in/land/ad/5894229212?se=sCEMSrC78RGTcuZ3r2Yb6w&utm_medium=api&utm_source=f46203c2&v=E684D40E9207901D7753DA53569D3B51F03F89AC
5898129675,Software Engineer – Javascript / TypeScript | React | 3–6 Years | Backend Exposure,CareerXperts Consulting,Software Engineer,IT Jobs,Mid-Level,2,Bengaluru,Karnataka,India,"Bangalore, Karnataka",0,unspecified,unspecified,2026-09-25 15:24:06,2026-09-25,2026,9,25,Friday,,,,,1,1000000.0,10.0,1,,,https://www.adzuna.in/land/ad/5898129675?se=sCEMSrC78RGTcuZ3r2Yb6w&utm_medium=api&utm_source=f46203c2&v=E127D2D46E96E4A1E4D99F862110FF4B5A7FDB24
5894389948,"Lead Software Engineer - Fullstack(ReactJS, NodeJs, AWS, Javascript, Typescript, CI/CD)",Ellucian,Software Engineer,IT Jobs,Lead / Architect,5,Bengaluru,Karnataka,India,"Bangalore, Karnataka",0,full_time,unspecified,2026-09-23 04:31:06,2026-09-23,2026,9,23,Wednesday,,,,,1,1000000.0,10.0,1,,,https://www.adzuna.in/land/ad/5894389948?se=sCEMSrC78RGTcuZ3r2Yb6w&utm_medium=api&utm_source=f46203c2&v=3E9513D10DEE2A2BC17B33151F663BD3CC387DFD
5846723063,"Lead Software Engineer I (Data Engineer, ADF, SQL, Python, ETL, Datawarehouse)",Danaher,Software Engineer,IT Jobs,Lead / Architect,5,Bengaluru,Karnataka,India,"Bangalore, Karnataka",0,full_time,unspecified,2026-08-18 18:03:33,2026-08-18,2026,8,18,Tuesday,,,,,1,1000000.0,10.0,1,12.95703,77.59837,https://www.adzuna.in/land/ad/5846723063?se=sCEMSrC78RGTcuZ3r2Yb6w&utm_medium=api&utm_source=f46203c2&v=F4234BF908EB4FCA09A6820C1EDD593FF7366310
5895240050,Senior Software Development Engineer - Backend,TriluxTech,Software Engineer,IT Jobs,Senior,3,Remote,Remote,India,India,1,unspecified,contract,2026-09-23 19:42:13,2026-09-23,2026,9,23,Wednesday,,,,,1,1050000.0,10.5,1,,,https://www.adzuna.in/land/ad/5895240050?se=sCEMSrC78RGTcuZ3r2Yb6w&utm_medium=api&utm_source=f46203c2&v=C3260D8478A546003F068FBB8CD84DB858950856
5899509964,Software Test Engineer / Quality Analyst,SamvadSocial Technologies,Software Engineer,IT Jobs,Mid-Level,2,Unspecified / Pan-India,Unspecified,India,India,0,full_time,unspecified,2026-09-26 15:25:27,2026-09-26,2026,9,26,Saturday,,,,,1,1000000.0,10.0,1,,,https://www.adzuna.in/land/ad/5899509964?se=sCEMSrC78RGTcuZ3r2Yb6w&utm_medium=api&utm_source=f46203c2&v=F6CADF101505D8D85D16F8BB97D30761552EF9AB
5857982471,SDET (Software Development Engineer in Test),WPP Production,Software Engineer,IT Jobs,Mid-Level,2,Hyderabad,Telangana,India,"Hyderabad, Telangana",0,full_time,unspecified,2026-08-27 12:12:19,2026-08-27,2026,8,27,Thursday,,,,,1,1000000.0,10.0,1,17.40275,78.50806,https://www.adzuna.in/land/ad/5857982471?se=sCEMSrC78RGTcuZ3r2Yb6w&utm_medium=api&utm_source=f46203c2&v=1A6392A0EA6BD7304D070885AF04B0D3BF976966
5886487553,"Staff Engineer, Software",Thermo Fisher Scientific,Software Engineer,Engineering Jobs,Lead / Architect,5,Hyderabad,Telangana,India,"Hyderabad, Telangana",0,full_time,unspecified,2026-09-16 22:35:06,2026-09-16,2026,9,16,Wednesday,,,,,1,1000000.0,10.0,1,17.40275,78.50806,https://www.adzuna.in/land/ad/5886487553?se=sCEMSrC78RGTcuZ3r2Yb6w&utm_medium=api&utm_source=f46203c2&v=EF742EC3D61FD8137C6BDB7369569A3E084CE055
5886487267,"Staff Engineer, Software",Thermo Fisher Scientific,Software Engineer,IT Jobs,Lead / Architect,5,Hyderabad,Telangana,India,"Hyderabad, Telangana",0,full_time,unspecified,2026-09-16 22:35:03,2026-09-16,2026,9,16,Wednesday,,,,,1,1000000.0,10.0,1,17.40275,78.50806,https://www.adzuna.in/land/ad/5886487267?se=sCEMSrC78RGTcuZ3r2Yb6w&utm_medium=api&utm_source=f46203c2&v=7F756D1946B91881301BD11EF3BC047DE17A54A4
5886487549,"Staff Engineer, Software",Thermo Fisher Scientific,Software Engineer,IT Jobs,Lead / Architect,5,Hyderabad,Telangana,India,"Hyderabad, Telangana",0,full_time,unspecified,2026-09-16 22:35:06,2026-09-16,2026,9,16,Wednesday,,,,,1,1000000.0,10.0,1,17.40275,78.50806,https://www.adzuna.in/land/ad/5886487549?se=sCEMSrC78RGTcuZ3r2Yb6w&utm_medium=api&utm_source=f46203c2&v=4B5325B092E16786E2181C8DF402EA0841275B84
5898263349,"Staff Engineer, Software",Thermo Fisher Scientific,Software Engineer,IT Jobs,Lead / Architect,5,Bengaluru,Karnataka,India,"Bangalore, Karnataka",0,full_time,unspecified,2026-09-25 16:35:02,2026-09-25,2026,9,25,Friday,,,,,1,1000000.0,10.0,1,12.95703,77.59837,https://www.adzuna.in/land/ad/5898263349?se=0DRLS7C78RGKj5CFZN1R3A&utm_medium=api&utm_source=f46203c2&v=6AB055BD1D2C53B31984BFE0DE53B53EDBB0A6CF
5898263303,"Staff Engineer, Software (FDE)",Thermo Fisher Scientific,Software Engineer,IT Jobs,Lead / Architect,5,Bengaluru,Karnataka,India,"Bangalore, Karnataka",0,full_time,unspecified,2026-09-25 16:35:01,2026-09-25,2026,9,25,Friday,,,,,1,1000000.0,10.0,1,12.95703,77.59837,https://www.adzuna.in/land/ad/5898263303?se=0DRLS7C78RGKj5CFZN1R3A&utm_medium=api&utm_source=f46203c2&v=BD10A51E1AD857F4D268F206F9773EACCF8A9640
5846723590,"Sr. Staff Software Development Engineer, Data Collection",Morningstar,Software Engineer,IT Jobs,Lead / Architect,5,Mumbai,Maharashtra,India,"Mumbai, Maharashtra",1,full_time,unspecified,2026-08-18 18:03:42,2026-08-18,2026,8,18,Tuesday,,,,,1,1000000.0,10.0,1,19.00821,72.84415,https://www.adzuna.in/land/ad/5846723590?se=0DRLS7C78RGKj5CFZN1R3A&utm_medium=api&utm_source=f46203c2&v=3BF36C48F61521FEAE38579684A2D2D914418F4D
5846723023,"Lead Software Development Engineer, Finance Platform Automation",Morningstar,Software Engineer,IT Jobs,Lead / Architect,5,Mumbai,Maharashtra,India,"Mumbai, Maharashtra",0,full_time,unspecified,2026-08-18 18:03:32,2026-08-18,2026,8,18,Tuesday,,,,,1,1000000.0,10.0,1,19.00821,72.84415,https://www.adzuna.in/land/ad/5846723023?se=0DRLS7C78RGKj5CFZN1R3A&utm_medium=api&utm_source=f46203c2&v=35AEA2153893545267F23DEA5792C4FC07C39463
5886487662,"Engineer III, Software",Thermo Fisher Scientific,Software Engineer,IT Jobs,Senior,3,Hyderabad,Telangana,India,"Hyderabad, Telangana",0,full_time,unspecified,2026-09-16 22:35:09,2026-09-16,2026,9,16,Wednesday,,,,,1,1050000.0,10.5,1,17.40275,78.50806,https://www.adzuna.in/land/ad/5886487662?se=0DRLS7C78RGKj5CFZN1R3A&utm_medium=api&utm_source=f46203c2&v=F5F6259B6AECDFA9486193FBAFB6D945BFCC4F69
5893007482,"Engineer III, Software",Thermo Fisher Scientific,Software Engineer,IT Jobs,Senior,3,Hyderabad,Telangana,India,"Hyderabad, Telangana",0,full_time,unspecified,2026-09-21 22:36:20,2026-09-21,2026,9,21,Monday,,,,,1,1050000.0,10.5,1,17.40275,78.50806,https://www.adzuna.in/land/ad/5893007482?se=0DRLS7C78RGKj5CFZN1R3A&utm_medium=api&utm_source=f46203c2&v=1B085D57C727B9F6BD7B4F2812ABAB93DE4749C7
5886486736,"Engineer III, Software",Thermo Fisher Scientific,Software Engineer,IT Jobs,Senior,3,Bengaluru,Karnataka,India,"Bangalore, Karnataka",0,full_time,unspecified,2026-09-16 22:34:57,2026-09-16,2026,9,16,Wednesday,,,,,1,1050000.0,10.5,1,12.95703,77.59837,https://www.adzuna.in/land/ad/5886486736?se=0DRLS7C78RGKj5CFZN1R3A&utm_medium=api&utm_source=f46203c2&v=F64EB23F85E86E5F2E751020509ECD2542A0056A
5887706904,"Engineer III, Software",Thermo Fisher Scientific,Software Engineer,IT Jobs,Senior,3,Bengaluru,Karnataka,India,"Bangalore, Karnataka",0,full_time,unspecified,2026-09-17 18:26:05,2026-09-17,2026,9,17,Thursday,,,,,1,1050000.0,10.5,1,12.95703,77.59837,https://www.adzuna.in/land/ad/5887706904?se=0DRLS7C78RGKj5CFZN1R3A&utm_medium=api&utm_source=f46203c2&v=9C42A6BA81E7B71BDE673FEE923C65F8E448DC20
5888967502,"Engineer III, Software",Thermo Fisher Scientific,Software Engineer,IT Jobs,Senior,3,Bengaluru,Karnataka,India,"Bangalore, Karnataka",0,full_time,unspecified,2026-09-18 14:35:28,2026-09-18,2026,9,18,Friday,,,,,1,1050000.0,10.5,1,12.95703,77.59837,https://www.adzuna.in/land/ad/5888967502?se=0DRLS7C78RGKj5CFZN1R3A&utm_medium=api&utm_source=f46203c2&v=B66FDBD882DB35B0B3BA35E9353F654B74F0CAC4
5898263284,"Engineer III, Software",Thermo Fisher Scientific,Software Engineer,IT Jobs,Senior,3,Bengaluru,Karnataka,India,"Bangalore, Karnataka",0,full_time,unspecified,2026-09-25 16:35:01,2026-09-25,2026,9,25,Friday,,,,,1,1050000.0,10.5,1,12.95703,77.59837,https://www.adzuna.in/land/ad/5898263284?se=0DRLS7C78RGKj5CFZN1R3A&utm_medium=api&utm_source=f46203c2&v=656BE3330E38018F49639BB4BDDBCDDAAC48B2E3
5898262847,"Engineer II, Software",Thermo Fisher Scientific,Software Engineer,IT Jobs,Mid-Level,2,Bengaluru,Karnataka,India,"Bangalore, Karnataka",0,full_time,unspecified,2026-09-25 16:34:54,2026-09-25,2026,9,25,Friday,,,,,1,1000000.0,10.0,1,12.95703,77.59837,https://www.adzuna.in/land/ad/5898262847?se=0DRLS7C78RGKj5CFZN1R3A&utm_medium=api&utm_source=f46203c2&v=44F823EEB477265FC08CEA510C0C1BAEFFA70CCD
5886486643,"Engineer III, Software",Thermo Fisher Scientific,Software Engineer,IT Jobs,Senior,3,Bengaluru,Karnataka,India,"Bangalore, Karnataka",0,full_time,unspecified,2026-09-16 22:34:56,2026-09-16,2026,9,16,Wednesday,,,,,1,1050000.0,10.5,1,12.95703,77.59837,https://www.adzuna.in/land/ad/5886486643?se=0DRLS7C78RGKj5CFZN1R3A&utm_medium=api&utm_source=f46203c2&v=285333A2E5E1A51B4A5D9F546ACC891D94EC515B
5887707020,"Engineer II, Software",Thermo Fisher Scientific,Software Engineer,IT Jobs,Mid-Level,2,Bengaluru,Karnataka,India,"Bangalore, Karnataka",0,full_time,unspecified,2026-09-17 18:26:24,2026-09-17,2026,9,17,Thursday,,,,,1,1000000.0,10.0,1,12.95703,77.59837,https://www.adzuna.in/land/ad/5887707020?se=0DRLS7C78RGKj5CFZN1R3A&utm_medium=api&utm_source=f46203c2&v=E7E4F7C97BC6CEEAC8546C7BB8A019177B6D1508
5887707079,"Engineer II, Software Test",Thermo Fisher Scientific,Software Engineer,IT Jobs,Mid-Level,2,Bengaluru,Karnataka,India,"Bangalore, Karnataka",0,full_time,unspecified,2026-09-17 18:26:32,2026-09-17,2026,9,17,Thursday,,,,,1,1000000.0,10.0,1,12.95703,77.59837,https://www.adzuna.in/land/ad/5887707079?se=0DRLS7C78RGKj5CFZN1R3A&utm_medium=api&utm_source=f46203c2&v=8EC81675E75318A77DA6957C6BAE7753237B923B
5886486633,Software Quality Automation Engineer – Python & Playwright,Thermo Fisher Scientific,Software Engineer,IT Jobs,Mid-Level,2,Bengaluru,Karnataka,India,"Bangalore, Karnataka",0,full_time,unspecified,2026-09-16 22:34:55,2026-09-16,2026,9,16,Wednesday,,,,,1,1000000.0,10.0,1,12.95703,77.59837,https://www.adzuna.in/land/ad/5886486633?se=0DRLS7C78RGKj5CFZN1R3A&utm_medium=api&utm_source=f46203c2&v=B02B5F0F42C242233F619B403EDE25AFED3976AE
5886486750,Manager R&D,Thermo Fisher Scientific,Software Engineer,IT Jobs,Manager,4,Hyderabad,Telangana,India,"Hyderabad, Telangana",0,full_time,unspecified,2026-09-16 22:34:58,2026-09-16,2026,9,16,Wednesday,,,,,1,1000000.0,10.0,1,17.40275,78.50806,https://www.adzuna.in/land/ad/5886486750?se=0DRLS7C78RGKj5CFZN1R3A&utm_medium=api&utm_source=f46203c2&v=86A8FE6FBA5B1ECB96A430950AC01787B2C25736
5886486733,Senior DevOps Engineer – AI Enablement,Thermo Fisher Scientific,Software Engineer,IT Jobs,Senior,3,Bengaluru,Karnataka,India,"Bangalore, Karnataka",0,full_time,unspecified,2026-09-16 22:34:57,2026-09-16,2026,9,16,Wednesday,,,,,1,1050000.0,10.5,1,12.95703,77.59837,https://www.adzuna.in/land/ad/5886486733?se=0DRLS7C78RGKj5CFZN1R3A&utm_medium=api&utm_source=f46203c2&v=5046F1A0799D6B46B5BB1AEF70CC4ABAB21B949A
5879661783,Vertical Head -,Antal International,Software Engineer,Engineering Jobs,Mid-Level,2,Unspecified / Pan-India,Unspecified,India,India,0,unspecified,unspecified,2026-09-11 17:12:25,2026-09-11,2026,9,11,Friday,,,,,1,1000000.0,10.0,1,,,https://www.adzuna.in/land/ad/5879661783?se=0DRLS7C78RGKj5CFZN1R3A&utm_medium=api&utm_source=f46203c2&v=14C040580C70427E7421304C4E06898A82EA1367
5890612049,Member of Technical Staff,ThoughtSpot,Software Engineer,IT Jobs,Lead / Architect,5,Trivandrum,Kerala,India,"Trivandrum, Thiruvananthapuram",0,unspecified,unspecified,2026-09-19 17:32:18,2026-09-19,2026,9,19,Saturday,,,,,1,1000000.0,10.0,1,8.49239,76.93365,https://www.adzuna.in/land/ad/5890612049?se=0DRLS7C78RGKj5CFZN1R3A&utm_medium=api&utm_source=f46203c2&v=B8C5D44012F2D542777603946C4051CEAA3B23DE
5889223228,AWS Data Engineer,Tata Consultancy Services,Software Engineer,IT Jobs,Mid-Level,2,Unspecified / Pan-India,Unspecified,India,India,0,unspecified,unspecified,2026-09-18 17:32:17,2026-09-18,2026,9,18,Friday,,,,,1,1000000.0,10.0,1,,,https://www.adzuna.in/land/ad/5889223228?se=0DRLS7C78RGKj5CFZN1R3A&utm_medium=api&utm_source=f46203c2&v=E00D0264822C17C5C95C2D8C52BA8A7B889C29F6
5864423015,"Sr Engineer, Software - AI Database Automation [T500-27555]",TMUS Global Solutions,Software Engineer,IT Jobs,Senior,3,Hyderabad,Telangana,India,"Hyderabad, Telangana",0,unspecified,unspecified,2026-09-01 16:20:05,2026-09-01,2026,9,1,Tuesday,,,,,1,1050000.0,10.5,1,17.40275,78.50806,https://www.adzuna.in/land/ad/5864423015?se=0DRLS7C78RGKj5CFZN1R3A&utm_medium=api&utm_source=f46203c2&v=28833719C0D2B31AAB8890912614E2F544E00207
5891689154,Data engineer - AWS,Tata Consultancy Services,Software Engineer,IT Jobs,Mid-Level,2,Unspecified / Pan-India,Unspecified,India,India,0,unspecified,unspecified,2026-09-20 17:30:55,2026-09-20,2026,9,20,Sunday,,,,,1,1000000.0,10.0,1,,,https://www.adzuna.in/land/ad/5891689154?se=0DRLS7C78RGKj5CFZN1R3A&utm_medium=api&utm_source=f46203c2&v=A37A5231C17814F7EAAA27F5E33C4703A38A9CB8
5895239478,Front-End Developer – SCG India,SCG,Software Engineer,IT Jobs,Mid-Level,2,Unspecified / Pan-India,Unspecified,India,India,0,unspecified,unspecified,2026-09-23 19:41:02,2026-09-23,2026,9,23,Wednesday,,,,,1,1000000.0,10.0,1,,,https://www.adzuna.in/land/ad/5895239478?se=0DRLS7C78RGKj5CFZN1R3A&utm_medium=api&utm_source=f46203c2&v=A5EBC0717373016F466770F6E471584D41415360
5897295334,Java Backend Developer,Ascendion,Software Engineer,IT Jobs,Mid-Level,2,Bengaluru,Karnataka,India,"Bangalore, Karnataka",0,unspecified,unspecified,2026-09-25 01:55:25,2026-09-25,2026,9,25,Friday,,,,,1,1000000.0,10.0,1,,,https://www.adzuna.in/land/ad/5897295334?se=0DRLS7C78RGKj5CFZN1R3A&utm_medium=api&utm_source=f46203c2&v=AE480AD2A9BC5F3282605A7553D20FCAFBAE624F
5895238681,CAE Sales Engineer,CADOpt Technologies Private Limited,Software Engineer,Sales Jobs,Mid-Level,2,Unspecified / Pan-India,Unspecified,India,India,0,unspecified,unspecified,2026-09-23 19:37:16,2026-09-23,2026,9,23,Wednesday,,,,,1,1000000.0,10.0,1,,,https://www.adzuna.in/land/ad/5895238681?se=0DRLS7C78RGKj5CFZN1R3A&utm_medium=api&utm_source=f46203c2&v=C5684CEA51FB76013E530895BD6DD1C09F734F2D
5879664236,Senior Engineer Software - Front End [T500-29253],Albertsons Companies India,Software Engineer,IT Jobs,Senior,3,Bengaluru,Karnataka,India,"Bangalore, Karnataka",0,unspecified,unspecified,2026-09-11 17:13:17,2026-09-11,2026,9,11,Friday,,,,,1,1050000.0,10.5,1,,,https://www.adzuna.in/land/ad/5879664236?se=0DRLS7C78RGKj5CFZN1R3A&utm_medium=api&utm_source=f46203c2&v=BBF335F223D83FB6DC69BFF429B7F785EAA42B1F
5875419824,AWS Data Engineer,Tata Consultancy Services,Software Engineer,IT Jobs,Mid-Level,2,Bengaluru,Karnataka,India,"Bangalore, Karnataka",0,unspecified,unspecified,2026-09-08 14:41:18,2026-09-08,2026,9,8,Tuesday,,,,,1,1000000.0,10.0,1,,,https://www.adzuna.in/land/ad/5875419824?se=0DRLS7C78RGKj5CFZN1R3A&utm_medium=api&utm_source=f46203c2&v=ADB51E745D8AAAD138C26BB24941D6939B08F6B1
5884588554,AWS Data Engineer,Tata Consultancy Services,Software Engineer,IT Jobs,Mid-Level,2,Unspecified / Pan-India,Unspecified,India,India,0,unspecified,unspecified,2026-09-15 17:26:55,2026-09-15,2026,9,15,Tuesday,,,,,1,1000000.0,10.0,1,,,https://www.adzuna.in/land/ad/5884588554?se=0DRLS7C78RGKj5CFZN1R3A&utm_medium=api&utm_source=f46203c2&v=A8150B41324B551134A7ECF37953468517F4184B
5886486764,Engineering Manager,Thermo Fisher Scientific,Software Engineer,IT Jobs,Manager,4,Bengaluru,Karnataka,India,"Bangalore, Karnataka",0,full_time,unspecified,2026-09-16 22:34:59,2026-09-16,2026,9,16,Wednesday,,,,,1,1000000.0,10.0,1,12.95703,77.59837,https://www.adzuna.in/land/ad/5886486764?se=0DRLS7C78RGKj5CFZN1R3A&utm_medium=api&utm_source=f46203c2&v=4B42D4D0ACB07E1AC610BBEC12B91FA3AC9DFBA6
5879665052,Associate - Technical Content | HigherEducation,upGrad,Software Engineer,IT Jobs,Entry / Junior,1,Unspecified / Pan-India,Unspecified,India,India,0,unspecified,unspecified,2026-09-11 17:13:35,2026-09-11,2026,9,11,Friday,,,,,1,1000000.0,10.0,1,,,https://www.adzuna.in/land/ad/5879665052?se=0DRLS7C78RGKj5CFZN1R3A&utm_medium=api&utm_source=f46203c2&v=F659ADC73D39B2C406CB73C187CA47E1537E80FC
5886486728,Sr. Engineering Manager,Thermo Fisher Scientific,Software Engineer,IT Jobs,Manager,4,Bengaluru,Karnataka,India,"Bangalore, Karnataka",0,full_time,unspecified,2026-09-16 22:34:56,2026-09-16,2026,9,16,Wednesday,,,,,1,1000000.0,10.0,1,12.95703,77.59837,https://www.adzuna.in/land/ad/5886486728?se=0DRLS7C78RGKj5CFZN1R3A&utm_medium=api&utm_source=f46203c2&v=945710DBCC3F1B3A536F30F7243C21CDADD83B63
5837138914,Senior Principal Al Engineer,Cornerstone OnDemand,Software Engineer,IT Jobs,Lead / Architect,5,Hyderabad,Telangana,India,"Hyderabad, Telangana",0,full_time,unspecified,2026-08-12 01:59:19,2026-08-12,2026,8,12,Wednesday,,,,,1,1000000.0,10.0,1,17.40275,78.50806,https://www.adzuna.in/land/ad/5837138914?se=0DRLS7C78RGKj5CFZN1R3A&utm_medium=api&utm_source=f46203c2&v=D55902F72783C58CC4708CC6012C052107B7819B
5870527485,Data Engineer,Persistent Systems,Software Engineer,IT Jobs,Mid-Level,2,Unspecified / Pan-India,Unspecified,India,India,0,full_time,unspecified,2026-09-04 16:57:28,2026-09-04,2026,9,4,Friday,,,,,1,1000000.0,10.0,1,,,https://www.adzuna.in/land/ad/5870527485?se=0DRLS7C78RGKj5CFZN1R3A&utm_medium=api&utm_source=f46203c2&v=0867559E57E9988A84DE34F3F3985DF1758422F0
5886486828,Engineer II – Control Software,Thermo Fisher Scientific,Software Engineer,IT Jobs,Mid-Level,2,Bengaluru,Karnataka,India,"Bangalore, Karnataka",0,full_time,unspecified,2026-09-16 22:34:59,2026-09-16,2026,9,16,Wednesday,,,,,1,1000000.0,10.0,1,12.95703,77.59837,https://www.adzuna.in/land/ad/5886486828?se=0DRLS7C78RGKj5CFZN1R3A&utm_medium=api&utm_source=f46203c2&v=55A568C2A28DBE45B848FAD8F288DF6184167DBA
5870526787,AWS Data Engineer,Tata Consultancy Services,Software Engineer,IT Jobs,Mid-Level,2,Bengaluru,Karnataka,India,"Bangalore, Karnataka",0,full_time,unspecified,2026-09-04 16:57:09,2026-09-04,2026,9,4,Friday,,,,,1,1000000.0,10.0,1,,,https://www.adzuna.in/land/ad/5870526787?se=0DRLS7C78RGKj5CFZN1R3A&utm_medium=api&utm_source=f46203c2&v=61E89976E82C5C49FF7280F2A676B0F9A6174F92
5882598075,Frontend Engineer (Remote),Hired,Software Engineer,IT Jobs,Mid-Level,2,Remote,Remote,India,India,1,full_time,unspecified,2026-09-13 17:22:23,2026-09-13,2026,9,13,Sunday,,,,,1,1000000.0,10.0,1,,,https://www.adzuna.in/land/ad/5882598075?se=0DRLS7C78RGKj5CFZN1R3A&utm_medium=api&utm_source=f46203c2&v=701FCB3ABA6AF60B74FB765391E007927E11BAF1
5871992629,AWS Data Engineer,Tata Consultancy Services,Software Engineer,IT Jobs,Mid-Level,2,Unspecified / Pan-India,Unspecified,India,India,0,full_time,unspecified,2026-09-05 18:31:46,2026-09-05,2026,9,5,Saturday,,,,,1,1000000.0,10.0,1,,,https://www.adzuna.in/land/ad/5871992629?se=0DRLS7C78RGKj5CFZN1R3A&utm_medium=api&utm_source=f46203c2&v=D695C39802AB10364EF5B6CEDC3C9C6B726EB3F9
5873074744,AWS Data Engineer,Tata Consultancy Services,Software Engineer,IT Jobs,Mid-Level,2,Bengaluru,Karnataka,India,"Bangalore, Karnataka",0,full_time,unspecified,2026-09-06 18:36:17,2026-09-06,2026,9,6,Sunday,,,,,1,1000000.0,10.0,1,,,https://www.adzuna.in/land/ad/5873074744?se=0DRLS7C78RGKj5CFZN1R3A&utm_medium=api&utm_source=f46203c2&v=6BBF9040AF17E241D050A1E09FB739BCCEFF426B
5886487622,Engineer III – Control Software,Thermo Fisher Scientific,Software Engineer,IT Jobs,Senior,3,Bengaluru,Karnataka,India,"Bangalore, Karnataka",0,full_time,unspecified,2026-09-16 22:35:06,2026-09-16,2026,9,16,Wednesday,,,,,1,1050000.0,10.5,1,12.95703,77.59837,https://www.adzuna.in/land/ad/5886487622?se=0DRLS7C78RGKj5CFZN1R3A&utm_medium=api&utm_source=f46203c2&v=E2FCC44D43B273770FA244F6260D39905B203E37
5886486719,"Staff Engineer, DevOps Engineering",Thermo Fisher Scientific,Software Engineer,IT Jobs,Lead / Architect,5,Bengaluru,Karnataka,India,"Bangalore, Karnataka",0,full_time,unspecified,2026-09-16 22:34:56,2026-09-16,2026,9,16,Wednesday,,,,,1,1000000.0,10.0,1,12.95703,77.59837,https://www.adzuna.in/land/ad/5886486719?se=0DRLS7C78RGKj5CFZN1R3A&utm_medium=api&utm_source=f46203c2&v=35247D7684AF942C4AA5B10D2C98DA285DB723A7
5898128398,Key Account Sales Manager,Information Tech Consultants,Software Engineer,IT Jobs,Manager,4,Remote,Remote,India,India,1,full_time,unspecified,2026-09-25 15:23:14,2026-09-25,2026,9,25,Friday,,,,,1,1000000.0,10.0,1,,,https://www.adzuna.in/land/ad/5898128398?se=0DRLS7C78RGKj5CFZN1R3A&utm_medium=api&utm_source=f46203c2&v=94AEAA2ADD73B66DFAD77E1A15BB4F8AFD495D4C
5886611005,Manhattan Active ProActive Technology | 12 Yrs | PAN India,NeerInfo Solutions,Software Engineer,IT Jobs,Mid-Level,2,Bengaluru,Karnataka,India,"Bangalore, Karnataka",0,full_time,unspecified,2026-09-17 01:17:22,2026-09-17,2026,9,17,Thursday,,,,,1,1000000.0,10.0,1,,,https://www.adzuna.in/land/ad/5886611005?se=0DRLS7C78RGKj5CFZN1R3A&utm_medium=api&utm_source=f46203c2&v=3CF5ED4321ABFC67A8ACC6D49941B5DD64AE1B3F
5898129668,Business Development Key Account Manager,Information Tech Consultants,Software Engineer,IT Jobs,Manager,4,Remote,Remote,India,India,1,full_time,unspecified,2026-09-25 15:24:06,2026-09-25,2026,9,25,Friday,,,,,1,1000000.0,10.0,1,,,https://www.adzuna.in/land/ad/5898129668?se=0DRLS7C78RGKj5CFZN1R3A&utm_medium=api&utm_source=f46203c2&v=8027EE4A3DEE2A63FD4AB9B8349A0F2176D0D09F
5875419658,Walk in Interview - AWS Data Engineer,Tata Consultancy Services,Software Engineer,IT Jobs,Mid-Level,2,Bengaluru,Karnataka,India,"Bangalore, Karnataka",0,full_time,unspecified,2026-09-08 14:40:41,2026-09-08,2026,9,8,Tuesday,,,,,1,1000000.0,10.0,1,,,https://www.adzuna.in/land/ad/5875419658?se=0DRLS7C78RGKj5CFZN1R3A&utm_medium=api&utm_source=f46203c2&v=1BFF070A9A8C512795DE2EDB53D6FA5E5458E926
5901928861,Senior Data Scientist – Industrial AI & Optimization,Algo8 AI,Software Engineer,IT Jobs,Senior,3,Noida,Uttar Pradesh,India,"Noida, Ghaziabad",0,unspecified,unspecified,2026-09-29 02:10:33,2026-09-29,2026,9,29,Tuesday,,,,,1,1050000.0,10.5,1,28.56579,77.3225,https://www.adzuna.in/land/ad/5901928861?se=0DRLS7C78RGKj5CFZN1R3A&utm_medium=api&utm_source=f46203c2&v=39B04563DF3636EE113D91EA31DFB39663A27176
5837138846,Technology Lead,Kyndryl,Software Engineer,IT Jobs,Lead / Architect,5,Bengaluru,Karnataka,India,"Bangalore, Karnataka",0,full_time,unspecified,2026-08-12 01:59:18,2026-08-12,2026,8,12,Wednesday,,,,,1,1000000.0,10.0,1,12.95703,77.59837,https://www.adzuna.in/land/ad/5837138846?se=0DRLS7C78RGKj5CFZN1R3A&utm_medium=api&utm_source=f46203c2&v=5CA98E871D89F50C0176F8619D4E14AC29EBB908
5897296617,Director of Technology Academy,Client of Mancer,Software Engineer,IT Jobs,Executive / Director,6,Unspecified / Pan-India,Unspecified,India,India,0,unspecified,unspecified,2026-09-25 01:59:26,2026-09-25,2026,9,25,Friday,,,,,1,1000000.0,10.0,1,,,https://www.adzuna.in/land/ad/5897296617?se=0DRLS7C78RGKj5CFZN1R3A&utm_medium=api&utm_source=f46203c2&v=B315D275A9B70D911C19EC2E44BBAD3E80EAF32B
5901137641,Associate Instructor - Software and Web Development,Newton School,Software Engineer,IT Jobs,Entry / Junior,1,Unspecified / Pan-India,Unspecified,India,India,0,unspecified,unspecified,2026-09-28 07:41:02,2026-09-28,2026,9,28,Monday,,,,,1,1000000.0,10.0,1,,,https://www.adzuna.in/land/ad/5901137641?se=0DRLS7C78RGKj5CFZN1R3A&utm_medium=api&utm_source=f46203c2&v=017AB9F1E4BE34B6C136CADE2DFF2FE74551073C
5880062262,AI & Machine Learning,Kotak Neo,Software Engineer,IT Jobs,Mid-Level,2,Mumbai,Maharashtra,India,"Mumbai, Maharashtra",0,unspecified,unspecified,2026-09-12 01:03:48,2026-09-12,2026,9,12,Saturday,,,,,1,1000000.0,10.0,1,19.00821,72.84415,https://www.adzuna.in/land/ad/5880062262?se=0DRLS7C78RGKj5CFZN1R3A&utm_medium=api&utm_source=f46203c2&v=EC74E214D0612FE80831EDD83B8CF67B6032A3E9
5882593345,Senior Data Engineer - L3,Wayfair,Software Engineer,IT Jobs,Senior,3,Bengaluru,Karnataka,India,"Bangalore, Karnataka",0,unspecified,unspecified,2026-09-13 17:19:03,2026-09-13,2026,9,13,Sunday,,,,,1,1050000.0,10.5,1,,,https://www.adzuna.in/land/ad/5882593345?se=0DRLS7C78RGKj5CFZN1R3A&utm_medium=api&utm_source=f46203c2&v=95D237BF5FF57271D96A5F37A626ADFC65C137CB
5897294628,Senior Data Engineer (India - Remote),Anson McCade,Software Engineer,IT Jobs,Senior,3,Remote,Remote,India,India,1,unspecified,unspecified,2026-09-25 01:52:32,2026-09-25,2026,9,25,Friday,,,,,1,1050000.0,10.5,1,,,https://www.adzuna.in/land/ad/5897294628?se=WueKTLC78RGh8MIOntL-mw&utm_medium=api&utm_source=f46203c2&v=EFB4753992C9E951231521F683D3EEC99735998A
5898127916,Technical Lead – Agile Delivery (Tech Lead  Scrum Master),Shift AI,Software Engineer,IT Jobs,Lead / Architect,5,Bengaluru,Karnataka,India,"Bangalore, Karnataka",0,unspecified,unspecified,2026-09-25 15:22:48,2026-09-25,2026,9,25,Friday,,,,,1,1000000.0,10.0,1,,,https://www.adzuna.in/land/ad/5898127916?se=WueKTLC78RGh8MIOntL-mw&utm_medium=api&utm_source=f46203c2&v=05EB0E97584BE660FFBE7B6396978928FEE76E00
5897873998,IT Software Asset Management (SAM) Engineer,Persistent Systems,Software Engineer,IT Jobs,Manager,4,Unspecified / Pan-India,Unspecified,India,India,0,full_time,unspecified,2026-09-25 09:58:00,2026-09-25,2026,9,25,Friday,,,,,1,1000000.0,10.0,1,,,https://www.adzuna.in/land/ad/5897873998?se=WueKTLC78RGh8MIOntL-mw&utm_medium=api&utm_source=f46203c2&v=545E89EBAF3FD18B106D9F1E4B5FAF6EAD44E25E
5864438295,Oracle RMS,Recro,Software Engineer,IT Jobs,Mid-Level,2,Bengaluru,Karnataka,India,"Bangalore, Karnataka",0,unspecified,unspecified,2026-09-01 16:22:44,2026-09-01,2026,9,1,Tuesday,,,,,1,1000000.0,10.0,1,,,https://www.adzuna.in/land/ad/5864438295?se=WueKTLC78RGh8MIOntL-mw&utm_medium=api&utm_source=f46203c2&v=5CD84E0476CF1CBB01019F02EC0390127C1967D4
5889221602,"Senior Engineer, IT Software [T500-28160]",ANSR,Software Engineer,IT Jobs,Senior,3,Hyderabad,Telangana,India,"Hyderabad, Telangana",0,unspecified,unspecified,2026-09-18 17:30:40,2026-09-18,2026,9,18,Friday,,,,,1,1050000.0,10.5,1,17.40275,78.50806,https://www.adzuna.in/land/ad/5889221602?se=WueKTLC78RGh8MIOntL-mw&utm_medium=api&utm_source=f46203c2&v=EFDEB88730D8985C9CE040361850AC94FF7D7C7E
5879664745,"Engineer, IT Software - Fullstack [T500-29294]",ANSR,Software Engineer,IT Jobs,Mid-Level,2,Hyderabad,Telangana,India,"Hyderabad, Telangana",0,unspecified,unspecified,2026-09-11 17:13:27,2026-09-11,2026,9,11,Friday,,,,,1,1000000.0,10.0,1,17.40275,78.50806,https://www.adzuna.in/land/ad/5879664745?se=WueKTLC78RGh8MIOntL-mw&utm_medium=api&utm_source=f46203c2&v=F6E26FE0E60249115265F851F0F6268AFAB74608
5890613599,"Sr Engineer, IT Software [T500-29408]",ANSR,Software Engineer,IT Jobs,Senior,3,Hyderabad,Telangana,India,"Hyderabad, Telangana",0,unspecified,unspecified,2026-09-19 17:35:59,2026-09-19,2026,9,19,Saturday,,,,,1,1050000.0,10.5,1,17.40275,78.50806,https://www.adzuna.in/land/ad/5890613599?se=WueKTLC78RGh8MIOntL-mw&utm_medium=api&utm_source=f46203c2&v=F2A1DB662ACA859911B164713820E562EE3252A9
5851435811,Senior Architect — AI Enablement,Danaher,Software Engineer,IT Jobs,Lead / Architect,5,Bengaluru,Karnataka,India,"Bangalore, Karnataka",0,full_time,unspecified,2026-08-22 02:06:03,2026-08-22,2026,8,22,Saturday,,,,,1,1000000.0,10.0,1,12.95703,77.59837,https://www.adzuna.in/land/ad/5851435811?se=WueKTLC78RGh8MIOntL-mw&utm_medium=api&utm_source=f46203c2&v=3E71FB484592B6F6A094CCCB24D632D5C4E2BCCB
5880953309,Senior Data Engineer,Evernorth Health Services,Software Engineer,IT Jobs,Senior,3,Hyderabad,Telangana,India,"Hyderabad, Telangana",0,unspecified,unspecified,2026-09-12 17:21:15,2026-09-12,2026,9,12,Saturday,,,,,1,1050000.0,10.5,1,17.40275,78.50806,https://www.adzuna.in/land/ad/5880953309?se=WueKTLC78RGh8MIOntL-mw&utm_medium=api&utm_source=f46203c2&v=21025C861C1D1F21E86067DB5C48C1FEB27BFD41
5898129441,Lead Technical Consultant (Lead Java Developer),Zafin,Software Engineer,IT Jobs,Lead / Architect,5,Thiruvananthapuram,Kerala,India,"Thiruvananthapuram, Kerala",0,unspecified,unspecified,2026-09-25 15:23:54,2026-09-25,2026,9,25,Friday,,,,,1,1000000.0,10.0,1,8.38159,77.0037,https://www.adzuna.in/land/ad/5898129441?se=WueKTLC78RGh8MIOntL-mw&utm_medium=api&utm_source=f46203c2&v=8F35F4271ADD4AF8E40E9E522014D3FECB7F9090
5887061477,ML ENGINEER II,TE Connectivity,Software Engineer,IT Jobs,Mid-Level,2,Bengaluru,Karnataka,India,"Bangalore, Karnataka",0,full_time,unspecified,2026-09-17 08:31:14,2026-09-17,2026,9,17,Thursday,,,,,1,1000000.0,10.0,1,12.95703,77.59837,https://www.adzuna.in/land/ad/5887061477?se=WueKTLC78RGh8MIOntL-mw&utm_medium=api&utm_source=f46203c2&v=0052C107680FE62929E796F178A796F5233E09F6
5877452317,Senior Data Scientist,Confidential Jobs,Software Engineer,IT Jobs,Senior,3,Bengaluru,Karnataka,India,"Bangalore, Karnataka",0,unspecified,unspecified,2026-09-10 00:58:53,2026-09-10,2026,9,10,Thursday,,,,,1,1050000.0,10.5,1,,,https://www.adzuna.in/land/ad/5877452317?se=WueKTLC78RGh8MIOntL-mw&utm_medium=api&utm_source=f46203c2&v=F522953201E0B58574ED6B98C70017EFCA7EF253
5837139244,AI/ML Specialist,Kyndryl,Software Engineer,IT Jobs,Mid-Level,2,Bengaluru,Karnataka,India,"Bangalore, Karnataka",0,full_time,unspecified,2026-08-12 01:59:32,2026-08-12,2026,8,12,Wednesday,,,,,1,1000000.0,10.0,1,12.95703,77.59837,https://www.adzuna.in/land/ad/5837139244?se=WueKTLC78RGh8MIOntL-mw&utm_medium=api&utm_source=f46203c2&v=A7235BDE78DC7E607363271A24ABA0AEE0516716
5887707078,"Head DDIT ISC Software Development Governance, Integrity & Secure Software Development Life Cycle (SDLC)",Novartis,Software Engineer,IT Jobs,Mid-Level,2,Unspecified / Pan-India,Unspecified,India,India,0,full_time,unspecified,2026-09-17 18:26:32,2026-09-17,2026,9,17,Thursday,,,,,1,1000000.0,10.0,1,,,https://www.adzuna.in/land/ad/5887707078?se=WueKTLC78RGh8MIOntL-mw&utm_medium=api&utm_source=f46203c2&v=DFEA1DE2236E16626B30F90F655AAA061BD0B68B
5895030979,Software Development Manager - MS D365 CRM/CE,VeriPark,Software Engineer,IT Jobs,Manager,4,Unspecified / Pan-India,Unspecified,India,India,0,unspecified,unspecified,2026-09-23 15:38:33,2026-09-23,2026,9,23,Wednesday,,,,,1,1000000.0,10.0,1,,,https://www.adzuna.in/land/ad/5895030979?se=WueKTLC78RGh8MIOntL-mw&utm_medium=api&utm_source=f46203c2&v=0F7DB3A7FDA04B8C8E7AD0C6FC19BFAEEDA10A85
5901934091,Graduate Trainee – PV-Technology & AI/ML R&D,Prismagic Solutions Inc.,Software Engineer,Graduate Jobs,Entry / Junior,1,Noida,Uttar Pradesh,India,"Noida, Ghaziabad",0,full_time,unspecified,2026-09-29 02:19:15,2026-09-29,2026,9,29,Tuesday,,,,,1,1000000.0,10.0,1,28.56579,77.3225,https://www.adzuna.in/land/ad/5901934091?se=WueKTLC78RGh8MIOntL-mw&utm_medium=api&utm_source=f46203c2&v=B846F4405BA1DFD96B53FAB2B8F3C8D8A766F5E4
5837139101,Software Developer - AI,Kyndryl,Software Engineer,IT Jobs,Mid-Level,2,Gurugram,Haryana,India,"Gurgaon, Haryana",0,full_time,unspecified,2026-08-12 01:59:27,2026-08-12,2026,8,12,Wednesday,,,,,1,1000000.0,10.0,1,28.323996,76.983738,https://www.adzuna.in/land/ad/5837139101?se=WueKTLC78RGh8MIOntL-mw&utm_medium=api&utm_source=f46203c2&v=61F3A9F15FEE752B93A2E1BD1C355743A71CB86F
5864438685,Sr. Data Engineer,Insight Global,Software Engineer,IT Jobs,Senior,3,Hyderabad,Telangana,India,"Hyderabad, Telangana",0,unspecified,unspecified,2026-09-01 16:22:47,2026-09-01,2026,9,1,Tuesday,,,,,1,1050000.0,10.5,1,17.40275,78.50806,https://www.adzuna.in/land/ad/5864438685?se=WueKTLC78RGh8MIOntL-mw&utm_medium=api&utm_source=f46203c2&v=86F1C898ED60A3479DBA45B9EA67C512E16C96FA
5898127477,Senior User Experience Designer,HCLTech,Software Engineer,IT Jobs,Senior,3,Bengaluru,Karnataka,India,"Bangalore, Karnataka",0,unspecified,unspecified,2026-09-25 15:22:22,2026-09-25,2026,9,25,Friday,,,,,1,1050000.0,10.5,1,,,https://www.adzuna.in/land/ad/5898127477?se=WueKTLC78RGh8MIOntL-mw&utm_medium=api&utm_source=f46203c2&v=F4B24B5B8759E93A0D0995D5D7A99F165B98777C
5864435639,Sr. Python Backend Developer – FastAPI / Django / Flask  AppDynamics | 7 Years | Any UST Location | Immediate Joiner,UST,Software Engineer,IT Jobs,Senior,3,Bengaluru,Karnataka,India,"Bangalore, Karnataka",0,unspecified,unspecified,2026-09-01 16:22:22,2026-09-01,2026,9,1,Tuesday,,,,,1,1050000.0,10.5,1,,,https://www.adzuna.in/land/ad/5864435639?se=WueKTLC78RGh8MIOntL-mw&utm_medium=api&utm_source=f46203c2&v=AB6DEE303904CE26FE3E5CB11C8BCAB6177FCE7F
5901928126,SDET,Quest Global,Software Engineer,IT Jobs,Mid-Level,2,Hyderabad,Telangana,India,"Hyderabad, Telangana",0,unspecified,unspecified,2026-09-29 02:06:37,2026-09-29,2026,9,29,Tuesday,,,,,1,1000000.0,10.0,1,17.40275,78.50806,https://www.adzuna.in/land/ad/5901928126?se=WueKTLC78RGh8MIOntL-mw&utm_medium=api&utm_source=f46203c2&v=CD425907EF9B9C98F4CFAC5FBAF31159C27E71A8
5888967524,"Engineering Manager (C# .NET, Cloud)",Danaher,Software Engineer,IT Jobs,Manager,4,Bengaluru,Karnataka,India,"Bangalore, Karnataka",0,full_time,unspecified,2026-09-18 14:35:28,2026-09-18,2026,9,18,Friday,,,,,1,1000000.0,10.0,1,12.95703,77.59837,https://www.adzuna.in/land/ad/5888967524?se=WueKTLC78RGh8MIOntL-mw&utm_medium=api&utm_source=f46203c2&v=C2542EDD4A39F68B1215AC4F8CF429303ABEC4C9
5880523763,Senior Principal Al Engineer,Cornerstone OnDemand,Software Engineer,IT Jobs,Lead / Architect,5,Hyderabad,Telangana,India,"Hyderabad, Telangana",0,full_time,unspecified,2026-09-12 08:31:36,2026-09-12,2026,9,12,Saturday,,,,,1,1000000.0,10.0,1,17.40275,78.50806,https://www.adzuna.in/land/ad/5880523763?se=WueKTLC78RGh8MIOntL-mw&utm_medium=api&utm_source=f46203c2&v=9C8D7453076BF13F77F9932D11AA4A1A75B676F2
5856695827,Senior QA,Kyndryl,Software Engineer,IT Jobs,Senior,3,Bengaluru,Karnataka,India,"Bangalore, Karnataka",0,full_time,unspecified,2026-08-26 16:10:04,2026-08-26,2026,8,26,Wednesday,,,,,1,1050000.0,10.5,1,12.95703,77.59837,https://www.adzuna.in/land/ad/5856695827?se=WueKTLC78RGh8MIOntL-mw&utm_medium=api&utm_source=f46203c2&v=F814F4936CACD42CF2B79DB2C9CDE1657F396486
5893512642,Senior QA Role,Kyndryl,Software Engineer,IT Jobs,Senior,3,Bengaluru,Karnataka,India,"Bangalore, Karnataka",0,full_time,unspecified,2026-09-22 08:32:31,2026-09-22,2026,9,22,Tuesday,,,,,1,1050000.0,10.5,1,12.95703,77.59837,https://www.adzuna.in/land/ad/5893512642?se=WueKTLC78RGh8MIOntL-mw&utm_medium=api&utm_source=f46203c2&v=83AB8EF9337FDDD3B64AEE848BB174A8AD5226CF
5886486727,"Engineer II, DevOps Engineering",Thermo Fisher Scientific,Software Engineer,IT Jobs,Mid-Level,2,Bengaluru,Karnataka,India,"Bangalore, Karnataka",0,full_time,unspecified,2026-09-16 22:34:56,2026-09-16,2026,9,16,Wednesday,,,,,1,1000000.0,10.0,1,12.95703,77.59837,https://www.adzuna.in/land/ad/5886486727?se=WueKTLC78RGh8MIOntL-mw&utm_medium=api&utm_source=f46203c2&v=568B1E21CD89C5EB2424C280DD7BCE01584B2BAF
5889214919,Senior Backend Engineer (Python),ShimentoX Technologies,Software Engineer,IT Jobs,Senior,3,Hyderabad,Telangana,India,"Hyderabad, Telangana",0,full_time,unspecified,2026-09-18 17:28:23,2026-09-18,2026,9,18,Friday,,,,,1,1050000.0,10.5,1,17.40275,78.50806,https://www.adzuna.in/land/ad/5889214919?se=WueKTLC78RGh8MIOntL-mw&utm_medium=api&utm_source=f46203c2&v=BD3E816877193039D73A7C7E6AA635450B834BCF
5889219327,Senior Backend Engineer (Python),ShimentoX Technologies,Software Engineer,IT Jobs,Senior,3,Bengaluru,Karnataka,India,"Bangalore, Karnataka",0,full_time,unspecified,2026-09-18 17:29:26,2026-09-18,2026,9,18,Friday,,,,,1,1050000.0,10.5,1,,,https://www.adzuna.in/land/ad/5889219327?se=WueKTLC78RGh8MIOntL-mw&utm_medium=api&utm_source=f46203c2&v=7C0B9AA58BBF8A9D23F7E8D52E7DAB0EBC62063F
5875419844,Data Engineer,ValueLabs,Software Engineer,IT Jobs,Mid-Level,2,Hyderabad,Telangana,India,"Hyderabad, Telangana",0,unspecified,unspecified,2026-09-08 14:41:19,2026-09-08,2026,9,8,Tuesday,,,,,1,1000000.0,10.0,1,17.40275,78.50806,https://www.adzuna.in/land/ad/5875419844?se=WueKTLC78RGh8MIOntL-mw&utm_medium=api&utm_source=f46203c2&v=1645E3C7259B1A424B5D0BBA68A5C98E46290FCE
5889219814,Quality Assurance Manager,Opus Recruitment Solutions,Software Engineer,IT Jobs,Manager,4,Hyderabad,Telangana,India,"Hyderabad, Telangana",0,full_time,unspecified,2026-09-18 17:29:35,2026-09-18,2026,9,18,Friday,,,,,1,1000000.0,10.0,1,17.40275,78.50806,https://www.adzuna.in/land/ad/5889219814?se=WueKTLC78RGh8MIOntL-mw&utm_medium=api&utm_source=f46203c2&v=1DA08BD6D00F55B9AE495564BE5E7A4CE3ACF864
5887061140,Senior DevOps Engineer,Thermo Fisher Scientific,Software Engineer,IT Jobs,Senior,3,Bengaluru,Karnataka,India,"Bangalore, Karnataka",0,full_time,unspecified,2026-09-17 08:31:04,2026-09-17,2026,9,17,Thursday,,,,,1,1050000.0,10.5,1,12.95703,77.59837,https://www.adzuna.in/land/ad/5887061140?se=WueKTLC78RGh8MIOntL-mw&utm_medium=api&utm_source=f46203c2&v=3AC285D2CF8ED3E8A450BAC5338449CDC8711E31
5880953492,Academic Sales Manager,Softcell Technologies Global Pvt. Ltd.,Software Engineer,Sales Jobs,Manager,4,Chennai,Tamil Nadu,India,"Chennai, Tamil Nadu",0,unspecified,unspecified,2026-09-12 17:21:23,2026-09-12,2026,9,12,Saturday,,,,,1,1000000.0,10.0,1,13.06041,80.24963,https://www.adzuna.in/land/ad/5880953492?se=WueKTLC78RGh8MIOntL-mw&utm_medium=api&utm_source=f46203c2&v=D3D981BB929D2C5DF41D67398E7D99C0BCC422E4
5889675418,Engineering Leader - BFS/Payments - Bangalore,Altimetrik,Software Engineer,IT Jobs,Mid-Level,2,Bengaluru,Karnataka,India,"Bangalore, Karnataka",0,unspecified,unspecified,2026-09-18 23:23:07,2026-09-18,2026,9,18,Friday,,,,,1,1000000.0,10.0,1,,,https://www.adzuna.in/land/ad/5889675418?se=WueKTLC78RGh8MIOntL-mw&utm_medium=api&utm_source=f46203c2&v=6044DE8DB6393FFF85B778EE5D58CB7B81E1B137
5847959810,Senior Windows Application Developer,HP,Software Engineer,IT Jobs,Senior,3,Pune,Maharashtra,India,"Pune, Maharashtra",0,full_time,unspecified,2026-08-19 14:05:01,2026-08-19,2026,8,19,Wednesday,,,,,1,1050000.0,10.5,1,18.5062,73.84735,https://www.adzuna.in/land/ad/5847959810?se=WueKTLC78RGh8MIOntL-mw&utm_medium=api&utm_source=f46203c2&v=46281B63E6D794001736890760D02F62BBE6B326
5871992503,Oracle Finance Functional Consultant,Calfus Inc.,Software Engineer,IT Jobs,Mid-Level,2,Bengaluru,Karnataka,India,"Bangalore, Karnataka",0,unspecified,unspecified,2026-09-05 18:31:30,2026-09-05,2026,9,5,Saturday,,,,,1,1000000.0,10.0,1,,,https://www.adzuna.in/land/ad/5871992503?se=WueKTLC78RGh8MIOntL-mw&utm_medium=api&utm_source=f46203c2&v=A4C6394A052CC057B49A200FCA26173F68294856
5892766845,Oracle Functional Consultant,Calfus Inc.,Software Engineer,IT Jobs,Mid-Level,2,Unspecified / Pan-India,Unspecified,India,India,0,unspecified,unspecified,2026-09-21 17:37:49,2026-09-21,2026,9,21,Monday,,,,,1,1000000.0,10.0,1,,,https://www.adzuna.in/land/ad/5892766845?se=WueKTLC78RGh8MIOntL-mw&utm_medium=api&utm_source=f46203c2&v=EC03E4E50254E6DAAE58A6C17A65D123B9148A33
5893007429,Assoc Director- Platform & Data Engineer,Novartis,Software Engineer,IT Jobs,Executive / Director,6,Unspecified / Pan-India,Unspecified,India,India,0,full_time,unspecified,2026-09-21 22:35:50,2026-09-21,2026,9,21,Monday,,,,,1,1000000.0,10.0,1,,,https://www.adzuna.in/land/ad/5893007429?se=WueKTLC78RGh8MIOntL-mw&utm_medium=api&utm_source=f46203c2&v=EA0E255A99CEA27CB4D47D3312436E7EA562967D
5843766592,Senior QA,Kyndryl,Software Engineer,IT Jobs,Senior,3,Bengaluru,Karnataka,India,"Bangalore, Karnataka",0,full_time,unspecified,2026-08-16 06:19:33,2026-08-16,2026,8,16,Sunday,,,,,1,1050000.0,10.5,1,12.95703,77.59837,https://www.adzuna.in/land/ad/5843766592?se=WueKTLC78RGh8MIOntL-mw&utm_medium=api&utm_source=f46203c2&v=F525327611E13209C16D6091505C887380947AC6
5833434723,Sales Director,Nomiso,Software Engineer,Sales Jobs,Executive / Director,6,Delhi NCR,Delhi,India,"Delhi, India",0,unspecified,unspecified,2026-08-08 17:59:47,2026-08-08,2026,8,8,Saturday,,,,,1,1000000.0,10.0,1,28.62523,77.224601,https://www.adzuna.in/land/ad/5833434723?se=WueKTLC78RGh8MIOntL-mw&utm_medium=api&utm_source=f46203c2&v=EB8B7EAA3F9B437F891FDBDE530E87B0F6BD37E4
5884641060,Data Scientist,InterEx Group,Software Engineer,IT Jobs,Mid-Level,2,Remote,Remote,India,India,1,unspecified,unspecified,2026-09-15 19:11:19,2026-09-15,2026,9,15,Tuesday,,,,,1,1000000.0,10.0,1,,,https://www.adzuna.in/land/ad/5884641060?se=WueKTLC78RGh8MIOntL-mw&utm_medium=api&utm_source=f46203c2&v=8CDC22CC1D25F167E965558F4C218D62CD3C8BD1
5899511458,Ruby on Rails Developer,Hyrhub,Software Engineer,IT Jobs,Mid-Level,2,Remote,Remote,India,India,1,unspecified,unspecified,2026-09-26 15:26:42,2026-09-26,2026,9,26,Saturday,,,,,1,1000000.0,10.0,1,,,https://www.adzuna.in/land/ad/5899511458?se=WueKTLC78RGh8MIOntL-mw&utm_medium=api&utm_source=f46203c2&v=FE2927B1E178DE13F06AE8A692E6B2E8EB873B3C
5864427702,Lead Data Engineer,Ascendion,Software Engineer,IT Jobs,Lead / Architect,5,Remote,Remote,India,India,1,unspecified,unspecified,2026-09-01 16:21:09,2026-09-01,2026,9,1,Tuesday,,,,,1,1000000.0,10.0,1,,,https://www.adzuna.in/land/ad/5864427702?se=WueKTLC78RGh8MIOntL-mw&utm_medium=api&utm_source=f46203c2&v=AD57E013014BAAF920B579D50FDC87A53FCB4DE6
5882853433,Site Reliability Engineer 3,eBay,Software Engineer,IT Jobs,Mid-Level,2,Bengaluru,Karnataka,India,"Bangalore, Karnataka",0,full_time,unspecified,2026-09-14 00:23:34,2026-09-14,2026,9,14,Monday,,,,,1,1000000.0,10.0,1,,,https://www.adzuna.in/land/ad/5882853433?se=WueKTLC78RGh8MIOntL-mw&utm_medium=api&utm_source=f46203c2&v=BEB8F53A726103EA1EE3C707D410CC32FCD76162
5898126952,Guidewire BillingCenter,ValueMomentum,Software Engineer,IT Jobs,Mid-Level,2,Hyderabad,Telangana,India,"Hyderabad, Telangana",0,unspecified,unspecified,2026-09-25 15:21:50,2026-09-25,2026,9,25,Friday,,,,,1,1000000.0,10.0,1,17.40275,78.50806,https://www.adzuna.in/land/ad/5898126952?se=WueKTLC78RGh8MIOntL-mw&utm_medium=api&utm_source=f46203c2&v=6BE5FD37FE56B98DC79DA8EC35FB5B47EA49F525
5892773255,Associate Professor of CSE,CHANDIGARH UNIVERSITY,Software Engineer,Teaching Jobs,Entry / Junior,1,Unspecified / Pan-India,Unspecified,India,India,0,full_time,unspecified,2026-09-21 17:39:59,2026-09-21,2026,9,21,Monday,,,,,1,1000000.0,10.0,1,,,https://www.adzuna.in/land/ad/5892773255?se=WueKTLC78RGh8MIOntL-mw&utm_medium=api&utm_source=f46203c2&v=0B749E361011A99C251BC0BA21132A844D874DBB
5884587520,Application Support Engineers (Fully Remote) – Top US MNC (Enterprise Software),SkillsCapital,Software Engineer,IT Jobs,Mid-Level,2,Remote,Remote,India,India,1,unspecified,unspecified,2026-09-15 17:24:50,2026-09-15,2026,9,15,Tuesday,,,,,1,1000000.0,10.0,1,,,https://www.adzuna.in/land/ad/5884587520?se=WueKTLC78RGh8MIOntL-mw&utm_medium=api&utm_source=f46203c2&v=6CA75B8E8CF92B62FFBB7D577A59AECE94D1D880
5856695867,Full Stack Developer,Kyndryl,Software Engineer,IT Jobs,Mid-Level,2,Bengaluru,Karnataka,India,"Bangalore, Karnataka",0,full_time,unspecified,2026-08-26 16:10:04,2026-08-26,2026,8,26,Wednesday,,,,,1,1000000.0,10.0,1,12.95703,77.59837,https://www.adzuna.in/land/ad/5856695867?se=WueKTLC78RGh8MIOntL-mw&utm_medium=api&utm_source=f46203c2&v=AD4ED23148E1356192C2907EC9CD7FDA443A331C
5842114998,Senior AI Engineer,Criteo,Software Engineer,IT Jobs,Senior,3,Gurugram,Haryana,India,"Gurgaon, Haryana",0,full_time,unspecified,2026-08-15 00:04:14,2026-08-15,2026,8,15,Saturday,,,,,1,1050000.0,10.5,1,28.323996,76.983738,https://www.adzuna.in/land/ad/5842114998?se=WueKTLC78RGh8MIOntL-mw&utm_medium=api&utm_source=f46203c2&v=3534192D19DE8AEA60B550C584A743C75C56F683
5892334289,"Senior Engineer, IT Software - Java [T500-29510]",ANSR,Software Engineer,IT Jobs,Senior,3,Hyderabad,Telangana,India,"Hyderabad, Telangana",0,unspecified,unspecified,2026-09-21 09:35:58,2026-09-21,2026,9,21,Monday,,,,,1,1050000.0,10.5,1,17.40275,78.50806,https://www.adzuna.in/land/ad/5892334289?se=WueKTLC78RGh8MIOntL-mw&utm_medium=api&utm_source=f46203c2&v=1A73111E33635BC71173C9BC6C2C4390EDF4B6D8
5879666336,Data Engineer,Firstsource,Software Engineer,IT Jobs,Mid-Level,2,Bengaluru,Karnataka,India,"Bangalore, Karnataka",0,unspecified,unspecified,2026-09-11 17:15:01,2026-09-11,2026,9,11,Friday,,,,,1,1000000.0,10.0,1,,,https://www.adzuna.in/land/ad/5879666336?se=WueKTLC78RGh8MIOntL-mw&utm_medium=api&utm_source=f46203c2&v=3D73CCD600DF4E88FCEE6B6D6BDAF9A8DBDC42CF
5877184668,AI Engineer,Novartis,Software Engineer,IT Jobs,Mid-Level,2,Unspecified / Pan-India,Unspecified,India,India,0,full_time,unspecified,2026-09-09 20:24:10,2026-09-09,2026,9,9,Wednesday,,,,,1,1000000.0,10.0,1,,,https://www.adzuna.in/land/ad/5877184668?se=zBfJTbC78RGTcuZ3r2Yb6w&utm_medium=api&utm_source=f46203c2&v=6167356B26CE42072FAE01CFDFBF63119C3B7099
5889678747,Tester for AC activation,Partner Engineering Test Company,Software Engineer,IT Jobs,Mid-Level,2,Bengaluru,Karnataka,India,"Bangalore, Karnataka",0,full_time,unspecified,2026-09-18 23:23:47,2026-09-18,2026,9,18,Friday,,,,,1,1000000.0,10.0,1,,,https://www.adzuna.in/land/ad/5889678747?se=zBfJTbC78RGTcuZ3r2Yb6w&utm_medium=api&utm_source=f46203c2&v=E13A84C4488F7575BD915E2711502C04EB5AC3D6
5899510815,Capital Markets - Solutions & Delivery Lead,Luxoft,Software Engineer,IT Jobs,Lead / Architect,5,Bengaluru,Karnataka,India,"Bangalore, Karnataka",0,unspecified,unspecified,2026-09-26 15:26:07,2026-09-26,2026,9,26,Saturday,,,,,1,1000000.0,10.0,1,,,https://www.adzuna.in/land/ad/5899510815?se=zBfJTbC78RGTcuZ3r2Yb6w&utm_medium=api&utm_source=f46203c2&v=A9DF5C44F91D190940D4451EAB53E3B36A26E63D
5886096301,Back End Engineer,ALLSTARSIT,Software Engineer,IT Jobs,Mid-Level,2,Delhi NCR,Delhi,India,"Delhi, India",0,unspecified,unspecified,2026-09-16 17:27:35,2026-09-16,2026,9,16,Wednesday,,,,,1,1000000.0,10.0,1,28.62523,77.224601,https://www.adzuna.in/land/ad/5886096301?se=zBfJTbC78RGTcuZ3r2Yb6w&utm_medium=api&utm_source=f46203c2&v=3874D35FE6660667627EE47B28728C86F02D23F6
5884157857,Kafka Admin,BPMLinks,Software Engineer,IT Jobs,Mid-Level,2,Hyderabad,Telangana,India,"Hyderabad, Telangana",0,unspecified,unspecified,2026-09-15 07:06:41,2026-09-15,2026,9,15,Tuesday,,,,,1,1000000.0,10.0,1,17.40275,78.50806,https://www.adzuna.in/land/ad/5884157857?se=zBfJTbC78RGTcuZ3r2Yb6w&utm_medium=api&utm_source=f46203c2&v=D835C07727C1E637D3134A609D2F22DECC4C366B
5864427066,Back End Developer,GoQuant,Software Engineer,IT Jobs,Mid-Level,2,Unspecified / Pan-India,Unspecified,India,India,0,full_time,unspecified,2026-09-01 16:20:55,2026-09-01,2026,9,1,Tuesday,,,,,1,1000000.0,10.0,1,,,https://www.adzuna.in/land/ad/5864427066?se=zBfJTbC78RGTcuZ3r2Yb6w&utm_medium=api&utm_source=f46203c2&v=E246EA13C40D8FB8F8376AFD9333448D81A1F2E0
5898262369,Integrated Development Environment (IDE) Lead - Vadodara,Capco,Software Engineer,IT Jobs,Lead / Architect,5,Pune,Maharashtra,India,"Pune, Maharashtra",0,full_time,unspecified,2026-09-25 16:34:46,2026-09-25,2026,9,25,Friday,,,,,1,1000000.0,10.0,1,18.5062,73.84735,https://www.adzuna.in/land/ad/5898262369?se=zBfJTbC78RGTcuZ3r2Yb6w&utm_medium=api&utm_source=f46203c2&v=A1BE9F98376F4EC2EC60510FD31477CE62575A20
5891978575,Intern - ERP Transformation,Atom,Software Engineer,IT Jobs,Entry / Junior,1,Unspecified / Pan-India,Unspecified,India,India,0,full_time,contract,2026-09-20 23:27:43,2026-09-20,2026,9,20,Sunday,,,,,1,1000000.0,10.0,1,,,https://www.adzuna.in/land/ad/5891978575?se=zBfJTbC78RGTcuZ3r2Yb6w&utm_medium=api&utm_source=f46203c2&v=026EB660A17BBB6CE43B598B6317A7388B7DA995
5889213576,Lead OIC Consultant | Oracle Integration Cloud & VBCS,Calfus Inc.,Software Engineer,IT Jobs,Lead / Architect,5,Bengaluru,Karnataka,India,"Bangalore, Karnataka",0,unspecified,unspecified,2026-09-18 17:28:10,2026-09-18,2026,9,18,Friday,,,,,1,1000000.0,10.0,1,,,https://www.adzuna.in/land/ad/5889213576?se=zBfJTbC78RGTcuZ3r2Yb6w&utm_medium=api&utm_source=f46203c2&v=CA6B197117F8E0D68114DC84F9460C5F0F248CDD
5890897271,Oracle SCM - Order Management & Planning,Calfus Inc.,Software Engineer,IT Jobs,Manager,4,Bengaluru,Karnataka,India,"Bangalore, Karnataka",0,unspecified,unspecified,2026-09-19 23:26:31,2026-09-19,2026,9,19,Saturday,,,,,1,1000000.0,10.0,1,,,https://www.adzuna.in/land/ad/5890897271?se=zBfJTbC78RGTcuZ3r2Yb6w&utm_medium=api&utm_source=f46203c2&v=719D6D3002C757D681676BD8C418571993A7886B
5898262818,Principal AI Engineer,Danaher,Software Engineer,Engineering Jobs,Lead / Architect,5,Bengaluru,Karnataka,India,"Bangalore, Karnataka",0,full_time,unspecified,2026-09-25 16:34:54,2026-09-25,2026,9,25,Friday,,,,,1,1000000.0,10.0,1,12.95703,77.59837,https://www.adzuna.in/land/ad/5898262818?se=zBfJTbC78RGTcuZ3r2Yb6w&utm_medium=api&utm_source=f46203c2&v=95BA345226EF5BC95A11703FDCED9703F7C18E7D
5876570205,Inside sales - Recruitment Services,Ascendion,Software Engineer,Sales Jobs,Mid-Level,2,Chennai,Tamil Nadu,India,"Chennai, Tamil Nadu",0,unspecified,unspecified,2026-09-09 09:00:17,2026-09-09,2026,9,9,Wednesday,,,,,1,1000000.0,10.0,1,13.06041,80.24963,https://www.adzuna.in/land/ad/5876570205?se=zBfJTbC78RGTcuZ3r2Yb6w&utm_medium=api&utm_source=f46203c2&v=67B4C38D7DFC9F2E47D8440C7D27F42BED91D717
5883564726,Business Development Executive,Truxt.ai,Software Engineer,Sales Jobs,Mid-Level,2,Unspecified / Pan-India,Unspecified,India,India,0,full_time,unspecified,2026-09-14 17:20:44,2026-09-14,2026,9,14,Monday,,,,,1,1000000.0,10.0,1,,,https://www.adzuna.in/land/ad/5883564726?se=zBfJTbC78RGTcuZ3r2Yb6w&utm_medium=api&utm_source=f46203c2&v=9AB38FADFEF23FFF90C69CA82B3D37219BB2B94B
5841509345,Technical Manager,ABB,Software Engineer,IT Jobs,Manager,4,Bengaluru,Karnataka,India,"Bangalore, Karnataka",0,full_time,unspecified,2026-08-14 14:19:31,2026-08-14,2026,8,14,Friday,,,,,1,1000000.0,10.0,1,12.95703,77.59837,https://www.adzuna.in/land/ad/5841509345?se=zBfJTbC78RGTcuZ3r2Yb6w&utm_medium=api&utm_source=f46203c2&v=1188D77E8E89F3F9AF289B48F541D1528504EA5C
5884159052,D365 F&O Finance Functional,Deloitte,Software Engineer,IT Jobs,Mid-Level,2,Mumbai,Maharashtra,India,"Mumbai, Maharashtra",0,unspecified,unspecified,2026-09-15 07:08:13,2026-09-15,2026,9,15,Tuesday,,,,,1,1000000.0,10.0,1,19.00821,72.84415,https://www.adzuna.in/land/ad/5884159052?se=zBfJTbC78RGTcuZ3r2Yb6w&utm_medium=api&utm_source=f46203c2&v=46279FAEC4471316934FEC92A53FD2B731CD0AA2
5867726706,Android Multi-Device Experience Engineer,HP,Software Engineer,IT Jobs,Mid-Level,2,Bengaluru,Karnataka,India,"Bangalore, Karnataka",0,full_time,unspecified,2026-09-03 04:36:51,2026-09-03,2026,9,3,Thursday,,,,,1,1000000.0,10.0,1,,,https://www.adzuna.in/land/ad/5867726706?se=zBfJTbC78RGTcuZ3r2Yb6w&utm_medium=api&utm_source=f46203c2&v=FB8C6D17CBC0BB60BFE7103DBB629974A8B6A41F
5837843493,Principal AI Engineer,Cornerstone OnDemand,Software Engineer,IT Jobs,Lead / Architect,5,Hyderabad,Telangana,India,"Hyderabad, Telangana",0,full_time,unspecified,2026-08-12 11:59:19,2026-08-12,2026,8,12,Wednesday,,,,,1,1000000.0,10.0,1,17.40275,78.50806,https://www.adzuna.in/land/ad/5837843493?se=zBfJTbC78RGTcuZ3r2Yb6w&utm_medium=api&utm_source=f46203c2&v=5E0C8C3247A2AD900AF871DEA26972E8B217674E
5898126561,Senior Data Engineer,Calfus Inc.,Software Engineer,IT Jobs,Senior,3,Unspecified / Pan-India,Unspecified,India,India,0,unspecified,unspecified,2026-09-25 15:21:25,2026-09-25,2026,9,25,Friday,,,,,1,1050000.0,10.5,1,,,https://www.adzuna.in/land/ad/5898126561?se=zBfJTbC78RGTcuZ3r2Yb6w&utm_medium=api&utm_source=f46203c2&v=40F47055D0719E6D348584F8C524F9254BA1AA35
5864438203,"Senior / Data Engineer (Data Architecture, Modeling & Modern DWH)",Calfus Inc.,Software Engineer,Engineering Jobs,Senior,3,Unspecified / Pan-India,Unspecified,India,India,0,unspecified,unspecified,2026-09-01 16:22:43,2026-09-01,2026,9,1,Tuesday,,,,,1,1050000.0,10.5,1,,,https://www.adzuna.in/land/ad/5864438203?se=zBfJTbC78RGTcuZ3r2Yb6w&utm_medium=api&utm_source=f46203c2&v=A61F4F2E4E28C5F465CA1D13F752C92E36B0C281
5858537539,SWE-3 Machine Learning Engineer,eBay,Software Engineer,IT Jobs,Mid-Level,2,Bengaluru,Karnataka,India,"Bangalore, Karnataka",0,full_time,unspecified,2026-08-27 22:16:43,2026-08-27,2026,8,27,Thursday,,,,,1,1000000.0,10.0,1,,,https://www.adzuna.in/land/ad/5858537539?se=zBfJTbC78RGTcuZ3r2Yb6w&utm_medium=api&utm_source=f46203c2&v=49BEDAECA8CA01D8F7BFB9CA5D092D8DD046FCF4
5887706899,Unified Data Platform Architect,eBay,Software Engineer,IT Jobs,Lead / Architect,5,Bengaluru,Karnataka,India,"Bangalore, Karnataka",0,full_time,unspecified,2026-09-17 18:26:05,2026-09-17,2026,9,17,Thursday,,,,,1,1000000.0,10.0,1,,,https://www.adzuna.in/land/ad/5887706899?se=zBfJTbC78RGTcuZ3r2Yb6w&utm_medium=api&utm_source=f46203c2&v=67407E8450D940FD5AC53820BC5CC4C21E6ADF74
5890717249,Manager - Project Management,Kyndryl,Software Engineer,IT Jobs,Manager,4,Unspecified / Pan-India,Unspecified,India,India,0,full_time,unspecified,2026-09-19 20:33:20,2026-09-19,2026,9,19,Saturday,,,,,1,1000000.0,10.0,1,,,https://www.adzuna.in/land/ad/5890717249?se=zBfJTbC78RGTcuZ3r2Yb6w&utm_medium=api&utm_source=f46203c2&v=AB01937C3ECD7DDBBDA080D2D7E559266FAB5AE9
5893036210,Program Specialist,Innodata Inc.,Software Engineer,IT Jobs,Mid-Level,2,Delhi NCR,Delhi,India,"Delhi, India",0,unspecified,unspecified,2026-09-21 23:33:24,2026-09-21,2026,9,21,Monday,,,,,1,1000000.0,10.0,1,28.62523,77.224601,https://www.adzuna.in/land/ad/5893036210?se=zBfJTbC78RGTcuZ3r2Yb6w&utm_medium=api&utm_source=f46203c2&v=FE0CCC0372468F82382B98A8B638761F35BFEE71
5865295242,SDE 3 (Backend),Licious,Software Engineer,IT Jobs,Mid-Level,2,Bengaluru,Karnataka,India,"Bangalore, Karnataka",0,unspecified,unspecified,2026-09-02 02:24:08,2026-09-02,2026,9,2,Wednesday,,,,,1,1000000.0,10.0,1,,,https://www.adzuna.in/land/ad/5865295242?se=zBfJTbC78RGTcuZ3r2Yb6w&utm_medium=api&utm_source=f46203c2&v=302246CA2257A4B88F76926B97A4643B5A0B5DF8
5890613625,Back End Developer,FlixStock,Software Engineer,Engineering Jobs,Mid-Level,2,Unspecified / Pan-India,Unspecified,India,India,0,unspecified,unspecified,2026-09-19 17:36:01,2026-09-19,2026,9,19,Saturday,,,,,1,1000000.0,10.0,1,,,https://www.adzuna.in/land/ad/5890613625?se=zBfJTbC78RGTcuZ3r2Yb6w&utm_medium=api&utm_source=f46203c2&v=A689AEEADC430C193EA41D5D78F7E0C094D44F6B
5890891895,Lead Engineer,FlixStock,Software Engineer,IT Jobs,Lead / Architect,5,Unspecified / Pan-India,Unspecified,India,India,0,unspecified,unspecified,2026-09-19 23:24:54,2026-09-19,2026,9,19,Saturday,,,,,1,1000000.0,10.0,1,,,https://www.adzuna.in/land/ad/5890891895?se=zBfJTbC78RGTcuZ3r2Yb6w&utm_medium=api&utm_source=f46203c2&v=5606B09D3031A76CB07263CB3EC8BDB2C1F02874
5886486735,Staff Engineer,Thermo Fisher Scientific,Software Engineer,IT Jobs,Lead / Architect,5,Bengaluru,Karnataka,India,"Bangalore, Karnataka",0,full_time,unspecified,2026-09-16 22:34:57,2026-09-16,2026,9,16,Wednesday,,,,,1,1000000.0,10.0,1,12.95703,77.59837,https://www.adzuna.in/land/ad/5886486735?se=zBfJTbC78RGTcuZ3r2Yb6w&utm_medium=api&utm_source=f46203c2&v=51F0BCB00BD55BD65EAD77AF430FB990E4E7F5A3
5886487584,Lead Java Engineer,Thermo Fisher Scientific,Software Engineer,IT Jobs,Lead / Architect,5,Bengaluru,Karnataka,India,"Bangalore, Karnataka",0,full_time,unspecified,2026-09-16 22:35:06,2026-09-16,2026,9,16,Wednesday,,,,,1,1000000.0,10.0,1,12.95703,77.59837,https://www.adzuna.in/land/ad/5886487584?se=zBfJTbC78RGTcuZ3r2Yb6w&utm_medium=api&utm_source=f46203c2&v=9C049337BA92660D8EF76170175BEF7DC46DC773
5879664831,Lead Data Engineer,Computomic,Software Engineer,IT Jobs,Lead / Architect,5,Bengaluru,Karnataka,India,"Bangalore, Karnataka",0,unspecified,unspecified,2026-09-11 17:13:29,2026-09-11,2026,9,11,Friday,,,,,1,1000000.0,10.0,1,,,https://www.adzuna.in/land/ad/5879664831?se=zBfJTbC78RGTcuZ3r2Yb6w&utm_medium=api&utm_source=f46203c2&v=5875A9524AE0F941BBA2D1B53E1F57DE58E1B674
5879665605,Senior Data Engineer,Computomic,Software Engineer,IT Jobs,Senior,3,Bengaluru,Karnataka,India,"Bangalore, Karnataka",0,unspecified,unspecified,2026-09-11 17:14:19,2026-09-11,2026,9,11,Friday,,,,,1,1050000.0,10.5,1,,,https://www.adzuna.in/land/ad/5879665605?se=zBfJTbC78RGTcuZ3r2Yb6w&utm_medium=api&utm_source=f46203c2&v=93BB3C3620CE588ABA20015B2BA87EA417EF53D3
5872265972,Senior Technical Project Manager,Armakuni,Software Engineer,IT Jobs,Manager,4,Ahmedabad,Gujarat,India,"Ahmedabad, Gujarat",0,unspecified,unspecified,2026-09-06 00:48:24,2026-09-06,2026,9,6,Sunday,,,,,1,1000000.0,10.0,1,23.042,72.59465,https://www.adzuna.in/land/ad/5872265972?se=zBfJTbC78RGTcuZ3r2Yb6w&utm_medium=api&utm_source=f46203c2&v=D60DD04C0705A94FAA595F62A416267A3CEF45EF
5890897371,Salesforce Consultant,ARA Resources Pvt. Ltd.,Software Engineer,IT Jobs,Mid-Level,2,Bengaluru,Karnataka,India,"Bangalore, Karnataka",0,unspecified,unspecified,2026-09-19 23:27:14,2026-09-19,2026,9,19,Saturday,,,,,1,1000000.0,10.0,1,,,https://www.adzuna.in/land/ad/5890897371?se=zBfJTbC78RGTcuZ3r2Yb6w&utm_medium=api&utm_source=f46203c2&v=A3052CAE2B32CDEB4342B98574A8787016062FBF
5889219615,Senior Data Engineer (Scala),Intellias,Software Engineer,IT Jobs,Senior,3,Remote,Remote,India,India,1,unspecified,unspecified,2026-09-18 17:29:30,2026-09-18,2026,9,18,Friday,,,,,1,1050000.0,10.5,1,,,https://www.adzuna.in/land/ad/5889219615?se=zBfJTbC78RGTcuZ3r2Yb6w&utm_medium=api&utm_source=f46203c2&v=0E23B392A8F4F5EC0D9E6327F7400530DB949341
5876644990,Cloud Automation & Platform Engineer,HP,Software Engineer,IT Jobs,Mid-Level,2,Bengaluru,Karnataka,India,"Bangalore, Karnataka",0,full_time,unspecified,2026-09-09 10:19:26,2026-09-09,2026,9,9,Wednesday,,,,,1,1000000.0,10.0,1,,,https://www.adzuna.in/land/ad/5876644990?se=zBfJTbC78RGTcuZ3r2Yb6w&utm_medium=api&utm_source=f46203c2&v=4A64F4132F6959FECE558B594A445CBD333D4AC2
5856696282,Android Framework Engineer,HP,Software Engineer,IT Jobs,Mid-Level,2,Bengaluru,Karnataka,India,"Bangalore, Karnataka",0,full_time,unspecified,2026-08-26 16:10:11,2026-08-26,2026,8,26,Wednesday,,,,,1,1000000.0,10.0,1,,,https://www.adzuna.in/land/ad/5856696282?se=zBfJTbC78RGTcuZ3r2Yb6w&utm_medium=api&utm_source=f46203c2&v=26C4D57684AFF03361C84CF0E819A84157476D61
5886486763,Lead Cloud Developer_APP245637.6383217593,Allianz Commercial,Software Engineer,IT Jobs,Lead / Architect,5,Pune,Maharashtra,India,"Pune, Maharashtra",0,full_time,unspecified,2026-09-16 22:34:59,2026-09-16,2026,9,16,Wednesday,,,,,1,1000000.0,10.0,1,18.5062,73.84735,https://www.adzuna.in/land/ad/5886486763?se=zBfJTbC78RGTcuZ3r2Yb6w&utm_medium=api&utm_source=f46203c2&v=454F5DEE4A6BAACF4F6DEDED785A53580A3B4B57
5837138953,Senior IT Digital Workplace Engineer,Cornerstone OnDemand,Software Engineer,IT Jobs,Senior,3,Hyderabad,Telangana,India,"Hyderabad, Telangana",0,full_time,unspecified,2026-08-12 01:59:19,2026-08-12,2026,8,12,Wednesday,,,,,1,1050000.0,10.5,1,17.40275,78.50806,https://www.adzuna.in/land/ad/5837138953?se=zBfJTbC78RGTcuZ3r2Yb6w&utm_medium=api&utm_source=f46203c2&v=6C03B5294F17E1BFE025C66827AE463C3D75BE08
5891694579,Back End Developer,Josys,Software Engineer,IT Jobs,Mid-Level,2,Bengaluru,Karnataka,India,"Bangalore, Karnataka",0,unspecified,unspecified,2026-09-20 17:36:19,2026-09-20,2026,9,20,Sunday,,,,,1,1000000.0,10.0,1,,,https://www.adzuna.in/land/ad/5891694579?se=zBfJTbC78RGTcuZ3r2Yb6w&utm_medium=api&utm_source=f46203c2&v=6844444F3F5142F16081BE59310D080C3DE092DA
5846723499,Android SW FWK Engineer,HP,Software Engineer,IT Jobs,Mid-Level,2,Bengaluru,Karnataka,India,"Bangalore, Karnataka",0,full_time,unspecified,2026-08-18 18:03:40,2026-08-18,2026,8,18,Tuesday,,,,,1,1000000.0,10.0,1,,,https://www.adzuna.in/land/ad/5846723499?se=zBfJTbC78RGTcuZ3r2Yb6w&utm_medium=api&utm_source=f46203c2&v=328AA444589D34C6CBC181E60B96B06B2218E93E
5898533949,Guidewire ClaimCenter,ValueMomentum,Software Engineer,IT Jobs,Mid-Level,2,Hyderabad,Telangana,India,"Hyderabad, Telangana",0,unspecified,unspecified,2026-09-25 22:02:56,2026-09-25,2026,9,25,Friday,,,,,1,1000000.0,10.0,1,17.40275,78.50806,https://www.adzuna.in/land/ad/5898533949?se=zBfJTbC78RGTcuZ3r2Yb6w&utm_medium=api&utm_source=f46203c2&v=63F1D67ECEA69F36CA58AAE1A634ABE964188139
5886486731,QA Engineer,Moody's,Software Engineer,IT Jobs,Mid-Level,2,Bengaluru,Karnataka,India,"Bangalore, Karnataka",0,full_time,unspecified,2026-09-16 22:34:57,2026-09-16,2026,9,16,Wednesday,,,,,1,1000000.0,10.0,1,,,https://www.adzuna.in/land/ad/5886486731?se=zBfJTbC78RGTcuZ3r2Yb6w&utm_medium=api&utm_source=f46203c2&v=0ECA6B2BF7A1EF9D90B47DD3C217F9F0B3B94F5D
5793571620,Senior R&D Domain Engineer,ABB,Software Engineer,Engineering Jobs,Senior,3,Bengaluru,Karnataka,India,"Bangalore, Karnataka",0,full_time,unspecified,2026-07-09 07:31:30,2026-07-09,2026,7,9,Thursday,,,,,1,1050000.0,10.5,1,12.95703,77.59837,https://www.adzuna.in/land/ad/5793571620?se=zBfJTbC78RGTcuZ3r2Yb6w&utm_medium=api&utm_source=f46203c2&v=33A354C86BE3DC7EFA0E8F8D93D70CB23CB503C8
5901935154,Senior Engineering Manager (WMS/OMS) – Digital & Technology,Croma,Software Engineer,IT Jobs,Manager,4,Mumbai,Maharashtra,India,"Mumbai, Maharashtra",0,unspecified,unspecified,2026-09-29 02:22:11,2026-09-29,2026,9,29,Tuesday,,,,,1,1000000.0,10.0,1,19.00821,72.84415,https://www.adzuna.in/land/ad/5901935154?se=zBfJTbC78RGTcuZ3r2Yb6w&utm_medium=api&utm_source=f46203c2&v=93FB139F0505BBCB859FA9F262B0F8F750CBC9D4
5785771053,VP – Senior DevOps Engineer (GitHub SME),MSCI,Software Engineer,IT Jobs,Executive / Director,6,Mumbai,Maharashtra,India,"Mumbai, Maharashtra",0,full_time,unspecified,2026-07-03 00:54:13,2026-07-03,2026,7,3,Friday,,,,,1,1000000.0,10.0,1,19.00821,72.84415,https://www.adzuna.in/land/ad/5785771053?se=zBfJTbC78RGTcuZ3r2Yb6w&utm_medium=api&utm_source=f46203c2&v=C150FF5AB18892A2C2AC421F38845E588E6E21B5
5837138666,DevOps Engineer,Kyndryl,Software Engineer,IT Jobs,Mid-Level,2,Unspecified / Pan-India,Unspecified,India,India,0,full_time,unspecified,2026-08-12 01:59:13,2026-08-12,2026,8,12,Wednesday,,,,,1,1000000.0,10.0,1,,,https://www.adzuna.in/land/ad/5837138666?se=zBfJTbC78RGTcuZ3r2Yb6w&utm_medium=api&utm_source=f46203c2&v=DF722CCECDDC0189BAEFA0A98FD53D86E4743B57
5889213048,Project Manager,Capgemini Engineering,Software Engineer,Engineering Jobs,Manager,4,Unspecified / Pan-India,Unspecified,India,India,0,unspecified,unspecified,2026-09-18 17:28:03,2026-09-18,2026,9,18,Friday,,,,,1,1000000.0,10.0,1,,,https://www.adzuna.in/land/ad/5889213048?se=zBfJTbC78RGTcuZ3r2Yb6w&utm_medium=api&utm_source=f46203c2&v=7CFBDB7B9E9C4862A849365BDE009F33FC5723DE
5896612747,Senior Hardware Design Engineer,Criador Labs,Software Engineer,Engineering Jobs,Senior,3,Unspecified / Pan-India,Unspecified,India,India,0,unspecified,unspecified,2026-09-24 15:17:39,2026-09-24,2026,9,24,Thursday,,,,,1,1050000.0,10.5,1,,,https://www.adzuna.in/land/ad/5896612747?se=zBfJTbC78RGTcuZ3r2Yb6w&utm_medium=api&utm_source=f46203c2&v=906BFA4EC794C8ED85159B35A9F0BDFFCF010D16
5881770165,Technical Project Manager- Capital Markets,Inadev,Software Engineer,IT Jobs,Manager,4,Noida,Uttar Pradesh,India,"Noida, Ghaziabad",0,full_time,unspecified,2026-09-13 01:10:05,2026-09-13,2026,9,13,Sunday,,,,,1,1000000.0,10.0,1,28.56579,77.3225,https://www.adzuna.in/land/ad/5881770165?se=zBfJTbC78RGTcuZ3r2Yb6w&utm_medium=api&utm_source=f46203c2&v=F4754E7F0C8F8F9082A5BB85465316DC7C0E53A3
5876872620,Data Engineer,IQVIA,Software Engineer,IT Jobs,Mid-Level,2,Bengaluru,Karnataka,India,"Bangalore, Karnataka",0,unspecified,unspecified,2026-09-09 14:46:32,2026-09-09,2026,9,9,Wednesday,,,,,1,1000000.0,10.0,1,,,https://www.adzuna.in/land/ad/5876872620?se=zBfJTbC78RGTcuZ3r2Yb6w&utm_medium=api&utm_source=f46203c2&v=94D9849F01C4C18D484C256F0E7C0E26AA9F5A49
5874134806,SQL Developer,Geojit Technologies,Software Engineer,IT Jobs,Mid-Level,2,Kochi,Kerala,India,"Ernakulam, Kerala",0,full_time,unspecified,2026-09-07 18:38:32,2026-09-07,2026,9,7,Monday,,,,,1,1000000.0,10.0,1,10.10845,76.302,https://www.adzuna.in/land/ad/5874134806?se=zBfJTbC78RGTcuZ3r2Yb6w&utm_medium=api&utm_source=f46203c2&v=BD49E69C0E4C2577777B2AC6FB3EABBF21BEE346
5879664475,Blockchain Developer,Omnix,Software Engineer,IT Jobs,Mid-Level,2,Bengaluru,Karnataka,India,"Bangalore, Karnataka",0,full_time,unspecified,2026-09-11 17:13:19,2026-09-11,2026,9,11,Friday,,,,,1,1000000.0,10.0,1,,,https://www.adzuna.in/land/ad/5879664475?se=tqj3TrC78RGh8MIOntL-mw&utm_medium=api&utm_source=f46203c2&v=8A477FFB603A3B89EFD9C0526859E68509D2441E
5901137387,Recruitment Automations Engineer,We Are Revolution,Software Engineer,IT Jobs,Mid-Level,2,Remote,Remote,India,India,1,unspecified,unspecified,2026-09-28 07:40:35,2026-09-28,2026,9,28,Monday,,,,,1,1000000.0,10.0,1,,,https://www.adzuna.in/land/ad/5901137387?se=tqj3TrC78RGh8MIOntL-mw&utm_medium=api&utm_source=f46203c2&v=498F4C3A50A98E8A3DDC7AA7A7FAD148D860BC05
5879668994,Tech Lead,Divami,Software Engineer,IT Jobs,Lead / Architect,5,Hyderabad,Telangana,India,"Hyderabad, Telangana",0,unspecified,unspecified,2026-09-11 17:16:40,2026-09-11,2026,9,11,Friday,,,,,1,1000000.0,10.0,1,17.40275,78.50806,https://www.adzuna.in/land/ad/5879668994?se=tqj3TrC78RGh8MIOntL-mw&utm_medium=api&utm_source=f46203c2&v=B4224C121FB0690429B2E003641F1F5AA1D3EEFD
5893924786,Backend Developer Lead,SRM Technologies,Software Engineer,IT Jobs,Lead / Architect,5,Chennai,Tamil Nadu,India,"Chennai, Tamil Nadu",0,unspecified,unspecified,2026-09-22 17:37:05,2026-09-22,2026,9,22,Tuesday,,,,,1,1000000.0,10.0,1,13.06041,80.24963,https://www.adzuna.in/land/ad/5893924786?se=tqj3TrC78RGh8MIOntL-mw&utm_medium=api&utm_source=f46203c2&v=595A0A40AEB27E25FE7733780BE068932712AA07
5879664458,Senior Java Backend Developer (m/f/d),EU Tech Chamber,Software Engineer,IT Jobs,Senior,3,Remote,Remote,India,India,1,unspecified,unspecified,2026-09-11 17:13:19,2026-09-11,2026,9,11,Friday,,,,,1,1050000.0,10.5,1,,,https://www.adzuna.in/land/ad/5879664458?se=tqj3TrC78RGh8MIOntL-mw&utm_medium=api&utm_source=f46203c2&v=E74F1E0F66B171FCA0E9188421C36051AE70B94A
5837138837,"Senior Associate II, ServiceNow Developer",Kyndryl,Software Engineer,IT Jobs,Senior,3,Bengaluru,Karnataka,India,"Bangalore, Karnataka",0,full_time,unspecified,2026-08-12 01:59:18,2026-08-12,2026,8,12,Wednesday,,,,,1,1050000.0,10.5,1,12.95703,77.59837,https://www.adzuna.in/land/ad/5837138837?se=tqj3TrC78RGh8MIOntL-mw&utm_medium=api&utm_source=f46203c2&v=E9A2F5F0FF09679B3EBF6714A9D0C64FE1A980B5
5886486659,Lead Java Engineer,Thermo Fisher Scientific,Software Engineer,IT Jobs,Lead / Architect,5,Bengaluru,Karnataka,India,"Bangalore, Karnataka",0,full_time,unspecified,2026-09-16 22:34:56,2026-09-16,2026,9,16,Wednesday,,,,,1,1000000.0,10.0,1,12.95703,77.59837,https://www.adzuna.in/land/ad/5886486659?se=tqj3TrC78RGh8MIOntL-mw&utm_medium=api&utm_source=f46203c2&v=C239950F2EF5C3C47D7C623FADB157C29DBE7061
5887061470,MGR I DATA SCIENCE,TE Connectivity,Software Engineer,IT Jobs,Mid-Level,2,Bengaluru,Karnataka,India,"Bangalore, Karnataka",0,full_time,unspecified,2026-09-17 08:31:14,2026-09-17,2026,9,17,Thursday,,,,,1,1000000.0,10.0,1,12.95703,77.59837,https://www.adzuna.in/land/ad/5887061470?se=tqj3TrC78RGh8MIOntL-mw&utm_medium=api&utm_source=f46203c2&v=1CB4BE6A694B4A8D376CCD9EF18F7F02ECB9B055
5869559153,Senior information security Engineer - Vulnerability Management,IRIS Centre of Excellence - India,Software Engineer,IT Jobs,Manager,4,Chennai,Tamil Nadu,India,"Chennai, Tamil Nadu",0,full_time,permanent,2026-09-04 02:34:28,2026-09-04,2026,9,4,Friday,,,,,1,1000000.0,10.0,1,13.06041,80.24963,https://www.adzuna.in/land/ad/5869559153?se=tqj3TrC78RGh8MIOntL-mw&utm_medium=api&utm_source=f46203c2&v=7064E392A0CE3DB10A09D9E0B22D1C7F1589ECBC
5857982586,"MTS-2 Backend Engineer, ML Systems",eBay,Software Engineer,IT Jobs,Mid-Level,2,Bengaluru,Karnataka,India,"Bangalore, Karnataka",0,full_time,unspecified,2026-08-27 12:12:36,2026-08-27,2026,8,27,Thursday,,,,,1,1000000.0,10.0,1,,,https://www.adzuna.in/land/ad/5857982586?se=tqj3TrC78RGh8MIOntL-mw&utm_medium=api&utm_source=f46203c2&v=FD0BB22C33488BEB6B3518DFCCBBCD1DCEFBAB1A
5877184305,MTS-1 Machine Learning Engineer,eBay,Software Engineer,IT Jobs,Mid-Level,2,Bengaluru,Karnataka,India,"Bangalore, Karnataka",0,full_time,unspecified,2026-09-09 20:23:55,2026-09-09,2026,9,9,Wednesday,,,,,1,1000000.0,10.0,1,,,https://www.adzuna.in/land/ad/5877184305?se=tqj3TrC78RGh8MIOntL-mw&utm_medium=api&utm_source=f46203c2&v=8749753C0B487764A74F37A03D96F548F15161A9
5898128947,Data Engineer,The HEINEKEN Company,Software Engineer,IT Jobs,Mid-Level,2,Hyderabad,Telangana,India,"Hyderabad, Telangana",0,unspecified,unspecified,2026-09-25 15:23:33,2026-09-25,2026,9,25,Friday,,,,,1,1000000.0,10.0,1,17.40275,78.50806,https://www.adzuna.in/land/ad/5898128947?se=tqj3TrC78RGh8MIOntL-mw&utm_medium=api&utm_source=f46203c2&v=CDDF0C501D9C0FBA4E045DD0FE0CDDB54AD8614F
5901560020,Backend Engineer,Nat Habit,Software Engineer,IT Jobs,Mid-Level,2,Unspecified / Pan-India,Unspecified,India,India,0,unspecified,unspecified,2026-09-28 18:06:01,2026-09-28,2026,9,28,Monday,,,,,1,1000000.0,10.0,1,,,https://www.adzuna.in/land/ad/5901560020?se=tqj3TrC78RGh8MIOntL-mw&utm_medium=api&utm_source=f46203c2&v=6B55394FEDE6FB8CC4D2048B6FF3EADE463570AF
5864431417,SAP ABAP on HANA Consultant,ARA Resources Pvt. Ltd.,Software Engineer,IT Jobs,Mid-Level,2,Hyderabad,Telangana,India,"Hyderabad, Telangana",0,full_time,unspecified,2026-09-01 16:21:45,2026-09-01,2026,9,1,Tuesday,,,,,1,1000000.0,10.0,1,17.40275,78.50806,https://www.adzuna.in/land/ad/5864431417?se=tqj3TrC78RGh8MIOntL-mw&utm_medium=api&utm_source=f46203c2&v=7AC379C717496262371BC106276217DF4F93E2F9
5880066285,Automation Engineer,ACG World,Software Engineer,Engineering Jobs,Mid-Level,2,Mumbai,Maharashtra,India,"Mumbai, Maharashtra",0,unspecified,unspecified,2026-09-12 01:06:19,2026-09-12,2026,9,12,Saturday,,,,,1,1000000.0,10.0,1,19.00821,72.84415,https://www.adzuna.in/land/ad/5880066285?se=tqj3TrC78RGh8MIOntL-mw&utm_medium=api&utm_source=f46203c2&v=AA51B3E090AA0CD55B29391495C87707220A6D03
5900616494,Head of Product Security,Accops,Software Engineer,IT Jobs,Executive / Director,6,Remote,Remote,India,India,1,unspecified,unspecified,2026-09-27 18:07:47,2026-09-27,2026,9,27,Sunday,,,,,1,1000000.0,10.0,1,,,https://www.adzuna.in/land/ad/5900616494?se=tqj3TrC78RGh8MIOntL-mw&utm_medium=api&utm_source=f46203c2&v=7D6FE391790E74FB95AFDD2801174D75520E4F13
5867716130,Data Engineering Lead,Calfus Inc.,Software Engineer,IT Jobs,Lead / Architect,5,Bengaluru,Karnataka,India,"Bangalore, Karnataka",0,unspecified,unspecified,2026-09-03 04:27:42,2026-09-03,2026,9,3,Thursday,,,,,1,1000000.0,10.0,1,,,https://www.adzuna.in/land/ad/5867716130?se=tqj3TrC78RGh8MIOntL-mw&utm_medium=api&utm_source=f46203c2&v=45B8FEC3CE7DF0AD54DB1E2AF9E36D97F24BCF2A
5893057327,Software Engineering - Custom Software Engineer,Trigent Software Private Limited,Software Engineer,IT Jobs,Mid-Level,2,Chennai,Tamil Nadu,India,"Egmore Nungambakkam, Chennai",0,unspecified,unspecified,2026-09-21 23:44:57,2026-09-21,2026,9,21,Monday,1000000.0,1350000.0,1175000.0,11.75,0,1175000.0,11.75,0,13.07622,80.24699,https://www.adzuna.in/details/5893057327?utm_medium=api&utm_source=f46203c2
5897683108,Enterprise Application Architect,Kyndryl,Software Engineer,IT Jobs,Lead / Architect,5,Mumbai,Maharashtra,India,"Mumbai, Maharashtra",0,full_time,unspecified,2026-09-25 06:38:21,2026-09-25,2026,9,25,Friday,,,,,1,1000000.0,10.0,1,19.00821,72.84415,https://www.adzuna.in/land/ad/5897683108?se=tqj3TrC78RGh8MIOntL-mw&utm_medium=api&utm_source=f46203c2&v=BD4E807AEF93AA292EB1DF2B8D95A97CB8C22718
5890612083,Inside Sales Specialist,Neovatic Technologies,Software Engineer,Sales Jobs,Mid-Level,2,Hyderabad,Telangana,India,"Hyderabad, Telangana",0,unspecified,unspecified,2026-09-19 17:32:20,2026-09-19,2026,9,19,Saturday,,,,,1,1000000.0,10.0,1,17.40275,78.50806,https://www.adzuna.in/land/ad/5890612083?se=tqj3TrC78RGh8MIOntL-mw&utm_medium=api&utm_source=f46203c2&v=E83637F4BCC5EFE0F99603E44BDEDC3FD562E026
5871227891,MuleSoft Technical Project Manager,HP,Software Engineer,IT Jobs,Manager,4,Bengaluru,Karnataka,India,"Bangalore, Karnataka",0,full_time,unspecified,2026-09-05 06:19:08,2026-09-05,2026,9,5,Saturday,,,,,1,1000000.0,10.0,1,,,https://www.adzuna.in/land/ad/5871227891?se=tqj3TrC78RGh8MIOntL-mw&utm_medium=api&utm_source=f46203c2&v=48B19CAABFAF804AC85D6B133AB3293708EA9F69
5857982568,Data Engineer,HP,Software Engineer,IT Jobs,Mid-Level,2,Bengaluru,Karnataka,India,"Bangalore, Karnataka",0,full_time,unspecified,2026-08-27 12:12:30,2026-08-27,2026,8,27,Thursday,,,,,1,1000000.0,10.0,1,,,https://www.adzuna.in/land/ad/5857982568?se=tqj3TrC78RGh8MIOntL-mw&utm_medium=api&utm_source=f46203c2&v=AE34D03C491E4C32E5FC3C8E2F4D24796D036CDB
5897296384,RPA & Product Support Engineer,"Brimma Tech, Inc.",Software Engineer,IT Jobs,Mid-Level,2,Unspecified / Pan-India,Unspecified,India,India,0,unspecified,unspecified,2026-09-25 01:58:27,2026-09-25,2026,9,25,Friday,,,,,1,1000000.0,10.0,1,,,https://www.adzuna.in/land/ad/5897296384?se=tqj3TrC78RGh8MIOntL-mw&utm_medium=api&utm_source=f46203c2&v=616183E6B975BF2B37EE31BA3AC8A5CE8E3E8241
5885456221,Assistant Professor of CSE,GGI: Gulzar Group of Institutes,Software Engineer,Teaching Jobs,Mid-Level,2,Khanna,Punjab,India,"Khanna, Ludhiana",0,full_time,unspecified,2026-09-16 07:12:55,2026-09-16,2026,9,16,Wednesday,,,,,1,1000000.0,10.0,1,30.69038,76.24417,https://www.adzuna.in/land/ad/5885456221?se=tqj3TrC78RGh8MIOntL-mw&utm_medium=api&utm_source=f46203c2&v=60BF6C73481F14BFB11B2B6409F765CB02F0CABE
5880953284,Sales Development Representative,CredHive,Software Engineer,Sales Jobs,Mid-Level,2,Delhi NCR,Delhi,India,"Delhi, India",0,unspecified,unspecified,2026-09-12 17:21:14,2026-09-12,2026,9,12,Saturday,,,,,1,1000000.0,10.0,1,28.62523,77.224601,https://www.adzuna.in/land/ad/5880953284?se=tqj3TrC78RGh8MIOntL-mw&utm_medium=api&utm_source=f46203c2&v=B8FC747452E5883009C5598A851FC4AD4CCAF21A
5893574981,Junior IT Sales,Sodio Technologies,Software Engineer,Sales Jobs,Entry / Junior,1,Bengaluru,Karnataka,India,"Bangalore, Karnataka",0,full_time,unspecified,2026-09-22 09:47:39,2026-09-22,2026,9,22,Tuesday,,,,,1,1000000.0,10.0,1,,,https://www.adzuna.in/land/ad/5893574981?se=tqj3TrC78RGh8MIOntL-mw&utm_medium=api&utm_source=f46203c2&v=14ABEEF4AE5FA68B271B69B6BE050D1508A64BB6
5837139112,Software Architect,Cornerstone OnDemand,Software Engineer,IT Jobs,Lead / Architect,5,Hyderabad,Telangana,India,"Hyderabad, Telangana",0,full_time,unspecified,2026-08-12 01:59:27,2026-08-12,2026,8,12,Wednesday,,,,,1,1000000.0,10.0,1,17.40275,78.50806,https://www.adzuna.in/land/ad/5837139112?se=tqj3TrC78RGh8MIOntL-mw&utm_medium=api&utm_source=f46203c2&v=57EB50B536F590E9E7F7EC463D27F3B8C163B69F
5870528206,Technical Lead – Backend (Python / FastAPI / Azure),Tata Consultancy Services,Software Engineer,IT Jobs,Lead / Architect,5,Hyderabad,Telangana,India,"Hyderabad, Telangana",0,unspecified,unspecified,2026-09-04 16:58:08,2026-09-04,2026,9,4,Friday,,,,,1,1000000.0,10.0,1,17.40275,78.50806,https://www.adzuna.in/land/ad/5870528206?se=tqj3TrC78RGh8MIOntL-mw&utm_medium=api&utm_source=f46203c2&v=84B98452630F9071A3296FABD48C4C9BFB346C71
5873278272,Certified Workday Consultant,JMAN Group,Software Engineer,IT Jobs,Mid-Level,2,Chennai,Tamil Nadu,India,"Chennai, Tamil Nadu",0,unspecified,unspecified,2026-09-07 00:58:49,2026-09-07,2026,9,7,Monday,,,,,1,1000000.0,10.0,1,13.06041,80.24963,https://www.adzuna.in/land/ad/5873278272?se=tqj3TrC78RGh8MIOntL-mw&utm_medium=api&utm_source=f46203c2&v=FF391BFE5B89695002D328F3A959B3C4ED9639BB
5891693542,Technical Program Manager,Trianz,Software Engineer,IT Jobs,Manager,4,Hyderabad,Telangana,India,"Hyderabad, Telangana",0,unspecified,unspecified,2026-09-20 17:35:51,2026-09-20,2026,9,20,Sunday,,,,,1,1000000.0,10.0,1,17.40275,78.50806,https://www.adzuna.in/land/ad/5891693542?se=tqj3TrC78RGh8MIOntL-mw&utm_medium=api&utm_source=f46203c2&v=4255F62DD59D42F57529F0C6892BBF6E8D33227C
5867038139,SDR - Data Engineer,Tata Consultancy Services,Software Engineer,IT Jobs,Mid-Level,2,Unspecified / Pan-India,Unspecified,India,India,0,unspecified,unspecified,2026-09-02 16:44:12,2026-09-02,2026,9,2,Wednesday,,,,,1,1000000.0,10.0,1,,,https://www.adzuna.in/land/ad/5867038139?se=tqj3TrC78RGh8MIOntL-mw&utm_medium=api&utm_source=f46203c2&v=ED5EF3011FD9E7A9C04006D70DCA94B62A8BAF58
5636066331,Software Engineer,Navaratan Technologies Private Limited,Software Engineer,IT Jobs,Mid-Level,2,Unspecified / Pan-India,Unspecified,India,India,0,full_time,unspecified,2026-02-19 19:58:22,2026-02-19,2026,2,19,Thursday,,,,,1,1000000.0,10.0,1,,,https://www.adzuna.in/details/5636066331?utm_medium=api&utm_source=f46203c2
5866455364,Software Engineer,Fortanix,Software Engineer,IT Jobs,Mid-Level,2,Unspecified / Pan-India,Unspecified,India,India,0,full_time,unspecified,2026-09-02 09:44:36,2026-09-02,2026,9,2,Wednesday,,,,,1,1000000.0,10.0,1,,,https://www.adzuna.in/details/5866455364?utm_medium=api&utm_source=f46203c2
5884870239,Software Engineer,Twenty20 Systems,Software Engineer,IT Jobs,Mid-Level,2,Bengaluru,Karnataka,India,"Bannerghatta Road, Bangalore",0,unspecified,permanent,2026-09-15 21:48:14,2026-09-15,2026,9,15,Tuesday,,,,,1,1000000.0,10.0,1,12.8982,77.6099,https://www.adzuna.in/details/5884870239?utm_medium=api&utm_source=f46203c2
5895662291,Software Engineer,Smiths Detection,Software Engineer,IT Jobs,Mid-Level,2,Bengaluru,Karnataka,India,"Bangalore, Karnataka",0,unspecified,unspecified,2026-09-24 02:40:22,2026-09-24,2026,9,24,Thursday,,,,,1,1000000.0,10.0,1,,,https://www.adzuna.in/details/5895662291?utm_medium=api&utm_source=f46203c2
5900410240,Software Engineer,RemoteJobsOne,Software Engineer,Engineering Jobs,Mid-Level,2,Mumbai,Maharashtra,India,"Mumbai, Maharashtra",1,full_time,unspecified,2026-09-27 12:48:56,2026-09-27,2026,9,27,Sunday,150000.0,220000.0,185000.0,1.85,0,185000.0,1.85,0,19.00821,72.84415,https://www.adzuna.in/details/5900410240?utm_medium=api&utm_source=f46203c2
5865376057,Software Engineer,PlaySimple Games,Software Engineer,IT Jobs,Mid-Level,2,Bengaluru,Karnataka,India,"Agram, Bangalore",0,unspecified,permanent,2026-09-02 03:35:32,2026-09-02,2026,9,2,Wednesday,,,,,1,1000000.0,10.0,1,12.9631,77.64042,https://www.adzuna.in/details/5865376057?utm_medium=api&utm_source=f46203c2
5899991050,Software Engineer,H&M,Software Engineer,IT Jobs,Mid-Level,2,Bengaluru,Karnataka,India,"Bangalore, Karnataka",0,unspecified,unspecified,2026-09-27 02:31:35,2026-09-27,2026,9,27,Sunday,,,,,1,1000000.0,10.0,1,12.95703,77.59837,https://www.adzuna.in/details/5899991050?utm_medium=api&utm_source=f46203c2
5500617951,Software Engineer,Writesonic,Software Engineer,IT Jobs,Mid-Level,2,Unspecified / Pan-India,Unspecified,India,India,0,unspecified,unspecified,2025-11-17 23:11:15,2025-11-17,2025,11,17,Monday,,,,,1,1000000.0,10.0,1,,,https://www.adzuna.in/details/5500617951?utm_medium=api&utm_source=f46203c2
5895535360,-Software Engineer,Trigent Software Private Limited,Software Engineer,IT Jobs,Mid-Level,2,Unspecified / Pan-India,Unspecified,India,India,0,unspecified,unspecified,2026-09-23 23:47:04,2026-09-23,2026,9,23,Wednesday,2500000.0,2500000.0,2500000.0,25.0,0,2500000.0,25.0,0,,,https://www.adzuna.in/details/5895535360?utm_medium=api&utm_source=f46203c2
4686707015,Software Engineer,Unknown,Software Engineer,IT Jobs,Mid-Level,2,Lucknow,Uttar Pradesh,India,"Lucknow, Uttar Pradesh",0,unspecified,unspecified,2024-05-10 07:39:06,2024-05-10,2024,5,10,Friday,,,,,1,1000000.0,10.0,1,26.8677,80.8897,https://www.adzuna.in/details/4686707015?utm_medium=api&utm_source=f46203c2
5875137729,Software Engineer,Eurofins GSC IT DC,Software Engineer,IT Jobs,Mid-Level,2,Bengaluru,Karnataka,India,"Bangalore, Karnataka",0,unspecified,unspecified,2026-09-08 08:09:41,2026-09-08,2026,9,8,Tuesday,,,,,1,1000000.0,10.0,1,,,https://www.adzuna.in/details/5875137729?utm_medium=api&utm_source=f46203c2
5867624391,Software Engineer,Eurofins GSC IT DC,Software Engineer,IT Jobs,Mid-Level,2,Bengaluru,Karnataka,India,"Bangalore, Karnataka",0,unspecified,unspecified,2026-09-03 03:03:33,2026-09-03,2026,9,3,Thursday,,,,,1,1000000.0,10.0,1,,,https://www.adzuna.in/details/5867624391?utm_medium=api&utm_source=f46203c2
5837139248,Devops Engineer - Wintel Automation,Kyndryl,Software Engineer,IT Jobs,Mid-Level,2,Noida,Uttar Pradesh,India,"Noida, Gautam Buddha Nagar",0,full_time,unspecified,2026-08-12 01:59:32,2026-08-12,2026,8,12,Wednesday,,,,,1,1000000.0,10.0,1,,,https://www.adzuna.in/land/ad/5837139248?se=tqj3TrC78RGh8MIOntL-mw&utm_medium=api&utm_source=f46203c2&v=261B0F3FA8CE076739B2854D05F914DBED56C6AE
5880069917,Assistant Professor - CSE,KCC INSTITUTE OF TECHNOLOGY AND MANAGEMENT,Software Engineer,Teaching Jobs,Mid-Level,2,Noida,Uttar Pradesh,India,"Noida, Ghaziabad",0,full_time,unspecified,2026-09-12 01:08:16,2026-09-12,2026,9,12,Saturday,,,,,1,1000000.0,10.0,1,28.56579,77.3225,https://www.adzuna.in/land/ad/5880069917?se=tqj3TrC78RGh8MIOntL-mw&utm_medium=api&utm_source=f46203c2&v=D4D1179D73321E4B996D124B37745C74DBDF71FD
5895240289,Senior PHP Developer,Adfluence Hub,Software Engineer,IT Jobs,Senior,3,Noida,Uttar Pradesh,India,"Noida, Ghaziabad",0,full_time,unspecified,2026-09-23 19:42:20,2026-09-23,2026,9,23,Wednesday,,,,,1,1050000.0,10.5,1,28.56579,77.3225,https://www.adzuna.in/land/ad/5895240289?se=tqj3TrC78RGh8MIOntL-mw&utm_medium=api&utm_source=f46203c2&v=AD7159BADA5F3DC886B781A85CDB562F9DC853A4
5898129618,IBM FileNet Administrator,InfoBeans,Software Engineer,IT Jobs,Mid-Level,2,Indore,Madhya Pradesh,India,"Indore, Madhya Pradesh",0,unspecified,unspecified,2026-09-25 15:24:03,2026-09-25,2026,9,25,Friday,,,,,1,1000000.0,10.0,1,22.66215,75.9035,https://www.adzuna.in/land/ad/5898129618?se=tqj3TrC78RGh8MIOntL-mw&utm_medium=api&utm_source=f46203c2&v=29114915EA9FF6FEEDCD6B20115409ED0FD3BF91
5898126393,Python Backend Consultant (Data Engineering & Data Pipelines),BCI~IT,Software Engineer,IT Jobs,Mid-Level,2,Noida,Uttar Pradesh,India,"Noida, Ghaziabad",0,unspecified,contract,2026-09-25 15:21:15,2026-09-25,2026,9,25,Friday,,,,,1,1000000.0,10.0,1,28.56579,77.3225,https://www.adzuna.in/land/ad/5898126393?se=tqj3TrC78RGh8MIOntL-mw&utm_medium=api&utm_source=f46203c2&v=142A74285B5760DDF4122FAD4B8AF5F7F678A4B9
5888300149,Sr Engineer II - Game Tester,Aristocrat,Software Engineer,IT Jobs,Senior,3,Noida,Uttar Pradesh,India,"Noida, Ghaziabad",0,full_time,unspecified,2026-09-18 04:29:34,2026-09-18,2026,9,18,Friday,,,,,1,1050000.0,10.5,1,28.56579,77.3225,https://www.adzuna.in/land/ad/5888300149?se=tqj3TrC78RGh8MIOntL-mw&utm_medium=api&utm_source=f46203c2&v=BAA0A5DE1B7872A1C3CA9961EECF7668DC7BF05A
5888300189,Sr Engineer II - Game Tester,Aristocrat,Software Engineer,IT Jobs,Senior,3,Unspecified / Pan-India,Unspecified,India,India,0,full_time,unspecified,2026-09-18 04:29:38,2026-09-18,2026,9,18,Friday,,,,,1,1050000.0,10.5,1,,,https://www.adzuna.in/land/ad/5888300189?se=tqj3TrC78RGh8MIOntL-mw&utm_medium=api&utm_source=f46203c2&v=3E06EE8529C1D5A1082A769557D2444F5C471679
5880952050,Sr Java Backend Developer,Flexton Inc.,Software Engineer,IT Jobs,Senior,3,Unspecified / Pan-India,Unspecified,India,India,0,unspecified,unspecified,2026-09-12 17:20:10,2026-09-12,2026,9,12,Saturday,,,,,1,1050000.0,10.5,1,,,https://www.adzuna.in/land/ad/5880952050?se=skU6ULC78RGS97j_zW5Twg&utm_medium=api&utm_source=f46203c2&v=D033FBA2A960C6E1558B65C32603216A1DD623AC
5868792995,Pyspark Data Engineer,Synechron,Software Engineer,IT Jobs,Mid-Level,2,Bengaluru,Karnataka,India,"Bangalore, Karnataka",0,unspecified,unspecified,2026-09-03 16:49:18,2026-09-03,2026,9,3,Thursday,,,,,1,1000000.0,10.0,1,,,https://www.adzuna.in/land/ad/5868792995?se=skU6ULC78RGS97j_zW5Twg&utm_medium=api&utm_source=f46203c2&v=04618EAC37839028AF2D30D97F6AAC5217809289
5879669387,Senior Project Manager (m/f/d),evoila,Software Engineer,IT Jobs,Manager,4,Unspecified / Pan-India,Unspecified,India,India,0,unspecified,unspecified,2026-09-11 17:16:45,2026-09-11,2026,9,11,Friday,,,,,1,1000000.0,10.0,1,,,https://www.adzuna.in/land/ad/5879669387?se=skU6ULC78RGS97j_zW5Twg&utm_medium=api&utm_source=f46203c2&v=8500C7B04DE2EC88A2F51207F3CA626C9DE48F76
5891977121,Senior Data Specialist,Ascendion,Software Engineer,IT Jobs,Senior,3,Bengaluru,Karnataka,India,"Bangalore, Karnataka",0,unspecified,unspecified,2026-09-20 23:26:58,2026-09-20,2026,9,20,Sunday,,,,,1,1050000.0,10.5,1,,,https://www.adzuna.in/land/ad/5891977121?se=skU6ULC78RGS97j_zW5Twg&utm_medium=api&utm_source=f46203c2&v=1D49F0288918B5895DB4E84388E5E85DF3D811E3
5878336080,"Consultant - Full Stack (Django, DRF, React), Engineering Governance",Colt Technology Services,Software Engineer,Engineering Jobs,Mid-Level,2,Unspecified / Pan-India,Unspecified,India,India,0,full_time,unspecified,2026-09-10 16:23:22,2026-09-10,2026,9,10,Thursday,,,,,1,1000000.0,10.0,1,,,https://www.adzuna.in/land/ad/5878336080?se=skU6ULC78RGS97j_zW5Twg&utm_medium=api&utm_source=f46203c2&v=4DC96FB843CCC04D38D8ADFFDA9AA9657793B804
5886486683,"Sr AI/ML Engineer, Applied AI",Thermo Fisher Scientific,Software Engineer,IT Jobs,Senior,3,Bengaluru,Karnataka,India,"Bangalore, Karnataka",0,full_time,unspecified,2026-09-16 22:34:56,2026-09-16,2026,9,16,Wednesday,,,,,1,1050000.0,10.5,1,12.95703,77.59837,https://www.adzuna.in/land/ad/5886486683?se=skU6ULC78RGS97j_zW5Twg&utm_medium=api&utm_source=f46203c2&v=14250E07DA1AE03517B95AB3E54AA16A42D62738
5886487533,"Staff AI/ML Engineer, Applied AI",Thermo Fisher Scientific,Software Engineer,IT Jobs,Lead / Architect,5,Bengaluru,Karnataka,India,"Bangalore, Karnataka",0,full_time,unspecified,2026-09-16 22:35:05,2026-09-16,2026,9,16,Wednesday,,,,,1,1000000.0,10.0,1,12.95703,77.59837,https://www.adzuna.in/land/ad/5886487533?se=skU6ULC78RGS97j_zW5Twg&utm_medium=api&utm_source=f46203c2&v=959117B6CC595069961D4E4B89A23109686AFD64
5898533175,Principal Data Engineer,Mastercard,Software Engineer,IT Jobs,Lead / Architect,5,Unspecified / Pan-India,Unspecified,India,India,0,unspecified,unspecified,2026-09-25 21:58:29,2026-09-25,2026,9,25,Friday,,,,,1,1000000.0,10.0,1,,,https://www.adzuna.in/land/ad/5898533175?se=skU6ULC78RGS97j_zW5Twg&utm_medium=api&utm_source=f46203c2&v=590B09E9003A7F5A2E43AF22DDECBBC5795A3F9B
5879664766,Technical Lead – AWS Agentic AI Platform,Apexon,Software Engineer,IT Jobs,Lead / Architect,5,Bengaluru,Karnataka,India,"Bangalore, Karnataka",0,unspecified,unspecified,2026-09-11 17:13:28,2026-09-11,2026,9,11,Friday,,,,,1,1000000.0,10.0,1,,,https://www.adzuna.in/land/ad/5879664766?se=skU6ULC78RGS97j_zW5Twg&utm_medium=api&utm_source=f46203c2&v=C0967C666024B298845F7E1370455529D5CFDC6A
5854537869,Lead AI Engineer (Agentic Systems),S&P Global,Software Engineer,Engineering Jobs,Lead / Architect,5,Unspecified / Pan-India,Unspecified,India,India,0,full_time,unspecified,2026-08-25 00:07:48,2026-08-25,2026,8,25,Tuesday,,,,,1,1000000.0,10.0,1,,,https://www.adzuna.in/land/ad/5854537869?se=skU6ULC78RGS97j_zW5Twg&utm_medium=api&utm_source=f46203c2&v=0D1F0CD08FA2848B37CFCAC7D2C7C8E59C20C70D
2751436485,Software Engineer / Senior Software Engineer,Vamstar,Software Engineer,IT Jobs,Senior,3,Hyderabad,Telangana,India,"Hyderabad, Telangana",0,full_time,unspecified,2021-12-19 04:17:23,2021-12-19,2021,12,19,Sunday,100000.0,1500000.0,800000.0,8.0,0,800000.0,8.0,0,17.40275,78.50806,https://www.adzuna.in/details/2751436485?utm_medium=api&utm_source=f46203c2
3332673312,Software Engineer/Sr Software Engineer,Fliplearn Education,Software Engineer,IT Jobs,Senior,3,Unspecified / Pan-India,Unspecified,India,India,0,full_time,unspecified,2022-07-20 06:36:19,2022-07-20,2022,7,20,Wednesday,1400000.0,1500000.0,1450000.0,14.5,0,1450000.0,14.5,0,,,https://www.adzuna.in/details/3332673312?utm_medium=api&utm_source=f46203c2
5842589803,Software Engineer / Senior Software Engineer,ExcelSoft Technologies,Software Engineer,IT Jobs,Senior,3,Mysore,Karnataka,India,"Mysore, Karnataka",0,unspecified,unspecified,2026-08-15 08:32:55,2026-08-15,2026,8,15,Saturday,,,,,1,1050000.0,10.5,1,12.50715,76.7607,https://www.adzuna.in/details/5842589803?utm_medium=api&utm_source=f46203c2
1171509505,Software Engineer/ Senior Software Engineer,Cleo Communications,Software Engineer,IT Jobs,Senior,3,Bengaluru,Karnataka,India,"Bangalore, Karnataka",0,full_time,unspecified,2019-06-05 21:12:27,2019-06-05,2019,6,5,Wednesday,500000.0,1500000.0,1000000.0,10.0,0,1000000.0,10.0,0,,,https://www.adzuna.in/details/1171509505?utm_medium=api&utm_source=f46203c2
5882276096,"Lead Software Engineer, Software Engineering",Whirlpool Corporation,Software Engineer,IT Jobs,Lead / Architect,5,Pune,Maharashtra,India,"Pune, Maharashtra",0,unspecified,unspecified,2026-09-13 11:16:49,2026-09-13,2026,9,13,Sunday,,,,,1,1000000.0,10.0,1,18.5062,73.84735,https://www.adzuna.in/details/5882276096?utm_medium=api&utm_source=f46203c2
1171509217,Software Engineer/Senior Software Engineer,Nagra,Software Engineer,IT Jobs,Senior,3,Bengaluru,Karnataka,India,"Bangalore, Karnataka",0,full_time,unspecified,2019-06-05 21:12:24,2019-06-05,2019,6,5,Wednesday,800000.0,2500000.0,1650000.0,16.5,0,1650000.0,16.5,0,,,https://www.adzuna.in/details/1171509217?utm_medium=api&utm_source=f46203c2
2717713493,Software Engineer/Sr.Software Engineer,Healthians.com,Software Engineer,IT Jobs,Senior,3,Unspecified / Pan-India,Unspecified,India,India,0,full_time,unspecified,2021-12-08 02:55:45,2021-12-08,2021,12,8,Wednesday,300000.0,1500000.0,900000.0,9.0,0,900000.0,9.0,0,,,https://www.adzuna.in/details/2717713493?utm_medium=api&utm_source=f46203c2
4801578528,Software Engineers & Sr. Software Engineers,Babyoye,Software Engineer,IT Jobs,Senior,3,Mumbai,Maharashtra,India,"Mumbai, Maharashtra",0,unspecified,unspecified,2024-07-31 03:16:35,2024-07-31,2024,7,31,Wednesday,,,,,1,1050000.0,10.5,1,19.00821,72.84415,https://www.adzuna.in/details/4801578528?utm_medium=api&utm_source=f46203c2
4801511865,Software Engineer / Sr. Software Engineer,CoCubes Technologies,Software Engineer,IT Jobs,Senior,3,Gurugram,Haryana,India,"Gurgaon, Haryana",0,unspecified,unspecified,2024-07-31 03:11:55,2024-07-31,2024,7,31,Wednesday,,,,,1,1050000.0,10.5,1,28.323996,76.983738,https://www.adzuna.in/details/4801511865?utm_medium=api&utm_source=f46203c2
3118758033,Software Engineer / Senior Software Engineer,Standard Rail Technologies,Software Engineer,IT Jobs,Senior,3,Pune,Maharashtra,India,"Pune, Maharashtra",0,full_time,unspecified,2022-05-10 05:25:26,2022-05-10,2022,5,10,Tuesday,700000.0,1500000.0,1100000.0,11.0,0,1100000.0,11.0,0,18.5062,73.84735,https://www.adzuna.in/details/3118758033?utm_medium=api&utm_source=f46203c2
5828603085,Software Engineer/Senior Software Engineer,Rishabh Software Private Limited,Software Engineer,IT Jobs,Senior,3,Vadodara,Gujarat,India,"Vadodara, Gujarat",0,unspecified,unspecified,2026-08-05 07:25:02,2026-08-05,2026,8,5,Wednesday,,,,,1,1050000.0,10.5,1,22.2891,73.1924,https://www.adzuna.in/details/5828603085?utm_medium=api&utm_source=f46203c2
5794908433,Software Engineering Custom Software Engineer,Trigent Software Private Limited,Software Engineer,IT Jobs,Mid-Level,2,Chennai,Tamil Nadu,India,"Chennai, Tamil Nadu",0,unspecified,unspecified,2026-07-10 06:25:16,2026-07-10,2026,7,10,Friday,,,,,1,1000000.0,10.0,1,13.06041,80.24963,https://www.adzuna.in/details/5794908433?utm_medium=api&utm_source=f46203c2
5854847515,Software Engineering Custom Software Engineer,Trigent Software Private Limited,Software Engineer,IT Jobs,Mid-Level,2,Chennai,Tamil Nadu,India,"Chennai, Tamil Nadu",0,unspecified,unspecified,2026-08-25 07:17:27,2026-08-25,2026,8,25,Tuesday,,,,,1,1000000.0,10.0,1,13.06041,80.24963,https://www.adzuna.in/details/5854847515?utm_medium=api&utm_source=f46203c2
5871227797,ServiceNow-ITOM Developer,Kyndryl,Software Engineer,IT Jobs,Mid-Level,2,Unspecified / Pan-India,Unspecified,India,India,0,full_time,unspecified,2026-09-05 06:18:56,2026-09-05,2026,9,5,Saturday,,,,,1,1000000.0,10.0,1,,,https://www.adzuna.in/land/ad/5871227797?se=skU6ULC78RGS97j_zW5Twg&utm_medium=api&utm_source=f46203c2&v=03F26EF374C8189F2F5D46E224EA0D2D6F6DD28B
5844916527,Software Engineer,Corp,Software Engineer,IT Jobs,Mid-Level,2,Unspecified / Pan-India,Unspecified,India,India,0,unspecified,unspecified,2026-08-17 11:06:14,2026-08-17,2026,8,17,Monday,30000.0,50000.0,40000.0,0.4,0,40000.0,0.4,0,,,https://www.adzuna.in/details/5844916527?utm_medium=api&utm_source=f46203c2
5782848889,Software Engineer,02 May,Software Engineer,IT Jobs,Mid-Level,2,Rajkot,Gujarat,India,"Rajkot, Gujarat",0,unspecified,unspecified,2026-07-01 10:15:43,2026-07-01,2026,7,1,Wednesday,35000.0,50000.0,42500.0,0.425,0,42500.0,0.425,0,22.2965,70.77785,https://www.adzuna.in/details/5782848889?utm_medium=api&utm_source=f46203c2
5889517431,Software Engineer,Natwest Group,Software Engineer,IT Jobs,Mid-Level,2,Bengaluru,Karnataka,India,"Bangalore, Karnataka",0,full_time,permanent,2026-09-18 21:35:35,2026-09-18,2026,9,18,Friday,,,,,1,1000000.0,10.0,1,,,https://www.adzuna.in/details/5889517431?utm_medium=api&utm_source=f46203c2
5891909091,Software Engineer,Natwest Group,Software Engineer,IT Jobs,Mid-Level,2,Bengaluru,Karnataka,India,"Bangalore, Karnataka",0,full_time,permanent,2026-09-20 21:54:03,2026-09-20,2026,9,20,Sunday,,,,,1,1000000.0,10.0,1,,,https://www.adzuna.in/details/5891909091?utm_medium=api&utm_source=f46203c2
5850377804,Software Engineer,Kla,Software Engineer,IT Jobs,Mid-Level,2,Chennai,Tamil Nadu,India,"Chennai, Tamil Nadu",0,unspecified,unspecified,2026-08-21 07:39:18,2026-08-21,2026,8,21,Friday,,,,,1,1000000.0,10.0,1,13.06041,80.24963,https://www.adzuna.in/details/5850377804?utm_medium=api&utm_source=f46203c2
5200779665,Software Engineer,Metron Security Private Limited,Software Engineer,IT Jobs,Mid-Level,2,Pune,Maharashtra,India,"Pune, Maharashtra",0,full_time,unspecified,2025-05-16 04:54:34,2025-05-16,2025,5,16,Friday,500000.0,2000000.0,1250000.0,12.5,0,1250000.0,12.5,0,18.5062,73.84735,https://www.adzuna.in/details/5200779665?utm_medium=api&utm_source=f46203c2
5832799205,Software Engineer,Ford,Software Engineer,IT Jobs,Mid-Level,2,Chennai,Tamil Nadu,India,"Chennai, Tamil Nadu",0,unspecified,unspecified,2026-08-08 07:31:44,2026-08-08,2026,8,8,Saturday,,,,,1,1000000.0,10.0,1,13.06041,80.24963,https://www.adzuna.in/details/5832799205?utm_medium=api&utm_source=f46203c2
4686706935,Software Engineer,Unknown,Software Engineer,IT Jobs,Mid-Level,2,Bengaluru,Karnataka,India,"Bangalore, Karnataka",0,unspecified,unspecified,2024-05-10 07:39:05,2024-05-10,2024,5,10,Friday,,,,,1,1000000.0,10.0,1,12.95703,77.59837,https://www.adzuna.in/details/4686706935?utm_medium=api&utm_source=f46203c2
5889558757,Software Engineer,Natwest Group,Software Engineer,IT Jobs,Mid-Level,2,Chennai,Tamil Nadu,India,"Chennai, Tamil Nadu",0,full_time,permanent,2026-09-18 21:51:43,2026-09-18,2026,9,18,Friday,,,,,1,1000000.0,10.0,1,13.06041,80.24963,https://www.adzuna.in/details/5889558757?utm_medium=api&utm_source=f46203c2
5897176742,SOFTWARE ENGINEER,Light & Wonder,Software Engineer,IT Jobs,Mid-Level,2,Bengaluru,Karnataka,India,"Bangalore, Karnataka",0,full_time,permanent,2026-09-24 22:38:44,2026-09-24,2026,9,24,Thursday,,,,,1,1000000.0,10.0,1,,,https://www.adzuna.in/details/5897176742?utm_medium=api&utm_source=f46203c2
5898487353,Software Engineer,LNW India Solutions,Software Engineer,IT Jobs,Mid-Level,2,Unspecified / Pan-India,Unspecified,India,India,0,full_time,unspecified,2026-09-25 21:19:58,2026-09-25,2026,9,25,Friday,,,,,1,1000000.0,10.0,1,,,https://www.adzuna.in/details/5898487353?utm_medium=api&utm_source=f46203c2
5835724163,Software Engineer,Financial Services,Software Engineer,IT Jobs,Mid-Level,2,Unspecified / Pan-India,Unspecified,India,India,0,unspecified,unspecified,2026-08-10 20:48:15,2026-08-10,2026,8,10,Monday,,,,,1,1000000.0,10.0,1,,,https://www.adzuna.in/details/5835724163?utm_medium=api&utm_source=f46203c2
3104612699,Software Engineer,Dori AI,Software Engineer,IT Jobs,Mid-Level,2,Bengaluru,Karnataka,India,"Bangalore, Karnataka",0,full_time,unspecified,2022-05-05 05:56:22,2022-05-05,2022,5,5,Thursday,800000.0,2000000.0,1400000.0,14.0,0,1400000.0,14.0,0,,,https://www.adzuna.in/details/3104612699?utm_medium=api&utm_source=f46203c2
5873987776,Software Engineer,DHL,Software Engineer,IT Jobs,Mid-Level,2,Indore,Madhya Pradesh,India,"Indore, Madhya Pradesh",0,full_time,unspecified,2026-09-07 16:09:58,2026-09-07,2026,9,7,Monday,,,,,1,1000000.0,10.0,1,22.66215,75.9035,https://www.adzuna.in/details/5873987776?utm_medium=api&utm_source=f46203c2
5887897741,Software Engineer,DigiCert,Software Engineer,IT Jobs,Mid-Level,2,Bengaluru,Karnataka,India,"Bangalore, Karnataka",0,unspecified,unspecified,2026-09-17 21:28:48,2026-09-17,2026,9,17,Thursday,,,,,1,1000000.0,10.0,1,12.95703,77.59837,https://www.adzuna.in/details/5887897741?utm_medium=api&utm_source=f46203c2
5473937457,Software Engineer,New Era India,Software Engineer,IT Jobs,Mid-Level,2,Pune,Maharashtra,India,"Pune, Maharashtra",0,full_time,unspecified,2025-11-01 09:29:25,2025-11-01,2025,11,1,Saturday,1500000.0,2900000.0,2200000.0,22.0,0,2200000.0,22.0,0,18.5062,73.84735,https://www.adzuna.in/details/5473937457?utm_medium=api&utm_source=f46203c2
5832799211,Software Engineer,Ford,Software Engineer,IT Jobs,Mid-Level,2,Chennai,Tamil Nadu,India,"Chennai, Tamil Nadu",0,unspecified,unspecified,2026-08-08 07:31:45,2026-08-08,2026,8,8,Saturday,,,,,1,1000000.0,10.0,1,13.06041,80.24963,https://www.adzuna.in/details/5832799211?utm_medium=api&utm_source=f46203c2
5859203690,software engineer,Green Fields Ltd,Software Engineer,IT Jobs,Mid-Level,2,Chandigarh / Mohali,Punjab,India,"Mohali, Punjab",0,unspecified,unspecified,2026-08-28 08:59:07,2026-08-28,2026,8,28,Friday,300000.0,5400000.0,2850000.0,28.5,0,2850000.0,28.5,0,30.7545,76.6406,https://www.adzuna.in/details/5859203690?utm_medium=api&utm_source=f46203c2
5877296147,Software Engineer,Light & Wonder,Software Engineer,IT Jobs,Mid-Level,2,Unspecified / Pan-India,Unspecified,India,India,0,full_time,unspecified,2026-09-09 21:38:41,2026-09-09,2026,9,9,Wednesday,,,,,1,1000000.0,10.0,1,,,https://www.adzuna.in/details/5877296147?utm_medium=api&utm_source=f46203c2
4801431395,Software Engineer,Redolent,Software Engineer,IT Jobs,Mid-Level,2,Remote,Remote,India,India,1,unspecified,unspecified,2024-07-31 03:05:09,2024-07-31,2024,7,31,Wednesday,,,,,1,1000000.0,10.0,1,,,https://www.adzuna.in/details/4801431395?utm_medium=api&utm_source=f46203c2
5850377853,Software Engineer,Kla,Software Engineer,IT Jobs,Mid-Level,2,Chennai,Tamil Nadu,India,"Chennai, Tamil Nadu",0,unspecified,unspecified,2026-08-21 07:39:18,2026-08-21,2026,8,21,Friday,,,,,1,1000000.0,10.0,1,13.06041,80.24963,https://www.adzuna.in/details/5850377853?utm_medium=api&utm_source=f46203c2
5728456608,Software Engineer,Highrise Solutions LLP,Software Engineer,IT Jobs,Mid-Level,2,Pune,Maharashtra,India,"Pune, Maharashtra",0,full_time,permanent,2026-05-14 02:28:37,2026-05-14,2026,5,14,Thursday,,,,,1,1000000.0,10.0,1,18.5062,73.84735,https://www.adzuna.in/details/5728456608?utm_medium=api&utm_source=f46203c2
5889513521,Software Engineer,Practice By Numbers,Software Engineer,IT Jobs,Mid-Level,2,Kolkata,West Bengal,India,"Kolkata, West Bengal",0,full_time,unspecified,2026-09-18 21:32:05,2026-09-18,2026,9,18,Friday,,,,,1,1000000.0,10.0,1,22.57285,88.34373,https://www.adzuna.in/details/5889513521?utm_medium=api&utm_source=f46203c2
5851143914,Software Engineer,GE Vernova,Software Engineer,IT Jobs,Mid-Level,2,Unspecified / Pan-India,Unspecified,India,India,0,full_time,unspecified,2026-08-21 20:48:49,2026-08-21,2026,8,21,Friday,,,,,1,1000000.0,10.0,1,,,https://www.adzuna.in/details/5851143914?utm_medium=api&utm_source=f46203c2
5832799036,Software Engineer,Ford,Software Engineer,IT Jobs,Mid-Level,2,Chennai,Tamil Nadu,India,"Chennai, Tamil Nadu",0,unspecified,unspecified,2026-08-08 07:31:36,2026-08-08,2026,8,8,Saturday,,,,,1,1000000.0,10.0,1,13.06041,80.24963,https://www.adzuna.in/details/5832799036?utm_medium=api&utm_source=f46203c2
2940982582,Software Engineer,Clockwork,Software Engineer,IT Jobs,Mid-Level,2,Mumbai,Maharashtra,India,"Mumbai, Maharashtra",0,full_time,unspecified,2022-03-03 05:05:33,2022-03-03,2022,3,3,Thursday,600000.0,1500000.0,1050000.0,10.5,0,1050000.0,10.5,0,19.00821,72.84415,https://www.adzuna.in/details/2940982582?utm_medium=api&utm_source=f46203c2
5895350069,Software Engineer,Vanderlande Industries,Software Engineer,IT Jobs,Mid-Level,2,Pune,Maharashtra,India,"N I B M, Pune",0,full_time,unspecified,2026-09-23 21:22:30,2026-09-23,2026,9,23,Wednesday,,,,,1,1000000.0,10.0,1,18.47155,73.88405,https://www.adzuna.in/details/5895350069?utm_medium=api&utm_source=f46203c2
5850628737,Software Engineer,GE Vernova,Software Engineer,IT Jobs,Mid-Level,2,Hyderabad,Telangana,India,"Hyderabad, Telangana",0,unspecified,unspecified,2026-08-21 11:15:30,2026-08-21,2026,8,21,Friday,,,,,1,1000000.0,10.0,1,17.40275,78.50806,https://www.adzuna.in/details/5850628737?utm_medium=api&utm_source=f46203c2
3502540360,Software Engineers,Alpha Source,Software Engineer,IT Jobs,Mid-Level,2,Bengaluru,Karnataka,India,"Bangalore, Karnataka",0,full_time,unspecified,2022-09-20 07:01:50,2022-09-20,2022,9,20,Tuesday,4000000.0,5000000.0,4500000.0,45.0,0,4500000.0,45.0,0,,,https://www.adzuna.in/details/3502540360?utm_medium=api&utm_source=f46203c2
5899861871,Software Engineer,Natwest Group,Software Engineer,IT Jobs,Mid-Level,2,Bengaluru,Karnataka,India,"Bangalore, Karnataka",0,full_time,permanent,2026-09-26 21:26:13,2026-09-26,2026,9,26,Saturday,,,,,1,1000000.0,10.0,1,,,https://www.adzuna.in/details/5899861871?utm_medium=api&utm_source=f46203c2
5857746381,Software Engineer,Welocalize,Software Engineer,IT Jobs,Mid-Level,2,Kolkata,West Bengal,India,"Kolkata, West Bengal",0,unspecified,unspecified,2026-08-27 07:40:43,2026-08-27,2026,8,27,Thursday,,,,,1,1000000.0,10.0,1,22.57285,88.34373,https://www.adzuna.in/details/5857746381?utm_medium=api&utm_source=f46203c2
5857746421,Software Engineer,Welocalize,Software Engineer,IT Jobs,Mid-Level,2,Pune,Maharashtra,India,"Pune, Maharashtra",0,unspecified,unspecified,2026-08-27 07:40:43,2026-08-27,2026,8,27,Thursday,,,,,1,1000000.0,10.0,1,18.5062,73.84735,https://www.adzuna.in/details/5857746421?utm_medium=api&utm_source=f46203c2
5857746393,Software Engineer,Welocalize,Software Engineer,IT Jobs,Mid-Level,2,Bengaluru,Karnataka,India,"Bangalore, Karnataka",0,unspecified,unspecified,2026-08-27 07:40:43,2026-08-27,2026,8,27,Thursday,,,,,1,1000000.0,10.0,1,,,https://www.adzuna.in/details/5857746393?utm_medium=api&utm_source=f46203c2
5076578045,software engineer,Captronic Systems,Software Engineer,IT Jobs,Mid-Level,2,Bengaluru,Karnataka,India,"Bangalore, Karnataka",0,unspecified,unspecified,2025-03-05 17:03:44,2025-03-05,2025,3,5,Wednesday,,,,,1,1000000.0,10.0,1,12.95703,77.59837,https://www.adzuna.in/details/5076578045?utm_medium=api&utm_source=f46203c2
5878278634,Software Engineer,Stripe,Software Engineer,Engineering Jobs,Mid-Level,2,Unspecified / Pan-India,Unspecified,India,India,0,full_time,permanent,2026-09-10 16:10:02,2026-09-10,2026,9,10,Thursday,,,,,1,1000000.0,10.0,1,,,https://www.adzuna.in/details/5878278634?utm_medium=api&utm_source=f46203c2
4770319152,Software Engineer,MLSecured,Software Engineer,IT Jobs,Mid-Level,2,Unspecified / Pan-India,Unspecified,India,India,0,full_time,unspecified,2024-07-08 10:36:26,2024-07-08,2024,7,8,Monday,400000.0,1200000.0,800000.0,8.0,0,800000.0,8.0,0,,,https://www.adzuna.in/details/4770319152?utm_medium=api&utm_source=f46203c2
4482389909,Software Engineer,Ember Technologies Private Limited,Software Engineer,IT Jobs,Mid-Level,2,Mumbai,Maharashtra,India,"Mumbai, Maharashtra",0,full_time,unspecified,2023-12-16 15:00:30,2023-12-16,2023,12,16,Saturday,,,,,1,1000000.0,10.0,1,19.00821,72.84415,https://www.adzuna.in/details/4482389909?utm_medium=api&utm_source=f46203c2
5861793634,Software Engineer,Prgx India,Software Engineer,IT Jobs,Mid-Level,2,Pune,Maharashtra,India,"Pune, Maharashtra",0,unspecified,unspecified,2026-08-30 07:39:54,2026-08-30,2026,8,30,Sunday,,,,,1,1000000.0,10.0,1,18.5062,73.84735,https://www.adzuna.in/details/5861793634?utm_medium=api&utm_source=f46203c2
5728404770,Software Engineer,MM Staffing & Career Consultants,Software Engineer,IT Jobs,Mid-Level,2,Remote,Remote,India,India,1,full_time,unspecified,2026-05-14 02:24:36,2026-05-14,2026,5,14,Thursday,400000.0,600000.0,500000.0,5.0,0,500000.0,5.0,0,,,https://www.adzuna.in/details/5728404770?utm_medium=api&utm_source=f46203c2
5831396198,Software Engineer,InfoBeans Systems India Private Limited,Software Engineer,IT Jobs,Mid-Level,2,Pune,Maharashtra,India,"Pune, Maharashtra",0,unspecified,unspecified,2026-08-07 07:26:58,2026-08-07,2026,8,7,Friday,,,,,1,1000000.0,10.0,1,18.5062,73.84735,https://www.adzuna.in/details/5831396198?utm_medium=api&utm_source=f46203c2
5860532653,Software Engineer,Innominds Software Inc,Software Engineer,IT Jobs,Mid-Level,2,Pune,Maharashtra,India,"Pune, Maharashtra",0,unspecified,unspecified,2026-08-29 07:39:34,2026-08-29,2026,8,29,Saturday,,,,,1,1000000.0,10.0,1,18.5062,73.84735,https://www.adzuna.in/details/5860532653?utm_medium=api&utm_source=f46203c2
5876949162,Software Engineer,Envoy Global,Software Engineer,IT Jobs,Mid-Level,2,Hyderabad,Telangana,India,"Hyderabad, Telangana",0,full_time,unspecified,2026-09-09 16:12:51,2026-09-09,2026,9,9,Wednesday,,,,,1,1000000.0,10.0,1,17.40275,78.50806,https://www.adzuna.in/details/5876949162?utm_medium=api&utm_source=f46203c2
4514375753,Software Engineer,Qrata,Software Engineer,IT Jobs,Mid-Level,2,Unspecified / Pan-India,Unspecified,India,India,0,full_time,unspecified,2024-01-07 15:07:32,2024-01-07,2024,1,7,Sunday,2000000.0,2500000.0,2250000.0,22.5,0,2250000.0,22.5,0,,,https://www.adzuna.in/details/4514375753?utm_medium=api&utm_source=f46203c2
5899838321,Software Engineer,Applied Materials,Software Engineer,IT Jobs,Mid-Level,2,Unspecified / Pan-India,Unspecified,India,India,0,full_time,unspecified,2026-09-26 21:08:00,2026-09-26,2026,9,26,Saturday,,,,,1,1000000.0,10.0,1,,,https://www.adzuna.in/details/5899838321?utm_medium=api&utm_source=f46203c2
5832075588,Software Engineer,Cornerstone OnDemand,Software Engineer,IT Jobs,Mid-Level,2,Hyderabad,Telangana,India,"Hyderabad, Telangana",0,unspecified,unspecified,2026-08-07 20:38:50,2026-08-07,2026,8,7,Friday,,,,,1,1000000.0,10.0,1,17.40275,78.50806,https://www.adzuna.in/details/5832075588?utm_medium=api&utm_source=f46203c2
5879541185,Software Engineer,a16z crypto,Software Engineer,IT Jobs,Mid-Level,2,Unspecified / Pan-India,Unspecified,India,India,0,full_time,permanent,2026-09-11 16:11:09,2026-09-11,2026,9,11,Friday,,,,,1,1000000.0,10.0,1,,,https://www.adzuna.in/details/5879541185?utm_medium=api&utm_source=f46203c2
1161627784,Software Engineer,Better Technology Labs LLP,Software Engineer,IT Jobs,Mid-Level,2,Pune,Maharashtra,India,"Pune, Maharashtra",0,full_time,unspecified,2019-05-24 21:25:55,2019-05-24,2019,5,24,Friday,200000.0,300000.0,250000.0,2.5,0,250000.0,2.5,0,18.5062,73.84735,https://www.adzuna.in/details/1161627784?utm_medium=api&utm_source=f46203c2
3211117577,Software Engineer,Better Technology Labs LLP,Software Engineer,IT Jobs,Mid-Level,2,Pune,Maharashtra,India,"Pune, Maharashtra",0,full_time,unspecified,2022-06-09 06:16:14,2022-06-09,2022,6,9,Thursday,100000.0,200000.0,150000.0,1.5,0,150000.0,1.5,0,18.5062,73.84735,https://www.adzuna.in/details/3211117577?utm_medium=api&utm_source=f46203c2
5892941510,Software Engineer,Development,Software Engineer,IT Jobs,Mid-Level,2,Pune,Maharashtra,India,"Pune, Maharashtra",0,full_time,unspecified,2026-09-21 21:32:16,2026-09-21,2026,9,21,Monday,,,,,1,1000000.0,10.0,1,18.5062,73.84735,https://www.adzuna.in/details/5892941510?utm_medium=api&utm_source=f46203c2
5412314925,Software Engineer,Nexthop Systems Inc,Software Engineer,IT Jobs,Mid-Level,2,Bengaluru,Karnataka,India,"Kenchanahalli, Bangalore",0,full_time,unspecified,2025-09-23 23:44:16,2025-09-23,2025,9,23,Tuesday,,,,,1,1000000.0,10.0,1,12.94715,77.57888,https://www.adzuna.in/details/5412314925?utm_medium=api&utm_source=f46203c2
5850377882,Software Engineer,Kla,Software Engineer,IT Jobs,Mid-Level,2,Chennai,Tamil Nadu,India,"Chennai, Tamil Nadu",0,unspecified,unspecified,2026-08-21 07:39:19,2026-08-21,2026,8,21,Friday,,,,,1,1000000.0,10.0,1,13.06041,80.24963,https://www.adzuna.in/details/5850377882?utm_medium=api&utm_source=f46203c2
2412913392,Software Engineer,manpower india,Software Engineer,IT Jobs,Mid-Level,2,Delhi NCR,Delhi,India,"Delhi, India",0,full_time,unspecified,2021-08-28 01:20:53,2021-08-28,2021,8,28,Saturday,500000.0,1500000.0,1000000.0,10.0,0,1000000.0,10.0,0,,,https://www.adzuna.in/details/2412913392?utm_medium=api&utm_source=f46203c2
2167825738,Software Engineer,Gracira Technologies LLP,Software Engineer,IT Jobs,Mid-Level,2,Pune,Maharashtra,India,"Pune, Maharashtra",0,full_time,unspecified,2021-05-07 11:43:47,2021-05-07,2021,5,7,Friday,500000.0,800000.0,650000.0,6.5,0,650000.0,6.5,0,18.5062,73.84735,https://www.adzuna.in/details/2167825738?utm_medium=api&utm_source=f46203c2
5887515789,Software Engineer,Coinbase,Software Engineer,IT Jobs,Mid-Level,2,Remote,Remote,India,India,1,full_time,permanent,2026-09-17 16:11:40,2026-09-17,2026,9,17,Thursday,,,,,1,1000000.0,10.0,1,,,https://www.adzuna.in/details/5887515789?utm_medium=api&utm_source=f46203c2
4962196686,Software Engineer,Growtomation Marketing Solutions,Software Engineer,IT Jobs,Mid-Level,2,Unspecified / Pan-India,Unspecified,India,India,0,full_time,unspecified,2024-12-04 12:58:55,2024-12-04,2024,12,4,Wednesday,1100000.0,1600000.0,1350000.0,13.5,0,1350000.0,13.5,0,,,https://www.adzuna.in/details/4962196686?utm_medium=api&utm_source=f46203c2
3090398896,Software Engineer,Petpooja,Software Engineer,IT Jobs,Mid-Level,2,Ahmedabad,Gujarat,India,"Ahmedabad, Gujarat",0,full_time,unspecified,2022-04-30 05:30:14,2022-04-30,2022,4,30,Saturday,200000.0,800000.0,500000.0,5.0,0,500000.0,5.0,0,23.042,72.59465,https://www.adzuna.in/details/3090398896?utm_medium=api&utm_source=f46203c2
5788362597,Software Engineer,Sagility,Software Engineer,IT Jobs,Mid-Level,2,Unspecified / Pan-India,Unspecified,India,India,0,full_time,unspecified,2026-07-05 03:32:28,2026-07-05,2026,7,5,Sunday,,,,,1,1000000.0,10.0,1,,,https://www.adzuna.in/details/5788362597?utm_medium=api&utm_source=f46203c2
5850377801,Software Engineer,Kla,Software Engineer,IT Jobs,Mid-Level,2,Chennai,Tamil Nadu,India,"Chennai, Tamil Nadu",0,unspecified,unspecified,2026-08-21 07:39:18,2026-08-21,2026,8,21,Friday,,,,,1,1000000.0,10.0,1,13.06041,80.24963,https://www.adzuna.in/details/5850377801?utm_medium=api&utm_source=f46203c2
5850377796,Software Engineer,Kla,Software Engineer,IT Jobs,Mid-Level,2,Chennai,Tamil Nadu,India,"Chennai, Tamil Nadu",0,unspecified,unspecified,2026-08-21 07:39:18,2026-08-21,2026,8,21,Friday,,,,,1,1000000.0,10.0,1,13.06041,80.24963,https://www.adzuna.in/details/5850377796?utm_medium=api&utm_source=f46203c2
2349831950,Software Engineer,Kavayah People Consulting,Software Engineer,IT Jobs,Mid-Level,2,Pune,Maharashtra,India,"Pune, Maharashtra",0,full_time,unspecified,2021-07-30 22:01:46,2021-07-30,2021,7,30,Friday,1500000.0,4500000.0,3000000.0,30.0,0,3000000.0,30.0,0,18.5062,73.84735,https://www.adzuna.in/details/2349831950?utm_medium=api&utm_source=f46203c2
5831601675,Software Engineer,Cornerstone onDemand,Software Engineer,IT Jobs,Mid-Level,2,Unspecified / Pan-India,Unspecified,India,India,0,unspecified,unspecified,2026-08-07 10:54:29,2026-08-07,2026,8,7,Friday,,,,,1,1000000.0,10.0,1,,,https://www.adzuna.in/details/5831601675?utm_medium=api&utm_source=f46203c2
5831601681,Software Engineer,Cornerstone onDemand,Software Engineer,IT Jobs,Mid-Level,2,Hyderabad,Telangana,India,"Hyderabad, Telangana",0,unspecified,unspecified,2026-08-07 10:54:30,2026-08-07,2026,8,7,Friday,,,,,1,1000000.0,10.0,1,17.40275,78.50806,https://www.adzuna.in/details/5831601681?utm_medium=api&utm_source=f46203c2
5564223445,Software Engineer,Teradata,Software Engineer,IT Jobs,Mid-Level,2,Hyderabad,Telangana,India,"Hyderabad, Telangana",0,unspecified,unspecified,2026-01-02 10:17:40,2026-01-02,2026,1,2,Friday,,,,,1,1000000.0,10.0,1,17.40275,78.50806,https://www.adzuna.in/details/5564223445?utm_medium=api&utm_source=f46203c2
2416075562,Software Engineer,Scatter,Software Engineer,IT Jobs,Mid-Level,2,Unspecified / Pan-India,Unspecified,India,India,0,full_time,unspecified,2021-08-29 02:29:35,2021-08-29,2021,8,29,Sunday,500000.0,750000.0,625000.0,6.25,0,625000.0,6.25,0,,,https://www.adzuna.in/details/2416075562?utm_medium=api&utm_source=f46203c2
5845091247,Software Engineer,TrueBlue,Software Engineer,IT Jobs,Mid-Level,2,Bengaluru,Karnataka,India,"Bangalore, Karnataka",0,full_time,unspecified,2026-08-17 16:03:19,2026-08-17,2026,8,17,Monday,,,,,1,1000000.0,10.0,1,,,https://www.adzuna.in/details/5845091247?utm_medium=api&utm_source=f46203c2
4801487828,Software Engineer,Ziplr Technology,Software Engineer,IT Jobs,Mid-Level,2,Unspecified / Pan-India,Unspecified,India,India,0,full_time,unspecified,2024-07-31 03:09:36,2024-07-31,2024,7,31,Wednesday,500000.0,900000.0,700000.0,7.0,0,700000.0,7.0,0,,,https://www.adzuna.in/details/4801487828?utm_medium=api&utm_source=f46203c2
5889519396,Software Engineer (IN),eventual,Software Engineer,Engineering Jobs,Mid-Level,2,Gurugram,Haryana,India,"Gurgaon, Haryana",0,full_time,unspecified,2026-09-18 21:36:41,2026-09-18,2026,9,18,Friday,,,,,1,1000000.0,10.0,1,28.323996,76.983738,https://www.adzuna.in/details/5889519396?utm_medium=api&utm_source=f46203c2
5727241995,Software Engineer,MM Staffing & Career Consultants,Software Engineer,IT Jobs,Mid-Level,2,Chennai,Tamil Nadu,India,"Chennai, Tamil Nadu",0,full_time,unspecified,2026-05-13 02:13:48,2026-05-13,2026,5,13,Wednesday,600000.0,600000.0,600000.0,6.0,0,600000.0,6.0,0,13.06041,80.24963,https://www.adzuna.in/details/5727241995?utm_medium=api&utm_source=f46203c2
4397462758,Software Engineer,Orbital,Software Engineer,IT Jobs,Mid-Level,2,Hyderabad,Telangana,India,"Hyderabad, Telangana",0,full_time,unspecified,2023-10-27 14:50:35,2023-10-27,2023,10,27,Friday,500000.0,1600000.0,1050000.0,10.5,0,1050000.0,10.5,0,17.40275,78.50806,https://www.adzuna.in/details/4397462758?utm_medium=api&utm_source=f46203c2
5811366880,Software Engineer,Electrolux,Software Engineer,IT Jobs,Mid-Level,2,Unspecified / Pan-India,Unspecified,India,India,0,full_time,unspecified,2026-07-23 03:24:56,2026-07-23,2026,7,23,Thursday,,,,,1,1000000.0,10.0,1,,,https://www.adzuna.in/details/5811366880?utm_medium=api&utm_source=f46203c2
4686706109,Software Engineer,Unknown,Software Engineer,IT Jobs,Mid-Level,2,Bengaluru,Karnataka,India,"Bangalore, Karnataka",0,unspecified,unspecified,2024-05-10 07:38:59,2024-05-10,2024,5,10,Friday,,,,,1,1000000.0,10.0,1,12.95703,77.59837,https://www.adzuna.in/details/4686706109?utm_medium=api&utm_source=f46203c2
1155089367,Software Engineer,Phoenix Live,Software Engineer,IT Jobs,Mid-Level,2,Hyderabad,Telangana,India,"Hyderabad, Telangana",0,full_time,unspecified,2019-05-17 21:02:44,2019-05-17,2019,5,17,Friday,500000.0,800000.0,650000.0,6.5,0,650000.0,6.5,0,17.40275,78.50806,https://www.adzuna.in/details/1155089367?utm_medium=api&utm_source=f46203c2
5492760933,Software Engineer,NeoGenCode Technologies Pvt Ltd,Software Engineer,IT Jobs,Mid-Level,2,Bengaluru,Karnataka,India,"Bangalore, Karnataka",0,full_time,unspecified,2025-11-13 02:25:04,2025-11-13,2025,11,13,Thursday,600000.0,1100000.0,850000.0,8.5,0,850000.0,8.5,0,,,https://www.adzuna.in/details/5492760933?utm_medium=api&utm_source=f46203c2
3129682589,Software Engineer,Saras Analytics Private Limited,Software Engineer,IT Jobs,Mid-Level,2,Hyderabad,Telangana,India,"Hyderabad, Telangana",0,full_time,unspecified,2022-05-13 05:26:52,2022-05-13,2022,5,13,Friday,600000.0,1400000.0,1000000.0,10.0,0,1000000.0,10.0,0,17.40275,78.50806,https://www.adzuna.in/details/3129682589?utm_medium=api&utm_source=f46203c2
5825757945,Software Engineer,Corpay,Software Engineer,IT Jobs,Mid-Level,2,Unspecified / Pan-India,Unspecified,India,India,0,full_time,unspecified,2026-08-02 20:43:24,2026-08-02,2026,8,2,Sunday,,,,,1,1000000.0,10.0,1,,,https://www.adzuna.in/details/5825757945?utm_medium=api&utm_source=f46203c2
5895360461,Software Engineer,Ralliant,Software Engineer,IT Jobs,Mid-Level,2,Unspecified / Pan-India,Unspecified,India,India,0,full_time,unspecified,2026-09-23 21:30:23,2026-09-23,2026,9,23,Wednesday,,,,,1,1000000.0,10.0,1,,,https://www.adzuna.in/details/5895360461?utm_medium=api&utm_source=f46203c2
5769683317,Software Engineer,ACI Worldwide,Software Engineer,IT Jobs,Mid-Level,2,Bengaluru,Karnataka,India,"Bangalore, Karnataka",0,full_time,unspecified,2026-06-20 03:02:31,2026-06-20,2026,6,20,Saturday,,,,,1,1000000.0,10.0,1,12.95703,77.59837,https://www.adzuna.in/details/5769683317?utm_medium=api&utm_source=f46203c2
4686704765,Software Engineer,Unknown,Software Engineer,IT Jobs,Mid-Level,2,Thiruvananthapuram,Kerala,India,"Thiruvananthapuram, Kerala",0,unspecified,unspecified,2024-05-10 07:38:50,2024-05-10,2024,5,10,Friday,,,,,1,1000000.0,10.0,1,8.38159,77.0037,https://www.adzuna.in/details/4686704765?utm_medium=api&utm_source=f46203c2
5866922827,Software Engineer,BOT Consulting,Software Engineer,IT Jobs,Mid-Level,2,Jaipur,Rajasthan,India,"Jaipur, Rajasthan",0,full_time,unspecified,2026-09-02 16:15:26,2026-09-02,2026,9,2,Wednesday,,,,,1,1000000.0,10.0,1,26.7441,75.9469,https://www.adzuna.in/details/5866922827?utm_medium=api&utm_source=f46203c2
5876429057,Software Engineer,Karnataka Information Solution,Software Engineer,IT Jobs,Mid-Level,2,Bengaluru,Karnataka,India,"Bangalore, Karnataka",0,unspecified,unspecified,2026-09-09 06:39:23,2026-09-09,2026,9,9,Wednesday,,,,,1,1000000.0,10.0,1,,,https://www.adzuna.in/details/5876429057?utm_medium=api&utm_source=f46203c2
4686706742,Software Engineer,Unknown,Software Engineer,IT Jobs,Mid-Level,2,Unspecified / Pan-India,Kerala,India,"Kerala, India",0,unspecified,unspecified,2024-05-10 07:39:04,2024-05-10,2024,5,10,Friday,,,,,1,1000000.0,10.0,1,10.368486,76.272999,https://www.adzuna.in/details/4686706742?utm_medium=api&utm_source=f46203c2
5851860309,Software Engineer,Ametek Instruments India,Software Engineer,IT Jobs,Mid-Level,2,Bengaluru,Karnataka,India,"Bangalore, Karnataka",0,unspecified,unspecified,2026-08-22 07:33:27,2026-08-22,2026,8,22,Saturday,,,,,1,1000000.0,10.0,1,,,https://www.adzuna.in/details/5851860309?utm_medium=api&utm_source=f46203c2
5869184462,Software Engineer,CSC,Software Engineer,IT Jobs,Mid-Level,2,Bengaluru,Karnataka,India,"Bangalore, Karnataka",0,full_time,unspecified,2026-09-03 21:20:27,2026-09-03,2026,9,3,Thursday,,,,,1,1000000.0,10.0,1,12.95703,77.59837,https://www.adzuna.in/details/5869184462?utm_medium=api&utm_source=f46203c2
5841938309,Software Engineer,Cisco,Software Engineer,IT Jobs,Mid-Level,2,Bengaluru,Karnataka,India,"Bangalore, Karnataka",0,full_time,unspecified,2026-08-14 20:56:29,2026-08-14,2026,8,14,Friday,,,,,1,1000000.0,10.0,1,12.95703,77.59837,https://www.adzuna.in/details/5841938309?utm_medium=api&utm_source=f46203c2
3032212368,Software Engineer,WeRize,Software Engineer,IT Jobs,Mid-Level,2,Bengaluru,Karnataka,India,"Bangalore, Karnataka",0,full_time,unspecified,2022-04-07 05:25:45,2022-04-07,2022,4,7,Thursday,500000.0,1200000.0,850000.0,8.5,0,850000.0,8.5,0,,,https://www.adzuna.in/details/3032212368?utm_medium=api&utm_source=f46203c2
3592404538,Software Engineer,HyreSpree,Software Engineer,IT Jobs,Mid-Level,2,Bengaluru,Karnataka,India,"Bangalore, Karnataka",0,full_time,unspecified,2022-10-16 05:44:16,2022-10-16,2022,10,16,Sunday,600000.0,2000000.0,1300000.0,13.0,0,1300000.0,13.0,0,,,https://www.adzuna.in/details/3592404538?utm_medium=api&utm_source=f46203c2
4686707307,Software Engineer,Unknown,Software Engineer,IT Jobs,Mid-Level,2,Bengaluru,Karnataka,India,"Bangalore, Karnataka",0,unspecified,unspecified,2024-05-10 07:39:08,2024-05-10,2024,5,10,Friday,,,,,1,1000000.0,10.0,1,12.95703,77.59837,https://www.adzuna.in/details/4686707307?utm_medium=api&utm_source=f46203c2
5822050642,Software Engineer,HealthEdge,Software Engineer,IT Jobs,Mid-Level,2,Bengaluru,Karnataka,India,"Bangalore, Karnataka",0,full_time,unspecified,2026-07-31 10:51:14,2026-07-31,2026,7,31,Friday,,,,,1,1000000.0,10.0,1,12.95703,77.59837,https://www.adzuna.in/details/5822050642?utm_medium=api&utm_source=f46203c2
5849697309,Software Engineer,Syndigo,Software Engineer,IT Jobs,Mid-Level,2,Bengaluru,Karnataka,India,"Bangalore, Karnataka",0,unspecified,unspecified,2026-08-20 21:04:13,2026-08-20,2026,8,20,Thursday,,,,,1,1000000.0,10.0,1,,,https://www.adzuna.in/details/5849697309?utm_medium=api&utm_source=f46203c2
5897783710,Software Engineer,IBM,Software Engineer,IT Jobs,Mid-Level,2,Hyderabad,Telangana,India,"Hyderabad, Telangana",0,unspecified,unspecified,2026-09-25 07:46:24,2026-09-25,2026,9,25,Friday,,,,,1,1000000.0,10.0,1,17.40275,78.50806,https://www.adzuna.in/details/5897783710?utm_medium=api&utm_source=f46203c2
1171508379,Software Engineer,Infomize Technologies,Software Engineer,IT Jobs,Mid-Level,2,Ahmedabad,Gujarat,India,"Ahmedabad, Gujarat",0,full_time,unspecified,2019-06-05 21:12:17,2019-06-05,2019,6,5,Wednesday,100000.0,400000.0,250000.0,2.5,0,250000.0,2.5,0,23.042,72.59465,https://www.adzuna.in/details/1171508379?utm_medium=api&utm_source=f46203c2
4168762760,Software Engineer,Metabook Technologies Private Limited,Software Engineer,IT Jobs,Mid-Level,2,Delhi NCR,Delhi,India,"Delhi, India",0,full_time,unspecified,2023-06-24 17:15:52,2023-06-24,2023,6,24,Saturday,500000.0,1000000.0,750000.0,7.5,0,750000.0,7.5,0,28.62523,77.224601,https://www.adzuna.in/details/4168762760?utm_medium=api&utm_source=f46203c2
1171507964,Software Engineer,Anyone Home IT Services,Software Engineer,IT Jobs,Mid-Level,2,Pune,Maharashtra,India,"Pune, Maharashtra",0,full_time,unspecified,2019-06-05 21:12:13,2019-06-05,2019,6,5,Wednesday,300000.0,1000000.0,650000.0,6.5,0,650000.0,6.5,0,18.5062,73.84735,https://www.adzuna.in/details/1171507964?utm_medium=api&utm_source=f46203c2
5676252456,Software Engineer,Gururo,Software Engineer,IT Jobs,Mid-Level,2,Unspecified / Pan-India,Unspecified,India,India,0,full_time,unspecified,2026-03-24 01:51:22,2026-03-24,2026,3,24,Tuesday,,,,,1,1000000.0,10.0,1,,,https://www.adzuna.in/details/5676252456?utm_medium=api&utm_source=f46203c2
3032214034,Software Engineer,Unnati,Software Engineer,IT Jobs,Mid-Level,2,Remote,Remote,India,India,1,full_time,unspecified,2022-04-07 05:26:04,2022-04-07,2022,4,7,Thursday,750000.0,2500000.0,1625000.0,16.25,0,1625000.0,16.25,0,,,https://www.adzuna.in/details/3032214034?utm_medium=api&utm_source=f46203c2
3332673297,Software Engineer,InFoCusp,Software Engineer,IT Jobs,Mid-Level,2,Pune,Maharashtra,India,"Pune, Maharashtra",0,full_time,unspecified,2022-07-20 06:36:19,2022-07-20,2022,7,20,Wednesday,700000.0,2700000.0,1700000.0,17.0,0,1700000.0,17.0,0,18.5062,73.84735,https://www.adzuna.in/details/3332673297?utm_medium=api&utm_source=f46203c2
5893825630,Software Engineer,Metron Security Private Limited,Software Engineer,IT Jobs,Mid-Level,2,Pune,Maharashtra,India,"Pune, Maharashtra",0,full_time,unspecified,2026-09-22 16:13:39,2026-09-22,2026,9,22,Tuesday,500000.0,1200000.0,850000.0,8.5,0,850000.0,8.5,0,18.5062,73.84735,https://www.adzuna.in/details/5893825630?utm_medium=api&utm_source=f46203c2
5841415040,Software Engineer,Cisco,Software Engineer,IT Jobs,Mid-Level,2,Bengaluru,Karnataka,India,"Bangalore, Karnataka",0,unspecified,unspecified,2026-08-14 11:17:44,2026-08-14,2026,8,14,Friday,,,,,1,1000000.0,10.0,1,12.95703,77.59837,https://www.adzuna.in/details/5841415040?utm_medium=api&utm_source=f46203c2
5892689811,Software Engineer,Applied Systems,Software Engineer,IT Jobs,Mid-Level,2,Bengaluru,Karnataka,India,"Bangalore, Karnataka",0,full_time,unspecified,2026-09-21 16:14:53,2026-09-21,2026,9,21,Monday,,,,,1,1000000.0,10.0,1,,,https://www.adzuna.in/details/5892689811?utm_medium=api&utm_source=f46203c2
5839221436,Software Engineers,MD India Health Insurance TPA Pvt Ltd,Software Engineer,IT Jobs,Mid-Level,2,Delhi NCR,Delhi,India,"Delhi, India",0,unspecified,unspecified,2026-08-13 07:32:04,2026-08-13,2026,8,13,Thursday,,,,,1,1000000.0,10.0,1,28.62523,77.224601,https://www.adzuna.in/details/5839221436?utm_medium=api&utm_source=f46203c2
5878284776,Software Engineer,Otelier,Software Engineer,IT Jobs,Mid-Level,2,Ahmedabad,Gujarat,India,"Ahmedabad, Gujarat",0,full_time,unspecified,2026-09-10 16:12:48,2026-09-10,2026,9,10,Thursday,,,,,1,1000000.0,10.0,1,23.042,72.59465,https://www.adzuna.in/details/5878284776?utm_medium=api&utm_source=f46203c2
5895354876,Software Engineer,otelier.io,Software Engineer,IT Jobs,Mid-Level,2,Unspecified / Pan-India,Unspecified,India,India,0,full_time,unspecified,2026-09-23 21:26:14,2026-09-23,2026,9,23,Wednesday,,,,,1,1000000.0,10.0,1,,,https://www.adzuna.in/details/5895354876?utm_medium=api&utm_source=f46203c2
5897052887,Software Engineer,Texas Instruments,Software Engineer,Engineering Jobs,Mid-Level,2,Bengaluru,Karnataka,India,"Bangalore, Karnataka",0,unspecified,unspecified,2026-09-24 21:17:53,2026-09-24,2026,9,24,Thursday,,,,,1,1000000.0,10.0,1,,,https://www.adzuna.in/details/5897052887?utm_medium=api&utm_source=f46203c2
5897027521,Software Engineer,Barclays,Software Engineer,IT Jobs,Mid-Level,2,Unspecified / Pan-India,Unspecified,India,India,0,full_time,unspecified,2026-09-24 21:05:26,2026-09-24,2026,9,24,Thursday,,,,,1,1000000.0,10.0,1,,,https://www.adzuna.in/details/5897027521?utm_medium=api&utm_source=f46203c2
5900717557,Software Engineer,Redwood Software,Software Engineer,IT Jobs,Mid-Level,2,Hyderabad,Telangana,India,"Hyderabad, Telangana",0,unspecified,unspecified,2026-09-27 21:07:34,2026-09-27,2026,9,27,Sunday,,,,,1,1000000.0,10.0,1,17.40275,78.50806,https://www.adzuna.in/details/5900717557?utm_medium=api&utm_source=f46203c2
5134190392,Software Engineer,Britive,Software Engineer,IT Jobs,Mid-Level,2,Bengaluru,Karnataka,India,"Bangalore, Karnataka",0,unspecified,unspecified,2025-04-08 02:44:01,2025-04-08,2025,4,8,Tuesday,,,,,1,1000000.0,10.0,1,,,https://www.adzuna.in/details/5134190392?utm_medium=api&utm_source=f46203c2
5848348659,Software Engineer,Qualys,Software Engineer,IT Jobs,Mid-Level,2,Pune,Maharashtra,India,"Pune, Maharashtra",0,full_time,unspecified,2026-08-19 20:43:12,2026-08-19,2026,8,19,Wednesday,,,,,1,1000000.0,10.0,1,18.5062,73.84735,https://www.adzuna.in/details/5848348659?utm_medium=api&utm_source=f46203c2
5887520960,SOFTWARE ENGINEER,Light & Wonder,Software Engineer,IT Jobs,Mid-Level,2,Chennai,Tamil Nadu,India,"Chennai, Tamil Nadu",0,full_time,unspecified,2026-09-17 16:13:26,2026-09-17,2026,9,17,Thursday,,,,,1,1000000.0,10.0,1,13.06041,80.24963,https://www.adzuna.in/details/5887520960?utm_medium=api&utm_source=f46203c2
5545793766,Software Engineer,FAI,Software Engineer,IT Jobs,Mid-Level,2,Unspecified / Pan-India,Unspecified,India,India,0,full_time,unspecified,2025-12-18 00:12:03,2025-12-18,2025,12,18,Thursday,,,,,1,1000000.0,10.0,1,,,https://www.adzuna.in/details/5545793766?utm_medium=api&utm_source=f46203c2
4224222481,Software Engineer,Arista Networks,Software Engineer,IT Jobs,Mid-Level,2,Bengaluru,Karnataka,India,"Bangalore, Karnataka",0,full_time,unspecified,2023-07-26 13:37:58,2023-07-26,2023,7,26,Wednesday,2500000.0,5500000.0,4000000.0,40.0,0,4000000.0,40.0,0,,,https://www.adzuna.in/details/4224222481?utm_medium=api&utm_source=f46203c2
5881130746,Software Engineer,Cisco,Software Engineer,IT Jobs,Mid-Level,2,Bengaluru,Karnataka,India,"Bangalore, Karnataka",0,full_time,unspecified,2026-09-12 21:21:59,2026-09-12,2026,9,12,Saturday,,,,,1,1000000.0,10.0,1,12.95703,77.59837,https://www.adzuna.in/details/5881130746?utm_medium=api&utm_source=f46203c2
5856198183,Software Engineering,Test,Software Engineer,IT Jobs,Mid-Level,2,Bengaluru,Karnataka,India,"Bangalore, Karnataka",0,unspecified,unspecified,2026-08-26 07:38:12,2026-08-26,2026,8,26,Wednesday,,,,,1,1000000.0,10.0,1,,,https://www.adzuna.in/details/5856198183?utm_medium=api&utm_source=f46203c2
5879146885,Software Engineers,Perpetuity Capital,Software Engineer,IT Jobs,Mid-Level,2,Kolkata,West Bengal,India,"Kolkata, West Bengal",0,unspecified,unspecified,2026-09-11 07:41:09,2026-09-11,2026,9,11,Friday,,,,,1,1000000.0,10.0,1,22.57285,88.34373,https://www.adzuna.in/details/5879146885?utm_medium=api&utm_source=f46203c2
5683548311,Software Engineer,Yellow Messenger,Software Engineer,IT Jobs,Mid-Level,2,Bengaluru,Karnataka,India,"Bangalore, Karnataka",0,full_time,contract,2026-03-31 02:19:32,2026-03-31,2026,3,31,Tuesday,,,,,1,1000000.0,10.0,1,,,https://www.adzuna.in/details/5683548311?utm_medium=api&utm_source=f46203c2
5819667295,Software Engineer,Cglia Solutions LLP,Software Engineer,IT Jobs,Mid-Level,2,Hyderabad,Telangana,India,"Hyderabad, Telangana",0,full_time,unspecified,2026-07-29 15:57:59,2026-07-29,2026,7,29,Wednesday,650000.0,1200000.0,925000.0,9.25,0,925000.0,9.25,0,17.40275,78.50806,https://www.adzuna.in/details/5819667295?utm_medium=api&utm_source=f46203c2
5898478742,Software Engineer,ACI Worldwide,Software Engineer,IT Jobs,Mid-Level,2,Pune,Maharashtra,India,"Pune, Maharashtra",0,full_time,unspecified,2026-09-25 21:13:55,2026-09-25,2026,9,25,Friday,,,,,1,1000000.0,10.0,1,18.5062,73.84735,https://www.adzuna.in/details/5898478742?utm_medium=api&utm_source=f46203c2
1171507085,Software Engineers!,Bizcrum,Software Engineer,IT Jobs,Mid-Level,2,Delhi NCR,Delhi,India,"Delhi, India",0,full_time,unspecified,2019-06-05 21:12:05,2019-06-05,2019,6,5,Wednesday,1000000.0,2000000.0,1500000.0,15.0,0,1500000.0,15.0,0,,,https://www.adzuna.in/details/1171507085?utm_medium=api&utm_source=f46203c2
2333106111,Software Engineer,Quince,Software Engineer,IT Jobs,Mid-Level,2,Hyderabad,Telangana,India,"Hyderabad, Telangana",0,full_time,unspecified,2021-07-21 21:16:25,2021-07-21,2021,7,21,Wednesday,1000000.0,2500000.0,1750000.0,17.5,0,1750000.0,17.5,0,17.40275,78.50806,https://www.adzuna.in/details/2333106111?utm_medium=api&utm_source=f46203c2
5856198182,Software Engineering,Test,Software Engineer,IT Jobs,Mid-Level,2,Bengaluru,Karnataka,India,"Bangalore, Karnataka",0,unspecified,unspecified,2026-08-26 07:38:12,2026-08-26,2026,8,26,Wednesday,,,,,1,1000000.0,10.0,1,,,https://www.adzuna.in/details/5856198182?utm_medium=api&utm_source=f46203c2
5862283335,Software Engineer,RSA Career,Software Engineer,IT Jobs,Mid-Level,2,Bengaluru,Karnataka,India,"Bangalore, Karnataka",0,full_time,unspecified,2026-08-30 20:55:39,2026-08-30,2026,8,30,Sunday,,,,,1,1000000.0,10.0,1,12.95703,77.59837,https://www.adzuna.in/details/5862283335?utm_medium=api&utm_source=f46203c2
5878284909,Software Engineer,Weekday AI,Software Engineer,Engineering Jobs,Mid-Level,2,Bengaluru,Karnataka,India,"Bangalore, Karnataka",0,full_time,unspecified,2026-09-10 16:12:49,2026-09-10,2026,9,10,Thursday,,,,,1,1000000.0,10.0,1,,,https://www.adzuna.in/details/5878284909?utm_medium=api&utm_source=f46203c2
5887943574,Software Engineer,DigiCert,Software Engineer,IT Jobs,Mid-Level,2,Bengaluru,Karnataka,India,"Bangalore, Karnataka",0,unspecified,unspecified,2026-09-17 21:47:32,2026-09-17,2026,9,17,Thursday,,,,,1,1000000.0,10.0,1,12.95703,77.59837,https://www.adzuna.in/details/5887943574?utm_medium=api&utm_source=f46203c2
4667619187,software engineer,CodesCastle Software Pvt Ltd,Software Engineer,IT Jobs,Mid-Level,2,Delhi NCR,Delhi,India,"Delhi, India",0,full_time,unspecified,2024-04-27 18:25:05,2024-04-27,2024,4,27,Saturday,1200000.0,1500000.0,1350000.0,13.5,0,1350000.0,13.5,0,28.62523,77.224601,https://www.adzuna.in/details/4667619187?utm_medium=api&utm_source=f46203c2
1958165837,Software Engineer,Rahi Systems Pvt Ltd,Software Engineer,IT Jobs,Mid-Level,2,Hyderabad,Telangana,India,"Hyderabad, Telangana",0,full_time,unspecified,2021-01-28 04:01:07,2021-01-28,2021,1,28,Thursday,400000.0,1000000.0,700000.0,7.0,0,700000.0,7.0,0,17.40275,78.50806,https://www.adzuna.in/details/1958165837?utm_medium=api&utm_source=f46203c2
2439782858,Software Engineer,Talentspro,Software Engineer,IT Jobs,Mid-Level,2,Bengaluru,Karnataka,India,"Bangalore, Karnataka",0,full_time,unspecified,2021-09-08 02:40:58,2021-09-08,2021,9,8,Wednesday,0.0,2000000.0,2000000.0,20.0,0,2000000.0,20.0,0,,,https://www.adzuna.in/details/2439782858?utm_medium=api&utm_source=f46203c2
5861792776,Software Engineers,People tech,Software Engineer,IT Jobs,Mid-Level,2,Hyderabad,Telangana,India,"Hyderabad, Telangana",0,unspecified,unspecified,2026-08-30 07:39:03,2026-08-30,2026,8,30,Sunday,,,,,1,1000000.0,10.0,1,17.40275,78.50806,https://www.adzuna.in/details/5861792776?utm_medium=api&utm_source=f46203c2
5876949169,Software Engineer,People Prime Worldwide,Software Engineer,IT Jobs,Mid-Level,2,Bengaluru,Karnataka,India,"Bangalore, Karnataka",0,unspecified,unspecified,2026-09-09 16:12:51,2026-09-09,2026,9,9,Wednesday,,,,,1,1000000.0,10.0,1,,,https://www.adzuna.in/details/5876949169?utm_medium=api&utm_source=f46203c2
5896367768,Software Engineer,Ralliant,Software Engineer,Engineering Jobs,Mid-Level,2,Unspecified / Pan-India,Unspecified,India,India,0,unspecified,unspecified,2026-09-24 11:14:02,2026-09-24,2026,9,24,Thursday,,,,,1,1000000.0,10.0,1,,,https://www.adzuna.in/details/5896367768?utm_medium=api&utm_source=f46203c2
5682005554,Software Engineer,Anzy,Software Engineer,IT Jobs,Mid-Level,2,Bengaluru,Karnataka,India,"Bangalore, Karnataka",0,full_time,unspecified,2026-03-29 11:40:24,2026-03-29,2026,3,29,Sunday,1000000.0,1500000.0,1250000.0,12.5,0,1250000.0,12.5,0,,,https://www.adzuna.in/details/5682005554?utm_medium=api&utm_source=f46203c2
5881157720,Software Engineer,The Access Group,Software Engineer,IT Jobs,Mid-Level,2,Unspecified / Pan-India,Unspecified,India,India,0,full_time,unspecified,2026-09-12 21:34:45,2026-09-12,2026,9,12,Saturday,,,,,1,1000000.0,10.0,1,,,https://www.adzuna.in/details/5881157720?utm_medium=api&utm_source=f46203c2
5882274752,Software Engineer,Cisco,Software Engineer,IT Jobs,Mid-Level,2,Bengaluru,Karnataka,India,"Bangalore, Karnataka",0,unspecified,unspecified,2026-09-13 11:15:20,2026-09-13,2026,9,13,Sunday,,,,,1,1000000.0,10.0,1,12.95703,77.59837,https://www.adzuna.in/details/5882274752?utm_medium=api&utm_source=f46203c2
1161627879,Software Engineer,flockwits,Software Engineer,IT Jobs,Mid-Level,2,Coimbatore,Tamil Nadu,India,"Coimbatore, Tamil Nadu",0,full_time,unspecified,2019-05-24 21:25:57,2019-05-24,2019,5,24,Friday,100000.0,200000.0,150000.0,1.5,0,150000.0,1.5,0,11.017171,77.100203,https://www.adzuna.in/details/1161627879?utm_medium=api&utm_source=f46203c2
3769870304,Software Engineer,Anzy Careers,Software Engineer,IT Jobs,Mid-Level,2,Mumbai,Maharashtra,India,"Mumbai, Maharashtra",0,full_time,unspecified,2022-12-13 06:15:16,2022-12-13,2022,12,13,Tuesday,1500000.0,2500000.0,2000000.0,20.0,0,2000000.0,20.0,0,19.00821,72.84415,https://www.adzuna.in/details/3769870304?utm_medium=api&utm_source=f46203c2
3107300872,Software Engineer,Aurum PropTech,Software Engineer,IT Jobs,Mid-Level,2,Navi Mumbai,Maharashtra,India,"Navi Mumbai, Maharashtra",0,full_time,unspecified,2022-05-06 05:25:10,2022-05-06,2022,5,6,Friday,400000.0,600000.0,500000.0,5.0,0,500000.0,5.0,0,19.02,73.02,https://www.adzuna.in/details/3107300872?utm_medium=api&utm_source=f46203c2
5897949815,Software Engineer,GE HealthCare,Software Engineer,IT Jobs,Mid-Level,2,Bengaluru,Karnataka,India,"Bangalore, Karnataka",0,unspecified,unspecified,2026-09-25 11:13:16,2026-09-25,2026,9,25,Friday,,,,,1,1000000.0,10.0,1,,,https://www.adzuna.in/details/5897949815?utm_medium=api&utm_source=f46203c2
5863915130,Software Engineer,Under Armour India,Software Engineer,IT Jobs,Mid-Level,2,Bengaluru,Karnataka,India,"Bangalore, Karnataka",0,unspecified,unspecified,2026-09-01 11:05:24,2026-09-01,2026,9,1,Tuesday,,,,,1,1000000.0,10.0,1,,,https://www.adzuna.in/details/5863915130?utm_medium=api&utm_source=f46203c2
5897065465,Software Engineer,GE HealthCare,Software Engineer,IT Jobs,Mid-Level,2,Unspecified / Pan-India,Unspecified,India,India,0,full_time,unspecified,2026-09-24 21:25:55,2026-09-24,2026,9,24,Thursday,,,,,1,1000000.0,10.0,1,,,https://www.adzuna.in/details/5897065465?utm_medium=api&utm_source=f46203c2
5890818996,Software Engineer,Barclays,Software Engineer,IT Jobs,Mid-Level,2,Unspecified / Pan-India,Unspecified,India,India,0,full_time,unspecified,2026-09-19 21:59:32,2026-09-19,2026,9,19,Saturday,,,,,1,1000000.0,10.0,1,,,https://www.adzuna.in/details/5890818996?utm_medium=api&utm_source=f46203c2
5850382395,Software Engineering,ARTECH INFOSYSTEMS PRIVATE LIMITED,Software Engineer,IT Jobs,Mid-Level,2,Bengaluru,Karnataka,India,"Bangalore, Karnataka",0,unspecified,unspecified,2026-08-21 07:40:33,2026-08-21,2026,8,21,Friday,,,,,1,1000000.0,10.0,1,,,https://www.adzuna.in/details/5850382395?utm_medium=api&utm_source=f46203c2
4801413677,Software Engineering,Toppr,Software Engineer,IT Jobs,Mid-Level,2,Mumbai,Maharashtra,India,"Mumbai, Maharashtra",0,full_time,unspecified,2024-07-31 03:03:46,2024-07-31,2024,7,31,Wednesday,,,,,1,1000000.0,10.0,1,19.00821,72.84415,https://www.adzuna.in/details/4801413677?utm_medium=api&utm_source=f46203c2
5831401992,Software Engineer,Orbit Skyline,Software Engineer,IT Jobs,Mid-Level,2,Chandigarh / Mohali,Punjab,India,"Mohali, Punjab",0,unspecified,unspecified,2026-08-07 07:32:32,2026-08-07,2026,8,7,Friday,,,,,1,1000000.0,10.0,1,30.7545,76.6406,https://www.adzuna.in/details/5831401992?utm_medium=api&utm_source=f46203c2
5895362024,Software Engineer,Cisco,Software Engineer,IT Jobs,Mid-Level,2,Bengaluru,Karnataka,India,"Bangalore, Karnataka",0,full_time,unspecified,2026-09-23 21:31:53,2026-09-23,2026,9,23,Wednesday,,,,,1,1000000.0,10.0,1,12.95703,77.59837,https://www.adzuna.in/details/5895362024?utm_medium=api&utm_source=f46203c2
5894829127,Software Engineer,Cisco,Software Engineer,IT Jobs,Mid-Level,2,Bengaluru,Karnataka,India,"Bangalore, Karnataka",0,unspecified,unspecified,2026-09-23 11:11:58,2026-09-23,2026,9,23,Wednesday,,,,,1,1000000.0,10.0,1,12.95703,77.59837,https://www.adzuna.in/details/5894829127?utm_medium=api&utm_source=f46203c2
5851860331,Software Engineer,Ametek Instruments India,Software Engineer,IT Jobs,Mid-Level,2,Bengaluru,Karnataka,India,"Bangalore, Karnataka",0,unspecified,unspecified,2026-08-22 07:33:28,2026-08-22,2026,8,22,Saturday,,,,,1,1000000.0,10.0,1,,,https://www.adzuna.in/details/5851860331?utm_medium=api&utm_source=f46203c2
5794641209,Software Engineer,Barclays,Software Engineer,IT Jobs,Mid-Level,2,Unspecified / Pan-India,Unspecified,India,India,0,full_time,unspecified,2026-07-10 03:16:50,2026-07-10,2026,7,10,Friday,,,,,1,1000000.0,10.0,1,,,https://www.adzuna.in/details/5794641209?utm_medium=api&utm_source=f46203c2
4282822368,Software Engineer,Reqroots,Software Engineer,IT Jobs,Mid-Level,2,Bengaluru,Karnataka,India,"Bangalore, Karnataka",0,full_time,permanent,2023-08-29 13:12:00,2023-08-29,2023,8,29,Tuesday,500000.0,1000000.0,750000.0,7.5,0,750000.0,7.5,0,,,https://www.adzuna.in/details/4282822368?utm_medium=api&utm_source=f46203c2
2653476281,Software Engineer,LoginRadius,Software Engineer,IT Jobs,Mid-Level,2,Jaipur,Rajasthan,India,"Jaipur, Rajasthan",0,full_time,unspecified,2021-11-18 04:24:00,2021-11-18,2021,11,18,Thursday,1200000.0,1600000.0,1400000.0,14.0,0,1400000.0,14.0,0,26.7441,75.9469,https://www.adzuna.in/details/2653476281?utm_medium=api&utm_source=f46203c2
3954694857,Software Engineer,Intech Additive Solutions Pvt Ltd,Software Engineer,IT Jobs,Mid-Level,2,Bengaluru,Karnataka,India,"Bangalore, Karnataka",0,full_time,unspecified,2023-03-03 02:13:44,2023-03-03,2023,3,3,Friday,600000.0,1200000.0,900000.0,9.0,0,900000.0,9.0,0,,,https://www.adzuna.in/details/3954694857?utm_medium=api&utm_source=f46203c2
5889576741,Software Engineer,Tremblr,Software Engineer,IT Jobs,Mid-Level,2,Unspecified / Pan-India,Unspecified,India,India,0,full_time,unspecified,2026-09-18 21:58:44,2026-09-18,2026,9,18,Friday,50000.0,60000.0,55000.0,0.55,0,55000.0,0.55,0,,,https://www.adzuna.in/details/5889576741?utm_medium=api&utm_source=f46203c2
5112846291,Software Engineer,Intech Additive Solutions Pvt Ltd,Software Engineer,IT Jobs,Mid-Level,2,Bengaluru,Karnataka,India,"Bangalore, Karnataka",0,full_time,unspecified,2025-03-27 06:32:11,2025-03-27,2025,3,27,Thursday,350000.0,700000.0,525000.0,5.25,0,525000.0,5.25,0,,,https://www.adzuna.in/details/5112846291?utm_medium=api&utm_source=f46203c2
5884512384,Software Engineer,LeadSquared,Software Engineer,IT Jobs,Mid-Level,2,Bengaluru,Karnataka,India,"Bangalore, Karnataka",0,full_time,unspecified,2026-09-15 16:15:18,2026-09-15,2026,9,15,Tuesday,,,,,1,1000000.0,10.0,1,,,https://www.adzuna.in/details/5884512384?utm_medium=api&utm_source=f46203c2
5866922539,Software Engineer,KLA,Software Engineer,Engineering Jobs,Mid-Level,2,Chennai,Tamil Nadu,India,"Chennai, Tamil Nadu",0,full_time,unspecified,2026-09-02 16:15:24,2026-09-02,2026,9,2,Wednesday,,,,,1,1000000.0,10.0,1,13.06041,80.24963,https://www.adzuna.in/details/5866922539?utm_medium=api&utm_source=f46203c2
5896368857,Software Engineer,Texas Instruments,Software Engineer,IT Jobs,Mid-Level,2,Bengaluru,Karnataka,India,"Bangalore, Karnataka",0,unspecified,unspecified,2026-09-24 11:15:00,2026-09-24,2026,9,24,Thursday,,,,,1,1000000.0,10.0,1,,,https://www.adzuna.in/details/5896368857?utm_medium=api&utm_source=f46203c2
5881158322,Software Engineer,GE Vernova,Software Engineer,IT Jobs,Mid-Level,2,Unspecified / Pan-India,Unspecified,India,India,0,full_time,unspecified,2026-09-12 21:35:22,2026-09-12,2026,9,12,Saturday,,,,,1,1000000.0,10.0,1,,,https://www.adzuna.in/details/5881158322?utm_medium=api&utm_source=f46203c2
3262154903,Software Engineer,WeRize,Software Engineer,IT Jobs,Mid-Level,2,Bengaluru,Karnataka,India,"Bangalore, Karnataka",0,full_time,unspecified,2022-06-26 06:20:48,2022-06-26,2022,6,26,Sunday,500000.0,1500000.0,1000000.0,10.0,0,1000000.0,10.0,0,,,https://www.adzuna.in/details/3262154903?utm_medium=api&utm_source=f46203c2
2593377902,Software Engineer,Petals Careers,Software Engineer,IT Jobs,Mid-Level,2,Pune,Maharashtra,India,"Pune, Maharashtra",0,full_time,unspecified,2021-10-30 03:50:21,2021-10-30,2021,10,30,Saturday,1500000.0,2800000.0,2150000.0,21.5,0,2150000.0,21.5,0,18.5062,73.84735,https://www.adzuna.in/details/2593377902?utm_medium=api&utm_source=f46203c2
3949357014,Software Engineer,People First Consultants,Software Engineer,IT Jobs,Mid-Level,2,Chennai,Tamil Nadu,India,"Chennai, Tamil Nadu",0,full_time,unspecified,2023-03-01 01:41:55,2023-03-01,2023,3,1,Wednesday,800000.0,2500000.0,1650000.0,16.5,0,1650000.0,16.5,0,13.06041,80.24963,https://www.adzuna.in/details/3949357014?utm_medium=api&utm_source=f46203c2
5463475006,Software Engineer,Peak Hire Solutions,Software Engineer,IT Jobs,Mid-Level,2,Chennai,Tamil Nadu,India,"Chennai, Tamil Nadu",0,full_time,unspecified,2025-10-25 06:46:29,2025-10-25,2025,10,25,Saturday,1500000.0,3000000.0,2250000.0,22.5,0,2250000.0,22.5,0,13.06041,80.24963,https://www.adzuna.in/details/5463475006?utm_medium=api&utm_source=f46203c2
5831403237,Software Engineers,ORBIT & SKYLINE,Software Engineer,IT Jobs,Mid-Level,2,Chandigarh / Mohali,Punjab,India,"Mohali, Punjab",0,unspecified,unspecified,2026-08-07 07:33:23,2026-08-07,2026,8,7,Friday,,,,,1,1000000.0,10.0,1,30.7545,76.6406,https://www.adzuna.in/details/5831403237?utm_medium=api&utm_source=f46203c2
5834208222,Software Engineering,Artech Infosystems Private Limited,Software Engineer,IT Jobs,Mid-Level,2,Pune,Maharashtra,India,"Pune, Maharashtra",0,unspecified,unspecified,2026-08-09 07:35:01,2026-08-09,2026,8,9,Sunday,,,,,1,1000000.0,10.0,1,18.5062,73.84735,https://www.adzuna.in/details/5834208222?utm_medium=api&utm_source=f46203c2
5876479971,Software Engineer,Kla Tencor,Software Engineer,IT Jobs,Mid-Level,2,Chennai,Tamil Nadu,India,"Chennai, Tamil Nadu",0,unspecified,unspecified,2026-09-09 07:37:01,2026-09-09,2026,9,9,Wednesday,,,,,1,1000000.0,10.0,1,13.06041,80.24963,https://www.adzuna.in/details/5876479971?utm_medium=api&utm_source=f46203c2
5890074013,Software Engineer,LTM,Software Engineer,IT Jobs,Mid-Level,2,Pune,Maharashtra,India,"Pune, Maharashtra",0,unspecified,unspecified,2026-09-19 07:44:11,2026-09-19,2026,9,19,Saturday,,,,,1,1000000.0,10.0,1,18.5062,73.84735,https://www.adzuna.in/details/5890074013?utm_medium=api&utm_source=f46203c2
5878058522,Software Engineer,Cognizant,Software Engineer,IT Jobs,Mid-Level,2,Mumbai,Maharashtra,India,"Mumbai, Maharashtra",0,unspecified,unspecified,2026-09-10 11:08:43,2026-09-10,2026,9,10,Thursday,,,,,1,1000000.0,10.0,1,19.00821,72.84415,https://www.adzuna.in/details/5878058522?utm_medium=api&utm_source=f46203c2
5889529872,Software Engineer,Practice By Numbers,Software Engineer,IT Jobs,Mid-Level,2,Unspecified / Pan-India,Unspecified,India,India,0,full_time,unspecified,2026-09-18 21:41:37,2026-09-18,2026,9,18,Friday,,,,,1,1000000.0,10.0,1,,,https://www.adzuna.in/details/5889529872?utm_medium=api&utm_source=f46203c2
5764594397,Software Engineer,Halliburton,Software Engineer,IT Jobs,Mid-Level,2,Bengaluru,Karnataka,India,"Bangalore, Karnataka",0,unspecified,unspecified,2026-06-16 02:03:24,2026-06-16,2026,6,16,Tuesday,,,,,1,1000000.0,10.0,1,,,https://www.adzuna.in/details/5764594397?utm_medium=api&utm_source=f46203c2
5870446025,Software Engineer,mailercloud,Software Engineer,Engineering Jobs,Mid-Level,2,Kozhikode,Kerala,India,"Kozhikode, Kerala",0,full_time,unspecified,2026-09-04 16:08:54,2026-09-04,2026,9,4,Friday,,,,,1,1000000.0,10.0,1,11.16223,75.81366,https://www.adzuna.in/details/5870446025?utm_medium=api&utm_source=f46203c2
5899847373,Software Engineer,Qualys,Software Engineer,IT Jobs,Mid-Level,2,Pune,Maharashtra,India,"Pune, Maharashtra",0,full_time,unspecified,2026-09-26 21:15:45,2026-09-26,2026,9,26,Saturday,,,,,1,1000000.0,10.0,1,18.5062,73.84735,https://www.adzuna.in/details/5899847373?utm_medium=api&utm_source=f46203c2
5853694734,Software Engineer,Qualys,Software Engineer,IT Jobs,Mid-Level,2,Pune,Maharashtra,India,"Pune, Maharashtra",0,full_time,unspecified,2026-08-23 20:43:49,2026-08-23,2026,8,23,Sunday,,,,,1,1000000.0,10.0,1,18.5062,73.84735,https://www.adzuna.in/details/5853694734?utm_medium=api&utm_source=f46203c2
5886394215,Software Engineer,Ralliant,Software Engineer,IT Jobs,Mid-Level,2,Unspecified / Pan-India,Unspecified,India,India,0,full_time,unspecified,2026-09-16 21:41:36,2026-09-16,2026,9,16,Wednesday,,,,,1,1000000.0,10.0,1,,,https://www.adzuna.in/details/5886394215?utm_medium=api&utm_source=f46203c2
5843165458,Software Engineer,Cisco,Software Engineer,IT Jobs,Mid-Level,2,Bengaluru,Karnataka,India,"Bangalore, Karnataka",0,full_time,unspecified,2026-08-15 20:53:32,2026-08-15,2026,8,15,Saturday,,,,,1,1000000.0,10.0,1,12.95703,77.59837,https://www.adzuna.in/details/5843165458?utm_medium=api&utm_source=f46203c2
5853710543,Software Engineer,Barracuda Networks,Software Engineer,IT Jobs,Mid-Level,2,Bengaluru,Karnataka,India,"Bangalore, Karnataka",0,unspecified,unspecified,2026-08-23 21:00:29,2026-08-23,2026,8,23,Sunday,,,,,1,1000000.0,10.0,1,12.95703,77.59837,https://www.adzuna.in/details/5853710543?utm_medium=api&utm_source=f46203c2
5821212870,Software Engineer,Maersk,Software Engineer,IT Jobs,Mid-Level,2,Unspecified / Pan-India,Unspecified,India,India,0,full_time,unspecified,2026-07-30 20:47:47,2026-07-30,2026,7,30,Thursday,,,,,1,1000000.0,10.0,1,,,https://www.adzuna.in/details/5821212870?utm_medium=api&utm_source=f46203c2
5838486606,Software Engineer,Cisco,Software Engineer,IT Jobs,Mid-Level,2,Hyderabad,Telangana,India,"Hyderabad, Telangana",0,full_time,unspecified,2026-08-12 21:01:27,2026-08-12,2026,8,12,Wednesday,,,,,1,1000000.0,10.0,1,17.40275,78.50806,https://www.adzuna.in/details/5838486606?utm_medium=api&utm_source=f46203c2
5899838168,Software Engineer,Velocix,Software Engineer,IT Jobs,Mid-Level,2,Unspecified / Pan-India,Unspecified,India,India,0,full_time,unspecified,2026-09-26 21:07:51,2026-09-26,2026,9,26,Saturday,,,,,1,1000000.0,10.0,1,,,https://www.adzuna.in/details/5899838168?utm_medium=api&utm_source=f46203c2
5882275135,Software Engineer,GE Vernova,Software Engineer,IT Jobs,Mid-Level,2,Hyderabad,Telangana,India,"Hyderabad, Telangana",0,unspecified,unspecified,2026-09-13 11:15:48,2026-09-13,2026,9,13,Sunday,,,,,1,1000000.0,10.0,1,17.40275,78.50806,https://www.adzuna.in/details/5882275135?utm_medium=api&utm_source=f46203c2
4988851203,Software Engineer,Kaleidofin,Software Engineer,IT Jobs,Mid-Level,2,Chennai,Tamil Nadu,India,"Chennai, Tamil Nadu",0,full_time,unspecified,2024-12-25 11:57:32,2024-12-25,2024,12,25,Wednesday,1000000.0,2500000.0,1750000.0,17.5,0,1750000.0,17.5,0,13.06041,80.24963,https://www.adzuna.in/details/4988851203?utm_medium=api&utm_source=f46203c2
5853367312,Software Engineer,Eaton Corporation,Software Engineer,IT Jobs,Mid-Level,2,Chennai,Tamil Nadu,India,"Chennai, Tamil Nadu",0,unspecified,unspecified,2026-08-23 11:17:05,2026-08-23,2026,8,23,Sunday,,,,,1,1000000.0,10.0,1,13.06041,80.24963,https://www.adzuna.in/details/5853367312?utm_medium=api&utm_source=f46203c2
5665694059,Software Engineer,Hapag-Lloyd,Software Engineer,IT Jobs,Mid-Level,2,Chennai,Tamil Nadu,India,"Chennai, Tamil Nadu",0,unspecified,unspecified,2026-03-15 01:48:55,2026-03-15,2026,3,15,Sunday,,,,,1,1000000.0,10.0,1,13.06041,80.24963,https://www.adzuna.in/details/5665694059?utm_medium=api&utm_source=f46203c2
5476310346,Software Engineer,Peak Hire Solutions,Software Engineer,IT Jobs,Mid-Level,2,Chennai,Tamil Nadu,India,"Chennai, Tamil Nadu",0,full_time,unspecified,2025-11-02 06:52:09,2025-11-02,2025,11,2,Sunday,1500000.0,3000000.0,2250000.0,22.5,0,2250000.0,22.5,0,13.06041,80.24963,https://www.adzuna.in/details/5476310346?utm_medium=api&utm_source=f46203c2
3104612718,software engineer,Jobaajcom,Software Engineer,IT Jobs,Mid-Level,2,Bengaluru,Karnataka,India,"Bangalore, Karnataka",0,full_time,unspecified,2022-05-05 05:56:26,2022-05-05,2022,5,5,Thursday,1200000.0,1500000.0,1350000.0,13.5,0,1350000.0,13.5,0,,,https://www.adzuna.in/details/3104612718?utm_medium=api&utm_source=f46203c2
1620468906,Software Engineer,Interview Kickstart,Software Engineer,IT Jobs,Mid-Level,2,Bengaluru,Karnataka,India,"Bangalore, Karnataka",0,full_time,unspecified,2020-07-30 00:26:49,2020-07-30,2020,7,30,Thursday,2000000.0,4000000.0,3000000.0,30.0,0,3000000.0,30.0,0,,,https://www.adzuna.in/details/1620468906?utm_medium=api&utm_source=f46203c2
5859123898,Software Engineer,Aritha,Software Engineer,IT Jobs,Mid-Level,2,Bengaluru,Karnataka,India,"Bangalore, Karnataka",0,unspecified,unspecified,2026-08-28 07:37:58,2026-08-28,2026,8,28,Friday,,,,,1,1000000.0,10.0,1,,,https://www.adzuna.in/details/5859123898?utm_medium=api&utm_source=f46203c2
5840377519,Software Engineer,Qualys,Software Engineer,IT Jobs,Mid-Level,2,Pune,Maharashtra,India,"Pune, Maharashtra",0,full_time,unspecified,2026-08-13 20:45:52,2026-08-13,2026,8,13,Thursday,,,,,1,1000000.0,10.0,1,18.5062,73.84735,https://www.adzuna.in/details/5840377519?utm_medium=api&utm_source=f46203c2
5879140998,Software Engineer,SE2,Software Engineer,IT Jobs,Mid-Level,2,Hyderabad,Telangana,India,"Hyderabad, Telangana",0,unspecified,unspecified,2026-09-11 07:38:38,2026-09-11,2026,9,11,Friday,,,,,1,1000000.0,10.0,1,17.40275,78.50806,https://www.adzuna.in/details/5879140998?utm_medium=api&utm_source=f46203c2
5728358631,Software Engineer,Redwood Software,Software Engineer,IT Jobs,Mid-Level,2,Hyderabad,Telangana,India,"Hyderabad, Telangana",0,unspecified,unspecified,2026-05-14 02:20:32,2026-05-14,2026,5,14,Thursday,,,,,1,1000000.0,10.0,1,17.40275,78.50806,https://www.adzuna.in/details/5728358631?utm_medium=api&utm_source=f46203c2
5870791803,Software Engineer,DigiCert,Software Engineer,IT Jobs,Mid-Level,2,Bengaluru,Karnataka,India,"Bangalore, Karnataka",0,unspecified,unspecified,2026-09-04 21:37:07,2026-09-04,2026,9,4,Friday,,,,,1,1000000.0,10.0,1,12.95703,77.59837,https://www.adzuna.in/details/5870791803?utm_medium=api&utm_source=f46203c2
2406634057,Software Engineer,Jobdost,Software Engineer,IT Jobs,Mid-Level,2,Delhi NCR,Delhi,India,"Delhi, India",0,full_time,unspecified,2021-08-25 23:06:01,2021-08-25,2021,8,25,Wednesday,650000.0,1800000.0,1225000.0,12.25,0,1225000.0,12.25,0,,,https://www.adzuna.in/details/2406634057?utm_medium=api&utm_source=f46203c2
2853928227,Software Engineer,Multi Recruit,Software Engineer,IT Jobs,Mid-Level,2,Bengaluru,Karnataka,India,"Bangalore, Karnataka",0,full_time,unspecified,2022-01-30 04:34:31,2022-01-30,2022,1,30,Sunday,1200000.0,1800000.0,1500000.0,15.0,0,1500000.0,15.0,0,,,https://www.adzuna.in/details/2853928227?utm_medium=api&utm_source=f46203c2
5806556656,Software Engineer,InvestCloud Careers,Software Engineer,IT Jobs,Mid-Level,2,Bengaluru,Karnataka,India,"Kenchanahalli, Bangalore",0,full_time,unspecified,2026-07-19 03:33:36,2026-07-19,2026,7,19,Sunday,,,,,1,1000000.0,10.0,1,12.94715,77.57888,https://www.adzuna.in/details/5806556656?utm_medium=api&utm_source=f46203c2
5843986639,Software Engineer,Cisco,Software Engineer,IT Jobs,Mid-Level,2,Hyderabad,Telangana,India,"Hyderabad, Telangana",0,unspecified,unspecified,2026-08-16 11:21:33,2026-08-16,2026,8,16,Sunday,,,,,1,1000000.0,10.0,1,17.40275,78.50806,https://www.adzuna.in/details/5843986639?utm_medium=api&utm_source=f46203c2
5843986641,Software Engineer,Cisco,Software Engineer,IT Jobs,Mid-Level,2,Bengaluru,Karnataka,India,"Bangalore, Karnataka",0,unspecified,unspecified,2026-08-16 11:21:33,2026-08-16,2026,8,16,Sunday,,,,,1,1000000.0,10.0,1,12.95703,77.59837,https://www.adzuna.in/details/5843986641?utm_medium=api&utm_source=f46203c2
5887892553,Software Engineer,Cyncly,Software Engineer,IT Jobs,Mid-Level,2,Kochi,Kerala,India,"Kochi, Ernakulam",0,full_time,permanent,2026-09-17 21:25:06,2026-09-17,2026,9,17,Thursday,,,,,1,1000000.0,10.0,1,9.98011,76.24637,https://www.adzuna.in/details/5887892553?utm_medium=api&utm_source=f46203c2
5895347236,Software Engineer,Cisco,Software Engineer,IT Jobs,Mid-Level,2,Bengaluru,Karnataka,India,"Bangalore, Karnataka",0,full_time,unspecified,2026-09-23 21:19:56,2026-09-23,2026,9,23,Wednesday,,,,,1,1000000.0,10.0,1,12.95703,77.59837,https://www.adzuna.in/details/5895347236?utm_medium=api&utm_source=f46203c2
5896366650,Software Engineer,Cisco,Software Engineer,IT Jobs,Mid-Level,2,Bengaluru,Karnataka,India,"Bangalore, Karnataka",0,unspecified,unspecified,2026-09-24 11:12:10,2026-09-24,2026,9,24,Thursday,,,,,1,1000000.0,10.0,1,12.95703,77.59837,https://www.adzuna.in/details/5896366650?utm_medium=api&utm_source=f46203c2
5839582253,Software Engineer,Cisco,Software Engineer,IT Jobs,Mid-Level,2,Bengaluru,Karnataka,India,"Bangalore, Karnataka",0,unspecified,unspecified,2026-08-13 11:02:05,2026-08-13,2026,8,13,Thursday,,,,,1,1000000.0,10.0,1,12.95703,77.59837,https://www.adzuna.in/details/5839582253?utm_medium=api&utm_source=f46203c2
5839582242,Software Engineer,Cisco,Software Engineer,IT Jobs,Mid-Level,2,Hyderabad,Telangana,India,"Hyderabad, Telangana",0,unspecified,unspecified,2026-08-13 11:02:05,2026-08-13,2026,8,13,Thursday,,,,,1,1000000.0,10.0,1,17.40275,78.50806,https://www.adzuna.in/details/5839582242?utm_medium=api&utm_source=f46203c2
1171508005,Software Engineer,Niyuj Enterprise Software Solutions Pvt. Ltd.,Software Engineer,IT Jobs,Mid-Level,2,Pune,Maharashtra,India,"Pune, Maharashtra",0,full_time,unspecified,2019-06-05 21:12:13,2019-06-05,2019,6,5,Wednesday,400000.0,1200000.0,800000.0,8.0,0,800000.0,8.0,0,18.5062,73.84735,https://www.adzuna.in/details/1171508005?utm_medium=api&utm_source=f46203c2
4321125290,Software Engineer,Quantum,Software Engineer,IT Jobs,Mid-Level,2,Bengaluru,Karnataka,India,"Bangalore, Karnataka",0,full_time,unspecified,2023-09-19 13:12:12,2023-09-19,2023,9,19,Tuesday,,,,,1,1000000.0,10.0,1,,,https://www.adzuna.in/details/4321125290?utm_medium=api&utm_source=f46203c2
5889553735,Software Engineer,BiofuelCircle,Software Engineer,IT Jobs,Mid-Level,2,Pune,Maharashtra,India,"Pune, Maharashtra",0,full_time,unspecified,2026-09-18 21:49:16,2026-09-18,2026,9,18,Friday,,,,,1,1000000.0,10.0,1,18.5062,73.84735,https://www.adzuna.in/details/5889553735?utm_medium=api&utm_source=f46203c2
5822058534,Software Engineer,GE HealthCare,Software Engineer,IT Jobs,Mid-Level,2,Bengaluru,Karnataka,India,"Bangalore, Karnataka",0,unspecified,unspecified,2026-07-31 10:54:52,2026-07-31,2026,7,31,Friday,,,,,1,1000000.0,10.0,1,,,https://www.adzuna.in/details/5822058534?utm_medium=api&utm_source=f46203c2
5812851855,Software Engineer,GE HealthCare,Software Engineer,IT Jobs,Mid-Level,2,Unspecified / Pan-India,Unspecified,India,India,0,full_time,unspecified,2026-07-24 03:26:14,2026-07-24,2026,7,24,Friday,,,,,1,1000000.0,10.0,1,,,https://www.adzuna.in/details/5812851855?utm_medium=api&utm_source=f46203c2
1991834247,Software Engineer,Supr Infotech Solutions,Software Engineer,IT Jobs,Mid-Level,2,Bengaluru,Karnataka,India,"Bangalore, Karnataka",0,full_time,unspecified,2021-02-14 04:14:52,2021-02-14,2021,2,14,Sunday,1200000.0,1500000.0,1350000.0,13.5,0,1350000.0,13.5,0,,,https://www.adzuna.in/details/1991834247?utm_medium=api&utm_source=f46203c2
5224160570,Software Engineer,Sagility,Software Engineer,IT Jobs,Mid-Level,2,Unspecified / Pan-India,Unspecified,India,India,0,full_time,unspecified,2025-05-31 01:57:19,2025-05-31,2025,5,31,Saturday,,,,,1,1000000.0,10.0,1,,,https://www.adzuna.in/details/5224160570?utm_medium=api&utm_source=f46203c2
5073738941,Software Engineer,GharPay,Software Engineer,IT Jobs,Mid-Level,2,Hyderabad,Telangana,India,"Hyderabad, Telangana",0,full_time,unspecified,2025-03-04 17:15:26,2025-03-04,2025,3,4,Tuesday,180000.0,180000.0,180000.0,1.8,0,180000.0,1.8,0,,,https://www.adzuna.in/details/5073738941?utm_medium=api&utm_source=f46203c2
5864353513,Software Engineer,HMH Tech India,Software Engineer,Engineering Jobs,Mid-Level,2,Unspecified / Pan-India,Unspecified,India,India,0,full_time,unspecified,2026-09-01 16:07:47,2026-09-01,2026,9,1,Tuesday,,,,,1,1000000.0,10.0,1,,,https://www.adzuna.in/details/5864353513?utm_medium=api&utm_source=f46203c2
5866561192,Software Engineer,HealthEdge,Software Engineer,IT Jobs,Mid-Level,2,Hyderabad,Telangana,India,"Hyderabad, Telangana",0,full_time,unspecified,2026-09-02 10:55:05,2026-09-02,2026,9,2,Wednesday,,,,,1,1000000.0,10.0,1,17.40275,78.50806,https://www.adzuna.in/details/5866561192?utm_medium=api&utm_source=f46203c2
5894072022,Software Engineer,Hewlett Packard Enterprise,Software Engineer,IT Jobs,Mid-Level,2,Bengaluru,Karnataka,India,"Bangalore, Karnataka",0,full_time,unspecified,2026-09-22 21:20:11,2026-09-22,2026,9,22,Tuesday,,,,,1,1000000.0,10.0,1,,,https://www.adzuna.in/details/5894072022?utm_medium=api&utm_source=f46203c2
5861965952,Software Engineer,U.S. Bank,Software Engineer,IT Jobs,Mid-Level,2,Chennai,Tamil Nadu,India,"Chennai, Tamil Nadu",0,unspecified,unspecified,2026-08-30 11:28:15,2026-08-30,2026,8,30,Sunday,,,,,1,1000000.0,10.0,1,13.06041,80.24963,https://www.adzuna.in/details/5861965952?utm_medium=api&utm_source=f46203c2
5881107655,Software Engineer,U.S. Bank,Software Engineer,IT Jobs,Mid-Level,2,Chennai,Tamil Nadu,India,"Chennai, Tamil Nadu",0,full_time,unspecified,2026-09-12 21:09:59,2026-09-12,2026,9,12,Saturday,,,,,1,1000000.0,10.0,1,13.06041,80.24963,https://www.adzuna.in/details/5881107655?utm_medium=api&utm_source=f46203c2
4801505788,Software Engineer,Graviton Research Capital,Software Engineer,IT Jobs,Mid-Level,2,Unspecified / Pan-India,Unspecified,India,India,0,unspecified,unspecified,2024-07-31 03:11:22,2024-07-31,2024,7,31,Wednesday,,,,,1,1000000.0,10.0,1,,,https://www.adzuna.in/details/4801505788?utm_medium=api&utm_source=f46203c2
5856943262,Software Engineer,Globus Medical,Software Engineer,IT Jobs,Mid-Level,2,Unspecified / Pan-India,Unspecified,India,India,0,full_time,unspecified,2026-08-26 20:44:30,2026-08-26,2026,8,26,Wednesday,,,,,1,1000000.0,10.0,1,,,https://www.adzuna.in/details/5856943262?utm_medium=api&utm_source=f46203c2
5839224187,Software Engineer,Diebold,Software Engineer,IT Jobs,Mid-Level,2,Mumbai,Maharashtra,India,"Mumbai, Maharashtra",0,unspecified,unspecified,2026-08-13 07:32:45,2026-08-13,2026,8,13,Thursday,,,,,1,1000000.0,10.0,1,19.00821,72.84415,https://www.adzuna.in/details/5839224187?utm_medium=api&utm_source=f46203c2
5624735205,Software Engineer,Vistex Career,Software Engineer,IT Jobs,Mid-Level,2,Hyderabad,Telangana,India,"Kyasaram, Hyderabad",0,full_time,unspecified,2026-02-12 01:37:49,2026-02-12,2026,2,12,Thursday,,,,,1,1000000.0,10.0,1,17.38256,78.51234,https://www.adzuna.in/details/5624735205?utm_medium=api&utm_source=f46203c2
5197322481,Software Engineer,Wissen Technology,Software Engineer,IT Jobs,Mid-Level,2,Bengaluru,Karnataka,India,"Bangalore, Karnataka",0,full_time,unspecified,2025-05-14 06:49:41,2025-05-14,2025,5,14,Wednesday,600000.0,2900000.0,1750000.0,17.5,0,1750000.0,17.5,0,,,https://www.adzuna.in/details/5197322481?utm_medium=api&utm_source=f46203c2
1540752756,Software Engineer,Scaleswift,Software Engineer,IT Jobs,Mid-Level,2,Hyderabad,Telangana,India,"Hyderabad, Telangana",0,full_time,unspecified,2020-05-09 20:54:39,2020-05-09,2020,5,9,Saturday,600000.0,1500000.0,1050000.0,10.5,0,1050000.0,10.5,0,17.40275,78.50806,https://www.adzuna.in/details/1540752756?utm_medium=api&utm_source=f46203c2
3944699119,software engineer,Bottomline Technologies,Software Engineer,IT Jobs,Mid-Level,2,Bengaluru,Karnataka,India,"Bangalore, Karnataka",0,full_time,unspecified,2023-02-26 05:25:13,2023-02-26,2023,2,26,Sunday,1000000.0,1800000.0,1400000.0,14.0,0,1400000.0,14.0,0,,,https://www.adzuna.in/details/3944699119?utm_medium=api&utm_source=f46203c2
5719169751,Software Engineer,BOLDNET India Career Services Pvt. Ltd.,Software Engineer,IT Jobs,Mid-Level,2,Pune,Maharashtra,India,"Pune, Maharashtra",0,full_time,unspecified,2026-05-05 12:03:29,2026-05-05,2026,5,5,Tuesday,200000.0,300000.0,250000.0,2.5,0,250000.0,2.5,0,18.5062,73.84735,https://www.adzuna.in/details/5719169751?utm_medium=api&utm_source=f46203c2
5757662975,Software Engineer,Xylem,Software Engineer,IT Jobs,Mid-Level,2,Bengaluru,Karnataka,India,"Bangalore, Karnataka",0,full_time,unspecified,2026-06-10 02:51:12,2026-06-10,2026,6,10,Wednesday,,,,,1,1000000.0,10.0,1,12.95703,77.59837,https://www.adzuna.in/details/5757662975?utm_medium=api&utm_source=f46203c2
5849701773,Software Engineer,Tyler Technologies,Software Engineer,IT Jobs,Mid-Level,2,Pune,Maharashtra,India,"Pune, Maharashtra",0,unspecified,unspecified,2026-08-20 21:07:29,2026-08-20,2026,8,20,Thursday,,,,,1,1000000.0,10.0,1,18.5062,73.84735,https://www.adzuna.in/details/5849701773?utm_medium=api&utm_source=f46203c2
5876479987,Software Engineer,Kla Tencor,Software Engineer,IT Jobs,Mid-Level,2,Chennai,Tamil Nadu,India,"Chennai, Tamil Nadu",0,unspecified,unspecified,2026-09-09 07:37:02,2026-09-09,2026,9,9,Wednesday,,,,,1,1000000.0,10.0,1,13.06041,80.24963,https://www.adzuna.in/details/5876479987?utm_medium=api&utm_source=f46203c2
5879336073,Software Engineer,Orange Business,Software Engineer,IT Jobs,Mid-Level,2,Gurugram,Haryana,India,"Dlf Qe, Gurgaon",0,unspecified,unspecified,2026-09-11 10:58:59,2026-09-11,2026,9,11,Friday,,,,,1,1000000.0,10.0,1,28.45645,77.0032,https://www.adzuna.in/details/5879336073?utm_medium=api&utm_source=f46203c2
5889529818,Software Engineer,Slidely AI,Software Engineer,IT Jobs,Mid-Level,2,Bengaluru,Karnataka,India,"Bangalore, Karnataka",0,full_time,unspecified,2026-09-18 21:41:36,2026-09-18,2026,9,18,Friday,600000.0,600000.0,600000.0,6.0,0,600000.0,6.0,0,,,https://www.adzuna.in/details/5889529818?utm_medium=api&utm_source=f46203c2
5889565397,Software Engineer,Inspeq AI,Software Engineer,IT Jobs,Mid-Level,2,Bengaluru,Karnataka,India,"Bangalore, Karnataka",0,full_time,unspecified,2026-09-18 21:54:40,2026-09-18,2026,9,18,Friday,,,,,1,1000000.0,10.0,1,,,https://www.adzuna.in/details/5889565397?utm_medium=api&utm_source=f46203c2
4686705689,Software Engineer,Unknown,Software Engineer,IT Jobs,Mid-Level,2,Chennai,Tamil Nadu,India,"Chennai, Tamil Nadu",0,unspecified,unspecified,2024-05-10 07:38:56,2024-05-10,2024,5,10,Friday,,,,,1,1000000.0,10.0,1,13.06041,80.24963,https://www.adzuna.in/details/4686705689?utm_medium=api&utm_source=f46203c2
5899863414,Software Engineer,BP,Software Engineer,IT Jobs,Mid-Level,2,Unspecified / Pan-India,Unspecified,India,India,0,full_time,unspecified,2026-09-26 21:28:12,2026-09-26,2026,9,26,Saturday,,,,,1,1000000.0,10.0,1,,,https://www.adzuna.in/details/5899863414?utm_medium=api&utm_source=f46203c2
5899835396,Software Engineer,Caterpillar,Software Engineer,IT Jobs,Mid-Level,2,Chennai,Tamil Nadu,India,"Chennai, Tamil Nadu",0,full_time,unspecified,2026-09-26 21:04:57,2026-09-26,2026,9,26,Saturday,,,,,1,1000000.0,10.0,1,13.06041,80.24963,https://www.adzuna.in/details/5899835396?utm_medium=api&utm_source=f46203c2
5708586812,Software Engineer,Ownwell,Software Engineer,IT Jobs,Mid-Level,2,Unspecified / Pan-India,Unspecified,India,India,0,unspecified,unspecified,2026-04-24 02:02:33,2026-04-24,2026,4,24,Friday,,,,,1,1000000.0,10.0,1,,,https://www.adzuna.in/details/5708586812?utm_medium=api&utm_source=f46203c2
2388877302,Software Engineer,Bimaplan,Software Engineer,IT Jobs,Mid-Level,2,Bengaluru,Karnataka,India,"Bangalore, Karnataka",0,full_time,unspecified,2021-08-17 22:18:21,2021-08-17,2021,8,17,Tuesday,0.0,1500000.0,1500000.0,15.0,0,1500000.0,15.0,0,,,https://www.adzuna.in/details/2388877302?utm_medium=api&utm_source=f46203c2
1155088383,Software Engineer,Cloudzies Analytics,Software Engineer,IT Jobs,Mid-Level,2,Pune,Maharashtra,India,"Pune, Maharashtra",0,full_time,unspecified,2019-05-17 21:02:38,2019-05-17,2019,5,17,Friday,400000.0,500000.0,450000.0,4.5,0,450000.0,4.5,0,18.5062,73.84735,https://www.adzuna.in/details/1155088383?utm_medium=api&utm_source=f46203c2
4386562829,Software Engineer,Merito,Software Engineer,IT Jobs,Mid-Level,2,Bengaluru,Karnataka,India,"Bangalore, Karnataka",0,full_time,unspecified,2023-10-22 13:48:05,2023-10-22,2023,10,22,Sunday,,,,,1,1000000.0,10.0,1,,,https://www.adzuna.in/details/4386562829?utm_medium=api&utm_source=f46203c2
5597498249,Software Engineer,Nextpower,Software Engineer,IT Jobs,Mid-Level,2,Unspecified / Pan-India,Unspecified,India,India,0,full_time,unspecified,2026-01-24 00:41:23,2026-01-24,2026,1,24,Saturday,,,,,1,1000000.0,10.0,1,,,https://www.adzuna.in/details/5597498249?utm_medium=api&utm_source=f46203c2
5506570192,Software Engineer,"Globus Medical, Inc.",Software Engineer,IT Jobs,Mid-Level,2,Unspecified / Pan-India,Unspecified,India,India,0,unspecified,unspecified,2025-11-21 05:52:01,2025-11-21,2025,11,21,Friday,,,,,1,1000000.0,10.0,1,,,https://www.adzuna.in/details/5506570192?utm_medium=api&utm_source=f46203c2
5881156247,Software Engineer,Stryker,Software Engineer,Engineering Jobs,Mid-Level,2,Unspecified / Pan-India,Unspecified,India,India,0,full_time,unspecified,2026-09-12 21:33:17,2026-09-12,2026,9,12,Saturday,,,,,1,1000000.0,10.0,1,,,https://www.adzuna.in/details/5881156247?utm_medium=api&utm_source=f46203c2
5819904234,Software Engineer,Cisco,Software Engineer,IT Jobs,Mid-Level,2,Bengaluru,Karnataka,India,"Bangalore, Karnataka",0,full_time,unspecified,2026-07-29 21:01:40,2026-07-29,2026,7,29,Wednesday,,,,,1,1000000.0,10.0,1,12.95703,77.59837,https://www.adzuna.in/details/5819904234?utm_medium=api&utm_source=f46203c2
5890788289,Software Engineer,GE Vernova,Software Engineer,IT Jobs,Mid-Level,2,Bengaluru,Karnataka,India,"Bangalore, Karnataka",0,full_time,unspecified,2026-09-19 21:36:16,2026-09-19,2026,9,19,Saturday,,,,,1,1000000.0,10.0,1,,,https://www.adzuna.in/details/5890788289?utm_medium=api&utm_source=f46203c2
5586586276,Software Engineer,FinThrive,Software Engineer,IT Jobs,Mid-Level,2,Pune,Maharashtra,India,"Pune, Maharashtra",0,unspecified,unspecified,2026-01-16 00:47:39,2026-01-16,2026,1,16,Friday,,,,,1,1000000.0,10.0,1,18.5062,73.84735,https://www.adzuna.in/details/5586586276?utm_medium=api&utm_source=f46203c2
5891912315,Software Engineer,McKesson,Software Engineer,IT Jobs,Mid-Level,2,Unspecified / Pan-India,Unspecified,India,India,0,full_time,unspecified,2026-09-20 21:55:53,2026-09-20,2026,9,20,Sunday,,,,,1,1000000.0,10.0,1,,,https://www.adzuna.in/details/5891912315?utm_medium=api&utm_source=f46203c2
5729693298,Software Engineer,Quess Enterprise,Software Engineer,IT Jobs,Mid-Level,2,Delhi NCR,Delhi,India,"Delhi, India",0,full_time,contract,2026-05-15 02:15:32,2026-05-15,2026,5,15,Friday,,,,,1,1000000.0,10.0,1,28.62523,77.224601,https://www.adzuna.in/details/5729693298?utm_medium=api&utm_source=f46203c2
5721983186,Software Engineer,CertifyOS,Software Engineer,IT Jobs,Mid-Level,2,Bengaluru,Karnataka,India,"Bangalore, Karnataka",0,full_time,unspecified,2026-05-08 02:01:35,2026-05-08,2026,5,8,Friday,,,,,1,1000000.0,10.0,1,,,https://www.adzuna.in/details/5721983186?utm_medium=api&utm_source=f46203c2
5669843438,Software Engineer,GE Vernova,Software Engineer,IT Jobs,Mid-Level,2,Unspecified / Pan-India,Unspecified,India,India,0,full_time,unspecified,2026-03-18 01:39:56,2026-03-18,2026,3,18,Wednesday,,,,,1,1000000.0,10.0,1,,,https://www.adzuna.in/details/5669843438?utm_medium=api&utm_source=f46203c2
5683902495,Software Engineer,Peak Hire Solutions,Software Engineer,IT Jobs,Mid-Level,2,Unspecified / Pan-India,Unspecified,India,India,0,full_time,unspecified,2026-03-31 11:37:55,2026-03-31,2026,3,31,Tuesday,10000.0,10000.0,10000.0,0.1,0,10000.0,0.1,0,,,https://www.adzuna.in/details/5683902495?utm_medium=api&utm_source=f46203c2
1926743709,Software Engineer,Gogo India LLP,Software Engineer,IT Jobs,Mid-Level,2,Chennai,Tamil Nadu,India,"Chennai, Tamil Nadu",0,full_time,unspecified,2021-01-10 03:32:41,2021-01-10,2021,1,10,Sunday,0.0,1000000.0,1000000.0,10.0,0,1000000.0,10.0,0,13.06041,80.24963,https://www.adzuna.in/details/1926743709?utm_medium=api&utm_source=f46203c2
5783378664,Software Engineer,Metron Security Private Limited,Software Engineer,IT Jobs,Mid-Level,2,Pune,Maharashtra,India,"Pune, Maharashtra",0,full_time,unspecified,2026-07-01 14:58:23,2026-07-01,2026,7,1,Wednesday,300000.0,1000000.0,650000.0,6.5,0,650000.0,6.5,0,18.5062,73.84735,https://www.adzuna.in/details/5783378664?utm_medium=api&utm_source=f46203c2
5856972755,Software Engineer,Amgen,Software Engineer,IT Jobs,Mid-Level,2,Hyderabad,Telangana,India,"Hyderabad, Telangana",0,full_time,unspecified,2026-08-26 20:57:30,2026-08-26,2026,8,26,Wednesday,,,,,1,1000000.0,10.0,1,17.40275,78.50806,https://www.adzuna.in/details/5856972755?utm_medium=api&utm_source=f46203c2
5819378913,Software Engineer,Cisco,Software Engineer,IT Jobs,Mid-Level,2,Bengaluru,Karnataka,India,"Bangalore, Karnataka",0,unspecified,unspecified,2026-07-29 10:56:30,2026-07-29,2026,7,29,Wednesday,,,,,1,1000000.0,10.0,1,12.95703,77.59837,https://www.adzuna.in/details/5819378913?utm_medium=api&utm_source=f46203c2
5819378939,Software Engineer,Cisco,Software Engineer,IT Jobs,Mid-Level,2,Chennai,Tamil Nadu,India,"Chennai, Tamil Nadu",0,unspecified,unspecified,2026-07-29 10:56:32,2026-07-29,2026,7,29,Wednesday,,,,,1,1000000.0,10.0,1,13.06041,80.24963,https://www.adzuna.in/details/5819378939?utm_medium=api&utm_source=f46203c2
5885974718,Software Engineer,Snowflake,Software Engineer,IT Jobs,Mid-Level,2,Unspecified / Pan-India,Unspecified,India,India,0,full_time,unspecified,2026-09-16 16:15:26,2026-09-16,2026,9,16,Wednesday,,,,,1,1000000.0,10.0,1,,,https://www.adzuna.in/details/5885974718?utm_medium=api&utm_source=f46203c2
5891404236,Software Engineer,GE Vernova,Software Engineer,IT Jobs,Mid-Level,2,Bengaluru,Karnataka,India,"Bangalore, Karnataka",0,unspecified,unspecified,2026-09-20 11:11:31,2026-09-20,2026,9,20,Sunday,,,,,1,1000000.0,10.0,1,,,https://www.adzuna.in/details/5891404236?utm_medium=api&utm_source=f46203c2
5895360973,Software Engineer,GE HealthCare,Software Engineer,IT Jobs,Mid-Level,2,Unspecified / Pan-India,Unspecified,India,India,0,full_time,unspecified,2026-09-23 21:30:45,2026-09-23,2026,9,23,Wednesday,,,,,1,1000000.0,10.0,1,,,https://www.adzuna.in/details/5895360973?utm_medium=api&utm_source=f46203c2
5896366886,Software Engineer,GE HealthCare,Software Engineer,IT Jobs,Mid-Level,2,Bengaluru,Karnataka,India,"Bangalore, Karnataka",0,unspecified,unspecified,2026-09-24 11:12:41,2026-09-24,2026,9,24,Thursday,,,,,1,1000000.0,10.0,1,,,https://www.adzuna.in/details/5896366886?utm_medium=api&utm_source=f46203c2
4801459705,Software Engineer,Entrata,Software Engineer,IT Jobs,Mid-Level,2,Pune,Maharashtra,India,"Pune, Maharashtra",0,full_time,unspecified,2024-07-31 03:07:19,2024-07-31,2024,7,31,Wednesday,,,,,1,1000000.0,10.0,1,18.5062,73.84735,https://www.adzuna.in/details/4801459705?utm_medium=api&utm_source=f46203c2
5885765169,Business Analyst,Kyndryl,Business Analyst,IT Jobs,Mid-Level,2,Bengaluru,Karnataka,India,"Bangalore, Karnataka",0,full_time,unspecified,2026-09-16 12:29:10,2026-09-16,2026,9,16,Wednesday,,,,,1,700000.0,7.0,1,12.95703,77.59837,https://www.adzuna.in/land/ad/5885765169?se=mjdvabC78RG3HbWPlKe6Vw&utm_medium=api&utm_source=f46203c2&v=BEA6BC7277DB52E819F0825132E5AD7CB2CAFA61
5837139386,Business Analyst,Capco,Business Analyst,IT Jobs,Mid-Level,2,Unspecified / Pan-India,Unspecified,India,India,0,full_time,unspecified,2026-08-12 01:59:34,2026-08-12,2026,8,12,Wednesday,,,,,1,700000.0,7.0,1,,,https://www.adzuna.in/land/ad/5837139386?se=mjdvabC78RG3HbWPlKe6Vw&utm_medium=api&utm_source=f46203c2&v=E3DCC2DBFE4E6A7A1CEDD56C704AE19E69B379A7
5892333321,SAP Business Analyst,RED Global,Business Analyst,IT Jobs,Mid-Level,2,Remote,Remote,India,India,1,unspecified,contract,2026-09-21 09:35:22,2026-09-21,2026,9,21,Monday,,,,,1,700000.0,7.0,1,,,https://www.adzuna.in/land/ad/5892333321?se=mjdvabC78RG3HbWPlKe6Vw&utm_medium=api&utm_source=f46203c2&v=EDC4408E7D22B1902F63407C4FCA15E34F103A4E
5893961315,Business Analyst – Payments,Capco,Business Analyst,IT Jobs,Mid-Level,2,Pune,Maharashtra,India,"Pune, Maharashtra",0,full_time,unspecified,2026-09-22 18:29:41,2026-09-22,2026,9,22,Tuesday,,,,,1,700000.0,7.0,1,18.5062,73.84735,https://www.adzuna.in/land/ad/5893961315?se=mjdvabC78RG3HbWPlKe6Vw&utm_medium=api&utm_source=f46203c2&v=BA9B896A1EE5F6A162B68C85ADAE5977F7E02A82
5871992655,Sports-Business Analyst,StarZen,Business Analyst,IT Jobs,Mid-Level,2,Unspecified / Pan-India,Unspecified,India,India,0,unspecified,contract,2026-09-05 18:31:50,2026-09-05,2026,9,5,Saturday,,,,,1,700000.0,7.0,1,,,https://www.adzuna.in/land/ad/5871992655?se=mjdvabC78RG3HbWPlKe6Vw&utm_medium=api&utm_source=f46203c2&v=9D3B9A190442498FA0A1BBA2AC58A1E8D45EC220
5886487593,Business Analyst III,Thermo Fisher Scientific,Business Analyst,IT Jobs,Senior,3,Bengaluru,Karnataka,India,"Bangalore, Karnataka",0,full_time,unspecified,2026-09-16 22:35:06,2026-09-16,2026,9,16,Wednesday,,,,,1,900000.0,9.0,1,12.95703,77.59837,https://www.adzuna.in/land/ad/5886487593?se=mjdvabC78RG3HbWPlKe6Vw&utm_medium=api&utm_source=f46203c2&v=1C91D9FE6B4B0C21F48EE352F4A7F3A6C43F046D
5837139257,Fraud Business Analyst,Standard Chartered Bank,Business Analyst,Accounting & Finance Jobs,Mid-Level,2,Bengaluru,Karnataka,India,"Bangalore, Karnataka",0,full_time,unspecified,2026-08-12 01:59:32,2026-08-12,2026,8,12,Wednesday,,,,,1,700000.0,7.0,1,12.95703,77.59837,https://www.adzuna.in/land/ad/5837139257?se=mjdvabC78RG3HbWPlKe6Vw&utm_medium=api&utm_source=f46203c2&v=02CC12DE4D5AF8FB8A9724A2C3D4B0F2F3217926
5837139692,Business Analyst_Basel,Capco,Business Analyst,Accounting & Finance Jobs,Mid-Level,2,Unspecified / Pan-India,Unspecified,India,India,0,full_time,unspecified,2026-08-12 01:59:40,2026-08-12,2026,8,12,Wednesday,,,,,1,700000.0,7.0,1,,,https://www.adzuna.in/land/ad/5837139692?se=mjdvabC78RG3HbWPlKe6Vw&utm_medium=api&utm_source=f46203c2&v=F5E0A0664729AF9681D085F988CD8DAF99AE0327
5871991862,Business Analyst / Business Development Manager,Confidential Jobs,Business Analyst,Sales Jobs,Manager,4,Tirunelveli,Tamil Nadu,India,"Tirunelveli, Tamil Nadu",0,full_time,permanent,2026-09-05 18:30:17,2026-09-05,2026,9,5,Saturday,,,,,1,700000.0,7.0,1,8.7256,77.69625,https://www.adzuna.in/land/ad/5871991862?se=mjdvabC78RG3HbWPlKe6Vw&utm_medium=api&utm_source=f46203c2&v=61E06C9CC0CC378541D0E7E4349393399069D6C0
5888300179,Lead Business Analyst – VP,Deutsche Bank,Business Analyst,IT Jobs,Executive / Director,6,Bengaluru,Karnataka,India,"Bangalore, Karnataka",0,full_time,unspecified,2026-09-18 04:29:37,2026-09-18,2026,9,18,Friday,,,,,1,700000.0,7.0,1,12.95703,77.59837,https://www.adzuna.in/land/ad/5888300179?se=mjdvabC78RG3HbWPlKe6Vw&utm_medium=api&utm_source=f46203c2&v=25A7D1EC19E7BB01BE393B2E2CE1967EDF58FC19
5888968494,Finance Change Business Analyst,Capco,Business Analyst,IT Jobs,Mid-Level,2,Unspecified / Pan-India,Unspecified,India,India,0,full_time,unspecified,2026-09-18 14:36:06,2026-09-18,2026,9,18,Friday,,,,,1,700000.0,7.0,1,,,https://www.adzuna.in/land/ad/5888968494?se=mjdvabC78RG3HbWPlKe6Vw&utm_medium=api&utm_source=f46203c2&v=B070EBDA3CE22A68F69C923FCE1B946890CD4D0D
5870527366,Oracle CPQ Business Analyst,Tata Consultancy Services,Business Analyst,IT Jobs,Mid-Level,2,Bengaluru,Karnataka,India,"Bangalore, Karnataka",0,unspecified,unspecified,2026-09-04 16:57:26,2026-09-04,2026,9,4,Friday,,,,,1,700000.0,7.0,1,,,https://www.adzuna.in/land/ad/5870527366?se=mjdvabC78RG3HbWPlKe6Vw&utm_medium=api&utm_source=f46203c2&v=21272A9ABB27141DBBCDF1F7FDF3CBA274CAD8C4
5894979993,Business Analyst - SAP Finance,Thermo Fisher Scientific,Business Analyst,IT Jobs,Mid-Level,2,Bengaluru,Karnataka,India,"Bangalore, Karnataka",0,full_time,unspecified,2026-09-23 14:40:15,2026-09-23,2026,9,23,Wednesday,,,,,1,700000.0,7.0,1,12.95703,77.59837,https://www.adzuna.in/land/ad/5894979993?se=mjdvabC78RG3HbWPlKe6Vw&utm_medium=api&utm_source=f46203c2&v=6E0D80D1E97095661A4D73B092D958347ABC31F9
5895239586,SAP FI Business Analyst,RED Global,Business Analyst,IT Jobs,Mid-Level,2,Unspecified / Pan-India,Unspecified,India,India,0,unspecified,unspecified,2026-09-23 19:41:09,2026-09-23,2026,9,23,Wednesday,,,,,1,700000.0,7.0,1,,,https://www.adzuna.in/land/ad/5895239586?se=mjdvabC78RG3HbWPlKe6Vw&utm_medium=api&utm_source=f46203c2&v=ED0F6F0C539815459658578F19238DE12D076727
5882593724,Business Analyst - ITGC Audit & Compliance,System One,Business Analyst,IT Jobs,Mid-Level,2,Unspecified / Pan-India,Unspecified,India,India,0,unspecified,unspecified,2026-09-13 17:19:33,2026-09-13,2026,9,13,Sunday,,,,,1,700000.0,7.0,1,,,https://www.adzuna.in/land/ad/5882593724?se=mjdvabC78RG3HbWPlKe6Vw&utm_medium=api&utm_source=f46203c2&v=5E83897FDBAFAE201EB7C4F1DA6859EC165892B1
5875905530,Business Analyst - Payments and Digital Journeys,Capco,Business Analyst,IT Jobs,Mid-Level,2,Unspecified / Pan-India,Unspecified,India,India,0,full_time,unspecified,2026-09-09 00:19:22,2026-09-09,2026,9,9,Wednesday,,,,,1,700000.0,7.0,1,,,https://www.adzuna.in/land/ad/5875905530?se=mjdvabC78RG3HbWPlKe6Vw&utm_medium=api&utm_source=f46203c2&v=F078ADE6AB5A9252B617DC27910ACC8BB2169C79
5886487288,Senior Business Analyst – Cybersecurity & DevSecOps,Thermo Fisher Scientific,Business Analyst,IT Jobs,Senior,3,Bengaluru,Karnataka,India,"Bangalore, Karnataka",0,full_time,unspecified,2026-09-16 22:35:03,2026-09-16,2026,9,16,Wednesday,,,,,1,900000.0,9.0,1,12.95703,77.59837,https://www.adzuna.in/land/ad/5886487288?se=mjdvabC78RG3HbWPlKe6Vw&utm_medium=api&utm_source=f46203c2&v=280D077205ECA63CE53E65F52D78B149C11B8715
5896963254,"Sr. Spclst, Scitara Business Analyst",MSD,Business Analyst,IT Jobs,Senior,3,Hyderabad,Telangana,India,"Hyderabad, Telangana",0,full_time,unspecified,2026-09-24 20:32:10,2026-09-24,2026,9,24,Thursday,,,,,1,900000.0,9.0,1,17.40275,78.50806,https://www.adzuna.in/land/ad/5896963254?se=mjdvabC78RG3HbWPlKe6Vw&utm_medium=api&utm_source=f46203c2&v=B61980FCC9D2900919346073C6AD82CE2A3C6458
5809380560,Sr. Business Analyst - Change Management,Invesco,Business Analyst,Accounting & Finance Jobs,Manager,4,Hyderabad,Telangana,India,"Hyderabad, Telangana",0,full_time,contract,2026-07-21 19:43:06,2026-07-21,2026,7,21,Tuesday,,,,,1,700000.0,7.0,1,17.40275,78.50806,https://www.adzuna.in/land/ad/5809380560?se=mjdvabC78RG3HbWPlKe6Vw&utm_medium=api&utm_source=f46203c2&v=00FA745C9BFF72E03F8565053777597E4114B25A
5837139548,Nostro Risk Reporting Business Analyst,Capco,Business Analyst,Accounting & Finance Jobs,Mid-Level,2,Chennai,Tamil Nadu,India,"Chennai, Tamil Nadu",0,full_time,unspecified,2026-08-12 01:59:38,2026-08-12,2026,8,12,Wednesday,,,,,1,700000.0,7.0,1,,,https://www.adzuna.in/land/ad/5837139548?se=mjdvabC78RG3HbWPlKe6Vw&utm_medium=api&utm_source=f46203c2&v=FE0B40EBBB5BC83F91C643296839DDB9E52E3E17
5846723422,Asst Dir-Business Analyst-Cont,Moody's,Business Analyst,IT Jobs,Mid-Level,2,Unspecified / Pan-India,Unspecified,India,India,0,full_time,unspecified,2026-08-18 18:03:39,2026-08-18,2026,8,18,Tuesday,,,,,1,700000.0,7.0,1,,,https://www.adzuna.in/land/ad/5846723422?se=mjdvabC78RG3HbWPlKe6Vw&utm_medium=api&utm_source=f46203c2&v=5A36BCC036C4D70838C67674AB9CF925402DAEEF
5837139481,Business Analyst – Cash Management & Intraday Liquidity,Capco,Business Analyst,Accounting & Finance Jobs,Manager,4,Unspecified / Pan-India,Unspecified,India,India,0,full_time,unspecified,2026-08-12 01:59:37,2026-08-12,2026,8,12,Wednesday,,,,,1,700000.0,7.0,1,,,https://www.adzuna.in/land/ad/5837139481?se=mjdvabC78RG3HbWPlKe6Vw&utm_medium=api&utm_source=f46203c2&v=9164B7D4E7E10EA6F7B9DAEA6492B89AEE051E14
5900875461,Business Analyst - ERP Automation Projects - IFS,Provitious Technologies,Business Analyst,IT Jobs,Mid-Level,2,Gandhinagar,Gujarat,India,"Gandhinagar, Gujarat",0,unspecified,unspecified,2026-09-28 02:01:35,2026-09-28,2026,9,28,Monday,,,,,1,700000.0,7.0,1,23.4896,72.645,https://www.adzuna.in/land/ad/5900875461?se=mjdvabC78RG3HbWPlKe6Vw&utm_medium=api&utm_source=f46203c2&v=C7D7B0F24B39998ACE83553A621EFDBA3F84813B
5837139914,Business Analyst-Third Party Risk Management,Capco,Business Analyst,IT Jobs,Manager,4,Bengaluru,Karnataka,India,"Bangalore, Karnataka",0,full_time,unspecified,2026-08-12 01:59:43,2026-08-12,2026,8,12,Wednesday,,,,,1,700000.0,7.0,1,,,https://www.adzuna.in/land/ad/5837139914?se=mjdvabC78RG3HbWPlKe6Vw&utm_medium=api&utm_source=f46203c2&v=D0881E74DD6EF225270AA28AF3565E757E8267A3
5894979997,Business Analyst III – SAP Order Management,Thermo Fisher Scientific,Business Analyst,IT Jobs,Manager,4,Bengaluru,Karnataka,India,"Bangalore, Karnataka",0,full_time,unspecified,2026-09-23 14:40:15,2026-09-23,2026,9,23,Wednesday,,,,,1,700000.0,7.0,1,12.95703,77.59837,https://www.adzuna.in/land/ad/5894979997?se=mjdvabC78RG3HbWPlKe6Vw&utm_medium=api&utm_source=f46203c2&v=D79B6A59744D2B16F058E7D0B704DA461B17AE5D
5894979891,Business Analyst III – SAP MM/PP,Thermo Fisher Scientific,Business Analyst,IT Jobs,Senior,3,Bengaluru,Karnataka,India,"Bangalore, Karnataka",0,full_time,unspecified,2026-09-23 14:40:07,2026-09-23,2026,9,23,Wednesday,,,,,1,900000.0,9.0,1,12.95703,77.59837,https://www.adzuna.in/land/ad/5894979891?se=mjdvabC78RG3HbWPlKe6Vw&utm_medium=api&utm_source=f46203c2&v=DEDEC60F28023E2C7724F319B787166EF2779B13
5865064905,"IT&D Business Analyst, SAP Pricing",Reckitt,Business Analyst,IT Jobs,Mid-Level,2,Hyderabad,Telangana,India,"Hyderabad, Telangana",0,full_time,permanent,2026-09-01 22:16:20,2026-09-01,2026,9,1,Tuesday,,,,,1,700000.0,7.0,1,17.40275,78.50806,https://www.adzuna.in/land/ad/5865064905?se=mjdvabC78RG3HbWPlKe6Vw&utm_medium=api&utm_source=f46203c2&v=D0FE65CC5E0B08A5A98B2FC55FB898755A0A4B92
5837139767,BFA Senior Business Analyst (Change Management),Capco,Business Analyst,Accounting & Finance Jobs,Manager,4,Unspecified / Pan-India,Unspecified,India,India,0,full_time,unspecified,2026-08-12 01:59:41,2026-08-12,2026,8,12,Wednesday,,,,,1,700000.0,7.0,1,,,https://www.adzuna.in/land/ad/5837139767?se=mjdvabC78RG3HbWPlKe6Vw&utm_medium=api&utm_source=f46203c2&v=1388DDB5D5FA800FA3C94F4BF6C85207DFF92CF3
5875602815,MS Dynamics CRM Functional Architect (Business Analyst),Persistent Systems,Business Analyst,IT Jobs,Lead / Architect,5,Unspecified / Pan-India,Unspecified,India,India,0,full_time,unspecified,2026-09-08 18:42:30,2026-09-08,2026,9,8,Tuesday,,,,,1,3000000.0,30.0,1,,,https://www.adzuna.in/land/ad/5875602815?se=mjdvabC78RG3HbWPlKe6Vw&utm_medium=api&utm_source=f46203c2&v=828EC4B45EB8EA930AC73028B3BD25B1294DFC6F
5837139823,IT&D Senior Business Analyst - Genesis Procurement,Reckitt,Business Analyst,IT Jobs,Senior,3,Hyderabad,Telangana,India,"Hyderabad, Telangana",0,full_time,unspecified,2026-08-12 01:59:43,2026-08-12,2026,8,12,Wednesday,,,,,1,900000.0,9.0,1,17.40275,78.50806,https://www.adzuna.in/land/ad/5837139823?se=mjdvabC78RG3HbWPlKe6Vw&utm_medium=api&utm_source=f46203c2&v=E235392770EDD9E2B0BEB7DD50D3CD0B7DE4F1D4
5837139504,"IT&D Senior Business Analyst, Rewards & Benefits",Reckitt,Business Analyst,HR & Recruitment Jobs,Senior,3,Hyderabad,Telangana,India,"Hyderabad, Telangana",0,full_time,unspecified,2026-08-12 01:59:37,2026-08-12,2026,8,12,Wednesday,,,,,1,900000.0,9.0,1,17.40275,78.50806,https://www.adzuna.in/land/ad/5837139504?se=mjdvabC78RG3HbWPlKe6Vw&utm_medium=api&utm_source=f46203c2&v=4E720F36FFBE8800D6C7890BA9EFFA5233B9F5CF
5894979894,Senior Business Analyst – SAP SD/MM/PP,Thermo Fisher Scientific,Business Analyst,IT Jobs,Senior,3,Bengaluru,Karnataka,India,"Bangalore, Karnataka",0,full_time,unspecified,2026-09-23 14:40:07,2026-09-23,2026,9,23,Wednesday,,,,,1,900000.0,9.0,1,12.95703,77.59837,https://www.adzuna.in/land/ad/5894979894?se=mjdvabC78RG3HbWPlKe6Vw&utm_medium=api&utm_source=f46203c2&v=899A7F7591C19F2FF1B1F6E695D89793BC4E12A9
5886486834,Senior Business Analyst – Commercial AI & Digital Solutions,Thermo Fisher Scientific,Business Analyst,IT Jobs,Senior,3,Bengaluru,Karnataka,India,"Bangalore, Karnataka",0,full_time,unspecified,2026-09-16 22:34:59,2026-09-16,2026,9,16,Wednesday,,,,,1,900000.0,9.0,1,12.95703,77.59837,https://www.adzuna.in/land/ad/5886486834?se=mjdvabC78RG3HbWPlKe6Vw&utm_medium=api&utm_source=f46203c2&v=1B9ED1B5FD0E78E7BBCE09CC1155F3E2141F5E4B
5894979560,Business Analyst III – SAP SD / Logistics Execution,Thermo Fisher Scientific,Business Analyst,IT Jobs,Senior,3,Bengaluru,Karnataka,India,"Bangalore, Karnataka",0,full_time,unspecified,2026-09-23 14:39:59,2026-09-23,2026,9,23,Wednesday,,,,,1,900000.0,9.0,1,12.95703,77.59837,https://www.adzuna.in/land/ad/5894979560?se=mjdvabC78RG3HbWPlKe6Vw&utm_medium=api&utm_source=f46203c2&v=CA6C7372E0FCC8C9DE6F7F55A18D3A043B64D590
5889679182,Manager- Policy Owner Service (Business Analyst- SQL),Axis Max Life Insurance Limited,Business Analyst,IT Jobs,Manager,4,Unspecified / Pan-India,Unspecified,India,India,0,unspecified,unspecified,2026-09-18 23:23:53,2026-09-18,2026,9,18,Friday,,,,,1,700000.0,7.0,1,,,https://www.adzuna.in/land/ad/5889679182?se=mjdvabC78RG3HbWPlKe6Vw&utm_medium=api&utm_source=f46203c2&v=2EFFE15177A90363F69240800EC5C2F304686193
5889221059,Business Intelligence Analyst,"Pinnacle Group, Inc.",Business Analyst,IT Jobs,Mid-Level,2,Remote,Remote,India,India,1,unspecified,unspecified,2026-09-18 17:30:32,2026-09-18,2026,9,18,Friday,,,,,1,700000.0,7.0,1,,,https://www.adzuna.in/land/ad/5889221059?se=mjdvabC78RG3HbWPlKe6Vw&utm_medium=api&utm_source=f46203c2&v=398FE8FF79123FACDA08F5943B2609339F78824C
5867727348,"Business Management Analyst, AS",Deutsche Bank,Business Analyst,IT Jobs,Manager,4,Mumbai,Maharashtra,India,"Mumbai, Maharashtra",0,full_time,unspecified,2026-09-03 04:37:22,2026-09-03,2026,9,3,Thursday,,,,,1,700000.0,7.0,1,19.00821,72.84415,https://www.adzuna.in/land/ad/5867727348?se=mjdvabC78RG3HbWPlKe6Vw&utm_medium=api&utm_source=f46203c2&v=FB650AE0C5A0F639A3230D36D3A8F41BB48A14B8
5879664973,Business Data Analyst,VOLTO Consulting,Business Analyst,IT Jobs,Mid-Level,2,Bengaluru,Karnataka,India,"Bangalore, Karnataka",0,unspecified,unspecified,2026-09-11 17:13:33,2026-09-11,2026,9,11,Friday,,,,,1,700000.0,7.0,1,,,https://www.adzuna.in/land/ad/5879664973?se=mjdvabC78RG3HbWPlKe6Vw&utm_medium=api&utm_source=f46203c2&v=2C0A57227B7AEDBD978559174DBC851C0B4B7E2C
5879665881,Business Intelligence Analyst,Omnicom Global Solutions,Business Analyst,IT Jobs,Mid-Level,2,Bengaluru,Karnataka,India,"Bangalore, Karnataka",0,unspecified,unspecified,2026-09-11 17:14:33,2026-09-11,2026,9,11,Friday,,,,,1,700000.0,7.0,1,,,https://www.adzuna.in/land/ad/5879665881?se=mjdvabC78RG3HbWPlKe6Vw&utm_medium=api&utm_source=f46203c2&v=F9E29EEA689E9617FBDD74921184FF4A8F5105CA
5857251124,Senior Business Analysis - Sr Business Analyst - BNPP - Paribas,Capco,Business Analyst,IT Jobs,Senior,3,Bengaluru,Karnataka,India,"Bangalore, Karnataka",0,full_time,unspecified,2026-08-27 02:10:26,2026-08-27,2026,8,27,Thursday,,,,,1,900000.0,9.0,1,,,https://www.adzuna.in/land/ad/5857251124?se=mjdvabC78RG3HbWPlKe6Vw&utm_medium=api&utm_source=f46203c2&v=2BDA6E1E87A7D7EDE3952410F9E14A4AB2AA5A62
5883564043,Business Analyst (Fully Remote) – Top US MNC (Enterprise Software),SkillsCapital,Business Analyst,IT Jobs,Mid-Level,2,Remote,Remote,India,India,1,unspecified,unspecified,2026-09-14 17:18:47,2026-09-14,2026,9,14,Monday,,,,,1,700000.0,7.0,1,,,https://www.adzuna.in/land/ad/5883564043?se=mjdvabC78RG3HbWPlKe6Vw&utm_medium=api&utm_source=f46203c2&v=ECF09730D1C9BCC6FB577E0DCC5B7ECCA4DC9791
5867726679,"Business Management Analyst, AVP",Deutsche Bank,Business Analyst,IT Jobs,Manager,4,Mumbai,Maharashtra,India,"Mumbai, Maharashtra",0,full_time,unspecified,2026-09-03 04:36:51,2026-09-03,2026,9,3,Thursday,,,,,1,700000.0,7.0,1,19.00821,72.84415,https://www.adzuna.in/land/ad/5867726679?se=mjdvabC78RG3HbWPlKe6Vw&utm_medium=api&utm_source=f46203c2&v=2488F69520E1565C12B6D1C35698E26B8FF6D9E2
5894389835,BUSINESS INTELLIGENCE ANALYST I,TE Connectivity,Business Analyst,IT Jobs,Mid-Level,2,Bengaluru,Karnataka,India,"Bangalore, Karnataka",0,full_time,unspecified,2026-09-23 04:30:39,2026-09-23,2026,9,23,Wednesday,,,,,1,700000.0,7.0,1,12.95703,77.59837,https://www.adzuna.in/land/ad/5894389835?se=mjdvabC78RG3HbWPlKe6Vw&utm_medium=api&utm_source=f46203c2&v=B5DECDC41DEE4EC6F1483D1A4AC0224C5CA4ECE0
5893510960,Business Development Analyst II,TE Connectivity,Business Analyst,IT Jobs,Mid-Level,2,Bengaluru,Karnataka,India,"Bangalore, Karnataka",0,full_time,unspecified,2026-09-22 08:31:56,2026-09-22,2026,9,22,Tuesday,,,,,1,700000.0,7.0,1,12.95703,77.59837,https://www.adzuna.in/land/ad/5893510960?se=mjdvabC78RG3HbWPlKe6Vw&utm_medium=api&utm_source=f46203c2&v=524059ADBC5E2CB97DB285704EA34F32A26EE05F
5867114866,Sr Business Systems Analyst,Moody's,Business Analyst,IT Jobs,Senior,3,Unspecified / Pan-India,Unspecified,India,India,0,full_time,unspecified,2026-09-02 18:15:22,2026-09-02,2026,9,2,Wednesday,,,,,1,900000.0,9.0,1,,,https://www.adzuna.in/land/ad/5867114866?se=mjdvabC78RG3HbWPlKe6Vw&utm_medium=api&utm_source=f46203c2&v=9A6650C69654B90006EAFF308A34F46B36155343
5846723453,Sr Business Application Analyst,Moody's,Business Analyst,IT Jobs,Senior,3,Unspecified / Pan-India,Unspecified,India,India,0,full_time,unspecified,2026-08-18 18:03:40,2026-08-18,2026,8,18,Tuesday,,,,,1,900000.0,9.0,1,,,https://www.adzuna.in/land/ad/5846723453?se=mjdvabC78RG3HbWPlKe6Vw&utm_medium=api&utm_source=f46203c2&v=EE2C4EDF00E47D65D245236B78E92008D3599176
5887061515,SR BUSINESS INTELLIGENCE ANALYST,TE Connectivity,Business Analyst,IT Jobs,Senior,3,Bengaluru,Karnataka,India,"Bangalore, Karnataka",0,full_time,unspecified,2026-09-17 08:31:14,2026-09-17,2026,9,17,Thursday,,,,,1,900000.0,9.0,1,12.95703,77.59837,https://www.adzuna.in/land/ad/5887061515?se=mjdvabC78RG3HbWPlKe6Vw&utm_medium=api&utm_source=f46203c2&v=44E757BF4FB5655F3A273205D06B8CD58EB6503C
5846723135,"Business Management Analyst, NCT",Deutsche Bank,Business Analyst,IT Jobs,Manager,4,Pune,Maharashtra,India,"Pune, Maharashtra",0,full_time,unspecified,2026-08-18 18:03:33,2026-08-18,2026,8,18,Tuesday,,,,,1,700000.0,7.0,1,18.5062,73.84735,https://www.adzuna.in/land/ad/5846723135?se=mjdvabC78RG3HbWPlKe6Vw&utm_medium=api&utm_source=f46203c2&v=A5AA54991B2C4468C4D8836717F17BA6A3E56F93
5837138886,Principal Business Systems Analyst,Cornerstone OnDemand,Business Analyst,IT Jobs,Lead / Architect,5,Hyderabad,Telangana,India,"Hyderabad, Telangana",0,full_time,unspecified,2026-08-12 01:59:18,2026-08-12,2026,8,12,Wednesday,,,,,1,3000000.0,30.0,1,17.40275,78.50806,https://www.adzuna.in/land/ad/5837138886?se=mjdvabC78RG3HbWPlKe6Vw&utm_medium=api&utm_source=f46203c2&v=BA78504A2BD51C4E8BE535B9A6B85D92D8F286DF
5898263683,"Specialist, Business Analyst – Content Review Automation (AI-enabled MLR / Content Catalyst)",MSD,Business Analyst,IT Jobs,Mid-Level,2,Hyderabad,Telangana,India,"Hyderabad, Telangana",0,full_time,unspecified,2026-09-25 16:35:07,2026-09-25,2026,9,25,Friday,,,,,1,700000.0,7.0,1,17.40275,78.50806,https://www.adzuna.in/land/ad/5898263683?se=mjdvabC78RG3HbWPlKe6Vw&utm_medium=api&utm_source=f46203c2&v=DA7E352AE2921065181F62C3245C23E9F829AEA6
5896317332,"Lead Business functional Analyst, VP",Deutsche Bank,Business Analyst,IT Jobs,Executive / Director,6,Pune,Maharashtra,India,"Pune, Maharashtra",0,full_time,unspecified,2026-09-24 10:32:27,2026-09-24,2026,9,24,Thursday,,,,,1,700000.0,7.0,1,18.5062,73.84735,https://www.adzuna.in/land/ad/5896317332?se=sli3arC78RGKj5CFZN1R3A&utm_medium=api&utm_source=f46203c2&v=A082A760EC25EA3D7C8B29373FA8BBDF2231164D
5876872332,"Senior Business Intelligence Analyst, Global Sales",Getinge,Business Analyst,IT Jobs,Senior,3,Mumbai,Maharashtra,India,"Mumbai, Maharashtra",0,unspecified,unspecified,2026-09-09 14:45:58,2026-09-09,2026,9,9,Wednesday,,,,,1,900000.0,9.0,1,19.00821,72.84415,https://www.adzuna.in/land/ad/5876872332?se=sli3arC78RGKj5CFZN1R3A&utm_medium=api&utm_source=f46203c2&v=4FD7E5808E71F09FD7A03DDC7F371FFF8ECC3D69
5898263224,Sr Business Systems Analyst - Vertex Implementation,Moody's,Business Analyst,Accounting & Finance Jobs,Senior,3,Bengaluru,Karnataka,India,"Bangalore, Karnataka",0,full_time,unspecified,2026-09-25 16:35:01,2026-09-25,2026,9,25,Friday,,,,,1,900000.0,9.0,1,,,https://www.adzuna.in/land/ad/5898263224?se=sli3arC78RGKj5CFZN1R3A&utm_medium=api&utm_source=f46203c2&v=18036F057C7B249251D77A9B26EEE16689C19845
5846723378,Business Finance Senior Analyst,Deutsche Bank,Business Analyst,Accounting & Finance Jobs,Senior,3,Mumbai,Maharashtra,India,"Mumbai, Maharashtra",0,full_time,unspecified,2026-08-18 18:03:38,2026-08-18,2026,8,18,Tuesday,,,,,1,900000.0,9.0,1,19.00821,72.84415,https://www.adzuna.in/land/ad/5846723378?se=sli3arC78RGKj5CFZN1R3A&utm_medium=api&utm_source=f46203c2&v=A8D5A375F09A5AD261972942F70E863FDE622222
5846723110,Business Finance Senior Analyst,Deutsche Bank,Business Analyst,Accounting & Finance Jobs,Senior,3,Mumbai,Maharashtra,India,"Mumbai, Maharashtra",0,full_time,unspecified,2026-08-18 18:03:33,2026-08-18,2026,8,18,Tuesday,,,,,1,900000.0,9.0,1,19.00821,72.84415,https://www.adzuna.in/land/ad/5846723110?se=sli3arC78RGKj5CFZN1R3A&utm_medium=api&utm_source=f46203c2&v=2EA1145F5EFE160755466CD78E5ABD9C03F95872
5867727281,Business Risk & Control Analyst,Deutsche Bank,Business Analyst,Accounting & Finance Jobs,Mid-Level,2,Mumbai,Maharashtra,India,"Mumbai, Maharashtra",0,full_time,unspecified,2026-09-03 04:37:10,2026-09-03,2026,9,3,Thursday,,,,,1,700000.0,7.0,1,19.00821,72.84415,https://www.adzuna.in/land/ad/5867727281?se=sli3arC78RGKj5CFZN1R3A&utm_medium=api&utm_source=f46203c2&v=797670071ADDF18B487D7A07BB3E6D606261B9B3
5879392072,Business Finance Senior Analyst,Deutsche Bank,Business Analyst,Accounting & Finance Jobs,Senior,3,Mumbai,Maharashtra,India,"Mumbai, Maharashtra",0,full_time,unspecified,2026-09-11 12:21:24,2026-09-11,2026,9,11,Friday,,,,,1,900000.0,9.0,1,19.00821,72.84415,https://www.adzuna.in/land/ad/5879392072?se=sli3arC78RGKj5CFZN1R3A&utm_medium=api&utm_source=f46203c2&v=C8BCF1FCA8659DE97BD18F539AD49FF5F5772116
5888300200,Business Finance Senior Analyst,Deutsche Bank,Business Analyst,Accounting & Finance Jobs,Senior,3,Mumbai,Maharashtra,India,"Mumbai, Maharashtra",0,full_time,unspecified,2026-09-18 04:29:38,2026-09-18,2026,9,18,Friday,,,,,1,900000.0,9.0,1,19.00821,72.84415,https://www.adzuna.in/land/ad/5888300200?se=sli3arC78RGKj5CFZN1R3A&utm_medium=api&utm_source=f46203c2&v=2A8DE45B8251BAE7F0FF0631B89151CD2AC9965B
5888300171,"Business Functional Analyst with German fluency (Midrange), AVP",Deutsche Bank,Business Analyst,IT Jobs,Mid-Level,2,Pune,Maharashtra,India,"Pune, Maharashtra",0,full_time,unspecified,2026-09-18 04:29:36,2026-09-18,2026,9,18,Friday,,,,,1,700000.0,7.0,1,18.5062,73.84735,https://www.adzuna.in/land/ad/5888300171?se=sli3arC78RGKj5CFZN1R3A&utm_medium=api&utm_source=f46203c2&v=6F3148162D9118DEE3E7408B8084BCDC7136ABDF
5885147310,Business Systems Analyst - SAP S4/Hana Revenue Product Owner,Moody's,Business Analyst,Accounting & Finance Jobs,Mid-Level,2,Unspecified / Pan-India,Unspecified,India,India,0,full_time,unspecified,2026-09-16 02:30:49,2026-09-16,2026,9,16,Wednesday,,,,,1,700000.0,7.0,1,,,https://www.adzuna.in/land/ad/5885147310?se=sli3arC78RGKj5CFZN1R3A&utm_medium=api&utm_source=f46203c2&v=3A3E356ABE6CC1F319F3A1722736436BF59FF679
5899377941,"HCM Business Advisory Senior Analyst, AVP",Deutsche Bank,Business Analyst,HR & Recruitment Jobs,Senior,3,Bengaluru,Karnataka,India,"Bangalore, Karnataka",0,full_time,unspecified,2026-09-26 12:33:27,2026-09-26,2026,9,26,Saturday,,,,,1,900000.0,9.0,1,12.95703,77.59837,https://www.adzuna.in/land/ad/5899377941?se=sli3arC78RGKj5CFZN1R3A&utm_medium=api&utm_source=f46203c2&v=67472106A6E08177686EAB926009933F3A405D4D
5884159210,BA General Ledger,Mizuho,Business Analyst,IT Jobs,Mid-Level,2,Chennai,Tamil Nadu,India,"Chennai, Tamil Nadu",1,unspecified,unspecified,2026-09-15 07:08:27,2026-09-15,2026,9,15,Tuesday,,,,,1,700000.0,7.0,1,13.06041,80.24963,https://www.adzuna.in/land/ad/5884159210?se=sli3arC78RGKj5CFZN1R3A&utm_medium=api&utm_source=f46203c2&v=02C48F0F0B5F575939F84E47BD0712B998FDDB40
5884160183,Servicenow BA,Getronics,Business Analyst,IT Jobs,Mid-Level,2,Bengaluru,Karnataka,India,"Bangalore, Karnataka",0,unspecified,unspecified,2026-09-15 07:09:04,2026-09-15,2026,9,15,Tuesday,,,,,1,700000.0,7.0,1,,,https://www.adzuna.in/land/ad/5884160183?se=sli3arC78RGKj5CFZN1R3A&utm_medium=api&utm_source=f46203c2&v=8CE8090ACA2ACF3832C8E548212314A6ADA1D1EF
5897296568,Sr. UI/UX Designer,2Base Technologies,Business Analyst,IT Jobs,Senior,3,Kochi,Kerala,India,"Kochi, Ernakulam",0,unspecified,unspecified,2026-09-25 01:59:12,2026-09-25,2026,9,25,Friday,,,,,1,900000.0,9.0,1,9.98011,76.24637,https://www.adzuna.in/land/ad/5897296568?se=sli3arC78RGKj5CFZN1R3A&utm_medium=api&utm_source=f46203c2&v=73173DB5CAD8024F5EA6209878BD7BE3B9C079D4
5896612639,Business Intelligence Engineer,NAF Technology India,Business Analyst,IT Jobs,Mid-Level,2,Chennai,Tamil Nadu,India,"Chennai, Tamil Nadu",0,unspecified,unspecified,2026-09-24 15:17:33,2026-09-24,2026,9,24,Thursday,,,,,1,700000.0,7.0,1,13.06041,80.24963,https://www.adzuna.in/land/ad/5896612639?se=sli3arC78RGKj5CFZN1R3A&utm_medium=api&utm_source=f46203c2&v=6FEC6979320ADDBCF4BA1451DC72E5373E1EF875
5837139625,Liquidity - Design Analyst,Capco,Business Analyst,IT Jobs,Mid-Level,2,Unspecified / Pan-India,Unspecified,India,India,0,full_time,unspecified,2026-08-12 01:59:39,2026-08-12,2026,8,12,Wednesday,,,,,1,700000.0,7.0,1,,,https://www.adzuna.in/land/ad/5837139625?se=sli3arC78RGKj5CFZN1R3A&utm_medium=api&utm_source=f46203c2&v=4512448BB1CAA607C8FADF9953897FB2699D9547
5880064467,Strategy Analyst,SPIRO,Business Analyst,"Energy, Oil & Gas Jobs",Mid-Level,2,Unspecified / Pan-India,Unspecified,India,India,0,unspecified,unspecified,2026-09-12 01:05:05,2026-09-12,2026,9,12,Saturday,,,,,1,700000.0,7.0,1,,,https://www.adzuna.in/land/ad/5880064467?se=sli3arC78RGKj5CFZN1R3A&utm_medium=api&utm_source=f46203c2&v=1E2E35CDC2BFB8218D9C3627CAE1ECA21A74FF56
5895240199,Guidewire CC Configuration Developer- Immediate Joiners,Stratus,Business Analyst,IT Jobs,Mid-Level,2,Unspecified / Pan-India,Unspecified,India,India,0,unspecified,unspecified,2026-09-23 19:42:16,2026-09-23,2026,9,23,Wednesday,,,,,1,700000.0,7.0,1,,,https://www.adzuna.in/land/ad/5895240199?se=sli3arC78RGKj5CFZN1R3A&utm_medium=api&utm_source=f46203c2&v=E8916D7C1B735755EC7533FEEC76DA10F5469B9B
5891690213,MIS Executive,Anand Rathi Share and Stock Brokers Ltd,Business Analyst,IT Jobs,Mid-Level,2,Mumbai,Maharashtra,India,"Mumbai, Maharashtra",0,unspecified,unspecified,2026-09-20 17:32:25,2026-09-20,2026,9,20,Sunday,,,,,1,700000.0,7.0,1,19.00821,72.84415,https://www.adzuna.in/land/ad/5891690213?se=sli3arC78RGKj5CFZN1R3A&utm_medium=api&utm_source=f46203c2&v=C04289C50A9DAAE18AE976E77343D5F56A26150E
5864438745,Functional Product Analyst (AA) - India,Thakral One,Business Analyst,IT Jobs,Mid-Level,2,Unspecified / Pan-India,Unspecified,India,India,0,unspecified,unspecified,2026-09-01 16:22:48,2026-09-01,2026,9,1,Tuesday,,,,,1,700000.0,7.0,1,,,https://www.adzuna.in/land/ad/5864438745?se=sli3arC78RGKj5CFZN1R3A&utm_medium=api&utm_source=f46203c2&v=E8101848FFAF6D3CC16F717117F96F7F9F74CF6B
5886098783,Oracle GTM Consultant,Insight Global,Business Analyst,IT Jobs,Mid-Level,2,Bengaluru,Karnataka,India,"Bangalore, Karnataka",0,unspecified,unspecified,2026-09-16 17:34:39,2026-09-16,2026,9,16,Wednesday,,,,,1,700000.0,7.0,1,,,https://www.adzuna.in/land/ad/5886098783?se=sli3arC78RGKj5CFZN1R3A&utm_medium=api&utm_source=f46203c2&v=B0098985366EF3BCA98D2E9E598A19684578EEE9
5876869978,Data Analyst,Ignisov Consulting Services,Business Analyst,IT Jobs,Mid-Level,2,Bengaluru,Karnataka,India,"Bangalore, Karnataka",0,full_time,unspecified,2026-09-09 14:44:26,2026-09-09,2026,9,9,Wednesday,,,,,1,700000.0,7.0,1,,,https://www.adzuna.in/land/ad/5876869978?se=sli3arC78RGKj5CFZN1R3A&utm_medium=api&utm_source=f46203c2&v=072D1CE1CC72D0FC85E89D98E0B5C45236CC78D8
5889214883,Spark/Scala Data Engineer,Tata Consultancy Services,Business Analyst,IT Jobs,Mid-Level,2,Chennai,Tamil Nadu,India,"Chennai, Tamil Nadu",0,full_time,unspecified,2026-09-18 17:28:23,2026-09-18,2026,9,18,Friday,,,,,1,700000.0,7.0,1,13.06041,80.24963,https://www.adzuna.in/land/ad/5889214883?se=sli3arC78RGKj5CFZN1R3A&utm_medium=api&utm_source=f46203c2&v=5A7E88504A5A56684FEC6AA6017B9F06CDAD1376
5837139372,BA -Capital Market - Bangalore,Capco,Business Analyst,IT Jobs,Mid-Level,2,Bengaluru,Karnataka,India,"Bangalore, Karnataka",0,full_time,unspecified,2026-08-12 01:59:34,2026-08-12,2026,8,12,Wednesday,,,,,1,700000.0,7.0,1,,,https://www.adzuna.in/land/ad/5837139372?se=sli3arC78RGKj5CFZN1R3A&utm_medium=api&utm_source=f46203c2&v=6AEF408EF496944EC4C39A07105E9A4A40175640
5837139383,Product Manager,Capco,Business Analyst,IT Jobs,Manager,4,Bengaluru,Karnataka,India,"Bangalore, Karnataka",0,full_time,unspecified,2026-08-12 01:59:34,2026-08-12,2026,8,12,Wednesday,,,,,1,700000.0,7.0,1,,,https://www.adzuna.in/land/ad/5837139383?se=sli3arC78RGKj5CFZN1R3A&utm_medium=api&utm_source=f46203c2&v=B59C2764E993F20F6D103EFED86F1CBDA506836F
5896964096,BA - Capital Market,Capco,Business Analyst,IT Jobs,Mid-Level,2,Mumbai,Maharashtra,India,"Mumbai, Maharashtra",0,full_time,unspecified,2026-09-24 20:32:21,2026-09-24,2026,9,24,Thursday,,,,,1,700000.0,7.0,1,,,https://www.adzuna.in/land/ad/5896964096?se=sli3arC78RGKj5CFZN1R3A&utm_medium=api&utm_source=f46203c2&v=FAD030ACD59B482CC5D69BE05AFCB0298BC28FAA
5888968492,PM/BA -Capital Market - Mumbai,Capco,Business Analyst,IT Jobs,Mid-Level,2,Mumbai,Maharashtra,India,"Mumbai, Maharashtra",0,full_time,unspecified,2026-09-18 14:36:06,2026-09-18,2026,9,18,Friday,,,,,1,700000.0,7.0,1,19.00821,72.84415,https://www.adzuna.in/land/ad/5888968492?se=sli3arC78RGKj5CFZN1R3A&utm_medium=api&utm_source=f46203c2&v=6BE2A09A336BEF49BCE9280386C1F79843562065
5886098620,Business Intelligence Engineer,NAF Technology India,Business Analyst,IT Jobs,Mid-Level,2,Chennai,Tamil Nadu,India,"Chennai, Tamil Nadu",0,unspecified,unspecified,2026-09-16 17:34:33,2026-09-16,2026,9,16,Wednesday,,,,,1,700000.0,7.0,1,13.06041,80.24963,https://www.adzuna.in/land/ad/5886098620?se=sli3arC78RGKj5CFZN1R3A&utm_medium=api&utm_source=f46203c2&v=B56A93C99AF959F27489E8226F4249F876087BDC
5898129320,Sales Enablement Specialist,LTM,Business Analyst,IT Jobs,Mid-Level,2,Mumbai,Maharashtra,India,"Mumbai, Maharashtra",0,unspecified,unspecified,2026-09-25 15:23:44,2026-09-25,2026,9,25,Friday,,,,,1,700000.0,7.0,1,19.00821,72.84415,https://www.adzuna.in/land/ad/5898129320?se=sli3arC78RGKj5CFZN1R3A&utm_medium=api&utm_source=f46203c2&v=216A5EA9527CE5EB9F27AAC511362CB5B04B9EDA
5864434982,OSDU Specialist,HCLTech,Business Analyst,IT Jobs,Mid-Level,2,Noida,Uttar Pradesh,India,"Noida, Ghaziabad",0,unspecified,unspecified,2026-09-01 16:22:14,2026-09-01,2026,9,1,Tuesday,,,,,1,700000.0,7.0,1,28.56579,77.3225,https://www.adzuna.in/land/ad/5864434982?se=sli3arC78RGKj5CFZN1R3A&utm_medium=api&utm_source=f46203c2&v=24D661D43B3026987EE94F6BB9A657B8F490709F
5864436590,Quality Assurance Automation Engineer,QualiZeal,Business Analyst,IT Jobs,Mid-Level,2,Hyderabad,Telangana,India,"Hyderabad, Telangana",0,unspecified,unspecified,2026-09-01 16:22:31,2026-09-01,2026,9,1,Tuesday,,,,,1,700000.0,7.0,1,17.40275,78.50806,https://www.adzuna.in/land/ad/5864436590?se=sli3arC78RGKj5CFZN1R3A&utm_medium=api&utm_source=f46203c2&v=9401CE524AA8D611C6C1FD0FEBDF25868DBB16EE
5899510857,Project Manager,National e-Governance Division,Business Analyst,IT Jobs,Manager,4,Delhi NCR,Delhi,India,"New Delhi, Delhi",0,unspecified,unspecified,2026-09-26 15:26:10,2026-09-26,2026,9,26,Saturday,,,,,1,700000.0,7.0,1,28.62623,77.21808,https://www.adzuna.in/land/ad/5899510857?se=sli3arC78RGKj5CFZN1R3A&utm_medium=api&utm_source=f46203c2&v=368A3D392C953F3B6B9BBECDFB3534677BF99A97
5884159178,Calypso Back Office BA,Bounteous,Business Analyst,IT Jobs,Mid-Level,2,Unspecified / Pan-India,Unspecified,India,India,0,unspecified,unspecified,2026-09-15 07:08:23,2026-09-15,2026,9,15,Tuesday,,,,,1,700000.0,7.0,1,,,https://www.adzuna.in/land/ad/5884159178?se=sli3arC78RGKj5CFZN1R3A&utm_medium=api&utm_source=f46203c2&v=69676F8811A8226EDCB6A6148953A1E1F6D68D29
5898533170,IBM Infosphere DataStage,Tata Consultancy Services,Business Analyst,IT Jobs,Mid-Level,2,Hyderabad,Telangana,India,"Hyderabad, Telangana",0,unspecified,unspecified,2026-09-25 21:58:28,2026-09-25,2026,9,25,Friday,,,,,1,700000.0,7.0,1,17.40275,78.50806,https://www.adzuna.in/land/ad/5898533170?se=sli3arC78RGKj5CFZN1R3A&utm_medium=api&utm_source=f46203c2&v=134685EA700627832100F8F6B1E2B3FB247FF5F4
5879671139,Azure Data Engineer,Tata Consultancy Services,Business Analyst,IT Jobs,Mid-Level,2,Hyderabad,Telangana,India,"Hyderabad, Telangana",0,unspecified,unspecified,2026-09-11 17:17:16,2026-09-11,2026,9,11,Friday,,,,,1,700000.0,7.0,1,17.40275,78.50806,https://www.adzuna.in/land/ad/5879671139?se=sli3arC78RGKj5CFZN1R3A&utm_medium=api&utm_source=f46203c2&v=195099C2F04853363BCC0176AB65DC578ABFA2C3
5865286259,Data Quality Engineer,BPMLinks,Business Analyst,IT Jobs,Mid-Level,2,Hyderabad,Telangana,India,"Hyderabad, Telangana",0,unspecified,unspecified,2026-09-02 02:21:56,2026-09-02,2026,9,2,Wednesday,,,,,1,700000.0,7.0,1,17.40275,78.50806,https://www.adzuna.in/land/ad/5865286259?se=sli3arC78RGKj5CFZN1R3A&utm_medium=api&utm_source=f46203c2&v=6DBC47CEB2597F6BCA10040F3F34EBC6824679F9
5890613626,Consultant - Salesforce Development [T500-29456],CIBC India,Business Analyst,IT Jobs,Mid-Level,2,Hyderabad,Telangana,India,"Hyderabad, Telangana",0,unspecified,unspecified,2026-09-19 17:36:01,2026-09-19,2026,9,19,Saturday,,,,,1,700000.0,7.0,1,17.40275,78.50806,https://www.adzuna.in/land/ad/5890613626?se=sli3arC78RGKj5CFZN1R3A&utm_medium=api&utm_source=f46203c2&v=521C4487963FB390AC7CC457E04BD93FF87EF890
5896964053,Reporting Analyst,Capco,Business Analyst,IT Jobs,Mid-Level,2,Mumbai,Maharashtra,India,"Mumbai, Maharashtra",0,full_time,unspecified,2026-09-24 20:32:20,2026-09-24,2026,9,24,Thursday,,,,,1,700000.0,7.0,1,19.00821,72.84415,https://www.adzuna.in/land/ad/5896964053?se=sli3arC78RGKj5CFZN1R3A&utm_medium=api&utm_source=f46203c2&v=C9835B156E863CC01DE5D5AA4384CBFB99CD70AF
5890612181,Analyst – COO Office,Alpha Alternatives,Business Analyst,Accounting & Finance Jobs,Mid-Level,2,Unspecified / Pan-India,Unspecified,India,India,0,unspecified,unspecified,2026-09-19 17:32:25,2026-09-19,2026,9,19,Saturday,,,,,1,700000.0,7.0,1,,,https://www.adzuna.in/land/ad/5890612181?se=sli3arC78RGKj5CFZN1R3A&utm_medium=api&utm_source=f46203c2&v=08F510790860E11F185D7C20B82F7542EDC12E40
5901137419,Java Backend Developer,TechDoQuest,Business Analyst,IT Jobs,Mid-Level,2,Hyderabad,Telangana,India,"Hyderabad, Telangana",0,unspecified,unspecified,2026-09-28 07:40:38,2026-09-28,2026,9,28,Monday,,,,,1,700000.0,7.0,1,17.40275,78.50806,https://www.adzuna.in/land/ad/5901137419?se=sli3arC78RGKj5CFZN1R3A&utm_medium=api&utm_source=f46203c2&v=015EF35AD6EBC85361E944F2B6D47988A4D5BBBE
5889219844,CRM Practice Leader,Axtria - Ingenious Insights,Business Analyst,IT Jobs,Mid-Level,2,Noida,Uttar Pradesh,India,"Noida, Ghaziabad",0,unspecified,unspecified,2026-09-18 17:29:37,2026-09-18,2026,9,18,Friday,,,,,1,700000.0,7.0,1,28.56579,77.3225,https://www.adzuna.in/land/ad/5889219844?se=sli3arC78RGKj5CFZN1R3A&utm_medium=api&utm_source=f46203c2&v=9C2BA96CF60756BAFA17E9070745C1C8DA2DF44C
5889684584,Guidewire PolicyCenter Technology Analyst,Talent et au-dela,Business Analyst,IT Jobs,Mid-Level,2,Hyderabad,Telangana,India,"Hyderabad, Telangana",0,unspecified,unspecified,2026-09-18 23:25:16,2026-09-18,2026,9,18,Friday,,,,,1,700000.0,7.0,1,17.40275,78.50806,https://www.adzuna.in/land/ad/5889684584?se=sli3arC78RGKj5CFZN1R3A&utm_medium=api&utm_source=f46203c2&v=8CA16E8BE7C6F2743383B2ED899336E0D442CFCD
5880064440,Pyspark Role,Tata Consultancy Services,Business Analyst,IT Jobs,Mid-Level,2,Hyderabad,Telangana,India,"Hyderabad, Telangana",0,unspecified,unspecified,2026-09-12 01:04:56,2026-09-12,2026,9,12,Saturday,,,,,1,700000.0,7.0,1,17.40275,78.50806,https://www.adzuna.in/land/ad/5880064440?se=sli3arC78RGKj5CFZN1R3A&utm_medium=api&utm_source=f46203c2&v=5ECB0AE2BD3ABA11AB908F132B9302F7186DE2F1
5900875756,EDI Java-SQL Developer,Awign,Business Analyst,IT Jobs,Mid-Level,2,Bengaluru,Karnataka,India,"Bangalore, Karnataka",0,unspecified,permanent,2026-09-28 02:03:12,2026-09-28,2026,9,28,Monday,,,,,1,700000.0,7.0,1,,,https://www.adzuna.in/land/ad/5900875756?se=sli3arC78RGKj5CFZN1R3A&utm_medium=api&utm_source=f46203c2&v=CF7E37DBC50F7013BC618EAD6EE6E86FCFF4C336
5868789143,Deputy Manager,Niva Bupa Health Insurance,Business Analyst,IT Jobs,Manager,4,Unspecified / Pan-India,Unspecified,India,India,0,unspecified,unspecified,2026-09-03 16:48:16,2026-09-03,2026,9,3,Thursday,,,,,1,700000.0,7.0,1,,,https://www.adzuna.in/land/ad/5868789143?se=sli3arC78RGKj5CFZN1R3A&utm_medium=api&utm_source=f46203c2&v=49BF8E3C35978CBC838D48CB396263D15CF000AE
5890613486,Ab Initio ETL Developer,Persistent Systems,Business Analyst,IT Jobs,Mid-Level,2,Unspecified / Pan-India,Unspecified,India,India,0,full_time,unspecified,2026-09-19 17:35:44,2026-09-19,2026,9,19,Saturday,,,,,1,700000.0,7.0,1,,,https://www.adzuna.in/land/ad/5890613486?se=sli3arC78RGKj5CFZN1R3A&utm_medium=api&utm_source=f46203c2&v=9298CA6922EA2C65CF76F5EF363D5F6A13EC4E8C
5886097732,ETL Developer,Synechron,Business Analyst,IT Jobs,Mid-Level,2,Mumbai,Maharashtra,India,"Mumbai, Maharashtra",0,unspecified,unspecified,2026-09-16 17:33:21,2026-09-16,2026,9,16,Wednesday,,,,,1,700000.0,7.0,1,19.00821,72.84415,https://www.adzuna.in/land/ad/5886097732?se=sli3arC78RGKj5CFZN1R3A&utm_medium=api&utm_source=f46203c2&v=179C3C66B642A7F245CC7AF6288BA0441B6423E5
5896612569,Executive Assistant,Biz2X,Business Analyst,IT Jobs,Mid-Level,2,Noida,Uttar Pradesh,India,"Noida, Ghaziabad",0,unspecified,unspecified,2026-09-24 15:17:32,2026-09-24,2026,9,24,Thursday,,,,,1,700000.0,7.0,1,28.56579,77.3225,https://www.adzuna.in/land/ad/5896612569?se=sli3arC78RGKj5CFZN1R3A&utm_medium=api&utm_source=f46203c2&v=1DD4A63EC6516BC3C864C02DA4159DD358785993
5898131307,Data Analyst - Banking -SAS/Python/SQL,EXL,Business Analyst,IT Jobs,Mid-Level,2,Ahmedabad,Gujarat,India,"Ahmedabad, Gujarat",0,full_time,unspecified,2026-09-25 15:24:39,2026-09-25,2026,9,25,Friday,,,,,1,700000.0,7.0,1,23.042,72.59465,https://www.adzuna.in/land/ad/5898131307?se=sli3arC78RGKj5CFZN1R3A&utm_medium=api&utm_source=f46203c2&v=198F9E19277F9AA09E9E5D4D6E08F13A930ED688
5880949916,Functional Consultant – GST / Indirect Tax (Tax-Tech),Kevin Shah & Associates,Business Analyst,IT Jobs,Mid-Level,2,Mumbai,Maharashtra,India,"Mumbai, Maharashtra",0,unspecified,unspecified,2026-09-12 17:19:08,2026-09-12,2026,9,12,Saturday,,,,,1,700000.0,7.0,1,19.00821,72.84415,https://www.adzuna.in/land/ad/5880949916?se=sli3arC78RGKj5CFZN1R3A&utm_medium=api&utm_source=f46203c2&v=9BA91C33D87F799D10F079028B117D088A141C1B
5846723238,SAP FI-CO Consultant - Associate,Deutsche Bank,Business Analyst,IT Jobs,Entry / Junior,1,Bengaluru,Karnataka,India,"Bangalore, Karnataka",0,full_time,unspecified,2026-08-18 18:03:36,2026-08-18,2026,8,18,Tuesday,,,,,1,331000.0,3.31,1,12.95703,77.59837,https://www.adzuna.in/land/ad/5846723238?se=SIr9a7C78RG3HbWPlKe6Vw&utm_medium=api&utm_source=f46203c2&v=5EF71E232524F6A1580C34E3A7FDB03CBCE2DDA7
5899512155,Senior Data Engineer [T500-29640],CIBC India,Business Analyst,IT Jobs,Senior,3,Hyderabad,Telangana,India,"Hyderabad, Telangana",0,unspecified,unspecified,2026-09-26 15:27:14,2026-09-26,2026,9,26,Saturday,,,,,1,900000.0,9.0,1,17.40275,78.50806,https://www.adzuna.in/land/ad/5899512155?se=SIr9a7C78RG3HbWPlKe6Vw&utm_medium=api&utm_source=f46203c2&v=18160B11140D917EFBFF5A9418B33B8CD609C6E6
5901134288,Data Engineering [T500-29647],CIBC India,Business Analyst,IT Jobs,Mid-Level,2,Hyderabad,Telangana,India,"Hyderabad, Telangana",0,unspecified,unspecified,2026-09-28 07:36:09,2026-09-28,2026,9,28,Monday,,,,,1,700000.0,7.0,1,17.40275,78.50806,https://www.adzuna.in/land/ad/5901134288?se=SIr9a7C78RG3HbWPlKe6Vw&utm_medium=api&utm_source=f46203c2&v=27E160EB12065C6BD203DF1D5F301123B356CF5B
5895032131,Guidewire ClaimCenter Architect- Immediate Joiners,Stratus,Business Analyst,IT Jobs,Lead / Architect,5,Unspecified / Pan-India,Unspecified,India,India,0,unspecified,unspecified,2026-09-23 15:40:42,2026-09-23,2026,9,23,Wednesday,,,,,1,3000000.0,30.0,1,,,https://www.adzuna.in/land/ad/5895032131?se=SIr9a7C78RG3HbWPlKe6Vw&utm_medium=api&utm_source=f46203c2&v=14162296AA1F7B7A75FD4C8DEC247F76D57649BE
5877457586,Product Engineer,Tata Consultancy Services,Business Analyst,IT Jobs,Mid-Level,2,Bengaluru,Karnataka,India,"Bangalore, Karnataka",0,unspecified,unspecified,2026-09-10 01:02:14,2026-09-10,2026,9,10,Thursday,,,,,1,700000.0,7.0,1,,,https://www.adzuna.in/land/ad/5877457586?se=SIr9a7C78RG3HbWPlKe6Vw&utm_medium=api&utm_source=f46203c2&v=A14CED592D4B34873442580D9DF3726BE1658AC5
5884641134,Oracle RMS Tester,Yallo Talent,Business Analyst,IT Jobs,Mid-Level,2,Remote,Remote,India,India,1,unspecified,unspecified,2026-09-15 19:13:00,2026-09-15,2026,9,15,Tuesday,,,,,1,700000.0,7.0,1,,,https://www.adzuna.in/land/ad/5884641134?se=SIr9a7C78RG3HbWPlKe6Vw&utm_medium=api&utm_source=f46203c2&v=764FDBE86829C9625F6B90C970E3F361E3FAE203
5882592928,Data Analyst (Remote),Hire Feed,Business Analyst,IT Jobs,Mid-Level,2,Remote,Remote,India,India,1,full_time,unspecified,2026-09-13 17:18:26,2026-09-13,2026,9,13,Sunday,,,,,1,700000.0,7.0,1,,,https://www.adzuna.in/land/ad/5882592928?se=SIr9a7C78RG3HbWPlKe6Vw&utm_medium=api&utm_source=f46203c2&v=426D03DAA6A1A4A9A32863B2C570EE12F5A9B815
5896614104,Spark / Scala Data Engineer,Tata Consultancy Services,Business Analyst,IT Jobs,Mid-Level,2,Bengaluru,Karnataka,India,"Bangalore, Karnataka",0,unspecified,unspecified,2026-09-24 15:18:43,2026-09-24,2026,9,24,Thursday,,,,,1,700000.0,7.0,1,,,https://www.adzuna.in/land/ad/5896614104?se=SIr9a7C78RG3HbWPlKe6Vw&utm_medium=api&utm_source=f46203c2&v=1EB49353C53546580E71D5C5C0F9255A8D71E33E
5882593417,Turkish Data Analyst (Remote),Hire Feed,Business Analyst,Consultancy Jobs,Mid-Level,2,Remote,Remote,India,India,1,full_time,unspecified,2026-09-13 17:19:13,2026-09-13,2026,9,13,Sunday,,,,,1,700000.0,7.0,1,,,https://www.adzuna.in/land/ad/5882593417?se=SIr9a7C78RG3HbWPlKe6Vw&utm_medium=api&utm_source=f46203c2&v=49E4CE67691C832C9BDC4E38EDE69F526F0F3D01
5857251209,Hybrid Project Manager (Liquidity/ Treasury),Capco,Business Analyst,IT Jobs,Manager,4,Unspecified / Pan-India,Unspecified,India,India,0,full_time,unspecified,2026-08-27 02:10:40,2026-08-27,2026,8,27,Thursday,,,,,1,700000.0,7.0,1,,,https://www.adzuna.in/land/ad/5857251209?se=SIr9a7C78RG3HbWPlKe6Vw&utm_medium=api&utm_source=f46203c2&v=EA0E1E14186E433AA81B7B53FF45550B60CDB650
5894389936,Senior Quality Test Engineer II,Elsevier,Business Analyst,IT Jobs,Senior,3,Chennai,Tamil Nadu,India,"Chennai, Tamil Nadu",0,full_time,unspecified,2026-09-23 04:31:06,2026-09-23,2026,9,23,Wednesday,,,,,1,900000.0,9.0,1,13.06041,80.24963,https://www.adzuna.in/land/ad/5894389936?se=SIr9a7C78RG3HbWPlKe6Vw&utm_medium=api&utm_source=f46203c2&v=E6E1A118AAFB79042396122E57EE090578EF2FEC
5891690064,SAS Developer,Infosys,Business Analyst,IT Jobs,Mid-Level,2,Hyderabad,Telangana,India,"Hyderabad, Telangana",0,unspecified,unspecified,2026-09-20 17:32:16,2026-09-20,2026,9,20,Sunday,,,,,1,700000.0,7.0,1,17.40275,78.50806,https://www.adzuna.in/land/ad/5891690064?se=SIr9a7C78RG3HbWPlKe6Vw&utm_medium=api&utm_source=f46203c2&v=A1251DA0BD4CBB5FA293E8F5911397BD1ECD843D
5865064492,Product Owner,Capco,Business Analyst,IT Jobs,Mid-Level,2,Unspecified / Pan-India,Unspecified,India,India,0,full_time,unspecified,2026-09-01 22:16:04,2026-09-01,2026,9,1,Tuesday,,,,,1,700000.0,7.0,1,,,https://www.adzuna.in/land/ad/5865064492?se=SIr9a7C78RG3HbWPlKe6Vw&utm_medium=api&utm_source=f46203c2&v=1A575A0EA334C4C54026C1EDB24C6DCD278A3160
5837139835,Product Manager,Capco,Business Analyst,IT Jobs,Manager,4,Chennai,Tamil Nadu,India,"Chennai, Tamil Nadu",0,full_time,unspecified,2026-08-12 01:59:43,2026-08-12,2026,8,12,Wednesday,,,,,1,700000.0,7.0,1,13.06041,80.24963,https://www.adzuna.in/land/ad/5837139835?se=SIr9a7C78RG3HbWPlKe6Vw&utm_medium=api&utm_source=f46203c2&v=344B7BC410C65BE41266B4765A78E112DC362BD8
5889223712,Software Associate,Tata Consultancy Services,Business Analyst,IT Jobs,Entry / Junior,1,Unspecified / Pan-India,Unspecified,India,India,0,unspecified,unspecified,2026-09-18 17:32:39,2026-09-18,2026,9,18,Friday,,,,,1,331000.0,3.31,1,,,https://www.adzuna.in/land/ad/5889223712?se=SIr9a7C78RG3HbWPlKe6Vw&utm_medium=api&utm_source=f46203c2&v=B8D42305F29D61897A077133E6A133F1831D03F5
5891693362,SAP CPI Integration Consultant | Big4 | 7 to 10 Years,Acme Services,Business Analyst,IT Jobs,Mid-Level,2,Unspecified / Pan-India,Unspecified,India,India,0,unspecified,unspecified,2026-09-20 17:35:49,2026-09-20,2026,9,20,Sunday,,,,,1,700000.0,7.0,1,,,https://www.adzuna.in/land/ad/5891693362?se=SIr9a7C78RG3HbWPlKe6Vw&utm_medium=api&utm_source=f46203c2&v=84174FC7EFF5F848878BDD350CACDBFA2F10D246
5896612832,Software Associate,Tata Consultancy Services,Business Analyst,IT Jobs,Entry / Junior,1,Hyderabad,Telangana,India,"Hyderabad, Telangana",0,unspecified,unspecified,2026-09-24 15:17:46,2026-09-24,2026,9,24,Thursday,,,,,1,331000.0,3.31,1,17.40275,78.50806,https://www.adzuna.in/land/ad/5896612832?se=SIr9a7C78RG3HbWPlKe6Vw&utm_medium=api&utm_source=f46203c2&v=59A3A3C2909E4F6A748309C62F082F657A90697F
5869558894,Quality Assurance Automation Engineer,Zensar Technologies,Business Analyst,IT Jobs,Mid-Level,2,Unspecified / Pan-India,Unspecified,India,India,0,unspecified,unspecified,2026-09-04 02:33:44,2026-09-04,2026,9,4,Friday,,,,,1,700000.0,7.0,1,,,https://www.adzuna.in/land/ad/5869558894?se=SIr9a7C78RG3HbWPlKe6Vw&utm_medium=api&utm_source=f46203c2&v=2F8453F3085CB7C2709949F1CA6FBA03BEBB9046
5890897050,Sales Manager,Mantras2Success.com,Business Analyst,Sales Jobs,Manager,4,Unspecified / Pan-India,Unspecified,India,India,0,unspecified,unspecified,2026-09-19 23:26:28,2026-09-19,2026,9,19,Saturday,,,,,1,700000.0,7.0,1,,,https://www.adzuna.in/land/ad/5890897050?se=SIr9a7C78RG3HbWPlKe6Vw&utm_medium=api&utm_source=f46203c2&v=F748AE3CBF0E54BE134734B8EEB2B8EF1356F272
5888300150,Fullstack Developer .Net/SQLServer/Oracle - AVP,Deutsche Bank,Business Analyst,IT Jobs,Mid-Level,2,Bengaluru,Karnataka,India,"Bangalore, Karnataka",0,full_time,unspecified,2026-09-18 04:29:34,2026-09-18,2026,9,18,Friday,,,,,1,700000.0,7.0,1,12.95703,77.59837,https://www.adzuna.in/land/ad/5888300150?se=SIr9a7C78RG3HbWPlKe6Vw&utm_medium=api&utm_source=f46203c2&v=98B5F7A15E64CC1D1A7B3E4575DD5F262FDCD049
5836227791,Business Analyst,CODEMONK,Business Analyst,IT Jobs,Mid-Level,2,Unspecified / Pan-India,Unspecified,India,India,0,full_time,permanent,2026-08-11 06:57:29,2026-08-11,2026,8,11,Tuesday,600000.0,800000.0,700000.0,7.0,0,700000.0,7.0,0,,,https://www.adzuna.in/details/5836227791?utm_medium=api&utm_source=f46203c2
5897308785,Business Analyst,Kavi Software Technologies Private Limited,Business Analyst,IT Jobs,Mid-Level,2,Chennai,Tamil Nadu,India,"Ekkaduthangal, Chennai",0,unspecified,permanent,2026-09-25 02:16:12,2026-09-25,2026,9,25,Friday,,,,,1,700000.0,7.0,1,13.02149,80.20276,https://www.adzuna.in/details/5897308785?utm_medium=api&utm_source=f46203c2
5871006552,Business Analyst,NEC Software Solutions,Business Analyst,IT Jobs,Mid-Level,2,Mumbai,Maharashtra,India,"Mumbai, Maharashtra",0,unspecified,unspecified,2026-09-05 02:06:03,2026-09-05,2026,9,5,Saturday,,,,,1,700000.0,7.0,1,19.00821,72.84415,https://www.adzuna.in/details/5871006552?utm_medium=api&utm_source=f46203c2
5898069170,Business Analyst,Weekday AI,Business Analyst,IT Jobs,Mid-Level,2,Unspecified / Pan-India,Unspecified,India,India,0,full_time,unspecified,2026-09-25 14:26:13,2026-09-25,2026,9,25,Friday,,,,,1,700000.0,7.0,1,,,https://www.adzuna.in/details/5898069170?utm_medium=api&utm_source=f46203c2
5898069225,Business Analyst,Weekday AI,Business Analyst,IT Jobs,Mid-Level,2,Chennai,Tamil Nadu,India,"Chennai, Tamil Nadu",0,full_time,unspecified,2026-09-25 14:26:14,2026-09-25,2026,9,25,Friday,,,,,1,700000.0,7.0,1,13.06041,80.24963,https://www.adzuna.in/details/5898069225?utm_medium=api&utm_source=f46203c2
5898655759,Business Analyst,VDart Software Services Pvt. Ltd.,Business Analyst,IT Jobs,Mid-Level,2,Chennai,Tamil Nadu,India,"Egmore Nungambakkam, Chennai",0,unspecified,unspecified,2026-09-25 23:46:55,2026-09-25,2026,9,25,Friday,,,,,1,700000.0,7.0,1,13.07622,80.24699,https://www.adzuna.in/details/5898655759?utm_medium=api&utm_source=f46203c2
5758364393,Business Analyst,Infotel UK,Business Analyst,IT Jobs,Mid-Level,2,Unspecified / Pan-India,Unspecified,India,India,0,unspecified,unspecified,2026-06-10 16:21:44,2026-06-10,2026,6,10,Wednesday,,,,,1,700000.0,7.0,1,,,https://www.adzuna.in/details/5758364393?utm_medium=api&utm_source=f46203c2
4725867393,Business Analyst,"Opalforce, Inc.",Business Analyst,IT Jobs,Mid-Level,2,Bengaluru,Karnataka,India,"Bangalore, Karnataka",0,full_time,permanent,2024-06-07 16:37:08,2024-06-07,2024,6,7,Friday,,,,,1,700000.0,7.0,1,,,https://www.adzuna.in/details/4725867393?utm_medium=api&utm_source=f46203c2
5849257585,Business Analyst,Arena Investors I Quaestor Advisors,Business Analyst,Accounting & Finance Jobs,Mid-Level,2,Unspecified / Pan-India,Unspecified,India,India,0,full_time,unspecified,2026-08-20 09:09:55,2026-08-20,2026,8,20,Thursday,,,,,1,700000.0,7.0,1,,,https://www.adzuna.in/details/5849257585?utm_medium=api&utm_source=f46203c2
5897259496,Business Analyst,Acme Services Private Limited,Business Analyst,IT Jobs,Mid-Level,2,Delhi NCR,Delhi,India,"Chandni Chowk, North Delhi",0,unspecified,unspecified,2026-09-24 23:46:01,2026-09-24,2026,9,24,Thursday,2300000.0,2400000.0,2350000.0,23.5,0,2350000.0,23.5,0,28.65862,77.23075,https://www.adzuna.in/details/5897259496?utm_medium=api&utm_source=f46203c2
5894231011,Business Analyst,Trigent Software Private Limited,Business Analyst,IT Jobs,Mid-Level,2,Unspecified / Pan-India,Unspecified,India,India,0,unspecified,unspecified,2026-09-22 23:45:46,2026-09-22,2026,9,22,Tuesday,800000.0,800000.0,800000.0,8.0,0,800000.0,8.0,0,,,https://www.adzuna.in/details/5894231011?utm_medium=api&utm_source=f46203c2
5894315058,Business Analyst,Acumatica,Business Analyst,IT Jobs,Mid-Level,2,Unspecified / Pan-India,Unspecified,India,India,0,unspecified,unspecified,2026-09-23 02:34:59,2026-09-23,2026,9,23,Wednesday,,,,,1,700000.0,7.0,1,,,https://www.adzuna.in/details/5894315058?utm_medium=api&utm_source=f46203c2
5889683153,Oracle Subscription Management,Jade Global,Business Analyst,IT Jobs,Manager,4,Unspecified / Pan-India,Unspecified,India,India,0,unspecified,unspecified,2026-09-18 23:24:47,2026-09-18,2026,9,18,Friday,,,,,1,700000.0,7.0,1,,,https://www.adzuna.in/land/ad/5889683153?se=SIr9a7C78RG3HbWPlKe6Vw&utm_medium=api&utm_source=f46203c2&v=3209E358BFE50C003B3927120E48CCB980F1B633
5850376076,Business Analyst/ Senior Business Analyst,Egon Zehnder,Business Analyst,IT Jobs,Senior,3,Gurugram,Haryana,India,"Gurgaon, Haryana",0,unspecified,unspecified,2026-08-21 07:38:50,2026-08-21,2026,8,21,Friday,,,,,1,900000.0,9.0,1,28.323996,76.983738,https://www.adzuna.in/details/5850376076?utm_medium=api&utm_source=f46203c2
5837139771,BA - Power Systems,Capco,Business Analyst,IT Jobs,Mid-Level,2,Unspecified / Pan-India,Unspecified,India,India,0,full_time,unspecified,2026-08-12 01:59:42,2026-08-12,2026,8,12,Wednesday,,,,,1,700000.0,7.0,1,,,https://www.adzuna.in/land/ad/5837139771?se=SIr9a7C78RG3HbWPlKe6Vw&utm_medium=api&utm_source=f46203c2&v=46E9C675DFC82337EFA03C84F87E5B06F46E11B8
5859662581,Java Full Stack Developer,Capco,Business Analyst,IT Jobs,Mid-Level,2,Bengaluru,Karnataka,India,"Bangalore, Karnataka",0,full_time,unspecified,2026-08-28 18:11:48,2026-08-28,2026,8,28,Friday,,,,,1,700000.0,7.0,1,,,https://www.adzuna.in/land/ad/5859662581?se=SIr9a7C78RG3HbWPlKe6Vw&utm_medium=api&utm_source=f46203c2&v=B91B218F6CEBFF663F7184E2323E4D5C6DD6FF10
5858113416,Client Success & Growth Manager (India),Thakral One,Business Analyst,IT Jobs,Manager,4,Unspecified / Pan-India,Unspecified,India,India,0,unspecified,unspecified,2026-08-27 15:59:22,2026-08-27,2026,8,27,Thursday,,,,,1,700000.0,7.0,1,,,https://www.adzuna.in/land/ad/5858113416?se=SIr9a7C78RG3HbWPlKe6Vw&utm_medium=api&utm_source=f46203c2&v=58B04245A1803E6702C311BA61E61447677C2CAC
5864435922,Project Analyst (India),Thakral One,Business Analyst,IT Jobs,Mid-Level,2,Unspecified / Pan-India,Unspecified,India,India,0,unspecified,unspecified,2026-09-01 16:22:25,2026-09-01,2026,9,1,Tuesday,,,,,1,700000.0,7.0,1,,,https://www.adzuna.in/land/ad/5864435922?se=SIr9a7C78RG3HbWPlKe6Vw&utm_medium=api&utm_source=f46203c2&v=9009C5DD79F64773EE256AEB1099EBCF0226C28D
5868795044,SAP CPI Technical Consultant,Syntax,Business Analyst,IT Jobs,Mid-Level,2,Remote,Remote,India,India,1,full_time,permanent,2026-09-03 16:51:32,2026-09-03,2026,9,3,Thursday,,,,,1,700000.0,7.0,1,,,https://www.adzuna.in/land/ad/5868795044?se=SIr9a7C78RG3HbWPlKe6Vw&utm_medium=api&utm_source=f46203c2&v=C791E9A37FD2CE5B9437330E184EF4226D82E250
5884157796,Workfront Specialist,Publicis Re:Sources,Business Analyst,IT Jobs,Mid-Level,2,Unspecified / Pan-India,Unspecified,India,India,0,unspecified,unspecified,2026-09-15 07:06:35,2026-09-15,2026,9,15,Tuesday,,,,,1,700000.0,7.0,1,,,https://www.adzuna.in/land/ad/5884157796?se=SIr9a7C78RG3HbWPlKe6Vw&utm_medium=api&utm_source=f46203c2&v=D15CADBCF58A0B25BE55A043090DE842699018B4
5889684901,Technical Project Manager - Data,ValueMomentum,Business Analyst,IT Jobs,Manager,4,Hyderabad,Telangana,India,"Hyderabad, Telangana",0,unspecified,unspecified,2026-09-18 23:25:24,2026-09-18,2026,9,18,Friday,,,,,1,700000.0,7.0,1,17.40275,78.50806,https://www.adzuna.in/land/ad/5889684901?se=SIr9a7C78RG3HbWPlKe6Vw&utm_medium=api&utm_source=f46203c2&v=4474728E278F8D592E17A8204AC86EEA6CDB136A
5898131362,ServiceNow Project Manager,Aelum Consulting - ServiceNow Premier Partner,Business Analyst,IT Jobs,Manager,4,Noida,Uttar Pradesh,India,"Noida, Ghaziabad",0,unspecified,unspecified,2026-09-25 15:24:40,2026-09-25,2026,9,25,Friday,,,,,1,700000.0,7.0,1,28.56579,77.3225,https://www.adzuna.in/land/ad/5898131362?se=SIr9a7C78RG3HbWPlKe6Vw&utm_medium=api&utm_source=f46203c2&v=FB4EA60FED16F4CB83E1B2C14B2DF1D244752CCB
5898263645,Lead Product Manager – Technical - Vadodara,Capco,Business Analyst,IT Jobs,Lead / Architect,5,Pune,Maharashtra,India,"Pune, Maharashtra",0,full_time,unspecified,2026-09-25 16:35:07,2026-09-25,2026,9,25,Friday,,,,,1,3000000.0,30.0,1,18.5062,73.84735,https://www.adzuna.in/land/ad/5898263645?se=SIr9a7C78RG3HbWPlKe6Vw&utm_medium=api&utm_source=f46203c2&v=C5D02B97439DC9CBC16298C5649EA451CD15CFE7
5865288830,Technical BA - Network / Wireless,World Wide Technology,Business Analyst,IT Jobs,Mid-Level,2,Unspecified / Pan-India,Unspecified,India,India,0,unspecified,unspecified,2026-09-02 02:22:50,2026-09-02,2026,9,2,Wednesday,,,,,1,700000.0,7.0,1,,,https://www.adzuna.in/land/ad/5865288830?se=SIr9a7C78RG3HbWPlKe6Vw&utm_medium=api&utm_source=f46203c2&v=907F3595A9FEE431D38EC0233FC944CAEE524529
5880950390,Presales Team Lead,Straive,Business Analyst,Sales Jobs,Lead / Architect,5,Mumbai,Maharashtra,India,"Mumbai, Maharashtra",0,unspecified,unspecified,2026-09-12 17:19:15,2026-09-12,2026,9,12,Saturday,,,,,1,3000000.0,30.0,1,19.00821,72.84415,https://www.adzuna.in/land/ad/5880950390?se=SIr9a7C78RG3HbWPlKe6Vw&utm_medium=api&utm_source=f46203c2&v=8C3A6A05957023F3D0456DB9987D44B14C7CF082
5889222255,Oracle HCM AI Integration Consultant,"Mumba Technologies, Inc.",Business Analyst,IT Jobs,Mid-Level,2,Remote,Remote,India,India,1,full_time,contract,2026-09-18 17:30:52,2026-09-18,2026,9,18,Friday,,,,,1,700000.0,7.0,1,,,https://www.adzuna.in/land/ad/5889222255?se=SIr9a7C78RG3HbWPlKe6Vw&utm_medium=api&utm_source=f46203c2&v=9341C31ED6CC124FB23C1D15B60F6B311E460A8F
5837139071,"Snr Analyst, Development - LARC",Standard Chartered Bank,Business Analyst,IT Jobs,Mid-Level,2,Chennai,Tamil Nadu,India,"Chennai, Tamil Nadu",0,full_time,unspecified,2026-08-12 01:59:27,2026-08-12,2026,8,12,Wednesday,,,,,1,700000.0,7.0,1,13.06041,80.24963,https://www.adzuna.in/land/ad/5837139071?se=SIr9a7C78RG3HbWPlKe6Vw&utm_medium=api&utm_source=f46203c2&v=70FEE35D121C1C525952645654C25753D2DBE7C6
5860532858,Business Analyst,Binary Semantics Limited,Business Analyst,IT Jobs,Mid-Level,2,Gurugram,Haryana,India,"Gurgaon, Haryana",0,unspecified,unspecified,2026-08-29 07:39:42,2026-08-29,2026,8,29,Saturday,,,,,1,700000.0,7.0,1,28.323996,76.983738,https://www.adzuna.in/details/5860532858?utm_medium=api&utm_source=f46203c2
1509166858,Business Analyst,Lincode Labs India Pvt Ltd,Business Analyst,IT Jobs,Mid-Level,2,Bengaluru,Karnataka,India,"Bangalore, Karnataka",0,full_time,unspecified,2020-03-31 19:47:07,2020-03-31,2020,3,31,Tuesday,400000.0,800000.0,600000.0,6.0,0,600000.0,6.0,0,,,https://www.adzuna.in/details/1509166858?utm_medium=api&utm_source=f46203c2
5890798642,Business Analyst,NewVison,Business Analyst,IT Jobs,Mid-Level,2,Unspecified / Pan-India,Unspecified,India,India,0,full_time,unspecified,2026-09-19 21:44:19,2026-09-19,2026,9,19,Saturday,,,,,1,700000.0,7.0,1,,,https://www.adzuna.in/details/5890798642?utm_medium=api&utm_source=f46203c2
5040689008,Business Analyst,ProPMO Services Private Limited,Business Analyst,IT Jobs,Mid-Level,2,Bengaluru,Karnataka,India,"Bangalore, Karnataka",0,full_time,unspecified,2025-02-07 12:24:34,2025-02-07,2025,2,7,Friday,400000.0,800000.0,600000.0,6.0,0,600000.0,6.0,0,,,https://www.adzuna.in/details/5040689008?utm_medium=api&utm_source=f46203c2
4801532684,Business Analyst,xyz,Business Analyst,IT Jobs,Mid-Level,2,Unspecified / Pan-India,Tamil Nadu,India,"Tamil Nadu, India",0,full_time,unspecified,2024-07-31 03:13:45,2024-07-31,2024,7,31,Wednesday,,,,,1,700000.0,7.0,1,10.989607,78.607338,https://www.adzuna.in/details/4801532684?utm_medium=api&utm_source=f46203c2
5337950212,Business Analyst,Wissen Technology,Business Analyst,IT Jobs,Mid-Level,2,Hyderabad,Telangana,India,"Hyderabad, Telangana",0,full_time,unspecified,2025-08-05 08:19:57,2025-08-05,2025,8,5,Tuesday,,,,,1,700000.0,7.0,1,17.40275,78.50806,https://www.adzuna.in/details/5337950212?utm_medium=api&utm_source=f46203c2
4686706417,Business Analyst,Unknown,Business Analyst,IT Jobs,Mid-Level,2,Noida,Uttar Pradesh,India,"Noida, Ghaziabad",0,unspecified,unspecified,2024-05-10 07:39:01,2024-05-10,2024,5,10,Friday,,,,,1,700000.0,7.0,1,28.56579,77.3225,https://www.adzuna.in/details/4686706417?utm_medium=api&utm_source=f46203c2
3166190744,Business Analyst,PopcornApps,Business Analyst,IT Jobs,Mid-Level,2,Hyderabad,Telangana,India,"Hyderabad, Telangana",0,full_time,unspecified,2022-05-25 05:32:48,2022-05-25,2022,5,25,Wednesday,200000.0,1000000.0,600000.0,6.0,0,600000.0,6.0,0,17.40275,78.50806,https://www.adzuna.in/details/3166190744?utm_medium=api&utm_source=f46203c2
1788701062,Business Analyst,Presidency University,Business Analyst,IT Jobs,Mid-Level,2,Bengaluru,Karnataka,India,"Bangalore, Karnataka",0,full_time,unspecified,2020-10-29 02:45:11,2020-10-29,2020,10,29,Thursday,0.0,500000.0,500000.0,5.0,0,500000.0,5.0,0,,,https://www.adzuna.in/details/1788701062?utm_medium=api&utm_source=f46203c2
5830599367,Business Analyst,In Touch,Business Analyst,IT Jobs,Mid-Level,2,Hyderabad,Telangana,India,"Hyderabad, Telangana",0,unspecified,unspecified,2026-08-06 20:40:05,2026-08-06,2026,8,6,Thursday,,,,,1,700000.0,7.0,1,17.40275,78.50806,https://www.adzuna.in/details/5830599367?utm_medium=api&utm_source=f46203c2
5859120974,Business Analyst,CIMET,Business Analyst,IT Jobs,Mid-Level,2,Jaipur,Rajasthan,India,"Jaipur, Rajasthan",0,unspecified,unspecified,2026-08-28 07:37:12,2026-08-28,2026,8,28,Friday,,,,,1,700000.0,7.0,1,26.7441,75.9469,https://www.adzuna.in/details/5859120974?utm_medium=api&utm_source=f46203c2
3900854302,Business Analyst,Ebizz Infotech,Business Analyst,IT Jobs,Mid-Level,2,Surat,Gujarat,India,"Surat, Gujarat",0,full_time,unspecified,2023-02-04 06:16:41,2023-02-04,2023,2,4,Saturday,120000.0,300000.0,210000.0,2.1,0,210000.0,2.1,0,21.18955,72.8318,https://www.adzuna.in/details/3900854302?utm_medium=api&utm_source=f46203c2
3710148607,Business Analyst,Mithra Global,Business Analyst,IT Jobs,Mid-Level,2,Mumbai,Maharashtra,India,"Mumbai, Maharashtra",0,full_time,unspecified,2022-11-22 05:54:55,2022-11-22,2022,11,22,Tuesday,1200000.0,1300000.0,1250000.0,12.5,0,1250000.0,12.5,0,19.00821,72.84415,https://www.adzuna.in/details/3710148607?utm_medium=api&utm_source=f46203c2
5727082142,Business Analyst,MM Staffing & Career Consultants,Business Analyst,IT Jobs,Mid-Level,2,Bengaluru,Karnataka,India,"Bangalore, Karnataka",0,full_time,unspecified,2026-05-13 01:56:32,2026-05-13,2026,5,13,Wednesday,900000.0,900000.0,900000.0,9.0,0,900000.0,9.0,0,,,https://www.adzuna.in/details/5727082142?utm_medium=api&utm_source=f46203c2
5889523406,Business Analyst,Manras,Business Analyst,IT Jobs,Mid-Level,2,Noida,Uttar Pradesh,India,"Noida, Ghaziabad",0,full_time,unspecified,2026-09-18 21:38:57,2026-09-18,2026,9,18,Friday,,,,,1,700000.0,7.0,1,28.56579,77.3225,https://www.adzuna.in/details/5889523406?utm_medium=api&utm_source=f46203c2
5859124842,Business Analyst,Proarch Technology Services,Business Analyst,IT Jobs,Mid-Level,2,Kolkata,West Bengal,India,"Kolkata, West Bengal",0,unspecified,unspecified,2026-08-28 07:38:15,2026-08-28,2026,8,28,Friday,,,,,1,700000.0,7.0,1,22.57285,88.34373,https://www.adzuna.in/details/5859124842?utm_medium=api&utm_source=f46203c2
5719182260,Business Analyst,Redfoxa Careerlink Pvt Ltd,Business Analyst,IT Jobs,Mid-Level,2,Bengaluru,Karnataka,India,"Bangalore, Karnataka",0,full_time,unspecified,2026-05-05 12:11:01,2026-05-05,2026,5,5,Tuesday,400000.0,450000.0,425000.0,4.25,0,425000.0,4.25,0,,,https://www.adzuna.in/details/5719182260?utm_medium=api&utm_source=f46203c2
5503836817,Business Analyst,Vision Infotech,Business Analyst,IT Jobs,Mid-Level,2,Surat,Gujarat,India,"Surat, Gujarat",0,full_time,unspecified,2025-11-20 00:58:11,2025-11-20,2025,11,20,Thursday,,,,,1,700000.0,7.0,1,21.18955,72.8318,https://www.adzuna.in/details/5503836817?utm_medium=api&utm_source=f46203c2
2609531597,Business Analyst,Texila American University,Business Analyst,IT Jobs,Mid-Level,2,Coimbatore,Tamil Nadu,India,"Coimbatore, Tamil Nadu",0,full_time,unspecified,2021-11-04 03:52:47,2021-11-04,2021,11,4,Thursday,0.0,700000.0,700000.0,7.0,0,700000.0,7.0,0,11.017171,77.100203,https://www.adzuna.in/details/2609531597?utm_medium=api&utm_source=f46203c2
4755979420,Business Analysts,Money Honey Financial Services Private Limited,Business Analyst,Accounting & Finance Jobs,Mid-Level,2,Mumbai,Maharashtra,India,"Mumbai, Maharashtra",0,full_time,unspecified,2024-06-28 10:26:34,2024-06-28,2024,6,28,Friday,300000.0,1000000.0,650000.0,6.5,0,650000.0,6.5,0,19.00821,72.84415,https://www.adzuna.in/details/4755979420?utm_medium=api&utm_source=f46203c2
3266737478,Business Analyst,Sigma Infosolutions,Business Analyst,IT Jobs,Mid-Level,2,Bengaluru,Karnataka,India,"Bangalore, Karnataka",0,full_time,unspecified,2022-06-28 06:28:21,2022-06-28,2022,6,28,Tuesday,1200000.0,1500000.0,1350000.0,13.5,0,1350000.0,13.5,0,,,https://www.adzuna.in/details/3266737478?utm_medium=api&utm_source=f46203c2
5861795571,Business Analyst,COTIVITI,Business Analyst,IT Jobs,Mid-Level,2,Pune,Maharashtra,India,"Pune, Maharashtra",0,unspecified,unspecified,2026-08-30 07:41:07,2026-08-30,2026,8,30,Sunday,,,,,1,700000.0,7.0,1,18.5062,73.84735,https://www.adzuna.in/details/5861795571?utm_medium=api&utm_source=f46203c2
5832798246,Business Analyst,Coditas Technologies,Business Analyst,IT Jobs,Mid-Level,2,Pune,Maharashtra,India,"Pune, Maharashtra",0,unspecified,unspecified,2026-08-08 07:31:11,2026-08-08,2026,8,8,Saturday,,,,,1,700000.0,7.0,1,18.5062,73.84735,https://www.adzuna.in/details/5832798246?utm_medium=api&utm_source=f46203c2
1171506747,Business Analyst,Ixora Global Services,Business Analyst,IT Jobs,Mid-Level,2,Gurugram,Haryana,India,"Gurgaon, Haryana",0,full_time,unspecified,2019-06-05 21:12:02,2019-06-05,2019,6,5,Wednesday,,,,,1,700000.0,7.0,1,28.323996,76.983738,https://www.adzuna.in/details/1171506747?utm_medium=api&utm_source=f46203c2
5255506980,Business Analyst,NeoGenCode Technologies Pvt Ltd,Business Analyst,IT Jobs,Mid-Level,2,Remote,Remote,India,India,1,full_time,unspecified,2025-06-18 05:21:07,2025-06-18,2025,6,18,Wednesday,1000000.0,2200000.0,1600000.0,16.0,0,1600000.0,16.0,0,,,https://www.adzuna.in/details/5255506980?utm_medium=api&utm_source=f46203c2
5849525633,Business Analyst,Nexuslink Services India Pvt ltd,Business Analyst,IT Jobs,Mid-Level,2,Ahmedabad,Gujarat,India,"Ahmedabad, Gujarat",0,full_time,unspecified,2026-08-20 16:03:51,2026-08-20,2026,8,20,Thursday,450000.0,700000.0,575000.0,5.75,0,575000.0,5.75,0,23.042,72.59465,https://www.adzuna.in/details/5849525633?utm_medium=api&utm_source=f46203c2
5829887321,Business Analyst,ONIT,Business Analyst,IT Jobs,Mid-Level,2,Pune,Maharashtra,India,"Pune, Maharashtra",0,unspecified,unspecified,2026-08-06 07:31:54,2026-08-06,2026,8,6,Thursday,,,,,1,700000.0,7.0,1,18.5062,73.84735,https://www.adzuna.in/details/5829887321?utm_medium=api&utm_source=f46203c2
5799557395,Business Analyst,VDart,Business Analyst,IT Jobs,Mid-Level,2,Srirangam,Tamil Nadu,India,"Srirangam, Tiruchirappalli",0,unspecified,unspecified,2026-07-14 12:05:11,2026-07-14,2026,7,14,Tuesday,,,,,1,700000.0,7.0,1,10.80595,78.69665,https://www.adzuna.in/details/5799557395?utm_medium=api&utm_source=f46203c2
5727133034,Business Analyst,MM Staffing & Career Consultants,Business Analyst,IT Jobs,Mid-Level,2,Bengaluru,Karnataka,India,"Bangalore, Karnataka",1,unspecified,contract,2026-05-13 02:03:54,2026-05-13,2026,5,13,Wednesday,600000.0,600000.0,600000.0,6.0,0,600000.0,6.0,0,,,https://www.adzuna.in/details/5727133034?utm_medium=api&utm_source=f46203c2
5629158866,Business Analyst,Dynarex Technologies PvtLtd,Business Analyst,IT Jobs,Mid-Level,2,Chandigarh / Mohali,Punjab,India,"Mohali, Punjab",0,full_time,unspecified,2026-02-14 10:57:23,2026-02-14,2026,2,14,Saturday,700000.0,900000.0,800000.0,8.0,0,800000.0,8.0,0,30.7545,76.6406,https://www.adzuna.in/details/5629158866?utm_medium=api&utm_source=f46203c2
4794473965,Business Analyst,Vmultiply solutions,Business Analyst,IT Jobs,Mid-Level,2,Noida,Uttar Pradesh,India,"Noida, Ghaziabad",0,full_time,unspecified,2024-07-25 10:51:47,2024-07-25,2024,7,25,Thursday,200000.0,400000.0,300000.0,3.0,0,300000.0,3.0,0,28.56579,77.3225,https://www.adzuna.in/details/4794473965?utm_medium=api&utm_source=f46203c2
5120355680,Business Analyst,Talhive,Business Analyst,IT Jobs,Mid-Level,2,Bengaluru,Karnataka,India,"Bangalore, Karnataka",0,unspecified,unspecified,2025-04-01 01:23:35,2025-04-01,2025,4,1,Tuesday,,,,,1,700000.0,7.0,1,,,https://www.adzuna.in/details/5120355680?utm_medium=api&utm_source=f46203c2
3502543793,Business Analyst,Wolken Software,Business Analyst,IT Jobs,Mid-Level,2,Bengaluru,Karnataka,India,"Bangalore, Karnataka",0,full_time,unspecified,2022-09-20 07:05:20,2022-09-20,2022,9,20,Tuesday,1500000.0,2500000.0,2000000.0,20.0,0,2000000.0,20.0,0,,,https://www.adzuna.in/details/3502543793?utm_medium=api&utm_source=f46203c2
4091518943,Business Analyst,Ebizz Infotech,Business Analyst,IT Jobs,Mid-Level,2,Surat,Gujarat,India,"Surat, Gujarat",0,full_time,unspecified,2023-05-10 15:58:30,2023-05-10,2023,5,10,Wednesday,120000.0,300000.0,210000.0,2.1,0,210000.0,2.1,0,21.18955,72.8318,https://www.adzuna.in/details/4091518943?utm_medium=api&utm_source=f46203c2
5555120217,Business Analyst,Innover Systems,Business Analyst,IT Jobs,Mid-Level,2,Pune,Maharashtra,India,"Pune, Maharashtra",0,full_time,unspecified,2025-12-25 10:26:03,2025-12-25,2025,12,25,Thursday,600000.0,1000000.0,800000.0,8.0,0,800000.0,8.0,0,18.5062,73.84735,https://www.adzuna.in/details/5555120217?utm_medium=api&utm_source=f46203c2
5850378534,Business Analyst,Olam International,Business Analyst,IT Jobs,Mid-Level,2,Chennai,Tamil Nadu,India,"Chennai, Tamil Nadu",0,unspecified,unspecified,2026-08-21 07:39:30,2026-08-21,2026,8,21,Friday,,,,,1,700000.0,7.0,1,13.06041,80.24963,https://www.adzuna.in/details/5850378534?utm_medium=api&utm_source=f46203c2
5728332881,Business Analyst,Acura Solution,Business Analyst,IT Jobs,Mid-Level,2,Gurugram,Haryana,India,"Gurgaon, Haryana",0,full_time,unspecified,2026-05-14 02:17:45,2026-05-14,2026,5,14,Thursday,,,,,1,700000.0,7.0,1,28.323996,76.983738,https://www.adzuna.in/details/5728332881?utm_medium=api&utm_source=f46203c2
3433222166,Business Analyst,Myrsa Technology Solutions,Business Analyst,IT Jobs,Mid-Level,2,Thane,Maharashtra,India,"Thane, Maharashtra",0,full_time,unspecified,2022-08-26 06:41:27,2022-08-26,2022,8,26,Friday,300000.0,500000.0,400000.0,4.0,0,400000.0,4.0,0,19.17335,73.04845,https://www.adzuna.in/details/3433222166?utm_medium=api&utm_source=f46203c2
2583051695,Business Analyst,IRIS BUSINESS SERVICES LIMITED,Business Analyst,IT Jobs,Mid-Level,2,Navi Mumbai,Maharashtra,India,"Navi Mumbai, Maharashtra",0,full_time,unspecified,2021-10-27 08:24:59,2021-10-27,2021,10,27,Wednesday,0.0,600000.0,600000.0,6.0,0,600000.0,6.0,0,19.02,73.02,https://www.adzuna.in/details/2583051695?utm_medium=api&utm_source=f46203c2
5856942808,Business Analyst,Blackbaud,Business Analyst,IT Jobs,Mid-Level,2,Unspecified / Pan-India,Unspecified,India,India,0,full_time,unspecified,2026-08-26 20:44:08,2026-08-26,2026,8,26,Wednesday,,,,,1,700000.0,7.0,1,,,https://www.adzuna.in/details/5856942808?utm_medium=api&utm_source=f46203c2
5015650325,Business Analyst,Forerunner Consultancy Services,Business Analyst,IT Jobs,Mid-Level,2,Pune,Maharashtra,India,"Pune, Maharashtra",0,unspecified,unspecified,2025-01-18 17:37:54,2025-01-18,2025,1,18,Saturday,,,,,1,700000.0,7.0,1,18.5062,73.84735,https://www.adzuna.in/details/5015650325?utm_medium=api&utm_source=f46203c2
5699259929,Business Analyst,EXL,Business Analyst,IT Jobs,Mid-Level,2,Unspecified / Pan-India,Unspecified,India,India,0,full_time,unspecified,2026-04-15 02:01:42,2026-04-15,2026,4,15,Wednesday,,,,,1,700000.0,7.0,1,,,https://www.adzuna.in/details/5699259929?utm_medium=api&utm_source=f46203c2
5329708622,Business Analyst,Topcoder,Business Analyst,IT Jobs,Mid-Level,2,Noida,Uttar Pradesh,India,"Noida, Ghaziabad",0,unspecified,unspecified,2025-07-31 17:07:34,2025-07-31,2025,7,31,Thursday,,,,,1,700000.0,7.0,1,28.56579,77.3225,https://www.adzuna.in/details/5329708622?utm_medium=api&utm_source=f46203c2
5832798190,Business Analyst,Milestone Online Technology,Business Analyst,IT Jobs,Mid-Level,2,Patna,Bihar,India,"Patna, Bihar",0,unspecified,unspecified,2026-08-08 07:31:07,2026-08-08,2026,8,8,Saturday,,,,,1,700000.0,7.0,1,25.4198,85.4278,https://www.adzuna.in/details/5832798190?utm_medium=api&utm_source=f46203c2
5832798160,Business Analyst,Milestone Online Technology,Business Analyst,IT Jobs,Mid-Level,2,Gurugram,Haryana,India,"Gurgaon, Haryana",0,unspecified,unspecified,2026-08-08 07:31:05,2026-08-08,2026,8,8,Saturday,,,,,1,700000.0,7.0,1,28.323996,76.983738,https://www.adzuna.in/details/5832798160?utm_medium=api&utm_source=f46203c2
5832798189,Business Analyst,Milestone Online Technology,Business Analyst,IT Jobs,Mid-Level,2,Ludhiana,Punjab,India,"Ludhiana, Punjab",0,unspecified,unspecified,2026-08-08 07:31:07,2026-08-08,2026,8,8,Saturday,,,,,1,700000.0,7.0,1,30.87515,76.0744,https://www.adzuna.in/details/5832798189?utm_medium=api&utm_source=f46203c2
5832798146,Business Analyst,Milestone Online Technology,Business Analyst,IT Jobs,Mid-Level,2,Pune,Maharashtra,India,"Pune, Maharashtra",0,unspecified,unspecified,2026-08-08 07:31:04,2026-08-08,2026,8,8,Saturday,,,,,1,700000.0,7.0,1,18.5062,73.84735,https://www.adzuna.in/details/5832798146?utm_medium=api&utm_source=f46203c2
5832798154,Business Analyst,Milestone Online Technology,Business Analyst,IT Jobs,Mid-Level,2,Kolkata,West Bengal,India,"Kolkata, West Bengal",0,unspecified,unspecified,2026-08-08 07:31:05,2026-08-08,2026,8,8,Saturday,,,,,1,700000.0,7.0,1,22.57285,88.34373,https://www.adzuna.in/details/5832798154?utm_medium=api&utm_source=f46203c2
5832798168,Business Analyst,Milestone Online Technology,Business Analyst,IT Jobs,Mid-Level,2,Bengaluru,Karnataka,India,"Bangalore, Karnataka",0,unspecified,unspecified,2026-08-08 07:31:06,2026-08-08,2026,8,8,Saturday,,,,,1,700000.0,7.0,1,,,https://www.adzuna.in/details/5832798168?utm_medium=api&utm_source=f46203c2
5832798175,Business Analyst,Milestone Online Technology,Business Analyst,IT Jobs,Mid-Level,2,Bhopal,Madhya Pradesh,India,"Bhopal, Madhya Pradesh",0,unspecified,unspecified,2026-08-08 07:31:06,2026-08-08,2026,8,8,Saturday,,,,,1,700000.0,7.0,1,23.27495,77.41355,https://www.adzuna.in/details/5832798175?utm_medium=api&utm_source=f46203c2
5861792577,Business Analyst,Talodyn Networks Private Limited,Business Analyst,IT Jobs,Mid-Level,2,Bengaluru,Karnataka,India,"Bangalore, Karnataka",0,unspecified,unspecified,2026-08-30 07:38:43,2026-08-30,2026,8,30,Sunday,,,,,1,700000.0,7.0,1,,,https://www.adzuna.in/details/5861792577?utm_medium=api&utm_source=f46203c2
5828668155,Business Analyst,Toolyt,Business Analyst,IT Jobs,Mid-Level,2,Bengaluru,Karnataka,India,"Richmond Town, Bangalore",0,full_time,unspecified,2026-08-05 08:26:17,2026-08-05,2026,8,5,Wednesday,120000.0,240000.0,180000.0,1.8,0,180000.0,1.8,0,12.97375,77.62499,https://www.adzuna.in/details/5828668155?utm_medium=api&utm_source=f46203c2
5889601489,Business Analyst,MedTourEasy,Business Analyst,IT Jobs,Mid-Level,2,Unspecified / Pan-India,Unspecified,India,India,0,full_time,unspecified,2026-09-18 22:03:33,2026-09-18,2026,9,18,Friday,600000.0,600000.0,600000.0,6.0,0,600000.0,6.0,0,,,https://www.adzuna.in/details/5889601489?utm_medium=api&utm_source=f46203c2
4686706474,Business Analyst,Unknown,Business Analyst,IT Jobs,Mid-Level,2,Chennai,Tamil Nadu,India,"Chennai, Tamil Nadu",0,unspecified,unspecified,2024-05-10 07:39:01,2024-05-10,2024,5,10,Friday,,,,,1,700000.0,7.0,1,13.06041,80.24963,https://www.adzuna.in/details/4686706474?utm_medium=api&utm_source=f46203c2
5727143893,Business Analyst,Mantras2Success,Business Analyst,IT Jobs,Mid-Level,2,Gandhinagar,Gujarat,India,"Gandhinagar, Gujarat",0,full_time,unspecified,2026-05-13 02:04:48,2026-05-13,2026,5,13,Wednesday,600000.0,600000.0,600000.0,6.0,0,600000.0,6.0,0,23.4896,72.645,https://www.adzuna.in/details/5727143893?utm_medium=api&utm_source=f46203c2
5877296390,Business Analyst,Cassini Systems,Business Analyst,IT Jobs,Mid-Level,2,Chennai,Tamil Nadu,India,"Injambakkam, Chennai",0,full_time,unspecified,2026-09-09 21:38:53,2026-09-09,2026,9,9,Wednesday,,,,,1,700000.0,7.0,1,12.96853,80.24305,https://www.adzuna.in/details/5877296390?utm_medium=api&utm_source=f46203c2
5336689187,Business Analysts,EWU,Business Analyst,IT Jobs,Mid-Level,2,Kochi,Kerala,India,"Kochi, Ernakulam",0,full_time,unspecified,2025-08-04 05:33:06,2025-08-04,2025,8,4,Monday,200000.0,300000.0,250000.0,2.5,0,250000.0,2.5,0,9.98011,76.24637,https://www.adzuna.in/details/5336689187?utm_medium=api&utm_source=f46203c2
3911379858,Business Analyst,Codebuddy Pvt. Ltd.,Business Analyst,IT Jobs,Mid-Level,2,Kolkata,West Bengal,India,"Kolkata, West Bengal",0,full_time,unspecified,2023-02-08 06:25:23,2023-02-08,2023,2,8,Wednesday,300000.0,400000.0,350000.0,3.5,0,350000.0,3.5,0,22.57285,88.34373,https://www.adzuna.in/details/3911379858?utm_medium=api&utm_source=f46203c2
3592404194,Business Analyst,HyreSpree,Business Analyst,IT Jobs,Mid-Level,2,Hyderabad,Telangana,India,"Hyderabad, Telangana",0,full_time,permanent,2022-10-16 05:44:14,2022-10-16,2022,10,16,Sunday,1500000.0,2000000.0,1750000.0,17.5,0,1750000.0,17.5,0,17.40275,78.50806,https://www.adzuna.in/details/3592404194?utm_medium=api&utm_source=f46203c2
5842569972,Business Analyst,Ara Resources Private Limited,Business Analyst,IT Jobs,Mid-Level,2,Bengaluru,Karnataka,India,"Bangalore, Karnataka",0,unspecified,unspecified,2026-08-15 07:51:30,2026-08-15,2026,8,15,Saturday,,,,,1,700000.0,7.0,1,,,https://www.adzuna.in/details/5842569972?utm_medium=api&utm_source=f46203c2
5876949328,Business Analyst,Ethics Infotech,Business Analyst,IT Jobs,Mid-Level,2,Vadodara,Gujarat,India,"Vadodara, Gujarat",0,full_time,unspecified,2026-09-09 16:12:53,2026-09-09,2026,9,9,Wednesday,,,,,1,700000.0,7.0,1,22.2891,73.1924,https://www.adzuna.in/details/5876949328?utm_medium=api&utm_source=f46203c2
5822020256,Business Analyst,iprogrammer,Business Analyst,IT Jobs,Mid-Level,2,Pune,Maharashtra,India,"Pune, Maharashtra",0,unspecified,unspecified,2026-07-31 10:42:26,2026-07-31,2026,7,31,Friday,,,,,1,700000.0,7.0,1,18.5062,73.84735,https://www.adzuna.in/details/5822020256?utm_medium=api&utm_source=f46203c2
5887957572,Business Analyst,Bill Gosling Outsourcing,Business Analyst,IT Jobs,Mid-Level,2,Bengaluru,Karnataka,India,"Bangalore, Karnataka",0,full_time,unspecified,2026-09-17 21:51:57,2026-09-17,2026,9,17,Thursday,,,,,1,700000.0,7.0,1,12.95703,77.59837,https://www.adzuna.in/details/5887957572?utm_medium=api&utm_source=f46203c2
4855312747,Business Analyst,Litpix Studio Private Limited,Business Analyst,IT Jobs,Mid-Level,2,Jaipur,Rajasthan,India,"Jaipur, Rajasthan",0,full_time,unspecified,2024-09-07 10:59:13,2024-09-07,2024,9,7,Saturday,200000.0,400000.0,300000.0,3.0,0,300000.0,3.0,0,26.7441,75.9469,https://www.adzuna.in/details/4855312747?utm_medium=api&utm_source=f46203c2
2933962322,Business Analyst,Unnati,Business Analyst,Consultancy Jobs,Mid-Level,2,Delhi NCR,Delhi,India,"Delhi, India",0,full_time,unspecified,2022-03-01 04:54:07,2022-03-01,2022,3,1,Tuesday,700000.0,800000.0,750000.0,7.5,0,750000.0,7.5,0,,,https://www.adzuna.in/details/2933962322?utm_medium=api&utm_source=f46203c2
5750260075,Business Analyst,NebuLogic Technologies,Business Analyst,IT Jobs,Mid-Level,2,Hyderabad,Telangana,India,"Hyderabad, Telangana",0,full_time,unspecified,2026-06-03 13:04:26,2026-06-03,2026,6,3,Wednesday,800000.0,1200000.0,1000000.0,10.0,0,1000000.0,10.0,0,17.40275,78.50806,https://www.adzuna.in/details/5750260075?utm_medium=api&utm_source=f46203c2
5850380679,Business Analyst,Velocis Systems Private Limited,Business Analyst,IT Jobs,Mid-Level,2,Unspecified / Pan-India,Unspecified,India,India,0,unspecified,unspecified,2026-08-21 07:40:10,2026-08-21,2026,8,21,Friday,,,,,1,700000.0,7.0,1,,,https://www.adzuna.in/details/5850380679?utm_medium=api&utm_source=f46203c2
5861243168,Business Analyst,Right Advisors,Business Analyst,IT Jobs,Mid-Level,2,Bengaluru,Karnataka,India,"Bangalore, Karnataka",0,full_time,unspecified,2026-08-29 21:04:51,2026-08-29,2026,8,29,Saturday,600000.0,600000.0,600000.0,6.0,0,600000.0,6.0,0,,,https://www.adzuna.in/details/5861243168?utm_medium=api&utm_source=f46203c2
5722083454,Business Analyst,Emids,Business Analyst,Accounting & Finance Jobs,Mid-Level,2,Unspecified / Pan-India,Unspecified,India,India,0,unspecified,unspecified,2026-05-08 02:14:04,2026-05-08,2026,5,8,Friday,,,,,1,700000.0,7.0,1,,,https://www.adzuna.in/details/5722083454?utm_medium=api&utm_source=f46203c2
4386562594,Business Analyst,RadicalStart Infolab Private Limted,Business Analyst,IT Jobs,Mid-Level,2,Madurai,Tamil Nadu,India,"Madurai, Tamil Nadu",0,full_time,unspecified,2023-10-22 13:47:49,2023-10-22,2023,10,22,Sunday,200000.0,300000.0,250000.0,2.5,0,250000.0,2.5,0,9.91051,78.1158,https://www.adzuna.in/details/4386562594?utm_medium=api&utm_source=f46203c2
5860533598,Business Analyst,Binary Semantics Limited,Business Analyst,IT Jobs,Mid-Level,2,Gurugram,Haryana,India,"Gurgaon, Haryana",0,unspecified,unspecified,2026-08-29 07:39:52,2026-08-29,2026,8,29,Saturday,,,,,1,700000.0,7.0,1,28.323996,76.983738,https://www.adzuna.in/details/5860533598?utm_medium=api&utm_source=f46203c2
5846911659,Business Analyst,Financial Services,Business Analyst,IT Jobs,Mid-Level,2,Unspecified / Pan-India,Unspecified,India,India,0,full_time,unspecified,2026-08-18 20:48:13,2026-08-18,2026,8,18,Tuesday,600000.0,600000.0,600000.0,6.0,0,600000.0,6.0,0,,,https://www.adzuna.in/details/5846911659?utm_medium=api&utm_source=f46203c2
5854880424,Business Analyst,Apex 2000,Business Analyst,IT Jobs,Mid-Level,2,Bengaluru,Karnataka,India,"Bangalore, Karnataka",0,unspecified,unspecified,2026-08-25 07:43:27,2026-08-25,2026,8,25,Tuesday,,,,,1,700000.0,7.0,1,,,https://www.adzuna.in/details/5854880424?utm_medium=api&utm_source=f46203c2
5854880420,Business Analyst,Apex 2000,Business Analyst,IT Jobs,Mid-Level,2,Kolkata,West Bengal,India,"Kolkata, West Bengal",0,unspecified,unspecified,2026-08-25 07:43:27,2026-08-25,2026,8,25,Tuesday,,,,,1,700000.0,7.0,1,22.57285,88.34373,https://www.adzuna.in/details/5854880420?utm_medium=api&utm_source=f46203c2
5854880417,Business Analyst,Apex 2000,Business Analyst,IT Jobs,Mid-Level,2,Pune,Maharashtra,India,"Pune, Maharashtra",0,unspecified,unspecified,2026-08-25 07:43:26,2026-08-25,2026,8,25,Tuesday,,,,,1,700000.0,7.0,1,18.5062,73.84735,https://www.adzuna.in/details/5854880417?utm_medium=api&utm_source=f46203c2
5549958855,Business Analyst,Vistex Career,Business Analyst,IT Jobs,Mid-Level,2,Hyderabad,Telangana,India,"Kyasaram, Hyderabad",0,full_time,unspecified,2025-12-20 23:54:48,2025-12-20,2025,12,20,Saturday,,,,,1,700000.0,7.0,1,17.38256,78.51234,https://www.adzuna.in/details/5549958855?utm_medium=api&utm_source=f46203c2
4686706698,Business Analyst,Unknown,Business Analyst,IT Jobs,Mid-Level,2,Noida,Uttar Pradesh,India,"Noida, Ghaziabad",0,unspecified,unspecified,2024-05-10 07:39:03,2024-05-10,2024,5,10,Friday,,,,,1,700000.0,7.0,1,28.56579,77.3225,https://www.adzuna.in/details/4686706698?utm_medium=api&utm_source=f46203c2
5551011286,Business Analyst,EXL,Business Analyst,Consultancy Jobs,Mid-Level,2,Unspecified / Pan-India,Unspecified,India,India,0,full_time,unspecified,2025-12-21 23:50:57,2025-12-21,2025,12,21,Sunday,,,,,1,700000.0,7.0,1,,,https://www.adzuna.in/details/5551011286?utm_medium=api&utm_source=f46203c2
4801519596,Business Analyst,Miro,Business Analyst,IT Jobs,Mid-Level,2,Chennai,Tamil Nadu,India,"Chennai, Tamil Nadu",0,full_time,unspecified,2024-07-31 03:12:25,2024-07-31,2024,7,31,Wednesday,,,,,1,700000.0,7.0,1,13.06041,80.24963,https://www.adzuna.in/details/4801519596?utm_medium=api&utm_source=f46203c2
5882108582,Business Analyst,ascendion,Business Analyst,IT Jobs,Mid-Level,2,Pune,Maharashtra,India,"Pune, Maharashtra",0,unspecified,unspecified,2026-09-13 07:42:15,2026-09-13,2026,9,13,Sunday,,,,,1,700000.0,7.0,1,18.5062,73.84735,https://www.adzuna.in/details/5882108582?utm_medium=api&utm_source=f46203c2
4686705910,Business Analyst,Unknown,Business Analyst,IT Jobs,Mid-Level,2,Noida,Uttar Pradesh,India,"Noida, Ghaziabad",0,unspecified,unspecified,2024-05-10 07:38:58,2024-05-10,2024,5,10,Friday,,,,,1,700000.0,7.0,1,28.56579,77.3225,https://www.adzuna.in/details/4686705910?utm_medium=api&utm_source=f46203c2
5831397290,Business Analyst,ICE,Business Analyst,IT Jobs,Mid-Level,2,Pune,Maharashtra,India,"Pune, Maharashtra",0,unspecified,unspecified,2026-08-07 07:27:22,2026-08-07,2026,8,7,Friday,,,,,1,700000.0,7.0,1,18.5062,73.84735,https://www.adzuna.in/details/5831397290?utm_medium=api&utm_source=f46203c2
5239552785,Business Analyst,layer tech IT solutions,Business Analyst,IT Jobs,Mid-Level,2,Hyderabad,Telangana,India,"Hyderabad, Telangana",0,full_time,unspecified,2025-06-08 05:07:20,2025-06-08,2025,6,8,Sunday,300000.0,500000.0,400000.0,4.0,0,400000.0,4.0,0,17.40275,78.50806,https://www.adzuna.in/details/5239552785?utm_medium=api&utm_source=f46203c2
2766491353,Business Analyst,DIGITAL BRAIN MEDIA,Business Analyst,IT Jobs,Mid-Level,2,Lucknow,Uttar Pradesh,India,"Lucknow, Uttar Pradesh",0,full_time,permanent,2021-12-25 04:19:03,2021-12-25,2021,12,25,Saturday,0.0,600000.0,600000.0,6.0,0,600000.0,6.0,0,26.8677,80.8897,https://www.adzuna.in/details/2766491353?utm_medium=api&utm_source=f46203c2
5766551671,Business Analyst,Amukha Technologies Private Limited,Business Analyst,IT Jobs,Mid-Level,2,Mumbai,Maharashtra,India,"Mumbai, Maharashtra",0,full_time,unspecified,2026-06-17 14:39:26,2026-06-17,2026,6,17,Wednesday,600000.0,1200000.0,900000.0,9.0,0,900000.0,9.0,0,19.00821,72.84415,https://www.adzuna.in/details/5766551671?utm_medium=api&utm_source=f46203c2
5754832051,Business Analyst,All Generation Tech,Business Analyst,IT Jobs,Mid-Level,2,Hyderabad,Telangana,India,"Hyderabad, Telangana",0,full_time,unspecified,2026-06-07 02:27:30,2026-06-07,2026,6,7,Sunday,,,,,1,700000.0,7.0,1,17.40275,78.50806,https://www.adzuna.in/details/5754832051?utm_medium=api&utm_source=f46203c2
5728328959,Business Analyst,Acura Solution,Business Analyst,IT Jobs,Mid-Level,2,Mumbai,Maharashtra,India,"Mumbai, Maharashtra",0,full_time,unspecified,2026-05-14 02:17:22,2026-05-14,2026,5,14,Thursday,,,,,1,700000.0,7.0,1,19.00821,72.84415,https://www.adzuna.in/details/5728328959?utm_medium=api&utm_source=f46203c2
5819881302,Business Analyst,GetixHealth,Business Analyst,IT Jobs,Mid-Level,2,Bengaluru,Karnataka,India,"Kenchanahalli, Bangalore",0,full_time,unspecified,2026-07-29 20:55:48,2026-07-29,2026,7,29,Wednesday,,,,,1,700000.0,7.0,1,12.94715,77.57888,https://www.adzuna.in/details/5819881302?utm_medium=api&utm_source=f46203c2
5329695686,Business Analyst,The Syndicate Tech,Business Analyst,IT Jobs,Mid-Level,2,Bengaluru,Karnataka,India,"Bangalore, Karnataka",1,full_time,unspecified,2025-07-31 16:59:25,2025-07-31,2025,7,31,Thursday,,,,,1,700000.0,7.0,1,12.95703,77.59837,https://www.adzuna.in/details/5329695686?utm_medium=api&utm_source=f46203c2
4964034326,Business Analyst,TIGI HR Solution Pvt. Ltd.,Business Analyst,IT Jobs,Mid-Level,2,Ahmedabad,Gujarat,India,"Ahmedabad, Gujarat",0,full_time,unspecified,2024-12-05 12:59:30,2024-12-05,2024,12,5,Thursday,100000.0,500000.0,300000.0,3.0,0,300000.0,3.0,0,23.042,72.59465,https://www.adzuna.in/details/4964034326?utm_medium=api&utm_source=f46203c2
5829887011,Business Analyst,Great Techno Tycoon,Business Analyst,Consultancy Jobs,Mid-Level,2,Indore,Madhya Pradesh,India,"Indore, Madhya Pradesh",0,unspecified,unspecified,2026-08-06 07:31:49,2026-08-06,2026,8,6,Thursday,,,,,1,700000.0,7.0,1,22.66215,75.9035,https://www.adzuna.in/details/5829887011?utm_medium=api&utm_source=f46203c2
5860541645,Business Analyst,Aurionpro,Business Analyst,IT Jobs,Mid-Level,2,Mumbai,Maharashtra,India,"Mumbai, Maharashtra",0,unspecified,unspecified,2026-08-29 07:41:26,2026-08-29,2026,8,29,Saturday,,,,,1,700000.0,7.0,1,19.00821,72.84415,https://www.adzuna.in/details/5860541645?utm_medium=api&utm_source=f46203c2
5871275629,Business Analyst,Kanini Software Solutions,Business Analyst,IT Jobs,Mid-Level,2,Malappuram,Kerala,India,"Malappuram, Kerala",0,unspecified,unspecified,2026-09-05 07:37:13,2026-09-05,2026,9,5,Saturday,,,,,1,700000.0,7.0,1,10.98735,75.90355,https://www.adzuna.in/details/5871275629?utm_medium=api&utm_source=f46203c2
3064219213,Business Analyst,Natalie Consultants,Business Analyst,IT Jobs,Mid-Level,2,Unspecified / Pan-India,Unspecified,India,India,0,full_time,unspecified,2022-04-20 05:20:34,2022-04-20,2022,4,20,Wednesday,800000.0,1400000.0,1100000.0,11.0,0,1100000.0,11.0,0,,,https://www.adzuna.in/details/3064219213?utm_medium=api&utm_source=f46203c2
5042641487,Business Analyst,Affine,Business Analyst,IT Jobs,Mid-Level,2,Bengaluru,Karnataka,India,"Bangalore, Karnataka",0,full_time,unspecified,2025-02-08 13:35:07,2025-02-08,2025,2,8,Saturday,,,,,1,700000.0,7.0,1,,,https://www.adzuna.in/details/5042641487?utm_medium=api&utm_source=f46203c2
2330850843,Business Analyst,Recruiting India,Business Analyst,IT Jobs,Mid-Level,2,Chennai,Tamil Nadu,India,"Chennai, Tamil Nadu",0,full_time,permanent,2021-07-20 22:47:34,2021-07-20,2021,7,20,Tuesday,1200000.0,1400000.0,1300000.0,13.0,0,1300000.0,13.0,0,13.06041,80.24963,https://www.adzuna.in/details/2330850843?utm_medium=api&utm_source=f46203c2
5211779262,Business Analyst,Wissen Technology,Business Analyst,IT Jobs,Mid-Level,2,Bengaluru,Karnataka,India,"Bangalore, Karnataka",0,full_time,unspecified,2025-05-23 06:51:59,2025-05-23,2025,5,23,Friday,600000.0,2400000.0,1500000.0,15.0,0,1500000.0,15.0,0,,,https://www.adzuna.in/details/5211779262?utm_medium=api&utm_source=f46203c2
3032213576,Business Analyst,Unnati,Business Analyst,IT Jobs,Mid-Level,2,Pune,Maharashtra,India,"Pune, Maharashtra",0,full_time,unspecified,2022-04-07 05:26:01,2022-04-07,2022,4,7,Thursday,0.0,1200000.0,1200000.0,12.0,0,1200000.0,12.0,0,18.5062,73.84735,https://www.adzuna.in/details/3032213576?utm_medium=api&utm_source=f46203c2
2048958856,Business Analyst.,Andesoft Consulting,Business Analyst,IT Jobs,Mid-Level,2,Mumbai,Maharashtra,India,"Mumbai, Maharashtra",0,full_time,unspecified,2021-03-13 04:37:03,2021-03-13,2021,3,13,Saturday,0.0,1500000.0,1500000.0,15.0,0,1500000.0,15.0,0,19.00821,72.84415,https://www.adzuna.in/details/2048958856?utm_medium=api&utm_source=f46203c2
3048034030,Business Analyst,GreedyGame,Business Analyst,IT Jobs,Mid-Level,2,Bengaluru,Karnataka,India,"Bangalore, Karnataka",0,full_time,unspecified,2022-04-13 05:20:02,2022-04-13,2022,4,13,Wednesday,400000.0,1200000.0,800000.0,8.0,0,800000.0,8.0,0,,,https://www.adzuna.in/details/3048034030?utm_medium=api&utm_source=f46203c2
2468164053,Business Analyst,Aureus Tech Systems,Business Analyst,IT Jobs,Mid-Level,2,Hyderabad,Telangana,India,"Hyderabad, Telangana",1,full_time,unspecified,2021-09-18 05:50:11,2021-09-18,2021,9,18,Saturday,750000.0,2200000.0,1475000.0,14.75,0,1475000.0,14.75,0,17.40275,78.50806,https://www.adzuna.in/details/2468164053?utm_medium=api&utm_source=f46203c2
5879144121,Business Analyst,Movate Technologies,Business Analyst,IT Jobs,Mid-Level,2,Chennai,Tamil Nadu,India,"Chennai, Tamil Nadu",0,unspecified,unspecified,2026-09-11 07:39:43,2026-09-11,2026,9,11,Friday,,,,,1,700000.0,7.0,1,13.06041,80.24963,https://www.adzuna.in/details/5879144121?utm_medium=api&utm_source=f46203c2
5889085832,Business Analyst,Endava,Business Analyst,IT Jobs,Mid-Level,2,Bengaluru,Karnataka,India,"Bangalore, Karnataka",0,full_time,unspecified,2026-09-18 16:13:42,2026-09-18,2026,9,18,Friday,,,,,1,700000.0,7.0,1,,,https://www.adzuna.in/details/5889085832?utm_medium=api&utm_source=f46203c2
5827168805,Business Analyst,Decipher Zone Technologies,Business Analyst,Sales Jobs,Mid-Level,2,Jaipur,Rajasthan,India,"Jaipur, Rajasthan",0,unspecified,unspecified,2026-08-04 06:38:35,2026-08-04,2026,8,4,Tuesday,,,,,1,700000.0,7.0,1,26.7441,75.9469,https://www.adzuna.in/details/5827168805?utm_medium=api&utm_source=f46203c2
5859117805,Business Analyst,Evalueserve.com Private Limited,Business Analyst,IT Jobs,Mid-Level,2,Gurugram,Haryana,India,"Gurgaon, Haryana",0,unspecified,unspecified,2026-08-28 07:35:57,2026-08-28,2026,8,28,Friday,,,,,1,700000.0,7.0,1,28.323996,76.983738,https://www.adzuna.in/details/5859117805?utm_medium=api&utm_source=f46203c2
5861793633,Business Analyst,Prgx India,Business Analyst,IT Jobs,Mid-Level,2,Pune,Maharashtra,India,"Pune, Maharashtra",0,unspecified,unspecified,2026-08-30 07:39:54,2026-08-30,2026,8,30,Sunday,,,,,1,700000.0,7.0,1,18.5062,73.84735,https://www.adzuna.in/details/5861793633?utm_medium=api&utm_source=f46203c2
4686706662,Business Analyst,Unknown,Business Analyst,Scientific & QA Jobs,Mid-Level,2,Gurugram,Haryana,India,"Gurgaon, Haryana",0,unspecified,unspecified,2024-05-10 07:39:03,2024-05-10,2024,5,10,Friday,,,,,1,700000.0,7.0,1,28.323996,76.983738,https://www.adzuna.in/details/4686706662?utm_medium=api&utm_source=f46203c2
5728320595,Business Analyst,Acura Solution,Business Analyst,IT Jobs,Mid-Level,2,Navi Mumbai,Maharashtra,India,"Navi Mumbai, Maharashtra",0,full_time,unspecified,2026-05-14 02:16:21,2026-05-14,2026,5,14,Thursday,,,,,1,700000.0,7.0,1,19.02,73.02,https://www.adzuna.in/details/5728320595?utm_medium=api&utm_source=f46203c2
3632177861,Business Analyst,White Collar Org,Business Analyst,IT Jobs,Mid-Level,2,Jaipur,Rajasthan,India,"Jaipur, Rajasthan",0,full_time,unspecified,2022-10-28 05:57:34,2022-10-28,2022,10,28,Friday,400000.0,1200000.0,800000.0,8.0,0,800000.0,8.0,0,26.7441,75.9469,https://www.adzuna.in/details/3632177861?utm_medium=api&utm_source=f46203c2
2742136028,Business Analyst,Krish Technolabs,Business Analyst,IT Jobs,Mid-Level,2,Ahmedabad,Gujarat,India,"Ahmedabad, Gujarat",0,full_time,unspecified,2021-12-16 05:52:38,2021-12-16,2021,12,16,Thursday,0.0,700000.0,700000.0,7.0,0,700000.0,7.0,0,23.042,72.59465,https://www.adzuna.in/details/2742136028?utm_medium=api&utm_source=f46203c2
2853928094,Business Analyst,Multi Recruit,Business Analyst,IT Jobs,Mid-Level,2,Bengaluru,Karnataka,India,"Bangalore, Karnataka",0,full_time,unspecified,2022-01-30 04:34:28,2022-01-30,2022,1,30,Sunday,0.0,1500000.0,1500000.0,15.0,0,1500000.0,15.0,0,,,https://www.adzuna.in/details/2853928094?utm_medium=api&utm_source=f46203c2
5851865180,Business Analyst,HealthAsyst,Business Analyst,IT Jobs,Mid-Level,2,Bengaluru,Karnataka,India,"Bangalore, Karnataka",0,unspecified,unspecified,2026-08-22 07:34:56,2026-08-22,2026,8,22,Saturday,,,,,1,700000.0,7.0,1,,,https://www.adzuna.in/details/5851865180?utm_medium=api&utm_source=f46203c2
4686707823,Business Analyst,Unknown,Business Analyst,IT Jobs,Mid-Level,2,Thane,Maharashtra,India,"Thane, Maharashtra",0,unspecified,unspecified,2024-05-10 07:39:12,2024-05-10,2024,5,10,Friday,,,,,1,700000.0,7.0,1,19.17335,73.04845,https://www.adzuna.in/details/4686707823?utm_medium=api&utm_source=f46203c2
4946581659,Business Analyst,Merck,Business Analyst,Accounting & Finance Jobs,Mid-Level,2,Unspecified / Pan-India,Unspecified,India,India,0,unspecified,unspecified,2024-11-21 17:15:12,2024-11-21,2024,11,21,Thursday,,,,,1,700000.0,7.0,1,,,https://www.adzuna.in/details/4946581659?utm_medium=api&utm_source=f46203c2
5862891684,Business Analyst,ADCI - BLR 14 SEZ - F07,Business Analyst,IT Jobs,Mid-Level,2,Bengaluru,Karnataka,India,"Bangalore, Karnataka",0,full_time,unspecified,2026-08-31 16:10:30,2026-08-31,2026,8,31,Monday,,,,,1,700000.0,7.0,1,,,https://www.adzuna.in/details/5862891684?utm_medium=api&utm_source=f46203c2
5889516777,Business Analyst,Cityscope,Business Analyst,IT Jobs,Mid-Level,2,Mumbai,Maharashtra,India,"Mumbai, Maharashtra",0,full_time,unspecified,2026-09-18 21:34:55,2026-09-18,2026,9,18,Friday,,,,,1,700000.0,7.0,1,,,https://www.adzuna.in/details/5889516777?utm_medium=api&utm_source=f46203c2
5859121332,Business Analyst,Mastermind Network,Business Analyst,IT Jobs,Mid-Level,2,Bengaluru,Karnataka,India,"Bangalore, Karnataka",0,unspecified,unspecified,2026-08-28 07:37:18,2026-08-28,2026,8,28,Friday,,,,,1,700000.0,7.0,1,,,https://www.adzuna.in/details/5859121332?utm_medium=api&utm_source=f46203c2
4686707327,Business Analyst,Unknown,Business Analyst,IT Jobs,Mid-Level,2,Delhi NCR,Delhi,India,"Delhi, India",0,unspecified,unspecified,2024-05-10 07:39:08,2024-05-10,2024,5,10,Friday,,,,,1,700000.0,7.0,1,28.62523,77.224601,https://www.adzuna.in/details/4686707327?utm_medium=api&utm_source=f46203c2
5266460273,Business Analyst,TIGI HR Solution Pvt. Ltd.,Business Analyst,IT Jobs,Mid-Level,2,Bengaluru,Karnataka,India,"Bangalore, Karnataka",0,full_time,unspecified,2025-06-25 05:06:27,2025-06-25,2025,6,25,Wednesday,1000000.0,1500000.0,1250000.0,12.5,0,1250000.0,12.5,0,,,https://www.adzuna.in/details/5266460273?utm_medium=api&utm_source=f46203c2
2478113152,Business Analyst,i-Lanam Technologies,Business Analyst,IT Jobs,Mid-Level,2,Ahmedabad,Gujarat,India,"Ahmedabad, Gujarat",0,full_time,unspecified,2021-09-22 04:47:03,2021-09-22,2021,9,22,Wednesday,0.0,200000.0,200000.0,2.0,0,200000.0,2.0,0,23.042,72.59465,https://www.adzuna.in/details/2478113152?utm_medium=api&utm_source=f46203c2
4596884484,Business Analyst,UpSolve Solutions LLP,Business Analyst,IT Jobs,Mid-Level,2,Mumbai,Maharashtra,India,"Mumbai, Maharashtra",0,full_time,unspecified,2024-03-07 15:29:34,2024-03-07,2024,3,7,Thursday,400000.0,800000.0,600000.0,6.0,0,600000.0,6.0,0,19.00821,72.84415,https://www.adzuna.in/details/4596884484?utm_medium=api&utm_source=f46203c2
5773939132,Business Analyst,Vistex Career,Business Analyst,IT Jobs,Mid-Level,2,Hyderabad,Telangana,India,"Hyderabad, Telangana",0,full_time,unspecified,2026-06-24 02:21:29,2026-06-24,2026,6,24,Wednesday,,,,,1,700000.0,7.0,1,17.40275,78.50806,https://www.adzuna.in/details/5773939132?utm_medium=api&utm_source=f46203c2
5840375788,Business Analyst,Saxo Bank,Business Analyst,IT Jobs,Mid-Level,2,Unspecified / Pan-India,Unspecified,India,India,0,full_time,unspecified,2026-08-13 20:44:40,2026-08-13,2026,8,13,Thursday,,,,,1,700000.0,7.0,1,,,https://www.adzuna.in/details/5840375788?utm_medium=api&utm_source=f46203c2
5842589806,Business Analyst,ExcelSoft Technologies,Business Analyst,IT Jobs,Mid-Level,2,Mysore,Karnataka,India,"Mysore, Karnataka",0,unspecified,unspecified,2026-08-15 08:32:55,2026-08-15,2026,8,15,Saturday,,,,,1,700000.0,7.0,1,12.50715,76.7607,https://www.adzuna.in/details/5842589806?utm_medium=api&utm_source=f46203c2
2384737427,Business Analyst,Cibirix,Business Analyst,IT Jobs,Mid-Level,2,Indore,Madhya Pradesh,India,"Indore, Madhya Pradesh",0,full_time,unspecified,2021-08-15 21:16:21,2021-08-15,2021,8,15,Sunday,400000.0,700000.0,550000.0,5.5,0,550000.0,5.5,0,22.66215,75.9035,https://www.adzuna.in/details/2384737427?utm_medium=api&utm_source=f46203c2
2050583377,Business Analyst,Ally Software LLP,Business Analyst,IT Jobs,Mid-Level,2,Bengaluru,Karnataka,India,"Bangalore, Karnataka",0,full_time,unspecified,2021-03-14 04:28:32,2021-03-14,2021,3,14,Sunday,,,,,1,700000.0,7.0,1,,,https://www.adzuna.in/details/2050583377?utm_medium=api&utm_source=f46203c2
5889511359,Business Analyst,Artiset,Business Analyst,IT Jobs,Mid-Level,2,Noida,Uttar Pradesh,India,"Noida, Ghaziabad",0,full_time,unspecified,2026-09-18 21:31:24,2026-09-18,2026,9,18,Friday,,,,,1,700000.0,7.0,1,28.56579,77.3225,https://www.adzuna.in/details/5889511359?utm_medium=api&utm_source=f46203c2
5899550146,Business Analyst,Weekday AI,Business Analyst,IT Jobs,Mid-Level,2,Hyderabad,Telangana,India,"Hyderabad, Telangana",0,full_time,unspecified,2026-09-26 16:17:42,2026-09-26,2026,9,26,Saturday,,,,,1,700000.0,7.0,1,17.40275,78.50806,https://www.adzuna.in/details/5899550146?utm_medium=api&utm_source=f46203c2
5900348941,Business Analyst,StoneX,Business Analyst,IT Jobs,Mid-Level,2,Pune,Maharashtra,India,"Vadgaon Sheri, Pune",0,unspecified,unspecified,2026-09-27 11:04:31,2026-09-27,2026,9,27,Sunday,,,,,1,700000.0,7.0,1,18.60055,73.9608,https://www.adzuna.in/details/5900348941?utm_medium=api&utm_source=f46203c2
5684977522,Business Analyst,Risosu Consulting LLP,Business Analyst,IT Jobs,Mid-Level,2,Mumbai,Maharashtra,India,"Mumbai, Maharashtra",0,full_time,unspecified,2026-04-01 11:39:35,2026-04-01,2026,4,1,Wednesday,300000.0,600000.0,450000.0,4.5,0,450000.0,4.5,0,19.00821,72.84415,https://www.adzuna.in/details/5684977522?utm_medium=api&utm_source=f46203c2
4514376922,Business Analyst,Qrata,Business Analyst,IT Jobs,Mid-Level,2,Bengaluru,Karnataka,India,"Bangalore, Karnataka",0,full_time,unspecified,2024-01-07 15:08:18,2024-01-07,2024,1,7,Sunday,0.0,1800000.0,1800000.0,18.0,0,1800000.0,18.0,0,,,https://www.adzuna.in/details/4514376922?utm_medium=api&utm_source=f46203c2
3827529616,Business Analyst-,KiwiTech,Business Analyst,IT Jobs,Mid-Level,2,Noida,Uttar Pradesh,India,"Noida, Ghaziabad",0,full_time,unspecified,2023-01-06 06:19:07,2023-01-06,2023,1,6,Friday,700000.0,1200000.0,950000.0,9.5,0,950000.0,9.5,0,28.56579,77.3225,https://www.adzuna.in/details/3827529616?utm_medium=api&utm_source=f46203c2
5487693704,Business Analyst,Risosu Consulting LLP,Business Analyst,IT Jobs,Mid-Level,2,Mumbai,Maharashtra,India,"Mumbai, Maharashtra",0,full_time,unspecified,2025-11-09 02:24:59,2025-11-09,2025,11,9,Sunday,400000.0,700000.0,550000.0,5.5,0,550000.0,5.5,0,19.00821,72.84415,https://www.adzuna.in/details/5487693704?utm_medium=api&utm_source=f46203c2
5804688818,Business Analyst,Risosu Consulting LLP,Business Analyst,IT Jobs,Mid-Level,2,Mumbai,Maharashtra,India,"Chembur, Mumbai",0,full_time,unspecified,2026-07-17 15:12:48,2026-07-17,2026,7,17,Friday,300000.0,600000.0,450000.0,4.5,0,450000.0,4.5,0,19.04979,72.90005,https://www.adzuna.in/details/5804688818?utm_medium=api&utm_source=f46203c2
5842590099,Business Analyst,Agiliad Technologies,Business Analyst,IT Jobs,Mid-Level,2,Pune,Maharashtra,India,"Pune, Maharashtra",0,unspecified,unspecified,2026-08-15 08:33:33,2026-08-15,2026,8,15,Saturday,,,,,1,700000.0,7.0,1,18.5062,73.84735,https://www.adzuna.in/details/5842590099?utm_medium=api&utm_source=f46203c2
5848055985,Business Analyst,Resources Valley,Business Analyst,IT Jobs,Mid-Level,2,Jaipur,Rajasthan,India,"Jaipur, Rajasthan",0,full_time,unspecified,2026-08-19 16:03:45,2026-08-19,2026,8,19,Wednesday,1000000.0,1800000.0,1400000.0,14.0,0,1400000.0,14.0,0,26.7441,75.9469,https://www.adzuna.in/details/5848055985?utm_medium=api&utm_source=f46203c2
5744928967,Business Analyst,Accenture,Business Analyst,IT Jobs,Mid-Level,2,Unspecified / Pan-India,Unspecified,India,India,0,full_time,unspecified,2026-05-30 02:32:15,2026-05-30,2026,5,30,Saturday,,,,,1,700000.0,7.0,1,,,https://www.adzuna.in/details/5744928967?utm_medium=api&utm_source=f46203c2
5711156495,Business Analyst,Accenture,Business Analyst,IT Jobs,Mid-Level,2,Unspecified / Pan-India,Unspecified,India,India,0,full_time,unspecified,2026-04-27 02:11:42,2026-04-27,2026,4,27,Monday,,,,,1,700000.0,7.0,1,,,https://www.adzuna.in/details/5711156495?utm_medium=api&utm_source=f46203c2
5755734601,Business Analyst,Accenture,Business Analyst,IT Jobs,Mid-Level,2,Unspecified / Pan-India,Unspecified,India,India,0,full_time,unspecified,2026-06-08 02:32:31,2026-06-08,2026,6,8,Monday,,,,,1,700000.0,7.0,1,,,https://www.adzuna.in/details/5755734601?utm_medium=api&utm_source=f46203c2
5693603979,Business Analyst,Accenture,Business Analyst,IT Jobs,Mid-Level,2,Unspecified / Pan-India,Unspecified,India,India,0,full_time,unspecified,2026-04-09 01:47:37,2026-04-09,2026,4,9,Thursday,,,,,1,700000.0,7.0,1,,,https://www.adzuna.in/details/5693603979?utm_medium=api&utm_source=f46203c2
5806500173,Business Analyst,Accenture,Business Analyst,IT Jobs,Mid-Level,2,Unspecified / Pan-India,Unspecified,India,India,0,full_time,unspecified,2026-07-19 03:19:19,2026-07-19,2026,7,19,Sunday,,,,,1,700000.0,7.0,1,,,https://www.adzuna.in/details/5806500173?utm_medium=api&utm_source=f46203c2
5771059500,Business Analyst,Accenture,Business Analyst,Consultancy Jobs,Mid-Level,2,Unspecified / Pan-India,Unspecified,India,India,0,full_time,unspecified,2026-06-21 02:46:29,2026-06-21,2026,6,21,Sunday,,,,,1,700000.0,7.0,1,,,https://www.adzuna.in/details/5771059500?utm_medium=api&utm_source=f46203c2
5898481086,Business Analyst,Accenture,Business Analyst,IT Jobs,Mid-Level,2,Unspecified / Pan-India,Unspecified,India,India,0,full_time,unspecified,2026-09-25 21:15:56,2026-09-25,2026,9,25,Friday,,,,,1,700000.0,7.0,1,,,https://www.adzuna.in/details/5898481086?utm_medium=api&utm_source=f46203c2
2946429834,Business Analyst,Unnati,Business Analyst,Accounting & Finance Jobs,Mid-Level,2,Unspecified / Pan-India,Unspecified,India,India,0,full_time,unspecified,2022-03-05 05:06:23,2022-03-05,2022,3,5,Saturday,1200000.0,1400000.0,1300000.0,13.0,0,1300000.0,13.0,0,,,https://www.adzuna.in/details/2946429834?utm_medium=api&utm_source=f46203c2
5585713662,Business Analyst,Gieom Business Solutions Pvt Ltd,Business Analyst,IT Jobs,Mid-Level,2,Unspecified / Pan-India,Unspecified,India,India,0,full_time,unspecified,2026-01-15 11:11:18,2026-01-15,2026,1,15,Thursday,600000.0,700000.0,650000.0,6.5,0,650000.0,6.5,0,,,https://www.adzuna.in/details/5585713662?utm_medium=api&utm_source=f46203c2
3651750767,Business Analyst,iThink Logistics,Business Analyst,IT Jobs,Mid-Level,2,Mumbai,Maharashtra,India,"Mumbai, Maharashtra",0,full_time,unspecified,2022-11-03 05:49:18,2022-11-03,2022,11,3,Thursday,180000.0,200000.0,190000.0,1.9,0,190000.0,1.9,0,19.00821,72.84415,https://www.adzuna.in/details/3651750767?utm_medium=api&utm_source=f46203c2
4120526848,Business Analyst,Kapture CX,Business Analyst,IT Jobs,Mid-Level,2,Bengaluru,Karnataka,India,"Bangalore, Karnataka",0,full_time,unspecified,2023-05-27 15:52:20,2023-05-27,2023,5,27,Saturday,400000.0,800000.0,600000.0,6.0,0,600000.0,6.0,0,,,https://www.adzuna.in/details/4120526848?utm_medium=api&utm_source=f46203c2
5850376959,Business Analyst,VT Netzwelt,Business Analyst,IT Jobs,Mid-Level,2,Ahmedabad,Gujarat,India,"Ahmedabad, Gujarat",0,unspecified,unspecified,2026-08-21 07:39:05,2026-08-21,2026,8,21,Friday,,,,,1,700000.0,7.0,1,23.042,72.59465,https://www.adzuna.in/details/5850376959?utm_medium=api&utm_source=f46203c2
5839221863,Business Analyst,Sun Dew Solutions Private Limited,Business Analyst,IT Jobs,Mid-Level,2,Kolkata,West Bengal,India,"Kolkata, West Bengal",0,unspecified,unspecified,2026-08-13 07:32:18,2026-08-13,2026,8,13,Thursday,,,,,1,700000.0,7.0,1,22.57285,88.34373,https://www.adzuna.in/details/5839221863?utm_medium=api&utm_source=f46203c2
5869814799,Business Analyst,EXL,Business Analyst,IT Jobs,Mid-Level,2,Pune,Maharashtra,India,"Pune, Maharashtra",0,unspecified,unspecified,2026-09-04 07:35:19,2026-09-04,2026,9,4,Friday,,,,,1,700000.0,7.0,1,18.5062,73.84735,https://www.adzuna.in/details/5869814799?utm_medium=api&utm_source=f46203c2
5822020261,Business Analyst,iprogrammer,Business Analyst,IT Jobs,Mid-Level,2,Pune,Maharashtra,India,"Pune, Maharashtra",0,unspecified,unspecified,2026-07-31 10:42:26,2026-07-31,2026,7,31,Friday,,,,,1,700000.0,7.0,1,18.5062,73.84735,https://www.adzuna.in/details/5822020261?utm_medium=api&utm_source=f46203c2
5730677001,Business Analyst,RECEX,Business Analyst,IT Jobs,Mid-Level,2,Mumbai,Maharashtra,India,"Mumbai, Maharashtra",0,full_time,unspecified,2026-05-16 02:13:06,2026-05-16,2026,5,16,Saturday,3600000.0,4320000.0,3960000.0,39.6,0,3960000.0,39.6,0,19.00821,72.84415,https://www.adzuna.in/details/5730677001?utm_medium=api&utm_source=f46203c2
5793371920,Business Analyst,Accenture,Business Analyst,IT Jobs,Mid-Level,2,Unspecified / Pan-India,Unspecified,India,India,0,full_time,unspecified,2026-07-09 03:49:55,2026-07-09,2026,7,9,Thursday,,,,,1,700000.0,7.0,1,,,https://www.adzuna.in/details/5793371920?utm_medium=api&utm_source=f46203c2
5775239948,Business Analyst,Accenture,Business Analyst,IT Jobs,Mid-Level,2,Unspecified / Pan-India,Unspecified,India,India,0,full_time,unspecified,2026-06-25 02:20:46,2026-06-25,2026,6,25,Thursday,,,,,1,700000.0,7.0,1,,,https://www.adzuna.in/details/5775239948?utm_medium=api&utm_source=f46203c2
5812906794,Business Analyst,Accenture,Business Analyst,IT Jobs,Mid-Level,2,Unspecified / Pan-India,Unspecified,India,India,0,full_time,unspecified,2026-07-24 03:35:55,2026-07-24,2026,7,24,Friday,,,,,1,700000.0,7.0,1,,,https://www.adzuna.in/details/5812906794?utm_medium=api&utm_source=f46203c2
5819881344,Business Analyst,Accenture,Business Analyst,IT Jobs,Mid-Level,2,Unspecified / Pan-India,Unspecified,India,India,0,full_time,unspecified,2026-07-29 20:55:51,2026-07-29,2026,7,29,Wednesday,,,,,1,700000.0,7.0,1,,,https://www.adzuna.in/details/5819881344?utm_medium=api&utm_source=f46203c2
5859770987,Business Analyst,Accenture,Business Analyst,IT Jobs,Mid-Level,2,Unspecified / Pan-India,Unspecified,India,India,0,full_time,unspecified,2026-08-28 21:01:41,2026-08-28,2026,8,28,Friday,,,,,1,700000.0,7.0,1,,,https://www.adzuna.in/details/5859770987?utm_medium=api&utm_source=f46203c2
5828761379,Business Analyst,Amazon,Business Analyst,IT Jobs,Mid-Level,2,Bengaluru,Karnataka,India,"Bangalore, Karnataka",0,unspecified,unspecified,2026-08-05 10:53:57,2026-08-05,2026,8,5,Wednesday,,,,,1,700000.0,7.0,1,,,https://www.adzuna.in/details/5828761379?utm_medium=api&utm_source=f46203c2
5871237912,Business Analyst,Decipher zone technologies,Business Analyst,Sales Jobs,Mid-Level,2,Unspecified / Pan-India,Unspecified,India,India,0,unspecified,unspecified,2026-09-05 06:41:00,2026-09-05,2026,9,5,Saturday,,,,,1,700000.0,7.0,1,,,https://www.adzuna.in/details/5871237912?utm_medium=api&utm_source=f46203c2
5829186617,Business Analyst,Amazon,Business Analyst,IT Jobs,Mid-Level,2,Unspecified / Pan-India,Unspecified,India,India,0,full_time,unspecified,2026-08-05 20:47:45,2026-08-05,2026,8,5,Wednesday,,,,,1,700000.0,7.0,1,,,https://www.adzuna.in/details/5829186617?utm_medium=api&utm_source=f46203c2
5880845469,Business Analyst,Metron Security Private Limited,Business Analyst,IT Jobs,Mid-Level,2,Pune,Maharashtra,India,"Pune, Maharashtra",0,full_time,unspecified,2026-09-12 16:12:16,2026-09-12,2026,9,12,Saturday,,,,,1,700000.0,7.0,1,18.5062,73.84735,https://www.adzuna.in/details/5880845469?utm_medium=api&utm_source=f46203c2
5852590233,Business Analyst,Accenture,Business Analyst,Consultancy Jobs,Mid-Level,2,Unspecified / Pan-India,Unspecified,India,India,0,full_time,unspecified,2026-08-22 21:01:43,2026-08-22,2026,8,22,Saturday,,,,,1,700000.0,7.0,1,,,https://www.adzuna.in/details/5852590233?utm_medium=api&utm_source=f46203c2
5829196937,Business Analyst,Accenture,Business Analyst,IT Jobs,Mid-Level,2,Unspecified / Pan-India,Unspecified,India,India,0,full_time,unspecified,2026-08-05 20:54:45,2026-08-05,2026,8,5,Wednesday,,,,,1,700000.0,7.0,1,,,https://www.adzuna.in/details/5829196937?utm_medium=api&utm_source=f46203c2
5849674764,Business Analyst,Accenture,Business Analyst,IT Jobs,Mid-Level,2,Unspecified / Pan-India,Unspecified,India,India,0,full_time,unspecified,2026-08-20 20:42:24,2026-08-20,2026,8,20,Thursday,,,,,1,700000.0,7.0,1,,,https://www.adzuna.in/details/5849674764?utm_medium=api&utm_source=f46203c2
5829186026,Business Analyst,Accenture,Business Analyst,IT Jobs,Mid-Level,2,Unspecified / Pan-India,Unspecified,India,India,0,full_time,unspecified,2026-08-05 20:47:25,2026-08-05,2026,8,5,Wednesday,,,,,1,700000.0,7.0,1,,,https://www.adzuna.in/details/5829186026?utm_medium=api&utm_source=f46203c2
5838425524,Business Analyst,Accenture,Business Analyst,IT Jobs,Mid-Level,2,Unspecified / Pan-India,Unspecified,India,India,0,full_time,unspecified,2026-08-12 20:38:03,2026-08-12,2026,8,12,Wednesday,,,,,1,700000.0,7.0,1,,,https://www.adzuna.in/details/5838425524?utm_medium=api&utm_source=f46203c2
5849675328,Business Analyst,Accenture,Business Analyst,IT Jobs,Mid-Level,2,Unspecified / Pan-India,Unspecified,India,India,0,full_time,unspecified,2026-08-20 20:42:40,2026-08-20,2026,8,20,Thursday,,,,,1,700000.0,7.0,1,,,https://www.adzuna.in/details/5849675328?utm_medium=api&utm_source=f46203c2
4990759639,Business Analyst,MindHind,Business Analyst,IT Jobs,Mid-Level,2,Unspecified / Pan-India,Unspecified,India,India,0,full_time,permanent,2024-12-28 12:10:43,2024-12-28,2024,12,28,Saturday,700000.0,1400000.0,1050000.0,10.5,0,1050000.0,10.5,0,,,https://www.adzuna.in/details/4990759639?utm_medium=api&utm_source=f46203c2
5015665112,Business Analyst,Brainpan Innovations,Business Analyst,IT Jobs,Mid-Level,2,Lucknow,Uttar Pradesh,India,"Lucknow, Uttar Pradesh",0,full_time,unspecified,2025-01-18 17:53:01,2025-01-18,2025,1,18,Saturday,,,,,1,700000.0,7.0,1,26.8677,80.8897,https://www.adzuna.in/details/5015665112?utm_medium=api&utm_source=f46203c2
3452174079,Business Analyst,Gipfel & Schnell Consultings Pvt Ltd,Business Analyst,IT Jobs,Mid-Level,2,Unspecified / Pan-India,Unspecified,India,India,0,full_time,unspecified,2022-09-02 06:59:38,2022-09-02,2022,9,2,Friday,500000.0,3000000.0,1750000.0,17.5,0,1750000.0,17.5,0,,,https://www.adzuna.in/details/3452174079?utm_medium=api&utm_source=f46203c2
3032213754,Business Analyst,Unnati,Business Analyst,IT Jobs,Mid-Level,2,Chandigarh / Mohali,Punjab,India,"Mohali, Punjab",0,full_time,unspecified,2022-04-07 05:26:03,2022-04-07,2022,4,7,Thursday,0.0,1000000.0,1000000.0,10.0,0,1000000.0,10.0,0,30.7545,76.6406,https://www.adzuna.in/details/3032213754?utm_medium=api&utm_source=f46203c2
3798035874,Business Analyst,OJCommerce,Business Analyst,IT Jobs,Mid-Level,2,Chennai,Tamil Nadu,India,"Chennai, Tamil Nadu",0,full_time,unspecified,2022-12-24 06:11:41,2022-12-24,2022,12,24,Saturday,200000.0,1500000.0,850000.0,8.5,0,850000.0,8.5,0,13.06041,80.24963,https://www.adzuna.in/details/3798035874?utm_medium=api&utm_source=f46203c2
5486119762,Business Analyst,Risosu Consulting LLP,Business Analyst,IT Jobs,Mid-Level,2,Mumbai,Maharashtra,India,"Chembur, Mumbai",0,full_time,permanent,2025-11-08 02:23:16,2025-11-08,2025,11,8,Saturday,500000.0,1000000.0,750000.0,7.5,0,750000.0,7.5,0,19.04979,72.90005,https://www.adzuna.in/details/5486119762?utm_medium=api&utm_source=f46203c2
5749713168,business analyst,ZH healthcare,Business Analyst,IT Jobs,Mid-Level,2,Kochi,Kerala,India,"Kochi, Ernakulam",0,full_time,unspecified,2026-06-03 02:42:14,2026-06-03,2026,6,3,Wednesday,,,,,1,700000.0,7.0,1,9.98011,76.24637,https://www.adzuna.in/details/5749713168?utm_medium=api&utm_source=f46203c2
5854880938,Business Analyst,Path Solutions,Business Analyst,IT Jobs,Mid-Level,2,Hyderabad,Telangana,India,"Hyderabad, Telangana",0,unspecified,unspecified,2026-08-25 07:44:11,2026-08-25,2026,8,25,Tuesday,,,,,1,700000.0,7.0,1,17.40275,78.50806,https://www.adzuna.in/details/5854880938?utm_medium=api&utm_source=f46203c2
5727169369,Business Analyst,Post A Resume,Business Analyst,IT Jobs,Mid-Level,2,Ahmedabad,Gujarat,India,"Ahmedabad, Gujarat",0,full_time,unspecified,2026-05-13 02:06:58,2026-05-13,2026,5,13,Wednesday,100000.0,700000.0,400000.0,4.0,0,400000.0,4.0,0,23.042,72.59465,https://www.adzuna.in/details/5727169369?utm_medium=api&utm_source=f46203c2
5836834800,Business Analyst,Bajaj Finance,Business Analyst,IT Jobs,Mid-Level,2,Unspecified / Pan-India,Unspecified,India,India,0,full_time,unspecified,2026-08-11 20:42:33,2026-08-11,2026,8,11,Tuesday,,,,,1,700000.0,7.0,1,,,https://www.adzuna.in/details/5836834800?utm_medium=api&utm_source=f46203c2
5727187360,Business Analyst,ScoutforU Consultants,Business Analyst,IT Jobs,Mid-Level,2,Ahmedabad,Gujarat,India,"Ahmedabad, Gujarat",0,full_time,unspecified,2026-05-13 02:08:42,2026-05-13,2026,5,13,Wednesday,600000.0,600000.0,600000.0,6.0,0,600000.0,6.0,0,23.042,72.59465,https://www.adzuna.in/details/5727187360?utm_medium=api&utm_source=f46203c2
5709135343,Business Analyst,Wissen Technology,Business Analyst,IT Jobs,Mid-Level,2,Pune,Maharashtra,India,"Pune, Maharashtra",0,full_time,unspecified,2026-04-24 11:46:16,2026-04-24,2026,4,24,Friday,,,,,1,700000.0,7.0,1,18.5062,73.84735,https://www.adzuna.in/details/5709135343?utm_medium=api&utm_source=f46203c2
5804446289,Business Analyst,"NTT America, Inc.",Business Analyst,IT Jobs,Mid-Level,2,Noida,Uttar Pradesh,India,"Noida, Ghaziabad",0,unspecified,unspecified,2026-07-17 10:45:13,2026-07-17,2026,7,17,Friday,,,,,1,700000.0,7.0,1,28.56579,77.3225,https://www.adzuna.in/details/5804446289?utm_medium=api&utm_source=f46203c2
5879938129,Business Analyst,Accenture,Business Analyst,IT Jobs,Mid-Level,2,Unspecified / Pan-India,Unspecified,India,India,0,full_time,unspecified,2026-09-11 21:37:09,2026-09-11,2026,9,11,Friday,,,,,1,700000.0,7.0,1,,,https://www.adzuna.in/details/5879938129?utm_medium=api&utm_source=f46203c2
1510562896,Business Analyst,Dataweave Pvt Ltd,Business Analyst,IT Jobs,Mid-Level,2,Bengaluru,Karnataka,India,"Bangalore, Karnataka",0,full_time,unspecified,2020-04-01 19:50:19,2020-04-01,2020,4,1,Wednesday,,,,,1,700000.0,7.0,1,,,https://www.adzuna.in/details/1510562896?utm_medium=api&utm_source=f46203c2
5814376621,Business Analyst,Quality Engineering,Business Analyst,IT Jobs,Mid-Level,2,Unspecified / Pan-India,Unspecified,India,India,0,full_time,unspecified,2026-07-25 03:10:23,2026-07-25,2026,7,25,Saturday,,,,,1,700000.0,7.0,1,,,https://www.adzuna.in/details/5814376621?utm_medium=api&utm_source=f46203c2
5803875248,Business Analyst,Barclays,Business Analyst,IT Jobs,Mid-Level,2,Unspecified / Pan-India,Unspecified,India,India,0,full_time,unspecified,2026-07-17 03:30:58,2026-07-17,2026,7,17,Friday,,,,,1,700000.0,7.0,1,,,https://www.adzuna.in/details/5803875248?utm_medium=api&utm_source=f46203c2
5887964504,Business Analyst,Amex,Business Analyst,Consultancy Jobs,Mid-Level,2,Gurugram,Haryana,India,"Gurgaon, Haryana",0,full_time,unspecified,2026-09-17 21:55:49,2026-09-17,2026,9,17,Thursday,,,,,1,700000.0,7.0,1,28.323996,76.983738,https://www.adzuna.in/details/5887964504?utm_medium=api&utm_source=f46203c2
5876946883,Business Analyst,WhiteBIT,Business Analyst,IT Jobs,Mid-Level,2,Unspecified / Pan-India,Unspecified,India,India,0,full_time,permanent,2026-09-09 16:12:33,2026-09-09,2026,9,9,Wednesday,,,,,1,700000.0,7.0,1,,,https://www.adzuna.in/details/5876946883?utm_medium=api&utm_source=f46203c2
2792652265,Business Analyst,InvokHR,Business Analyst,IT Jobs,Mid-Level,2,Pune,Maharashtra,India,"Pune, Maharashtra",0,full_time,unspecified,2022-01-06 04:26:38,2022-01-06,2022,1,6,Thursday,400000.0,700000.0,550000.0,5.5,0,550000.0,5.5,0,18.5062,73.84735,https://www.adzuna.in/details/2792652265?utm_medium=api&utm_source=f46203c2
2320380974,Business Analyst,STREETMARK Info Solutions,Business Analyst,IT Jobs,Mid-Level,2,Hyderabad,Telangana,India,"Hyderabad, Telangana",0,full_time,unspecified,2021-07-15 23:28:14,2021-07-15,2021,7,15,Thursday,600000.0,1500000.0,1050000.0,10.5,0,1050000.0,10.5,0,17.40275,78.50806,https://www.adzuna.in/details/2320380974?utm_medium=api&utm_source=f46203c2
4156644469,Business Analyst,Promilo,Business Analyst,IT Jobs,Mid-Level,2,Bengaluru,Karnataka,India,"Bangalore, Karnataka",0,full_time,unspecified,2023-06-17 16:36:28,2023-06-17,2023,6,17,Saturday,150000.0,300000.0,225000.0,2.25,0,225000.0,2.25,0,,,https://www.adzuna.in/details/4156644469?utm_medium=api&utm_source=f46203c2
5812781011,Business Analyst,Airbus,Business Analyst,IT Jobs,Mid-Level,2,Unspecified / Pan-India,Unspecified,India,India,0,full_time,permanent,2026-07-24 03:16:04,2026-07-24,2026,7,24,Friday,,,,,1,700000.0,7.0,1,,,https://www.adzuna.in/details/5812781011?utm_medium=api&utm_source=f46203c2
5869164084,Business Analyst,OneMagnify,Business Analyst,IT Jobs,Mid-Level,2,Chennai,Tamil Nadu,India,"Chennai, Tamil Nadu",0,full_time,unspecified,2026-09-03 21:14:08,2026-09-03,2026,9,3,Thursday,,,,,1,700000.0,7.0,1,13.06041,80.24963,https://www.adzuna.in/details/5869164084?utm_medium=api&utm_source=f46203c2
5890800213,Business Analyst,Synechron,Business Analyst,Accounting & Finance Jobs,Mid-Level,2,Unspecified / Pan-India,Unspecified,India,India,0,full_time,unspecified,2026-09-19 21:45:44,2026-09-19,2026,9,19,Saturday,,,,,1,700000.0,7.0,1,,,https://www.adzuna.in/details/5890800213?utm_medium=api&utm_source=f46203c2
5876947962,Business Analyst,Tangem,Business Analyst,IT Jobs,Mid-Level,2,Unspecified / Pan-India,Unspecified,India,India,0,full_time,permanent,2026-09-09 16:12:40,2026-09-09,2026,9,9,Wednesday,,,,,1,700000.0,7.0,1,,,https://www.adzuna.in/details/5876947962?utm_medium=api&utm_source=f46203c2
5898496704,Business Analyst,Lingaro,Business Analyst,IT Jobs,Mid-Level,2,Remote,Remote,India,India,1,unspecified,contract,2026-09-25 21:24:49,2026-09-25,2026,9,25,Friday,,,,,1,700000.0,7.0,1,,,https://www.adzuna.in/details/5898496704?utm_medium=api&utm_source=f46203c2
5897949555,Business Analyst,Cognizant,Business Analyst,IT Jobs,Mid-Level,2,Pune,Maharashtra,India,"Pune, Maharashtra",0,unspecified,unspecified,2026-09-25 11:12:58,2026-09-25,2026,9,25,Friday,,,,,1,700000.0,7.0,1,18.5062,73.84735,https://www.adzuna.in/details/5897949555?utm_medium=api&utm_source=f46203c2
2058680583,Business Analyst,Duplex Technologies Services,Business Analyst,IT Jobs,Mid-Level,2,Lucknow,Uttar Pradesh,India,"Lucknow, Uttar Pradesh",0,full_time,unspecified,2021-03-18 04:43:42,2021-03-18,2021,3,18,Thursday,0.0,300000.0,300000.0,3.0,0,300000.0,3.0,0,26.8677,80.8897,https://www.adzuna.in/details/2058680583?utm_medium=api&utm_source=f46203c2
5208232502,Business Analyst,Hunarstreet Technologies Pvt Ltd,Business Analyst,IT Jobs,Mid-Level,2,Ahmedabad,Gujarat,India,"Ahmedabad, Gujarat",0,full_time,unspecified,2025-05-21 04:55:23,2025-05-21,2025,5,21,Wednesday,500000.0,800000.0,650000.0,6.5,0,650000.0,6.5,0,23.042,72.59465,https://www.adzuna.in/details/5208232502?utm_medium=api&utm_source=f46203c2
3512731427,Business Analyst,The Talent Keepers,Business Analyst,IT Jobs,Mid-Level,2,Delhi NCR,Delhi,India,"Delhi, India",0,full_time,unspecified,2022-09-23 06:58:19,2022-09-23,2022,9,23,Friday,1200000.0,1500000.0,1350000.0,13.5,0,1350000.0,13.5,0,28.62523,77.224601,https://www.adzuna.in/details/3512731427?utm_medium=api&utm_source=f46203c2
2686604253,Business Analyst,Accion Labs,Business Analyst,IT Jobs,Mid-Level,2,Bengaluru,Karnataka,India,"Bangalore, Karnataka",0,full_time,unspecified,2021-11-28 01:55:32,2021-11-28,2021,11,28,Sunday,0.0,1800000.0,1800000.0,18.0,0,1800000.0,18.0,0,,,https://www.adzuna.in/details/2686604253?utm_medium=api&utm_source=f46203c2
1171506557,Business Analyst,WyngCommerce,Business Analyst,IT Jobs,Mid-Level,2,Bengaluru,Karnataka,India,"Bangalore, Karnataka",0,full_time,unspecified,2019-06-05 21:11:59,2019-06-05,2019,6,5,Wednesday,600000.0,800000.0,700000.0,7.0,0,700000.0,7.0,0,,,https://www.adzuna.in/details/1171506557?utm_medium=api&utm_source=f46203c2
3337906220,Business Analyst,SS Supply Chain Solutions Pvt Ltd,Business Analyst,IT Jobs,Mid-Level,2,Pune,Maharashtra,India,"Pune, Maharashtra",0,full_time,unspecified,2022-07-22 06:48:34,2022-07-22,2022,7,22,Friday,600000.0,1200000.0,900000.0,9.0,0,900000.0,9.0,0,18.5062,73.84735,https://www.adzuna.in/details/3337906220?utm_medium=api&utm_source=f46203c2
3175702619,Business Analyst,Unnati,Business Analyst,IT Jobs,Mid-Level,2,Delhi NCR,Delhi,India,"Delhi, India",0,full_time,unspecified,2022-05-28 06:10:44,2022-05-28,2022,5,28,Saturday,600000.0,700000.0,650000.0,6.5,0,650000.0,6.5,0,28.62523,77.224601,https://www.adzuna.in/details/3175702619?utm_medium=api&utm_source=f46203c2
5440456439,Business Analyst,Recruit Square,Business Analyst,IT Jobs,Mid-Level,2,Unspecified / Pan-India,Unspecified,India,India,0,full_time,unspecified,2025-10-10 06:49:10,2025-10-10,2025,10,10,Friday,800000.0,1500000.0,1150000.0,11.5,0,1150000.0,11.5,0,,,https://www.adzuna.in/details/5440456439?utm_medium=api&utm_source=f46203c2
5809894259,Business Analyst,Hilti,Business Analyst,Accounting & Finance Jobs,Mid-Level,2,Unspecified / Pan-India,Unspecified,India,India,0,unspecified,unspecified,2026-07-22 03:27:10,2026-07-22,2026,7,22,Wednesday,,,,,1,700000.0,7.0,1,,,https://www.adzuna.in/details/5809894259?utm_medium=api&utm_source=f46203c2
1227100053,Business Analyst,Anaxee Technologies,Business Analyst,Sales Jobs,Mid-Level,2,Indore,Madhya Pradesh,India,"Indore, Madhya Pradesh",0,full_time,unspecified,2019-08-05 09:04:16,2019-08-05,2019,8,5,Monday,100000.0,300000.0,200000.0,2.0,0,200000.0,2.0,0,22.66215,75.9035,https://www.adzuna.in/details/1227100053?utm_medium=api&utm_source=f46203c2
5850370950,Business Analyst,Trigyn Technologies Limited,Business Analyst,IT Jobs,Mid-Level,2,Noida,Uttar Pradesh,India,"Noida, Ghaziabad",0,unspecified,unspecified,2026-08-21 07:37:09,2026-08-21,2026,8,21,Friday,,,,,1,700000.0,7.0,1,28.56579,77.3225,https://www.adzuna.in/details/5850370950?utm_medium=api&utm_source=f46203c2
5854880922,Business Analyst,Path Solutions,Business Analyst,IT Jobs,Mid-Level,2,Chennai,Tamil Nadu,India,"Chennai, Tamil Nadu",0,unspecified,unspecified,2026-08-25 07:44:11,2026-08-25,2026,8,25,Tuesday,,,,,1,700000.0,7.0,1,13.06041,80.24963,https://www.adzuna.in/details/5854880922?utm_medium=api&utm_source=f46203c2
5556211936,Business Analyst,Citigroup,Business Analyst,IT Jobs,Mid-Level,2,Chennai,Tamil Nadu,India,"Chennai, Tamil Nadu",0,unspecified,unspecified,2025-12-26 12:21:14,2025-12-26,2025,12,26,Friday,,,,,1,700000.0,7.0,1,13.06041,80.24963,https://www.adzuna.in/details/5556211936?utm_medium=api&utm_source=f46203c2
5727134296,Business Analyst,Acura Solution,Business Analyst,IT Jobs,Mid-Level,2,Delhi NCR,Delhi,India,"Delhi, India",0,full_time,unspecified,2026-05-13 02:04:00,2026-05-13,2026,5,13,Wednesday,,,,,1,700000.0,7.0,1,28.62523,77.224601,https://www.adzuna.in/details/5727134296?utm_medium=api&utm_source=f46203c2
1364038142,Business Analyst,Skyleaf Consultants,Business Analyst,IT Jobs,Mid-Level,2,Mumbai,Maharashtra,India,"Prabhadevi, Mumbai",0,full_time,unspecified,2019-12-06 11:23:45,2019-12-06,2019,12,6,Friday,400000.0,900000.0,650000.0,6.5,0,650000.0,6.5,0,19.0177,72.83001,https://www.adzuna.in/details/1364038142?utm_medium=api&utm_source=f46203c2
5716161022,Business Analyst,Volante Technologies,Business Analyst,IT Jobs,Mid-Level,2,Unspecified / Pan-India,Unspecified,India,India,0,full_time,unspecified,2026-05-02 02:00:03,2026-05-02,2026,5,2,Saturday,,,,,1,700000.0,7.0,1,,,https://www.adzuna.in/details/5716161022?utm_medium=api&utm_source=f46203c2
5842569974,Business Analyst,Ara Resources Private Limited,Business Analyst,Accounting & Finance Jobs,Mid-Level,2,Mumbai,Maharashtra,India,"Mumbai, Maharashtra",0,unspecified,unspecified,2026-08-15 07:51:30,2026-08-15,2026,8,15,Saturday,,,,,1,700000.0,7.0,1,19.00821,72.84415,https://www.adzuna.in/details/5842569974?utm_medium=api&utm_source=f46203c2
5847675472,Business Analyst,Orion India Systems Private Limited,Business Analyst,IT Jobs,Mid-Level,2,Pune,Maharashtra,India,"Pune, Maharashtra",0,unspecified,unspecified,2026-08-19 07:40:24,2026-08-19,2026,8,19,Wednesday,,,,,1,700000.0,7.0,1,18.5062,73.84735,https://www.adzuna.in/details/5847675472?utm_medium=api&utm_source=f46203c2
5833579900,Business Analyst,Friar Service India,Business Analyst,IT Jobs,Mid-Level,2,Unspecified / Pan-India,Unspecified,India,India,0,full_time,unspecified,2026-08-08 20:39:40,2026-08-08,2026,8,8,Saturday,,,,,1,700000.0,7.0,1,,,https://www.adzuna.in/details/5833579900?utm_medium=api&utm_source=f46203c2
5868702111,Business Analyst Job,YASH Technologies,Business Analyst,IT Jobs,Mid-Level,2,Bengaluru,Karnataka,India,"Bangalore, Karnataka",0,full_time,unspecified,2026-09-03 16:08:29,2026-09-03,2026,9,3,Thursday,,,,,1,700000.0,7.0,1,,,https://www.adzuna.in/details/5868702111?utm_medium=api&utm_source=f46203c2
5793236320,Business Analyst,PerkinElmer,Business Analyst,IT Jobs,Mid-Level,2,Hyderabad,Telangana,India,"Hyderabad, Telangana",0,full_time,unspecified,2026-07-09 03:13:43,2026-07-09,2026,7,9,Thursday,,,,,1,700000.0,7.0,1,17.40275,78.50806,https://www.adzuna.in/details/5793236320?utm_medium=api&utm_source=f46203c2
2635526375,Business Analyst,IRIS BUSINESS SERVICES LIMITED,Business Analyst,IT Jobs,Mid-Level,2,Navi Mumbai,Maharashtra,India,"Navi Mumbai, Maharashtra",0,full_time,unspecified,2021-11-12 04:18:09,2021-11-12,2021,11,12,Friday,0.0,1000000.0,1000000.0,10.0,0,1000000.0,10.0,0,19.02,73.02,https://www.adzuna.in/details/2635526375?utm_medium=api&utm_source=f46203c2
5871530579,Business Analyst,Cognizant,Business Analyst,IT Jobs,Mid-Level,2,Bengaluru,Karnataka,India,"Bangalore, Karnataka",0,unspecified,unspecified,2026-09-05 11:05:50,2026-09-05,2026,9,5,Saturday,,,,,1,700000.0,7.0,1,12.95703,77.59837,https://www.adzuna.in/details/5871530579?utm_medium=api&utm_source=f46203c2
5815755012,Business Analyst,Amex,Business Analyst,IT Jobs,Mid-Level,2,Gurugram,Haryana,India,"Gurgaon, Haryana",0,full_time,unspecified,2026-07-26 03:16:25,2026-07-26,2026,7,26,Sunday,,,,,1,700000.0,7.0,1,28.323996,76.983738,https://www.adzuna.in/details/5815755012?utm_medium=api&utm_source=f46203c2
5794677969,Business Analyst,Accenture,Business Analyst,IT Jobs,Mid-Level,2,Unspecified / Pan-India,Unspecified,India,India,0,full_time,unspecified,2026-07-10 03:22:19,2026-07-10,2026,7,10,Friday,,,,,1,700000.0,7.0,1,,,https://www.adzuna.in/details/5794677969?utm_medium=api&utm_source=f46203c2
5887915076,Business Analyst,Kyndryl,Business Analyst,IT Jobs,Mid-Level,2,Bengaluru,Karnataka,India,"Bangalore, Karnataka",0,full_time,unspecified,2026-09-17 21:34:36,2026-09-17,2026,9,17,Thursday,,,,,1,700000.0,7.0,1,12.95703,77.59837,https://www.adzuna.in/details/5887915076?utm_medium=api&utm_source=f46203c2
5832075647,Business Analyst,Episode Six,Business Analyst,Accounting & Finance Jobs,Mid-Level,2,Chennai,Tamil Nadu,India,"Chennai, Tamil Nadu",0,unspecified,unspecified,2026-08-07 20:38:53,2026-08-07,2026,8,7,Friday,,,,,1,700000.0,7.0,1,13.06041,80.24963,https://www.adzuna.in/details/5832075647?utm_medium=api&utm_source=f46203c2
5840394046,Business Analyst,Amgen,Business Analyst,IT Jobs,Mid-Level,2,Hyderabad,Telangana,India,"Hyderabad, Telangana",0,full_time,unspecified,2026-08-13 20:57:30,2026-08-13,2026,8,13,Thursday,,,,,1,700000.0,7.0,1,17.40275,78.50806,https://www.adzuna.in/details/5840394046?utm_medium=api&utm_source=f46203c2
2325241321,Business Analyst,RentoMojo,Business Analyst,IT Jobs,Mid-Level,2,Bengaluru,Karnataka,India,"Bangalore, Karnataka",0,full_time,unspecified,2021-07-17 22:45:14,2021-07-17,2021,7,17,Saturday,0.0,700000.0,700000.0,7.0,0,700000.0,7.0,0,,,https://www.adzuna.in/details/2325241321?utm_medium=api&utm_source=f46203c2
5861794201,Business Analyst,WeblineIndia,Business Analyst,IT Jobs,Mid-Level,2,Ahmedabad,Gujarat,India,"Ahmedabad, Gujarat",0,unspecified,unspecified,2026-08-30 07:40:13,2026-08-30,2026,8,30,Sunday,,,,,1,700000.0,7.0,1,23.042,72.59465,https://www.adzuna.in/details/5861794201?utm_medium=api&utm_source=f46203c2
5888772718,Business Analyst,Kyndryl,Business Analyst,IT Jobs,Mid-Level,2,Bengaluru,Karnataka,India,"Bangalore, Karnataka",0,unspecified,unspecified,2026-09-18 11:11:39,2026-09-18,2026,9,18,Friday,,,,,1,700000.0,7.0,1,12.95703,77.59837,https://www.adzuna.in/details/5888772718?utm_medium=api&utm_source=f46203c2
5891914053,Business Analyst,London Stock Exchange Group,Business Analyst,IT Jobs,Mid-Level,2,Unspecified / Pan-India,Unspecified,India,India,0,full_time,unspecified,2026-09-20 21:57:36,2026-09-20,2026,9,20,Sunday,,,,,1,700000.0,7.0,1,,,https://www.adzuna.in/details/5891914053?utm_medium=api&utm_source=f46203c2
5298595746,Business Analyst,Flight Centre,Business Analyst,IT Jobs,Mid-Level,2,Unspecified / Pan-India,Unspecified,India,India,0,full_time,unspecified,2025-07-12 02:41:10,2025-07-12,2025,7,12,Saturday,,,,,1,700000.0,7.0,1,,,https://www.adzuna.in/details/5298595746?utm_medium=api&utm_source=f46203c2
5377593019,Business Analyst,Flight Centre,Business Analyst,IT Jobs,Mid-Level,2,Unspecified / Pan-India,Unspecified,India,India,0,full_time,unspecified,2025-09-01 17:17:58,2025-09-01,2025,9,1,Monday,,,,,1,700000.0,7.0,1,,,https://www.adzuna.in/details/5377593019?utm_medium=api&utm_source=f46203c2
5446299092,Business Analyst,TIGI HR Solution Pvt. Ltd.,Business Analyst,IT Jobs,Mid-Level,2,Pune,Maharashtra,India,"Pune, Maharashtra",0,full_time,unspecified,2025-10-14 06:42:47,2025-10-14,2025,10,14,Tuesday,1400000.0,1500000.0,1450000.0,14.5,0,1450000.0,14.5,0,18.5062,73.84735,https://www.adzuna.in/details/5446299092?utm_medium=api&utm_source=f46203c2
5806901536,Business Analyst,NetApp,Business Analyst,IT Jobs,Mid-Level,2,Bengaluru,Karnataka,India,"Bangalore, Karnataka",0,unspecified,unspecified,2026-07-19 10:45:36,2026-07-19,2026,7,19,Sunday,,,,,1,700000.0,7.0,1,,,https://www.adzuna.in/details/5806901536?utm_medium=api&utm_source=f46203c2
5835746642,Business Analyst,Financial Services,Business Analyst,Accounting & Finance Jobs,Mid-Level,2,Unspecified / Pan-India,Unspecified,India,India,0,full_time,unspecified,2026-08-10 21:04:01,2026-08-10,2026,8,10,Monday,600000.0,600000.0,600000.0,6.0,0,600000.0,6.0,0,,,https://www.adzuna.in/details/5835746642?utm_medium=api&utm_source=f46203c2
2959776708,Business Analyst,CareerNet,Business Analyst,IT Jobs,Mid-Level,2,Bengaluru,Karnataka,India,"Bangalore, Karnataka",0,full_time,unspecified,2022-03-10 05:07:13,2022-03-10,2022,3,10,Thursday,1000000.0,1500000.0,1250000.0,12.5,0,1250000.0,12.5,0,,,https://www.adzuna.in/details/2959776708?utm_medium=api&utm_source=f46203c2
2965122046,Business Analyst,Process Master Technologies Pvt Ltd,Business Analyst,IT Jobs,Mid-Level,2,Indore,Madhya Pradesh,India,"Indore, Madhya Pradesh",0,full_time,unspecified,2022-03-12 05:07:50,2022-03-12,2022,3,12,Saturday,200000.0,300000.0,250000.0,2.5,0,250000.0,2.5,0,22.66215,75.9035,https://www.adzuna.in/details/2965122046?utm_medium=api&utm_source=f46203c2
2196097763,Business Analyst,Matellio Inc,Business Analyst,IT Jobs,Mid-Level,2,Jaipur,Rajasthan,India,"Jaipur, Rajasthan",0,full_time,unspecified,2021-05-19 16:09:17,2021-05-19,2021,5,19,Wednesday,500000.0,2000000.0,1250000.0,12.5,0,1250000.0,12.5,0,26.7441,75.9469,https://www.adzuna.in/details/2196097763?utm_medium=api&utm_source=f46203c2
1161744254,Business Analyst,ODeX India solutions private limited,Business Analyst,IT Jobs,Mid-Level,2,Mumbai,Maharashtra,India,"Mumbai, Maharashtra",0,full_time,unspecified,2019-05-24 22:10:56,2019-05-24,2019,5,24,Friday,500000.0,800000.0,650000.0,6.5,0,650000.0,6.5,0,19.00821,72.84415,https://www.adzuna.in/details/1161744254?utm_medium=api&utm_source=f46203c2
2439782727,Business Analyst,education asia,Business Analyst,Sales Jobs,Mid-Level,2,Bhubaneswar,Orissa,India,"Bhubaneswar, Khordha",0,full_time,unspecified,2021-09-08 02:40:53,2021-09-08,2021,9,8,Wednesday,0.0,800000.0,800000.0,8.0,0,800000.0,8.0,0,20.2697,85.85055,https://www.adzuna.in/details/2439782727?utm_medium=api&utm_source=f46203c2
2177265217,Business Analyst,WWWNEXTLEAPADVISORYCOM,Business Analyst,IT Jobs,Mid-Level,2,Noida,Uttar Pradesh,India,"Noida, Ghaziabad",0,full_time,unspecified,2021-05-11 13:00:52,2021-05-11,2021,5,11,Tuesday,500000.0,2000000.0,1250000.0,12.5,0,1250000.0,12.5,0,28.56579,77.3225,https://www.adzuna.in/details/2177265217?utm_medium=api&utm_source=f46203c2
1155089241,Business Analyst,Pinnacle Seven Technologies,Business Analyst,IT Jobs,Mid-Level,2,Coimbatore,Tamil Nadu,India,"Coimbatore, Tamil Nadu",0,full_time,unspecified,2019-05-17 21:02:44,2019-05-17,2019,5,17,Friday,100000.0,300000.0,200000.0,2.0,0,200000.0,2.0,0,11.017171,77.100203,https://www.adzuna.in/details/1155089241?utm_medium=api&utm_source=f46203c2
5686124032,Business Analyst,Emerson,Business Analyst,IT Jobs,Mid-Level,2,Chennai,Tamil Nadu,India,"Chennai, Tamil Nadu",0,full_time,unspecified,2026-04-02 02:01:46,2026-04-02,2026,4,2,Thursday,,,,,1,700000.0,7.0,1,13.06041,80.24963,https://www.adzuna.in/details/5686124032?utm_medium=api&utm_source=f46203c2
4824921501,Business Analyst,Infibeam Avenues Limited,Business Analyst,IT Jobs,Mid-Level,2,Delhi NCR,Delhi,India,"Delhi, India",0,full_time,unspecified,2024-08-14 11:10:08,2024-08-14,2024,8,14,Wednesday,800000.0,1500000.0,1150000.0,11.5,0,1150000.0,11.5,0,28.62523,77.224601,https://www.adzuna.in/details/4824921501?utm_medium=api&utm_source=f46203c2
2109435306,Business Analyst,mcoxley intellect management,Business Analyst,IT Jobs,Mid-Level,2,Chennai,Tamil Nadu,India,"Chennai, Tamil Nadu",0,full_time,unspecified,2021-04-10 05:17:22,2021-04-10,2021,4,10,Saturday,600000.0,800000.0,700000.0,7.0,0,700000.0,7.0,0,13.06041,80.24963,https://www.adzuna.in/details/2109435306?utm_medium=api&utm_source=f46203c2
2128686938,Business Analyst,Adiyogi Technosoft Pvt Ltd,Business Analyst,Sales Jobs,Mid-Level,2,Jodhpur,Rajasthan,India,"Jodhpur, Rajasthan",0,full_time,unspecified,2021-04-20 14:20:25,2021-04-20,2021,4,20,Tuesday,0.0,400000.0,400000.0,4.0,0,400000.0,4.0,0,26.3379,73.0305,https://www.adzuna.in/details/2128686938?utm_medium=api&utm_source=f46203c2
2138169898,Business Analyst,Acadecraft,Business Analyst,IT Jobs,Mid-Level,2,Pune,Maharashtra,India,"Pune, Maharashtra",0,full_time,unspecified,2021-04-24 11:42:43,2021-04-24,2021,4,24,Saturday,0.0,600000.0,600000.0,6.0,0,600000.0,6.0,0,18.5062,73.84735,https://www.adzuna.in/details/2138169898?utm_medium=api&utm_source=f46203c2
1171508841,Business Analyst,MAW Media Pvt Ltd,Business Analyst,Consultancy Jobs,Mid-Level,2,Delhi NCR,Delhi,India,"Delhi, India",0,full_time,unspecified,2019-06-05 21:12:21,2019-06-05,2019,6,5,Wednesday,100000.0,200000.0,150000.0,1.5,0,150000.0,1.5,0,,,https://www.adzuna.in/details/1171508841?utm_medium=api&utm_source=f46203c2
1871973303,Business Analyst,CRMnext,Business Analyst,IT Jobs,Mid-Level,2,Mumbai,Maharashtra,India,"Mumbai, Maharashtra",0,full_time,unspecified,2020-12-10 03:38:36,2020-12-10,2020,12,10,Thursday,0.0,800000.0,800000.0,8.0,0,800000.0,8.0,0,19.00821,72.84415,https://www.adzuna.in/details/1871973303?utm_medium=api&utm_source=f46203c2
2985082785,Business Analyst,Pinnacle Seven Technologies,Business Analyst,IT Jobs,Mid-Level,2,Coimbatore,Tamil Nadu,India,"Coimbatore, Tamil Nadu",0,full_time,unspecified,2022-03-20 05:10:29,2022-03-20,2022,3,20,Sunday,100000.0,300000.0,200000.0,2.0,0,200000.0,2.0,0,11.017171,77.100203,https://www.adzuna.in/details/2985082785?utm_medium=api&utm_source=f46203c2
2782428405,Business Analyst,Jobdost,Business Analyst,IT Jobs,Mid-Level,2,Unspecified / Pan-India,Unspecified,India,India,0,full_time,unspecified,2022-01-02 04:29:02,2022-01-02,2022,1,2,Sunday,1000000.0,2500000.0,1750000.0,17.5,0,1750000.0,17.5,0,,,https://www.adzuna.in/details/2782428405?utm_medium=api&utm_source=f46203c2
3916200841,Business Analyst,codersbrain,Business Analyst,IT Jobs,Mid-Level,2,Unspecified / Pan-India,Unspecified,India,India,0,full_time,unspecified,2023-02-10 08:27:44,2023-02-10,2023,2,10,Friday,400000.0,800000.0,600000.0,6.0,0,600000.0,6.0,0,,,https://www.adzuna.in/details/3916200841?utm_medium=api&utm_source=f46203c2
4895100261,Business analyst,Pluginlive,Business Analyst,IT Jobs,Mid-Level,2,Navi Mumbai,Maharashtra,India,"Navi Mumbai, Maharashtra",0,full_time,unspecified,2024-10-09 12:30:16,2024-10-09,2024,10,9,Wednesday,1000000.0,3000000.0,2000000.0,20.0,0,2000000.0,20.0,0,19.02,73.02,https://www.adzuna.in/details/4895100261?utm_medium=api&utm_source=f46203c2
4836571542,Business Analyst,Kapil Technologies PVT LTD,Business Analyst,IT Jobs,Mid-Level,2,Hyderabad,Telangana,India,"Hyderabad, Telangana",0,full_time,unspecified,2024-08-23 11:28:23,2024-08-23,2024,8,23,Friday,800000.0,1500000.0,1150000.0,11.5,0,1150000.0,11.5,0,17.40275,78.50806,https://www.adzuna.in/details/4836571542?utm_medium=api&utm_source=f46203c2
4593031753,Business Analyst,MTAP Technologies,Business Analyst,IT Jobs,Mid-Level,2,Navi Mumbai,Maharashtra,India,"Navi Mumbai, Maharashtra",0,full_time,unspecified,2024-03-05 15:43:57,2024-03-05,2024,3,5,Tuesday,500000.0,1000000.0,750000.0,7.5,0,750000.0,7.5,0,19.02,73.02,https://www.adzuna.in/details/4593031753?utm_medium=api&utm_source=f46203c2
4514375999,Business Analyst,Qrata,Business Analyst,IT Jobs,Mid-Level,2,Bengaluru,Karnataka,India,"Bangalore, Karnataka",0,full_time,unspecified,2024-01-07 15:07:41,2024-01-07,2024,1,7,Sunday,2000000.0,3000000.0,2500000.0,25.0,0,2500000.0,25.0,0,,,https://www.adzuna.in/details/4514375999?utm_medium=api&utm_source=f46203c2
4476844070,Business Analyst,Qsec Tiles,Business Analyst,IT Jobs,Mid-Level,2,Rajkot,Gujarat,India,"Rajkot, Gujarat",0,full_time,unspecified,2023-12-13 15:10:11,2023-12-13,2023,12,13,Wednesday,100000.0,450000.0,275000.0,2.75,0,275000.0,2.75,0,22.2965,70.77785,https://www.adzuna.in/details/4476844070?utm_medium=api&utm_source=f46203c2
4590721777,Business Analyst,People First Consultants,Business Analyst,IT Jobs,Mid-Level,2,Pune,Maharashtra,India,"Pune, Maharashtra",0,full_time,unspecified,2024-03-03 15:32:54,2024-03-03,2024,3,3,Sunday,,,,,1,700000.0,7.0,1,18.5062,73.84735,https://www.adzuna.in/details/4590721777?utm_medium=api&utm_source=f46203c2
4322837037,Business Analyst,New Era India,Business Analyst,IT Jobs,Mid-Level,2,Unspecified / Pan-India,Unspecified,India,India,0,full_time,unspecified,2023-09-20 13:15:02,2023-09-20,2023,9,20,Wednesday,1000000.0,3000000.0,2000000.0,20.0,0,2000000.0,20.0,0,,,https://www.adzuna.in/details/4322837037?utm_medium=api&utm_source=f46203c2
4514376112,Business Analyst,Qrata,Business Analyst,IT Jobs,Mid-Level,2,Bengaluru,Karnataka,India,"Bangalore, Karnataka",0,full_time,unspecified,2024-01-07 15:07:45,2024-01-07,2024,1,7,Sunday,1300000.0,1800000.0,1550000.0,15.5,0,1550000.0,15.5,0,,,https://www.adzuna.in/details/4514376112?utm_medium=api&utm_source=f46203c2
4992020376,Business Analyst,Sanguine Global,Business Analyst,IT Jobs,Mid-Level,2,Mumbai,Maharashtra,India,"Mumbai, Maharashtra",0,full_time,unspecified,2024-12-30 12:10:29,2024-12-30,2024,12,30,Monday,500000.0,2000000.0,1250000.0,12.5,0,1250000.0,12.5,0,19.00821,72.84415,https://www.adzuna.in/details/4992020376?utm_medium=api&utm_source=f46203c2
4992020290,Business Analyst,Anarock Technology,Business Analyst,IT Jobs,Mid-Level,2,Mumbai,Maharashtra,India,"Mumbai, Maharashtra",0,full_time,unspecified,2024-12-30 12:10:23,2024-12-30,2024,12,30,Monday,800000.0,1000000.0,900000.0,9.0,0,900000.0,9.0,0,19.00821,72.84415,https://www.adzuna.in/details/4992020290?utm_medium=api&utm_source=f46203c2
4386562988,Business Analyst,Merito,Business Analyst,IT Jobs,Mid-Level,2,Kolkata,West Bengal,India,"Kolkata, West Bengal",0,full_time,unspecified,2023-10-22 13:48:23,2023-10-22,2023,10,22,Sunday,800000.0,1000000.0,900000.0,9.0,0,900000.0,9.0,0,22.57285,88.34373,https://www.adzuna.in/details/4386562988?utm_medium=api&utm_source=f46203c2
4172911754,Business Analyst,Kapture CX,Business Analyst,IT Jobs,Mid-Level,2,Bengaluru,Karnataka,India,"Bangalore, Karnataka",0,full_time,unspecified,2023-06-27 17:07:06,2023-06-27,2023,6,27,Tuesday,300000.0,800000.0,550000.0,5.5,0,550000.0,5.5,0,,,https://www.adzuna.in/details/4172911754?utm_medium=api&utm_source=f46203c2
3035278763,Business Analyst,Multi Recruit,Business Analyst,IT Jobs,Mid-Level,2,Bengaluru,Karnataka,India,"Bangalore, Karnataka",0,full_time,unspecified,2022-04-08 05:19:51,2022-04-08,2022,4,8,Friday,1800000.0,2000000.0,1900000.0,19.0,0,1900000.0,19.0,0,,,https://www.adzuna.in/details/3035278763?utm_medium=api&utm_source=f46203c2
2325244612,Business Analyst,Catalyst IQ,Business Analyst,IT Jobs,Mid-Level,2,Mumbai,Maharashtra,India,"Mumbai, Maharashtra",0,full_time,unspecified,2021-07-17 22:45:42,2021-07-17,2021,7,17,Saturday,750000.0,2500000.0,1625000.0,16.25,0,1625000.0,16.25,0,19.00821,72.84415,https://www.adzuna.in/details/2325244612?utm_medium=api&utm_source=f46203c2
2072199033,Business Analyst,Variable Soft,Business Analyst,Sales Jobs,Mid-Level,2,Jaipur,Rajasthan,India,"Jaipur, Rajasthan",0,full_time,unspecified,2021-03-24 04:31:45,2021-03-24,2021,3,24,Wednesday,0.0,500000.0,500000.0,5.0,0,500000.0,5.0,0,26.7441,75.9469,https://www.adzuna.in/details/2072199033?utm_medium=api&utm_source=f46203c2
2509164414,Business Analyst,Perdect,Business Analyst,IT Jobs,Mid-Level,2,Jaipur,Rajasthan,India,"Jaipur, Rajasthan",0,full_time,unspecified,2021-10-02 04:35:08,2021-10-02,2021,10,2,Saturday,0.0,200000.0,200000.0,2.0,0,200000.0,2.0,0,26.7441,75.9469,https://www.adzuna.in/details/2509164414?utm_medium=api&utm_source=f46203c2
2092426583,Business Analyst,Hirextra,Business Analyst,IT Jobs,Mid-Level,2,Hyderabad,Telangana,India,"Hyderabad, Telangana",0,full_time,unspecified,2021-04-02 04:48:03,2021-04-02,2021,4,2,Friday,1500000.0,3500000.0,2500000.0,25.0,0,2500000.0,25.0,0,17.40275,78.50806,https://www.adzuna.in/details/2092426583?utm_medium=api&utm_source=f46203c2
3481771527,Business Analyst,Sourceone,Business Analyst,IT Jobs,Mid-Level,2,Pune,Maharashtra,India,"Pune, Maharashtra",0,full_time,unspecified,2022-09-13 06:47:10,2022-09-13,2022,9,13,Tuesday,1000000.0,1500000.0,1250000.0,12.5,0,1250000.0,12.5,0,18.5062,73.84735,https://www.adzuna.in/details/3481771527?utm_medium=api&utm_source=f46203c2
3546813211,Business Analyst,Merito,Business Analyst,IT Jobs,Mid-Level,2,Kolkata,West Bengal,India,"Kolkata, West Bengal",0,full_time,unspecified,2022-10-02 07:01:31,2022-10-02,2022,10,2,Sunday,2000000.0,3000000.0,2500000.0,25.0,0,2500000.0,25.0,0,22.57285,88.34373,https://www.adzuna.in/details/3546813211?utm_medium=api&utm_source=f46203c2
2486354089,Business Analyst,CES Information Technologies,Business Analyst,IT Jobs,Mid-Level,2,Unspecified / Pan-India,Unspecified,India,India,0,full_time,unspecified,2021-09-24 04:46:47,2021-09-24,2021,9,24,Friday,600000.0,1100000.0,850000.0,8.5,0,850000.0,8.5,0,,,https://www.adzuna.in/details/2486354089?utm_medium=api&utm_source=f46203c2
2577819310,Business Analyst,Wishup Technology Pvt Ltd,Business Analyst,IT Jobs,Mid-Level,2,Remote,Remote,India,India,1,full_time,unspecified,2021-10-26 04:51:59,2021-10-26,2021,10,26,Tuesday,400000.0,600000.0,500000.0,5.0,0,500000.0,5.0,0,,,https://www.adzuna.in/details/2577819310?utm_medium=api&utm_source=f46203c2
3845119269,Business Analyst,WebSpero Solutions,Business Analyst,IT Jobs,Mid-Level,2,Chandigarh / Mohali,Punjab,India,"Mohali, Punjab",0,full_time,unspecified,2023-01-13 06:33:53,2023-01-13,2023,1,13,Friday,450000.0,850000.0,650000.0,6.5,0,650000.0,6.5,0,30.7545,76.6406,https://www.adzuna.in/details/3845119269?utm_medium=api&utm_source=f46203c2
2631733710,Business Analyst,Rawdata Technologies Pvt Ltd,Business Analyst,IT Jobs,Mid-Level,2,Kochi,Kerala,India,"Kochi, Ernakulam",0,full_time,unspecified,2021-11-11 04:22:48,2021-11-11,2021,11,11,Thursday,300000.0,800000.0,550000.0,5.5,0,550000.0,5.5,0,9.98011,76.24637,https://www.adzuna.in/details/2631733710?utm_medium=api&utm_source=f46203c2
1352025256,Business Analyst,Biz4group,Business Analyst,IT Jobs,Mid-Level,2,Jaipur,Rajasthan,India,"Jaipur, Rajasthan",0,full_time,unspecified,2019-11-26 08:43:43,2019-11-26,2019,11,26,Tuesday,200000.0,600000.0,400000.0,4.0,0,400000.0,4.0,0,26.7441,75.9469,https://www.adzuna.in/details/1352025256?utm_medium=api&utm_source=f46203c2
4715496028,Business Analyst,Weverse Digital technologies Private Limited,Business Analyst,IT Jobs,Mid-Level,2,Mumbai,Maharashtra,India,"Mumbai, Maharashtra",0,full_time,unspecified,2024-06-01 07:11:13,2024-06-01,2024,6,1,Saturday,300000.0,400000.0,350000.0,3.5,0,350000.0,3.5,0,19.00821,72.84415,https://www.adzuna.in/details/4715496028?utm_medium=api&utm_source=f46203c2
3269975169,BUSINESS ANALYST,RDO India Pvt Ltd,Business Analyst,IT Jobs,Mid-Level,2,Unspecified / Pan-India,Unspecified,India,India,0,full_time,unspecified,2022-06-29 06:26:07,2022-06-29,2022,6,29,Wednesday,800000.0,850000.0,825000.0,8.25,0,825000.0,8.25,0,,,https://www.adzuna.in/details/3269975169?utm_medium=api&utm_source=f46203c2
3509176840,Business Analyst,Seven N Half,Business Analyst,Engineering Jobs,Mid-Level,2,Mumbai,Maharashtra,India,"Mumbai, Maharashtra",0,full_time,unspecified,2022-09-22 07:04:02,2022-09-22,2022,9,22,Thursday,300000.0,1500000.0,900000.0,9.0,0,900000.0,9.0,0,19.00821,72.84415,https://www.adzuna.in/details/3509176840?utm_medium=api&utm_source=f46203c2
3379798020,Business Analyst,MNR Solutions,Business Analyst,Accounting & Finance Jobs,Mid-Level,2,Noida,Uttar Pradesh,India,"Noida, Ghaziabad",0,full_time,unspecified,2022-08-06 06:35:45,2022-08-06,2022,8,6,Saturday,700000.0,1200000.0,950000.0,9.5,0,950000.0,9.5,0,28.56579,77.3225,https://www.adzuna.in/details/3379798020?utm_medium=api&utm_source=f46203c2
2992079299,Business Analyst,upGrad,Business Analyst,Consultancy Jobs,Mid-Level,2,Mumbai,Maharashtra,India,"Mumbai, Maharashtra",0,full_time,unspecified,2022-03-23 05:11:52,2022-03-23,2022,3,23,Wednesday,0.0,1600000.0,1600000.0,16.0,0,1600000.0,16.0,0,19.00821,72.84415,https://www.adzuna.in/details/2992079299?utm_medium=api&utm_source=f46203c2
2304187880,Business Analyst,Recruiting India,Business Analyst,IT Jobs,Mid-Level,2,Chennai,Tamil Nadu,India,"Chennai, Tamil Nadu",0,full_time,unspecified,2021-07-07 21:26:00,2021-07-07,2021,7,7,Wednesday,600000.0,1400000.0,1000000.0,10.0,0,1000000.0,10.0,0,13.06041,80.24963,https://www.adzuna.in/details/2304187880?utm_medium=api&utm_source=f46203c2
5351600269,Business Analyst,VY SYSTEMS PRIVATE LIMITED,Business Analyst,IT Jobs,Mid-Level,2,Chennai,Tamil Nadu,India,"Chennai, Tamil Nadu",0,full_time,unspecified,2025-08-14 05:39:13,2025-08-14,2025,8,14,Thursday,400000.0,1600000.0,1000000.0,10.0,0,1000000.0,10.0,0,13.06041,80.24963,https://www.adzuna.in/details/5351600269?utm_medium=api&utm_source=f46203c2
2667255768,Business Analyst,Beyond Pinks,Business Analyst,IT Jobs,Mid-Level,2,Hyderabad,Telangana,India,"Hyderabad, Telangana",0,full_time,unspecified,2021-11-22 05:19:38,2021-11-22,2021,11,22,Monday,0.0,1500000.0,1500000.0,15.0,0,1500000.0,15.0,0,17.40275,78.50806,https://www.adzuna.in/details/2667255768?utm_medium=api&utm_source=f46203c2
2572832386,Business Analyst,BitClass,Business Analyst,IT Jobs,Mid-Level,2,Bengaluru,Karnataka,India,"Bangalore, Karnataka",0,full_time,unspecified,2021-10-24 04:00:26,2021-10-24,2021,10,24,Sunday,0.0,2500000.0,2500000.0,25.0,0,2500000.0,25.0,0,,,https://www.adzuna.in/details/2572832386?utm_medium=api&utm_source=f46203c2
2566774995,Business Analyst,Growisto,Business Analyst,IT Jobs,Mid-Level,2,Mumbai,Maharashtra,India,"Mumbai, Maharashtra",0,full_time,unspecified,2021-10-22 05:05:11,2021-10-22,2021,10,22,Friday,700000.0,1200000.0,950000.0,9.5,0,950000.0,9.5,0,19.00821,72.84415,https://www.adzuna.in/details/2566774995?utm_medium=api&utm_source=f46203c2
2601848224,Business Analyst,Leena AI,Business Analyst,IT Jobs,Mid-Level,2,Unspecified / Pan-India,Unspecified,India,India,0,full_time,unspecified,2021-11-02 04:13:06,2021-11-02,2021,11,2,Tuesday,0.0,2500000.0,2500000.0,25.0,0,2500000.0,25.0,0,,,https://www.adzuna.in/details/2601848224?utm_medium=api&utm_source=f46203c2
1301202531,Business Analyst,Webonise Lab,Business Analyst,IT Jobs,Mid-Level,2,Pune,Maharashtra,India,"Pune, Maharashtra",0,full_time,unspecified,2019-10-17 06:33:32,2019-10-17,2019,10,17,Thursday,500000.0,800000.0,650000.0,6.5,0,650000.0,6.5,0,18.5062,73.84735,https://www.adzuna.in/details/1301202531?utm_medium=api&utm_source=f46203c2
1417374404,Business Analyst,Acess meditech pvt ltd,Business Analyst,IT Jobs,Mid-Level,2,Hyderabad,Telangana,India,"Hyderabad, Telangana",0,full_time,unspecified,2020-01-21 16:19:55,2020-01-21,2020,1,21,Tuesday,100000.0,400000.0,250000.0,2.5,0,250000.0,2.5,0,17.40275,78.50806,https://www.adzuna.in/details/1417374404?utm_medium=api&utm_source=f46203c2
2036169617,Business Analyst,Eco transport solution Private Limited,Business Analyst,IT Jobs,Mid-Level,2,Gandhinagar,Gujarat,India,"Gandhinagar, Gujarat",0,full_time,unspecified,2021-03-07 04:35:49,2021-03-07,2021,3,7,Sunday,0.0,200000.0,200000.0,2.0,0,200000.0,2.0,0,23.4896,72.645,https://www.adzuna.in/details/2036169617?utm_medium=api&utm_source=f46203c2
1161627517,business analyst,Technoloader,Business Analyst,IT Jobs,Mid-Level,2,Jaipur,Rajasthan,India,"Jaipur, Rajasthan",0,full_time,unspecified,2019-05-24 21:25:36,2019-05-24,2019,5,24,Friday,200000.0,900000.0,550000.0,5.5,0,550000.0,5.5,0,26.7441,75.9469,https://www.adzuna.in/details/1161627517?utm_medium=api&utm_source=f46203c2
1240707911,Business Analyst,"Kiwi, Inc.",Business Analyst,IT Jobs,Mid-Level,2,Bengaluru,Karnataka,India,"Bangalore, Karnataka",0,full_time,unspecified,2019-08-21 13:04:42,2019-08-21,2019,8,21,Wednesday,2000000.0,3000000.0,2500000.0,25.0,0,2500000.0,25.0,0,,,https://www.adzuna.in/details/1240707911?utm_medium=api&utm_source=f46203c2
5594469547,Business Analyst,Quess Enterprise,Business Analyst,Sales Jobs,Mid-Level,2,Bengaluru,Karnataka,India,"Bangalore, Karnataka",0,full_time,unspecified,2026-01-22 00:55:27,2026-01-22,2026,1,22,Thursday,,,,,1,700000.0,7.0,1,12.95703,77.59837,https://www.adzuna.in/details/5594469547?utm_medium=api&utm_source=f46203c2
4386563715,Business Analyst,Merito,Business Analyst,"PR, Advertising & Marketing Jobs",Mid-Level,2,Bengaluru,Karnataka,India,"Bangalore, Karnataka",0,full_time,unspecified,2023-10-22 13:49:01,2023-10-22,2023,10,22,Sunday,2000000.0,2500000.0,2250000.0,22.5,0,2250000.0,22.5,0,,,https://www.adzuna.in/details/4386563715?utm_medium=api&utm_source=f46203c2
4062142437,Business Analyst,Everest Engineering,Business Analyst,IT Jobs,Mid-Level,2,Unspecified / Pan-India,Unspecified,India,India,0,full_time,unspecified,2023-04-26 10:21:21,2023-04-26,2023,4,26,Wednesday,1200000.0,3500000.0,2350000.0,23.5,0,2350000.0,23.5,0,,,https://www.adzuna.in/details/4062142437?utm_medium=api&utm_source=f46203c2
4411059699,Business Analyst,Stanza Living,Business Analyst,IT Jobs,Mid-Level,2,Unspecified / Pan-India,Unspecified,India,India,0,full_time,unspecified,2023-11-03 14:47:59,2023-11-03,2023,11,3,Friday,1000000.0,1500000.0,1250000.0,12.5,0,1250000.0,12.5,0,,,https://www.adzuna.in/details/4411059699?utm_medium=api&utm_source=f46203c2
3952015837,Business Analyst,Rezo.AI,Business Analyst,IT Jobs,Mid-Level,2,Noida,Uttar Pradesh,India,"Noida, Ghaziabad",0,full_time,unspecified,2023-03-02 02:02:30,2023-03-02,2023,3,2,Thursday,1500000.0,2500000.0,2000000.0,20.0,0,2000000.0,20.0,0,28.56579,77.3225,https://www.adzuna.in/details/3952015837?utm_medium=api&utm_source=f46203c2
3949356907,Business Analyst,People First Consultants,Business Analyst,IT Jobs,Mid-Level,2,Chennai,Tamil Nadu,India,"Chennai, Tamil Nadu",0,full_time,unspecified,2023-03-01 01:41:41,2023-03-01,2023,3,1,Wednesday,1700000.0,2200000.0,1950000.0,19.5,0,1950000.0,19.5,0,13.06041,80.24963,https://www.adzuna.in/details/3949356907?utm_medium=api&utm_source=f46203c2
3775845739,Business Analyst,Seventh Triangle,Business Analyst,IT Jobs,Mid-Level,2,Delhi NCR,Delhi,India,"Delhi, India",0,full_time,unspecified,2022-12-15 06:13:35,2022-12-15,2022,12,15,Thursday,200000.0,500000.0,350000.0,3.5,0,350000.0,3.5,0,28.62523,77.224601,https://www.adzuna.in/details/3775845739?utm_medium=api&utm_source=f46203c2
5329698212,Business Analyst,Smartworks,Business Analyst,IT Jobs,Mid-Level,2,Bengaluru,Karnataka,India,"Bangalore, Karnataka",0,full_time,unspecified,2025-07-31 17:03:46,2025-07-31,2025,7,31,Thursday,,,,,1,700000.0,7.0,1,12.95703,77.59837,https://www.adzuna.in/details/5329698212?utm_medium=api&utm_source=f46203c2
5329698861,Business Analyst,Smartworks,Business Analyst,IT Jobs,Mid-Level,2,Bengaluru,Karnataka,India,"Bangalore, Karnataka",0,full_time,unspecified,2025-07-31 17:04:22,2025-07-31,2025,7,31,Thursday,,,,,1,700000.0,7.0,1,12.95703,77.59837,https://www.adzuna.in/details/5329698861?utm_medium=api&utm_source=f46203c2
5324109247,Business Analyst,Unique IT Solution,Business Analyst,IT Jobs,Mid-Level,2,Ahmedabad,Gujarat,India,"Ahmedabad, Gujarat",0,full_time,unspecified,2025-07-27 07:41:08,2025-07-27,2025,7,27,Sunday,200000.0,300000.0,250000.0,2.5,0,250000.0,2.5,0,23.042,72.59465,https://www.adzuna.in/details/5324109247?utm_medium=api&utm_source=f46203c2
5329709616,Business Analyst,Smartworks,Business Analyst,Accounting & Finance Jobs,Mid-Level,2,Gurugram,Haryana,India,"Gurgaon, Haryana",0,full_time,unspecified,2025-07-31 17:08:12,2025-07-31,2025,7,31,Thursday,,,,,1,700000.0,7.0,1,28.323996,76.983738,https://www.adzuna.in/details/5329709616?utm_medium=api&utm_source=f46203c2
5723926098,Business analyst,Pericent BPMDMS software,Business Analyst,IT Jobs,Mid-Level,2,Jaipur,Rajasthan,India,"Jaipur, Rajasthan",0,full_time,permanent,2026-05-09 12:15:06,2026-05-09,2026,5,9,Saturday,300000.0,500000.0,400000.0,4.0,0,400000.0,4.0,0,26.7441,75.9469,https://www.adzuna.in/details/5723926098?utm_medium=api&utm_source=f46203c2
5731156344,Business analyst,ARCIS e Services,Business Analyst,IT Jobs,Mid-Level,2,Unspecified / Pan-India,Unspecified,India,India,0,full_time,unspecified,2026-05-16 11:55:06,2026-05-16,2026,5,16,Saturday,100000.0,600000.0,350000.0,3.5,0,350000.0,3.5,0,,,https://www.adzuna.in/details/5731156344?utm_medium=api&utm_source=f46203c2
5329695412,Business Analyst,Smartworks,Business Analyst,IT Jobs,Mid-Level,2,Bengaluru,Karnataka,India,"Bangalore, Karnataka",0,full_time,unspecified,2025-07-31 16:59:11,2025-07-31,2025,7,31,Thursday,,,,,1,700000.0,7.0,1,12.95703,77.59837,https://www.adzuna.in/details/5329695412?utm_medium=api&utm_source=f46203c2
5739067082,Business Analyst,GetixHealth,Business Analyst,Accounting & Finance Jobs,Mid-Level,2,Bengaluru,Karnataka,India,"Kenchanahalli, Bangalore",0,full_time,unspecified,2026-05-24 02:09:40,2026-05-24,2026,5,24,Sunday,,,,,1,700000.0,7.0,1,12.94715,77.57888,https://www.adzuna.in/details/5739067082?utm_medium=api&utm_source=f46203c2
5280025743,Business analyst,Mario bro,Business Analyst,IT Jobs,Mid-Level,2,Jalgaon,Maharashtra,India,"Jalgaon, Maharashtra",0,full_time,unspecified,2025-07-02 20:32:40,2025-07-02,2025,7,2,Wednesday,,,,,1,700000.0,7.0,1,20.8483,75.44355,https://www.adzuna.in/details/5280025743?utm_medium=api&utm_source=f46203c2
5821219494,Business Analyst,Capco,Business Analyst,IT Jobs,Mid-Level,2,Unspecified / Pan-India,Unspecified,India,India,0,unspecified,unspecified,2026-07-30 20:53:20,2026-07-30,2026,7,30,Thursday,,,,,1,700000.0,7.0,1,,,https://www.adzuna.in/details/5821219494?utm_medium=api&utm_source=f46203c2
5820996358,Business Analyst,Apprication pvt ltd,Business Analyst,IT Jobs,Mid-Level,2,Mumbai,Maharashtra,India,"Mumbai, Maharashtra",0,full_time,unspecified,2026-07-30 16:00:19,2026-07-30,2026,7,30,Thursday,500000.0,800000.0,650000.0,6.5,0,650000.0,6.5,0,19.00821,72.84415,https://www.adzuna.in/details/5820996358?utm_medium=api&utm_source=f46203c2
5831405367,Business Analyst,Tenacious Techies,Business Analyst,IT Jobs,Mid-Level,2,Surat,Gujarat,India,"Surat, Gujarat",0,unspecified,unspecified,2026-08-07 07:35:32,2026-08-07,2026,8,7,Friday,,,,,1,700000.0,7.0,1,21.18955,72.8318,https://www.adzuna.in/details/5831405367?utm_medium=api&utm_source=f46203c2
5831402619,Business Analyst,ASM Technologies,Business Analyst,IT Jobs,Mid-Level,2,Chandigarh / Mohali,Punjab,India,"Mohali, Punjab",0,unspecified,unspecified,2026-08-07 07:32:50,2026-08-07,2026,8,7,Friday,,,,,1,700000.0,7.0,1,30.7545,76.6406,https://www.adzuna.in/details/5831402619?utm_medium=api&utm_source=f46203c2
5832799305,Business Analyst,Ebizon Net Info,Business Analyst,"PR, Advertising & Marketing Jobs",Mid-Level,2,Noida,Uttar Pradesh,India,"Noida, Ghaziabad",0,unspecified,unspecified,2026-08-08 07:32:08,2026-08-08,2026,8,8,Saturday,,,,,1,700000.0,7.0,1,28.56579,77.3225,https://www.adzuna.in/details/5832799305?utm_medium=api&utm_source=f46203c2
5839225641,Business Analyst,Foray Software Private Limited,Business Analyst,IT Jobs,Mid-Level,2,Bengaluru,Karnataka,India,"Bangalore, Karnataka",0,unspecified,unspecified,2026-08-13 07:33:15,2026-08-13,2026,8,13,Thursday,,,,,1,700000.0,7.0,1,,,https://www.adzuna.in/details/5839225641?utm_medium=api&utm_source=f46203c2
5839221883,Business Analyst,Sun Dew Solutions Private Limited,Business Analyst,IT Jobs,Mid-Level,2,Kolkata,West Bengal,India,"Kolkata, West Bengal",0,unspecified,unspecified,2026-08-13 07:32:18,2026-08-13,2026,8,13,Thursday,,,,,1,700000.0,7.0,1,22.57285,88.34373,https://www.adzuna.in/details/5839221883?utm_medium=api&utm_source=f46203c2
5829200282,Business Analyst,University Living,Business Analyst,Sales Jobs,Mid-Level,2,Noida,Uttar Pradesh,India,"Noida, Ghaziabad",0,unspecified,unspecified,2026-08-05 20:57:16,2026-08-05,2026,8,5,Wednesday,,,,,1,700000.0,7.0,1,28.56579,77.3225,https://www.adzuna.in/details/5829200282?utm_medium=api&utm_source=f46203c2
5841130770,Business Analyst,Laminaar Aviation Infotech India,Business Analyst,IT Jobs,Mid-Level,2,Bengaluru,Karnataka,India,"Bangalore, Karnataka",0,unspecified,unspecified,2026-08-14 07:34:51,2026-08-14,2026,8,14,Friday,,,,,1,700000.0,7.0,1,,,https://www.adzuna.in/details/5841130770?utm_medium=api&utm_source=f46203c2
5848360536,Business Analyst,Ralliant,Business Analyst,IT Jobs,Mid-Level,2,Unspecified / Pan-India,Unspecified,India,India,0,full_time,unspecified,2026-08-19 20:47:33,2026-08-19,2026,8,19,Wednesday,,,,,1,700000.0,7.0,1,,,https://www.adzuna.in/details/5848360536?utm_medium=api&utm_source=f46203c2
5850380216,Business Analyst,Indus Towers,Business Analyst,IT Jobs,Mid-Level,2,Jammu,Jammu and Kashmir,India,"Jammu, Jammu and Kashmir",0,unspecified,unspecified,2026-08-21 07:40:04,2026-08-21,2026,8,21,Friday,,,,,1,700000.0,7.0,1,32.72965,74.80659,https://www.adzuna.in/details/5850380216?utm_medium=api&utm_source=f46203c2
5839225581,Business Analyst,Foray Software Private Limited,Business Analyst,IT Jobs,Mid-Level,2,Bengaluru,Karnataka,India,"Bangalore, Karnataka",0,unspecified,unspecified,2026-08-13 07:33:12,2026-08-13,2026,8,13,Thursday,,,,,1,700000.0,7.0,1,,,https://www.adzuna.in/details/5839225581?utm_medium=api&utm_source=f46203c2
5850375877,Business Analyst,Weir,Business Analyst,IT Jobs,Mid-Level,2,Bengaluru,Karnataka,India,"Bangalore, Karnataka",0,unspecified,unspecified,2026-08-21 07:38:47,2026-08-21,2026,8,21,Friday,,,,,1,700000.0,7.0,1,,,https://www.adzuna.in/details/5850375877?utm_medium=api&utm_source=f46203c2
5860534478,Business Analyst,Nutanix,Business Analyst,IT Jobs,Mid-Level,2,Bengaluru,Karnataka,India,"Bangalore, Karnataka",0,unspecified,unspecified,2026-08-29 07:40:07,2026-08-29,2026,8,29,Saturday,,,,,1,700000.0,7.0,1,,,https://www.adzuna.in/details/5860534478?utm_medium=api&utm_source=f46203c2
5861792749,Business Analyst,People tech,Business Analyst,Accounting & Finance Jobs,Mid-Level,2,Hyderabad,Telangana,India,"Hyderabad, Telangana",0,unspecified,unspecified,2026-08-30 07:39:03,2026-08-30,2026,8,30,Sunday,,,,,1,700000.0,7.0,1,17.40275,78.50806,https://www.adzuna.in/details/5861792749?utm_medium=api&utm_source=f46203c2
5861792780,Business Analyst,People tech,Business Analyst,IT Jobs,Mid-Level,2,Hyderabad,Telangana,India,"Hyderabad, Telangana",0,unspecified,unspecified,2026-08-30 07:39:03,2026-08-30,2026,8,30,Sunday,,,,,1,700000.0,7.0,1,17.40275,78.50806,https://www.adzuna.in/details/5861792780?utm_medium=api&utm_source=f46203c2
5861794160,Business Analyst,WeblineIndia,Business Analyst,IT Jobs,Mid-Level,2,Ahmedabad,Gujarat,India,"Ahmedabad, Gujarat",0,unspecified,unspecified,2026-08-30 07:40:12,2026-08-30,2026,8,30,Sunday,,,,,1,700000.0,7.0,1,23.042,72.59465,https://www.adzuna.in/details/5861794160?utm_medium=api&utm_source=f46203c2
5686848832,Business Analyst,Emerson,Business Analyst,IT Jobs,Mid-Level,2,Chennai,Tamil Nadu,India,"Chennai, Tamil Nadu",0,unspecified,unspecified,2026-04-02 09:37:22,2026-04-02,2026,4,2,Thursday,,,,,1,700000.0,7.0,1,13.06041,80.24963,https://www.adzuna.in/details/5686848832?utm_medium=api&utm_source=f46203c2
5868115386,Business Analyst,GeBBS Healthcare Solutions,Business Analyst,IT Jobs,Mid-Level,2,Hyderabad,Telangana,India,"Hyderabad, Telangana",0,unspecified,unspecified,2026-09-03 07:59:07,2026-09-03,2026,9,3,Thursday,,,,,1,700000.0,7.0,1,17.40275,78.50806,https://www.adzuna.in/details/5868115386?utm_medium=api&utm_source=f46203c2
5847853011,Business Analyst,Ralliant,Business Analyst,IT Jobs,Mid-Level,2,Unspecified / Pan-India,Unspecified,India,India,0,unspecified,unspecified,2026-08-19 11:11:46,2026-08-19,2026,8,19,Wednesday,,,,,1,700000.0,7.0,1,,,https://www.adzuna.in/details/5847853011?utm_medium=api&utm_source=f46203c2
5869817834,Business Analyst,Vakilsearch,Business Analyst,IT Jobs,Mid-Level,2,Chennai,Tamil Nadu,India,"Chennai, Tamil Nadu",0,unspecified,unspecified,2026-09-04 07:37:03,2026-09-04,2026,9,4,Friday,,,,,1,700000.0,7.0,1,13.06041,80.24963,https://www.adzuna.in/details/5869817834?utm_medium=api&utm_source=f46203c2
5869817157,Business Analyst,Tudip Technologies,Business Analyst,IT Jobs,Mid-Level,2,Pune,Maharashtra,India,"Pune, Maharashtra",0,unspecified,unspecified,2026-09-04 07:36:43,2026-09-04,2026,9,4,Friday,,,,,1,700000.0,7.0,1,18.5062,73.84735,https://www.adzuna.in/details/5869817157?utm_medium=api&utm_source=f46203c2
5869817165,Business Analyst,Tudip Technologies,Business Analyst,IT Jobs,Mid-Level,2,Bengaluru,Karnataka,India,"Bangalore, Karnataka",0,unspecified,unspecified,2026-09-04 07:36:43,2026-09-04,2026,9,4,Friday,,,,,1,700000.0,7.0,1,,,https://www.adzuna.in/details/5869817165?utm_medium=api&utm_source=f46203c2
5869817151,Business Analyst,Tudip Technologies,Business Analyst,IT Jobs,Mid-Level,2,Hyderabad,Telangana,India,"Hyderabad, Telangana",0,unspecified,unspecified,2026-09-04 07:36:42,2026-09-04,2026,9,4,Friday,,,,,1,700000.0,7.0,1,17.40275,78.50806,https://www.adzuna.in/details/5869817151?utm_medium=api&utm_source=f46203c2
5869817171,Business Analyst,Tudip Technologies,Business Analyst,IT Jobs,Mid-Level,2,Chennai,Tamil Nadu,India,"Chennai, Tamil Nadu",0,unspecified,unspecified,2026-09-04 07:36:43,2026-09-04,2026,9,4,Friday,,,,,1,700000.0,7.0,1,13.06041,80.24963,https://www.adzuna.in/details/5869817171?utm_medium=api&utm_source=f46203c2
5869817154,Business Analyst,Tudip Technologies,Business Analyst,IT Jobs,Mid-Level,2,Delhi NCR,Delhi,India,"Delhi, India",0,unspecified,unspecified,2026-09-04 07:36:43,2026-09-04,2026,9,4,Friday,,,,,1,700000.0,7.0,1,,,https://www.adzuna.in/details/5869817154?utm_medium=api&utm_source=f46203c2
5868702000,Business Analyst,Rapyuta Robotics,Business Analyst,Engineering Jobs,Mid-Level,2,Chennai,Tamil Nadu,India,"Chennai, Tamil Nadu",0,full_time,unspecified,2026-09-03 16:08:29,2026-09-03,2026,9,3,Thursday,,,,,1,700000.0,7.0,1,13.06041,80.24963,https://www.adzuna.in/details/5868702000?utm_medium=api&utm_source=f46203c2
5877276190,Business Analyst,EXL,Business Analyst,Accounting & Finance Jobs,Mid-Level,2,Unspecified / Pan-India,Unspecified,India,India,0,full_time,unspecified,2026-09-09 21:24:42,2026-09-09,2026,9,9,Wednesday,,,,,1,700000.0,7.0,1,,,https://www.adzuna.in/details/5877276190?utm_medium=api&utm_source=f46203c2
5878929189,business analyst,Happiest Resume,Business Analyst,Admin Jobs,Mid-Level,2,Ghaziabad,Uttar Pradesh,India,"Ghaziabad, Uttar Pradesh",0,full_time,unspecified,2026-09-11 04:02:24,2026-09-11,2026,9,11,Friday,500000.0,700000.0,600000.0,6.0,0,600000.0,6.0,0,28.6735,77.4199,https://www.adzuna.in/details/5878929189?utm_medium=api&utm_source=f46203c2
5876480359,Business Analyst,C1,Business Analyst,IT Jobs,Mid-Level,2,Hyderabad,Telangana,India,"Hyderabad, Telangana",0,unspecified,unspecified,2026-09-09 07:37:40,2026-09-09,2026,9,9,Wednesday,,,,,1,700000.0,7.0,1,17.40275,78.50806,https://www.adzuna.in/details/5876480359?utm_medium=api&utm_source=f46203c2
5876482364,Business Analyst,The Digital Group Infotech,Business Analyst,IT Jobs,Mid-Level,2,Pune,Maharashtra,India,"Pune, Maharashtra",0,unspecified,unspecified,2026-09-09 07:39:32,2026-09-09,2026,9,9,Wednesday,,,,,1,700000.0,7.0,1,18.5062,73.84735,https://www.adzuna.in/details/5876482364?utm_medium=api&utm_source=f46203c2
5843156709,Business Analyst,Havas,Business Analyst,IT Jobs,Mid-Level,2,Unspecified / Pan-India,Unspecified,India,India,0,full_time,permanent,2026-08-15 20:43:43,2026-08-15,2026,8,15,Saturday,,,,,1,700000.0,7.0,1,,,https://www.adzuna.in/details/5843156709?utm_medium=api&utm_source=f46203c2
5882768656,Business Analyst,Amex,Business Analyst,IT Jobs,Mid-Level,2,Gurugram,Haryana,India,"Gurgaon, Haryana",0,full_time,unspecified,2026-09-13 21:35:09,2026-09-13,2026,9,13,Sunday,,,,,1,700000.0,7.0,1,28.323996,76.983738,https://www.adzuna.in/details/5882768656?utm_medium=api&utm_source=f46203c2
5885975382,Business analyst,Uffizio,Business Analyst,IT Jobs,Mid-Level,2,Surat,Gujarat,India,"Surat, Gujarat",0,full_time,unspecified,2026-09-16 16:15:29,2026-09-16,2026,9,16,Wednesday,,,,,1,700000.0,7.0,1,21.18955,72.8318,https://www.adzuna.in/details/5885975382?utm_medium=api&utm_source=f46203c2
5883282170,Business Analyst,NetApp,Business Analyst,IT Jobs,Mid-Level,2,Bengaluru,Karnataka,India,"Bangalore, Karnataka",0,unspecified,unspecified,2026-09-14 11:18:50,2026-09-14,2026,9,14,Monday,,,,,1,700000.0,7.0,1,,,https://www.adzuna.in/details/5883282170?utm_medium=api&utm_source=f46203c2
5727098564,Business Analyst,Acura Solution,Business Analyst,IT Jobs,Mid-Level,2,Mumbai,Maharashtra,India,"Mumbai, Maharashtra",0,full_time,unspecified,2026-05-13 01:59:31,2026-05-13,2026,5,13,Wednesday,,,,,1,700000.0,7.0,1,19.00821,72.84415,https://www.adzuna.in/details/5727098564?utm_medium=api&utm_source=f46203c2
5727095874,Business Analyst,Pplanet HR Services,Business Analyst,Logistics & Warehouse Jobs,Mid-Level,2,Mumbai,Maharashtra,India,"Mumbai, Maharashtra",0,full_time,unspecified,2026-05-13 01:59:00,2026-05-13,2026,5,13,Wednesday,600000.0,600000.0,600000.0,6.0,0,600000.0,6.0,0,19.00821,72.84415,https://www.adzuna.in/details/5727095874?utm_medium=api&utm_source=f46203c2
5728339319,Business Analyst,MM Staffing & Career Consultants,Business Analyst,IT Jobs,Mid-Level,2,Bengaluru,Karnataka,India,"Bangalore, Karnataka",0,unspecified,contract,2026-05-14 02:18:27,2026-05-14,2026,5,14,Thursday,,,,,1,700000.0,7.0,1,,,https://www.adzuna.in/details/5728339319?utm_medium=api&utm_source=f46203c2
5859770044,Business Analyst,Quality Engineering,Business Analyst,Accounting & Finance Jobs,Mid-Level,2,Unspecified / Pan-India,Unspecified,India,India,0,full_time,unspecified,2026-08-28 21:00:33,2026-08-28,2026,8,28,Friday,,,,,1,700000.0,7.0,1,,,https://www.adzuna.in/details/5859770044?utm_medium=api&utm_source=f46203c2
5727202708,Business Analyst,Acura Solution,Business Analyst,IT Jobs,Mid-Level,2,Chennai,Tamil Nadu,India,"Chennai, Tamil Nadu",0,full_time,unspecified,2026-05-13 02:10:09,2026-05-13,2026,5,13,Wednesday,,,,,1,700000.0,7.0,1,13.06041,80.24963,https://www.adzuna.in/details/5727202708?utm_medium=api&utm_source=f46203c2
5729733840,Business Analyst,Right Advisors,Business Analyst,IT Jobs,Mid-Level,2,Bengaluru,Karnataka,India,"Bangalore, Karnataka",0,full_time,unspecified,2026-05-15 02:22:35,2026-05-15,2026,5,15,Friday,600000.0,600000.0,600000.0,6.0,0,600000.0,6.0,0,,,https://www.adzuna.in/details/5729733840?utm_medium=api&utm_source=f46203c2
5835741008,Business Analyst,Financial Services,Business Analyst,IT Jobs,Mid-Level,2,Unspecified / Pan-India,Unspecified,India,India,0,unspecified,unspecified,2026-08-10 20:59:40,2026-08-10,2026,8,10,Monday,,,,,1,700000.0,7.0,1,,,https://www.adzuna.in/details/5835741008?utm_medium=api&utm_source=f46203c2
5883250964,Business Analyst,Hirestar job Bank,Business Analyst,IT Jobs,Mid-Level,2,Kochi,Kerala,India,"Kochi, Ernakulam",0,unspecified,unspecified,2026-09-14 10:48:38,2026-09-14,2026,9,14,Monday,80000.0,100000.0,90000.0,0.9,0,90000.0,0.9,0,9.98011,76.24637,https://www.adzuna.in/details/5883250964?utm_medium=api&utm_source=f46203c2
4686700314,Business Analyst,Unknown,Business Analyst,"PR, Advertising & Marketing Jobs",Mid-Level,2,Noida,Uttar Pradesh,India,"Noida, Ghaziabad",0,unspecified,unspecified,2024-05-10 07:38:18,2024-05-10,2024,5,10,Friday,,,,,1,700000.0,7.0,1,28.56579,77.3225,https://www.adzuna.in/details/4686700314?utm_medium=api&utm_source=f46203c2
5536646587,Business Analyst,Finastra Technology,Business Analyst,IT Jobs,Mid-Level,2,Pune,Maharashtra,India,"Pune, Maharashtra",0,full_time,unspecified,2025-12-11 00:29:04,2025-12-11,2025,12,11,Thursday,,,,,1,700000.0,7.0,1,18.5062,73.84735,https://www.adzuna.in/details/5536646587?utm_medium=api&utm_source=f46203c2
5900714118,Business Analyst,Bajaj Finance,Business Analyst,IT Jobs,Mid-Level,2,Unspecified / Pan-India,Unspecified,India,India,0,full_time,unspecified,2026-09-27 21:05:23,2026-09-27,2026,9,27,Sunday,,,,,1,700000.0,7.0,1,,,https://www.adzuna.in/details/5900714118?utm_medium=api&utm_source=f46203c2
5859754938,Business Analyst,Quality Engineering,Business Analyst,IT Jobs,Mid-Level,2,Unspecified / Pan-India,Unspecified,India,India,0,full_time,unspecified,2026-08-28 20:45:30,2026-08-28,2026,8,28,Friday,,,,,1,700000.0,7.0,1,,,https://www.adzuna.in/details/5859754938?utm_medium=api&utm_source=f46203c2
5859755449,Business Analyst,Quality Engineering,Business Analyst,IT Jobs,Mid-Level,2,Unspecified / Pan-India,Unspecified,India,India,0,full_time,unspecified,2026-08-28 20:46:25,2026-08-28,2026,8,28,Friday,,,,,1,700000.0,7.0,1,,,https://www.adzuna.in/details/5859755449?utm_medium=api&utm_source=f46203c2
5750957155,Business Analyst,Financial Services,Business Analyst,Accounting & Finance Jobs,Mid-Level,2,Unspecified / Pan-India,Unspecified,India,India,0,full_time,unspecified,2026-06-04 02:16:48,2026-06-04,2026,6,4,Thursday,100000.0,800000.0,450000.0,4.5,0,450000.0,4.5,0,,,https://www.adzuna.in/details/5750957155?utm_medium=api&utm_source=f46203c2
5727196529,Business Analyst,Mantras2Success,Business Analyst,IT Jobs,Mid-Level,2,Unspecified / Pan-India,Unspecified,India,India,0,full_time,unspecified,2026-05-13 02:09:37,2026-05-13,2026,5,13,Wednesday,600000.0,600000.0,600000.0,6.0,0,600000.0,6.0,0,,,https://www.adzuna.in/details/5727196529?utm_medium=api&utm_source=f46203c2
4686702428,Business Analyst,Unknown,Business Analyst,"PR, Advertising & Marketing Jobs",Mid-Level,2,Raipur,Chhattisgarh,India,"Raipur, Chhattisgarh",0,unspecified,unspecified,2024-05-10 07:38:32,2024-05-10,2024,5,10,Friday,,,,,1,700000.0,7.0,1,21.03681,82.2359,https://www.adzuna.in/details/4686702428?utm_medium=api&utm_source=f46203c2
4686707530,Business Analyst,Unknown,Business Analyst,IT Jobs,Mid-Level,2,Noida,Uttar Pradesh,India,"Noida, Ghaziabad",0,unspecified,unspecified,2024-05-10 07:39:10,2024-05-10,2024,5,10,Friday,,,,,1,700000.0,7.0,1,28.56579,77.3225,https://www.adzuna.in/details/4686707530?utm_medium=api&utm_source=f46203c2
4686706745,Business Analyst,Unknown,Business Analyst,IT Jobs,Mid-Level,2,Gurugram,Haryana,India,"Gurgaon, Haryana",0,unspecified,unspecified,2024-05-10 07:39:04,2024-05-10,2024,5,10,Friday,,,,,1,700000.0,7.0,1,28.323996,76.983738,https://www.adzuna.in/details/4686706745?utm_medium=api&utm_source=f46203c2
4686707769,Business Analyst,Unknown,Business Analyst,IT Jobs,Mid-Level,2,Mumbai,Maharashtra,India,"Mumbai, Maharashtra",0,unspecified,unspecified,2024-05-10 07:39:12,2024-05-10,2024,5,10,Friday,,,,,1,700000.0,7.0,1,19.00821,72.84415,https://www.adzuna.in/details/4686707769?utm_medium=api&utm_source=f46203c2
4686706847,Business Analyst,Unknown,Business Analyst,IT Jobs,Mid-Level,2,Navi Mumbai,Maharashtra,India,"Navi Mumbai, Maharashtra",0,unspecified,unspecified,2024-05-10 07:39:04,2024-05-10,2024,5,10,Friday,,,,,1,700000.0,7.0,1,19.02,73.02,https://www.adzuna.in/details/4686706847?utm_medium=api&utm_source=f46203c2
5851134480,Business Analyst,Quality Engineering,Business Analyst,IT Jobs,Mid-Level,2,Unspecified / Pan-India,Unspecified,India,India,0,full_time,unspecified,2026-08-21 20:40:47,2026-08-21,2026,8,21,Friday,,,,,1,700000.0,7.0,1,,,https://www.adzuna.in/details/5851134480?utm_medium=api&utm_source=f46203c2
5690114526,Business Analyst,Bajaj Finance,Business Analyst,IT Jobs,Mid-Level,2,Unspecified / Pan-India,Unspecified,India,India,0,full_time,unspecified,2026-04-05 02:02:27,2026-04-05,2026,4,5,Sunday,,,,,1,700000.0,7.0,1,,,https://www.adzuna.in/details/5690114526?utm_medium=api&utm_source=f46203c2
5551080056,Business Analyst,EXL,Business Analyst,IT Jobs,Mid-Level,2,Unspecified / Pan-India,Unspecified,India,India,0,full_time,unspecified,2025-12-22 00:07:19,2025-12-22,2025,12,22,Monday,,,,,1,700000.0,7.0,1,,,https://www.adzuna.in/details/5551080056?utm_medium=api&utm_source=f46203c2
5898496985,Business Analyst,Quality Engineering,Business Analyst,IT Jobs,Mid-Level,2,Unspecified / Pan-India,Unspecified,India,India,0,full_time,unspecified,2026-09-25 21:25:01,2026-09-25,2026,9,25,Friday,,,,,1,700000.0,7.0,1,,,https://www.adzuna.in/details/5898496985?utm_medium=api&utm_source=f46203c2
5859768756,Business Analyst,Quality Engineering,Business Analyst,IT Jobs,Mid-Level,2,Unspecified / Pan-India,Unspecified,India,India,0,full_time,unspecified,2026-08-28 20:59:16,2026-08-28,2026,8,28,Friday,,,,,1,700000.0,7.0,1,,,https://www.adzuna.in/details/5859768756?utm_medium=api&utm_source=f46203c2
5870527563,Data Analyst,Innodata Inc.,Business Analyst,IT Jobs,Mid-Level,2,Unspecified / Pan-India,Unspecified,India,India,0,unspecified,unspecified,2026-09-04 16:57:30,2026-09-04,2026,9,4,Friday,,,,,1,700000.0,7.0,1,,,https://www.adzuna.in/land/ad/5870527563?se=NJ-wdrC78RG3HbWPlKe6Vw&utm_medium=api&utm_source=f46203c2&v=3AE3F6D039668E42E5620EDDC560AB2A23B56122
5846723580,"ServiceNow ATF Developer, AS",Deutsche Bank,Business Analyst,IT Jobs,Mid-Level,2,Pune,Maharashtra,India,"Pune, Maharashtra",0,full_time,unspecified,2026-08-18 18:03:42,2026-08-18,2026,8,18,Tuesday,,,,,1,700000.0,7.0,1,18.5062,73.84735,https://www.adzuna.in/land/ad/5846723580?se=NJ-wdrC78RG3HbWPlKe6Vw&utm_medium=api&utm_source=f46203c2&v=9126FFCA97AB55CE3F679981673DF49BD2D3810E
5898263647,UAT Testing,Capco,Business Analyst,IT Jobs,Mid-Level,2,Mumbai,Maharashtra,India,"Mumbai, Maharashtra",0,full_time,unspecified,2026-09-25 16:35:07,2026-09-25,2026,9,25,Friday,,,,,1,700000.0,7.0,1,19.00821,72.84415,https://www.adzuna.in/land/ad/5898263647?se=NJ-wdrC78RG3HbWPlKe6Vw&utm_medium=api&utm_source=f46203c2&v=031E2023A10B69BFEF0D6900247A1FE36F733D95
5886486789,Product Designer - AI and Enterprise Software Job Posting Title here,Thermo Fisher Scientific,Business Analyst,IT Jobs,Mid-Level,2,Bengaluru,Karnataka,India,"Bangalore, Karnataka",0,full_time,unspecified,2026-09-16 22:34:59,2026-09-16,2026,9,16,Wednesday,,,,,1,700000.0,7.0,1,12.95703,77.59837,https://www.adzuna.in/land/ad/5886486789?se=NJ-wdrC78RG3HbWPlKe6Vw&utm_medium=api&utm_source=f46203c2&v=E9B509933A6E07F55CC70CA7D4F68B4F7D16E019
5886486644,"Adv. Eng. I, Infra Run & Stability",Invesco,Business Analyst,IT Jobs,Mid-Level,2,Hyderabad,Telangana,India,"Hyderabad, Telangana",0,full_time,contract,2026-09-16 22:34:56,2026-09-16,2026,9,16,Wednesday,,,,,1,700000.0,7.0,1,17.40275,78.50806,https://www.adzuna.in/land/ad/5886486644?se=NJ-wdrC78RG3HbWPlKe6Vw&utm_medium=api&utm_source=f46203c2&v=825FCE5D5ED6021FFE81CFBF8E9379474AFED706
5897176675,CRM Business Analyst / Senior Business Analyst,Intech Careers,Business Analyst,IT Jobs,Senior,3,Ahmedabad,Gujarat,India,"Ahmedabad, Gujarat",0,full_time,permanent,2026-09-24 22:38:43,2026-09-24,2026,9,24,Thursday,,,,,1,900000.0,9.0,1,23.042,72.59465,https://www.adzuna.in/details/5897176675?utm_medium=api&utm_source=f46203c2
5898533446,Senior Data Analyst,System Soft Technologies,Business Analyst,IT Jobs,Senior,3,Unspecified / Pan-India,Unspecified,India,India,0,unspecified,unspecified,2026-09-25 22:00:59,2026-09-25,2026,9,25,Friday,,,,,1,900000.0,9.0,1,,,https://www.adzuna.in/land/ad/5898533446?se=NJ-wdrC78RG3HbWPlKe6Vw&utm_medium=api&utm_source=f46203c2&v=C9529557111C1AE95E15FB737F5EBCA5DC887A24
5855325334,SFDC - CPQ & Sales Cloud Developer / Lead,ITC Infotech,Business Analyst,IT Jobs,Lead / Architect,5,Bengaluru,Karnataka,India,"Bangalore, Karnataka",0,unspecified,unspecified,2026-08-25 17:45:57,2026-08-25,2026,8,25,Tuesday,,,,,1,3000000.0,30.0,1,,,https://www.adzuna.in/land/ad/5855325334?se=NJ-wdrC78RG3HbWPlKe6Vw&utm_medium=api&utm_source=f46203c2&v=F52975ED8E59F7B0485C8C67C7FD08ED54597AC0
5878221587,Senior Appian Technical Consultant,PolariseMe,Business Analyst,IT Jobs,Senior,3,Unspecified / Pan-India,Unspecified,India,India,0,full_time,unspecified,2026-09-10 14:48:29,2026-09-10,2026,9,10,Thursday,,,,,1,900000.0,9.0,1,,,https://www.adzuna.in/land/ad/5878221587?se=NJ-wdrC78RG3HbWPlKe6Vw&utm_medium=api&utm_source=f46203c2&v=822009B913ED51849705AC5044CD3D5A4AC6BBA8
5870857165,Oracle Finance Analyst,Zensar Technologies,Business Analyst,IT Jobs,Mid-Level,2,Delhi NCR,Delhi,India,"Delhi, India",0,unspecified,unspecified,2026-09-04 22:27:45,2026-09-04,2026,9,4,Friday,,,,,1,700000.0,7.0,1,28.62523,77.224601,https://www.adzuna.in/land/ad/5870857165?se=NJ-wdrC78RG3HbWPlKe6Vw&utm_medium=api&utm_source=f46203c2&v=C070B6856905B654228C0AB47A6F743B662A6A74
5894979991,UAT Tester - Mumbai,Capco,Business Analyst,IT Jobs,Mid-Level,2,Mumbai,Maharashtra,India,"Mumbai, Maharashtra",0,full_time,unspecified,2026-09-23 14:40:15,2026-09-23,2026,9,23,Wednesday,,,,,1,700000.0,7.0,1,19.00821,72.84415,https://www.adzuna.in/land/ad/5894979991?se=NJ-wdrC78RG3HbWPlKe6Vw&utm_medium=api&utm_source=f46203c2&v=0560BABEA69B17F5E2D5D34D7A5683CCC47C1D00
5896964054,QA Automation Engineer (Playwrigh & Appium ),Capco,Business Analyst,IT Jobs,Mid-Level,2,Bengaluru,Karnataka,India,"Bangalore, Karnataka",0,full_time,unspecified,2026-09-24 20:32:20,2026-09-24,2026,9,24,Thursday,,,,,1,700000.0,7.0,1,,,https://www.adzuna.in/land/ad/5896964054?se=NJ-wdrC78RG3HbWPlKe6Vw&utm_medium=api&utm_source=f46203c2&v=A67055FE397B25C000BE02B115F1B36122D3C27E
5873074298,Senior Data Engineer,NationsBenefits India,Business Analyst,IT Jobs,Senior,3,Hyderabad,Telangana,India,"Hyderabad, Telangana",0,full_time,unspecified,2026-09-06 18:35:16,2026-09-06,2026,9,6,Sunday,,,,,1,900000.0,9.0,1,17.40275,78.50806,https://www.adzuna.in/land/ad/5873074298?se=NJ-wdrC78RG3HbWPlKe6Vw&utm_medium=api&utm_source=f46203c2&v=1C22C55974F53FB4DE3F3F9CB038D9FA617ADDE1
5885147178,Functional Testing with Banking Domain - Functional Testing with Banking Domain L2 (2.1-5 years)-29297-1,Capco,Business Analyst,IT Jobs,Mid-Level,2,Mumbai,Maharashtra,India,"Mumbai, Maharashtra",0,full_time,unspecified,2026-09-16 02:30:24,2026-09-16,2026,9,16,Wednesday,,,,,1,700000.0,7.0,1,19.00821,72.84415,https://www.adzuna.in/land/ad/5885147178?se=NJ-wdrC78RG3HbWPlKe6Vw&utm_medium=api&utm_source=f46203c2&v=D49C996298AF9376450D47EBB9697A4601B29AB9
5898533477,Senior Product Designer,Emirates NBD,Business Analyst,IT Jobs,Senior,3,Bengaluru,Karnataka,India,"Bangalore, Karnataka",0,unspecified,unspecified,2026-09-25 22:01:01,2026-09-25,2026,9,25,Friday,,,,,1,900000.0,9.0,1,,,https://www.adzuna.in/land/ad/5898533477?se=NJ-wdrC78RG3HbWPlKe6Vw&utm_medium=api&utm_source=f46203c2&v=2A7D32E8CB85517B5C7030EE1AEC6A774CFBC0F3
5890612016,Data Engineer,Persistent Systems,Business Analyst,IT Jobs,Mid-Level,2,Hyderabad,Telangana,India,"Hyderabad, Telangana",0,full_time,unspecified,2026-09-19 17:32:15,2026-09-19,2026,9,19,Saturday,,,,,1,700000.0,7.0,1,17.40275,78.50806,https://www.adzuna.in/land/ad/5890612016?se=NJ-wdrC78RG3HbWPlKe6Vw&utm_medium=api&utm_source=f46203c2&v=AA6EF714007FC2EC657D485D81194D29FA239E99
5875610375,SALESFORCE BUSINESS ANALYST,Vrinda International,Business Analyst,IT Jobs,Mid-Level,2,Remote,Remote,India,India,1,unspecified,contract,2026-09-08 19:20:18,2026-09-08,2026,9,8,Tuesday,1200000.0,1500000.0,1350000.0,13.5,0,1350000.0,13.5,0,,,https://www.adzuna.in/details/5875610375?utm_medium=api&utm_source=f46203c2
5875610344,Business Analyst - Chandigarh,ThoughtGreen Technologies,Business Analyst,IT Jobs,Mid-Level,2,Hyderabad,Telangana,India,"Kyasaram, Hyderabad",0,full_time,permanent,2026-09-08 19:20:17,2026-09-08,2026,9,8,Tuesday,700000.0,700000.0,700000.0,7.0,0,700000.0,7.0,0,17.38256,78.51234,https://www.adzuna.in/details/5875610344?utm_medium=api&utm_source=f46203c2
5820889390,Business Analyst (Salesforce),Accellor,Business Analyst,IT Jobs,Mid-Level,2,Unspecified / Pan-India,Unspecified,India,India,0,full_time,contract,2026-07-30 13:33:42,2026-07-30,2026,7,30,Thursday,,,,,1,700000.0,7.0,1,,,https://www.adzuna.in/details/5820889390?utm_medium=api&utm_source=f46203c2
5883870465,Senior Business Analyst,Tazapay,Business Analyst,Accounting & Finance Jobs,Senior,3,Delhi NCR,Delhi,India,"Saket, South Delhi",0,unspecified,permanent,2026-09-15 01:41:09,2026-09-15,2026,9,15,Tuesday,,,,,1,900000.0,9.0,1,28.5318,77.20745,https://www.adzuna.in/details/5883870465?utm_medium=api&utm_source=f46203c2
5888520901,Business Analyst - Presales,Dev Technosys Pvt. Ltd.,Business Analyst,IT Jobs,Mid-Level,2,Jaipur,Rajasthan,India,"Jaipur, Rajasthan",0,full_time,permanent,2026-09-18 07:07:49,2026-09-18,2026,9,18,Friday,300000.0,800000.0,550000.0,5.5,0,550000.0,5.5,0,26.7441,75.9469,https://www.adzuna.in/details/5888520901?utm_medium=api&utm_source=f46203c2
5600060974,ServiceNow Business Analyst,Müller`s Solutions,Business Analyst,IT Jobs,Mid-Level,2,Unspecified / Pan-India,Unspecified,India,India,0,unspecified,unspecified,2026-01-25 18:25:15,2026-01-25,2026,1,25,Sunday,,,,,1,700000.0,7.0,1,,,https://www.adzuna.in/details/5600060974?utm_medium=api&utm_source=f46203c2
5897259348,Salesforce Business Analyst,TalentOla,Business Analyst,IT Jobs,Mid-Level,2,Unspecified / Pan-India,Unspecified,India,India,0,unspecified,unspecified,2026-09-24 23:45:56,2026-09-24,2026,9,24,Thursday,,,,,1,700000.0,7.0,1,,,https://www.adzuna.in/details/5897259348?utm_medium=api&utm_source=f46203c2
5898655967,MetaSolv Business Analyst,TalAstra HR Consultants,Business Analyst,IT Jobs,Mid-Level,2,Pune,Maharashtra,India,"Yerwada, Pune",1,unspecified,unspecified,2026-09-25 23:47:02,2026-09-25,2026,9,25,Friday,1200000.0,1600000.0,1400000.0,14.0,0,1400000.0,14.0,0,18.51875,73.88075,https://www.adzuna.in/details/5898655967?utm_medium=api&utm_source=f46203c2
5895157720,Business Analyst (Lokal Jobs),Lokal App,Business Analyst,IT Jobs,Mid-Level,2,Unspecified / Pan-India,Unspecified,India,India,0,full_time,unspecified,2026-09-23 17:33:37,2026-09-23,2026,9,23,Wednesday,,,,,1,700000.0,7.0,1,,,https://www.adzuna.in/details/5895157720?utm_medium=api&utm_source=f46203c2
5894769883,IT Business Analyst,Metalogyc - Click2k,Business Analyst,IT Jobs,Mid-Level,2,Hyderabad,Telangana,India,"Kyasaram, Hyderabad",0,full_time,unspecified,2026-09-23 10:02:53,2026-09-23,2026,9,23,Wednesday,,,,,1,700000.0,7.0,1,17.38256,78.51234,https://www.adzuna.in/details/5894769883?utm_medium=api&utm_source=f46203c2
5794910978,ServiceNow Business Analyst,OctoRudra HR LLP,Business Analyst,IT Jobs,Mid-Level,2,Bengaluru,Karnataka,India,"Bangalore, Karnataka",0,full_time,permanent,2026-07-10 06:25:47,2026-07-10,2026,7,10,Friday,1200000.0,1500000.0,1350000.0,13.5,0,1350000.0,13.5,0,,,https://www.adzuna.in/details/5794910978?utm_medium=api&utm_source=f46203c2
5875137819,Principal Business Analyst,Taylor and Francis,Business Analyst,IT Jobs,Lead / Architect,5,Bengaluru,Karnataka,India,"Bangalore, Karnataka",0,unspecified,unspecified,2026-09-08 08:09:41,2026-09-08,2026,9,8,Tuesday,,,,,1,3000000.0,30.0,1,,,https://www.adzuna.in/details/5875137819?utm_medium=api&utm_source=f46203c2
5874048088,Senior Business Analyst,Weekday AI,Business Analyst,IT Jobs,Senior,3,Unspecified / Pan-India,Unspecified,India,India,0,full_time,unspecified,2026-09-07 16:52:57,2026-09-07,2026,9,7,Monday,,,,,1,900000.0,9.0,1,,,https://www.adzuna.in/details/5874048088?utm_medium=api&utm_source=f46203c2
5850345065,Business Analyst - D2C,Swiss Beauty Cosmetics Private Limited,Business Analyst,IT Jobs,Mid-Level,2,Unspecified / Pan-India,Unspecified,India,India,0,full_time,permanent,2026-08-21 07:14:21,2026-08-21,2026,8,21,Friday,1300000.0,1800000.0,1550000.0,15.5,0,1550000.0,15.5,0,,,https://www.adzuna.in/details/5850345065?utm_medium=api&utm_source=f46203c2
5876797414,"Business Analyst, Finance",JoVE,Business Analyst,Accounting & Finance Jobs,Mid-Level,2,Unspecified / Pan-India,Unspecified,India,India,0,full_time,unspecified,2026-09-09 13:36:18,2026-09-09,2026,9,9,Wednesday,,,,,1,700000.0,7.0,1,,,https://www.adzuna.in/details/5876797414?utm_medium=api&utm_source=f46203c2
5875611398,Lead Business Analyst,Delta Exchange,Business Analyst,IT Jobs,Lead / Architect,5,Unspecified / Pan-India,Unspecified,India,India,0,full_time,unspecified,2026-09-08 19:35:36,2026-09-08,2026,9,8,Tuesday,,,,,1,3000000.0,30.0,1,,,https://www.adzuna.in/details/5875611398?utm_medium=api&utm_source=f46203c2
5894231005,Business Analyst (Siddiq),Trigent Software Private Limited,Business Analyst,IT Jobs,Mid-Level,2,Unspecified / Pan-India,Unspecified,India,India,0,unspecified,unspecified,2026-09-22 23:45:46,2026-09-22,2026,9,22,Tuesday,1900000.0,1900000.0,1900000.0,19.0,0,1900000.0,19.0,0,,,https://www.adzuna.in/details/5894231005?utm_medium=api&utm_source=f46203c2
5897259796,SOX Business Analyst,Trigent Software Private Limited,Business Analyst,IT Jobs,Mid-Level,2,Bengaluru,Karnataka,India,"Richmond Town, Bangalore",0,unspecified,unspecified,2026-09-24 23:46:08,2026-09-24,2026,9,24,Thursday,100000.0,4700000.0,2400000.0,24.0,0,2400000.0,24.0,0,12.9706,77.60024,https://www.adzuna.in/details/5897259796?utm_medium=api&utm_source=f46203c2
5888520719,Intern - Business Analyst,Aristok Technologies,Business Analyst,"PR, Advertising & Marketing Jobs",Entry / Junior,1,Pune,Maharashtra,India,"Pune, Maharashtra",0,part_time,contract,2026-09-18 07:07:46,2026-09-18,2026,9,18,Friday,144000.0,180000.0,162000.0,1.62,0,162000.0,1.62,0,18.5062,73.84735,https://www.adzuna.in/details/5888520719?utm_medium=api&utm_source=f46203c2
5875419935,Web User Interface Developer,Alacriti,Business Analyst,IT Jobs,Mid-Level,2,Hyderabad,Telangana,India,"Hyderabad, Telangana",0,full_time,unspecified,2026-09-08 14:41:55,2026-09-08,2026,9,8,Tuesday,,,,,1,700000.0,7.0,1,17.40275,78.50806,https://www.adzuna.in/land/ad/5875419935?se=pCEmeLC78RGS97j_zW5Twg&utm_medium=api&utm_source=f46203c2&v=504BAE7A8BC7C957103A9F883EEE72E376A66B23
5893924846,Data Engineer - ETL,Persistent Systems,Business Analyst,IT Jobs,Mid-Level,2,Unspecified / Pan-India,Unspecified,India,India,0,full_time,unspecified,2026-09-22 17:37:06,2026-09-22,2026,9,22,Tuesday,,,,,1,700000.0,7.0,1,,,https://www.adzuna.in/land/ad/5893924846?se=pCEmeLC78RGS97j_zW5Twg&utm_medium=api&utm_source=f46203c2&v=0C8A1795DC2BAAA2EB5B776D945D3205666E3EF7
5857213441,Pharma Forecasting- Consultant/ Sr Consultant/ Project Manager,PharmaACE,Business Analyst,Consultancy Jobs,Manager,4,Remote,Remote,India,India,1,unspecified,unspecified,2026-08-26 23:58:18,2026-08-26,2026,8,26,Wednesday,,,,,1,700000.0,7.0,1,,,https://www.adzuna.in/land/ad/5857213441?se=pCEmeLC78RGS97j_zW5Twg&utm_medium=api&utm_source=f46203c2&v=CC324E922445E88AC95B4CBA0B077B8BFA595143
5857251178,Liquidity reporting Compliance,Capco,Business Analyst,IT Jobs,Mid-Level,2,Unspecified / Pan-India,Unspecified,India,India,0,full_time,unspecified,2026-08-27 02:10:36,2026-08-27,2026,8,27,Thursday,,,,,1,700000.0,7.0,1,,,https://www.adzuna.in/land/ad/5857251178?se=pCEmeLC78RGS97j_zW5Twg&utm_medium=api&utm_source=f46203c2&v=0C127A1203A07750F0305349CD2374195CA58849
5877457660,Quality Engineering Lead (US Healthcare Revenue Cycle Management (RCM),Sagility,Business Analyst,IT Jobs,Lead / Architect,5,Hyderabad,Telangana,India,"Hyderabad, Telangana",0,unspecified,unspecified,2026-09-10 01:02:53,2026-09-10,2026,9,10,Thursday,,,,,1,3000000.0,30.0,1,17.40275,78.50806,https://www.adzuna.in/land/ad/5877457660?se=pCEmeLC78RGS97j_zW5Twg&utm_medium=api&utm_source=f46203c2&v=3E0B2B73C7E73E6727406D011208E9E02973EDEB
5889216059,Senior Quality Engineer - ETL/DWH Testing [T500-27106],Kestra Holdings,Business Analyst,IT Jobs,Senior,3,Bengaluru,Karnataka,India,"Bangalore, Karnataka",0,unspecified,unspecified,2026-09-18 17:28:42,2026-09-18,2026,9,18,Friday,,,,,1,900000.0,9.0,1,,,https://www.adzuna.in/land/ad/5889216059?se=pCEmeLC78RGS97j_zW5Twg&utm_medium=api&utm_source=f46203c2&v=B8C500D93D74B73858A51A3880E02226A6311934
5821999881,Senior Integration Developer,RX Global,Business Analyst,IT Jobs,Senior,3,Chennai,Tamil Nadu,India,"Chennai, Tamil Nadu",0,full_time,permanent,2026-07-31 09:50:03,2026-07-31,2026,7,31,Friday,,,,,1,900000.0,9.0,1,13.06041,80.24963,https://www.adzuna.in/land/ad/5821999881?se=pCEmeLC78RGS97j_zW5Twg&utm_medium=api&utm_source=f46203c2&v=2C7BCE16C15521D98193169AAB82BCAB131B2182
5857251154,Liquidity Reporting- data analyst,Capco,Business Analyst,Accounting & Finance Jobs,Mid-Level,2,Unspecified / Pan-India,Unspecified,India,India,0,full_time,unspecified,2026-08-27 02:10:30,2026-08-27,2026,8,27,Thursday,,,,,1,700000.0,7.0,1,,,https://www.adzuna.in/land/ad/5857251154?se=pCEmeLC78RGS97j_zW5Twg&utm_medium=api&utm_source=f46203c2&v=E11D60935C9511D08C74F601EB2D3CA382573ADF
5899851023,Senior Business Analyst,NewVison,Business Analyst,IT Jobs,Senior,3,Unspecified / Pan-India,Unspecified,India,India,0,full_time,unspecified,2026-09-26 21:18:52,2026-09-26,2026,9,26,Saturday,,,,,1,900000.0,9.0,1,,,https://www.adzuna.in/details/5899851023?utm_medium=api&utm_source=f46203c2
5887125744,French Business Analyst,Tap Growth ai,Business Analyst,IT Jobs,Mid-Level,2,Mumbai,Maharashtra,India,"Bazargate, Mumbai",0,full_time,permanent,2026-09-17 09:34:06,2026-09-17,2026,9,17,Thursday,,,,,1,700000.0,7.0,1,18.94206,72.83544,https://www.adzuna.in/details/5887125744?utm_medium=api&utm_source=f46203c2
5887125735,French Business Analyst,Rapsys Technologies Pte Ltd.,Business Analyst,IT Jobs,Mid-Level,2,Mumbai,Maharashtra,India,"Bazargate, Mumbai",0,full_time,permanent,2026-09-17 09:34:06,2026-09-17,2026,9,17,Thursday,,,,,1,700000.0,7.0,1,18.94206,72.83544,https://www.adzuna.in/details/5887125735?utm_medium=api&utm_source=f46203c2
5901762330,Sr. Business Analyst,VGreen Technology Solutions,Business Analyst,IT Jobs,Senior,3,Unspecified / Pan-India,Unspecified,India,India,0,full_time,permanent,2026-09-28 22:44:40,2026-09-28,2026,9,28,Monday,,,,,1,900000.0,9.0,1,,,https://www.adzuna.in/details/5901762330?utm_medium=api&utm_source=f46203c2
5889085776,Client Business Analyst,FE fundinfo,Business Analyst,IT Jobs,Mid-Level,2,Chennai,Tamil Nadu,India,"Chennai, Tamil Nadu",0,full_time,unspecified,2026-09-18 16:13:41,2026-09-18,2026,9,18,Friday,,,,,1,700000.0,7.0,1,13.06041,80.24963,https://www.adzuna.in/details/5889085776?utm_medium=api&utm_source=f46203c2
4801553209,Business Analyst | Offshore,Photon Group,Business Analyst,IT Jobs,Mid-Level,2,Bengaluru,Karnataka,India,"Bangalore, Karnataka",0,unspecified,unspecified,2024-07-31 03:15:00,2024-07-31,2024,7,31,Wednesday,,,,,1,700000.0,7.0,1,12.95703,77.59837,https://www.adzuna.in/details/4801553209?utm_medium=api&utm_source=f46203c2
5893605450,Senior Business Analyst,Elsner Technologies pvt ltd,Business Analyst,IT Jobs,Senior,3,Ahmedabad,Gujarat,India,"Ahmedabad, Gujarat",0,unspecified,unspecified,2026-09-22 10:51:25,2026-09-22,2026,9,22,Tuesday,,,,,1,900000.0,9.0,1,23.042,72.59465,https://www.adzuna.in/details/5893605450?utm_medium=api&utm_source=f46203c2
5213369872,MDM Business Analyst,NeoGenCode Technologies Pvt Ltd,Business Analyst,IT Jobs,Mid-Level,2,Unspecified / Pan-India,Unspecified,India,India,0,full_time,unspecified,2025-05-24 04:56:12,2025-05-24,2025,5,24,Saturday,200000.0,600000.0,400000.0,4.0,0,400000.0,4.0,0,,,https://www.adzuna.in/details/5213369872?utm_medium=api&utm_source=f46203c2
5888551512,Salesforce Business Analyst,ascendion,Business Analyst,IT Jobs,Mid-Level,2,Gurugram,Haryana,India,"Gurgaon, Haryana",0,unspecified,unspecified,2026-09-18 07:44:01,2026-09-18,2026,9,18,Friday,,,,,1,700000.0,7.0,1,28.323996,76.983738,https://www.adzuna.in/details/5888551512?utm_medium=api&utm_source=f46203c2
5823793625,Technical Business Analyst,Mayura Consultancy Services,Business Analyst,IT Jobs,Mid-Level,2,Remote,Remote,India,India,1,full_time,unspecified,2026-08-01 15:55:40,2026-08-01,2026,8,1,Saturday,250000.0,350000.0,300000.0,3.0,0,300000.0,3.0,0,,,https://www.adzuna.in/details/5823793625?utm_medium=api&utm_source=f46203c2
5769828336,Senior Business Analyst,Foundation SVKM,Business Analyst,IT Jobs,Senior,3,Unspecified / Pan-India,Unspecified,India,India,0,unspecified,unspecified,2026-06-20 03:31:20,2026-06-20,2026,6,20,Saturday,,,,,1,900000.0,9.0,1,,,https://www.adzuna.in/details/5769828336?utm_medium=api&utm_source=f46203c2
5832794167,Salesforce Business Analyst,Lancesoft India Private Limited,Business Analyst,IT Jobs,Mid-Level,2,Noida,Uttar Pradesh,India,"Noida, Ghaziabad",0,unspecified,unspecified,2026-08-08 07:27:22,2026-08-08,2026,8,8,Saturday,,,,,1,700000.0,7.0,1,28.56579,77.3225,https://www.adzuna.in/details/5832794167?utm_medium=api&utm_source=f46203c2
5434759664,Senior Business Analyst,Talentvibes Solutions,Business Analyst,IT Jobs,Senior,3,Jaipur,Rajasthan,India,"Jaipur, Rajasthan",0,full_time,unspecified,2025-10-07 06:43:38,2025-10-07,2025,10,7,Tuesday,1000000.0,1400000.0,1200000.0,12.0,0,1200000.0,12.0,0,26.7441,75.9469,https://www.adzuna.in/details/5434759664?utm_medium=api&utm_source=f46203c2
4801483871,Business Analyst | India,Photon Group,Business Analyst,IT Jobs,Mid-Level,2,Chennai,Tamil Nadu,India,"Chennai, Tamil Nadu",0,unspecified,unspecified,2024-07-31 03:09:16,2024-07-31,2024,7,31,Wednesday,,,,,1,700000.0,7.0,1,13.06041,80.24963,https://www.adzuna.in/details/4801483871?utm_medium=api&utm_source=f46203c2
5831397318,Senior Business Analyst,ICE,Business Analyst,IT Jobs,Senior,3,Hyderabad,Telangana,India,"Hyderabad, Telangana",0,unspecified,unspecified,2026-08-07 07:27:23,2026-08-07,2026,8,7,Friday,,,,,1,900000.0,9.0,1,17.40275,78.50806,https://www.adzuna.in/details/5831397318?utm_medium=api&utm_source=f46203c2
5656648330,Digital Business Analyst,Hexaware,Business Analyst,IT Jobs,Mid-Level,2,Unspecified / Pan-India,Unspecified,India,India,0,full_time,unspecified,2026-03-07 01:44:20,2026-03-07,2026,3,7,Saturday,,,,,1,700000.0,7.0,1,,,https://www.adzuna.in/details/5656648330?utm_medium=api&utm_source=f46203c2
5790856865,Salesforce Business Analyst,WarpDrive Tech Works,Business Analyst,IT Jobs,Mid-Level,2,Bengaluru,Karnataka,India,"Bangalore, Karnataka",0,full_time,unspecified,2026-07-07 14:55:35,2026-07-07,2026,7,7,Tuesday,400000.0,800000.0,600000.0,6.0,0,600000.0,6.0,0,,,https://www.adzuna.in/details/5790856865?utm_medium=api&utm_source=f46203c2
3183166557,Sr Business Analyst,Panamax InfoTech Ltd.,Business Analyst,IT Jobs,Senior,3,Unspecified / Pan-India,Unspecified,India,India,0,full_time,unspecified,2022-05-31 06:11:49,2022-05-31,2022,5,31,Tuesday,500000.0,1500000.0,1000000.0,10.0,0,1000000.0,10.0,0,,,https://www.adzuna.in/details/3183166557?utm_medium=api&utm_source=f46203c2
5860965374,Technical Business Analyst,Technoidentity,Business Analyst,IT Jobs,Mid-Level,2,Hyderabad,Telangana,India,"Hyderabad, Telangana",0,full_time,unspecified,2026-08-29 16:05:47,2026-08-29,2026,8,29,Saturday,,,,,1,700000.0,7.0,1,17.40275,78.50806,https://www.adzuna.in/details/5860965374?utm_medium=api&utm_source=f46203c2
5673436192,Associate - Business Analyst,EXL,Business Analyst,IT Jobs,Entry / Junior,1,Noida,Uttar Pradesh,India,"Noida, Ghaziabad",0,full_time,unspecified,2026-03-21 01:48:29,2026-03-21,2026,3,21,Saturday,,,,,1,331000.0,3.31,1,28.56579,77.3225,https://www.adzuna.in/details/5673436192?utm_medium=api&utm_source=f46203c2
5895350358,Associate - Business Analyst,EXL,Business Analyst,IT Jobs,Entry / Junior,1,Unspecified / Pan-India,Unspecified,India,India,0,full_time,unspecified,2026-09-23 21:22:48,2026-09-23,2026,9,23,Wednesday,,,,,1,331000.0,3.31,1,,,https://www.adzuna.in/details/5895350358?utm_medium=api&utm_source=f46203c2
5831399856,Technical Business Analyst,Acuity Knowledge Partners,Business Analyst,IT Jobs,Mid-Level,2,Pune,Maharashtra,India,"Pune, Maharashtra",0,unspecified,unspecified,2026-08-07 07:29:51,2026-08-07,2026,8,7,Friday,,,,,1,700000.0,7.0,1,18.5062,73.84735,https://www.adzuna.in/details/5831399856?utm_medium=api&utm_source=f46203c2
5897046818,Business Analyst - Insurance,Hexaware,Business Analyst,IT Jobs,Mid-Level,2,Unspecified / Pan-India,Unspecified,India,India,0,full_time,unspecified,2026-09-24 21:13:50,2026-09-24,2026,9,24,Thursday,,,,,1,700000.0,7.0,1,,,https://www.adzuna.in/details/5897046818?utm_medium=api&utm_source=f46203c2
5745370197,Senior Business Analyst,Accion Labs,Business Analyst,IT Jobs,Senior,3,Bengaluru,Karnataka,India,"Bangalore, Karnataka",0,full_time,unspecified,2026-05-30 12:44:12,2026-05-30,2026,5,30,Saturday,1000000.0,3000000.0,2000000.0,20.0,0,2000000.0,20.0,0,,,https://www.adzuna.in/details/5745370197?utm_medium=api&utm_source=f46203c2
5859124128,Senior Business Analyst,Claight Corporation Expert Market Research,Business Analyst,IT Jobs,Senior,3,Noida,Uttar Pradesh,India,"Noida, Ghaziabad",0,unspecified,unspecified,2026-08-28 07:38:06,2026-08-28,2026,8,28,Friday,,,,,1,900000.0,9.0,1,28.56579,77.3225,https://www.adzuna.in/details/5859124128?utm_medium=api&utm_source=f46203c2
5727100849,Senior Business Analyst,RECEX,Business Analyst,IT Jobs,Senior,3,Unspecified / Pan-India,Unspecified,India,India,0,full_time,unspecified,2026-05-13 01:59:53,2026-05-13,2026,5,13,Wednesday,600000.0,600000.0,600000.0,6.0,0,600000.0,6.0,0,,,https://www.adzuna.in/details/5727100849?utm_medium=api&utm_source=f46203c2
5727207217,Senior Business Analyst,Mantras2Success,Business Analyst,IT Jobs,Senior,3,Gandhinagar,Gujarat,India,"Gandhinagar, Gujarat",0,full_time,unspecified,2026-05-13 02:10:29,2026-05-13,2026,5,13,Wednesday,600000.0,600000.0,600000.0,6.0,0,600000.0,6.0,0,23.4896,72.645,https://www.adzuna.in/details/5727207217?utm_medium=api&utm_source=f46203c2
5333342190,Business Analyst Trainer,EDU TECH,Business Analyst,IT Jobs,Mid-Level,2,Kochi,Kerala,India,"Kochi, Ernakulam",0,full_time,unspecified,2025-08-02 05:31:53,2025-08-02,2025,8,2,Saturday,200000.0,600000.0,400000.0,4.0,0,400000.0,4.0,0,9.98011,76.24637,https://www.adzuna.in/details/5333342190?utm_medium=api&utm_source=f46203c2
4107312103,Senior Business Analyst,Aureus Tech Systems,Business Analyst,IT Jobs,Senior,3,Hyderabad,Telangana,India,"Hyderabad, Telangana",0,full_time,unspecified,2023-05-19 15:53:01,2023-05-19,2023,5,19,Friday,100000.0,1500000.0,800000.0,8.0,0,800000.0,8.0,0,17.40275,78.50806,https://www.adzuna.in/details/4107312103?utm_medium=api&utm_source=f46203c2
5889085421,Business Analyst/SME,Capgemini Engineering,Business Analyst,IT Jobs,Mid-Level,2,Navi Mumbai,Maharashtra,India,"Navi Mumbai, Maharashtra",0,full_time,unspecified,2026-09-18 16:13:39,2026-09-18,2026,9,18,Friday,,,,,1,700000.0,7.0,1,19.02,73.02,https://www.adzuna.in/details/5889085421?utm_medium=api&utm_source=f46203c2
5887942394,"Business Analyst, Associate",Blackbaud,Business Analyst,IT Jobs,Entry / Junior,1,Unspecified / Pan-India,Unspecified,India,India,0,full_time,unspecified,2026-09-17 21:46:57,2026-09-17,2026,9,17,Thursday,,,,,1,331000.0,3.31,1,,,https://www.adzuna.in/details/5887942394?utm_medium=api&utm_source=f46203c2
5889507907,Sr. Business Analyst,NewVison,Business Analyst,IT Jobs,Senior,3,Unspecified / Pan-India,Unspecified,India,India,0,full_time,unspecified,2026-09-18 21:30:00,2026-09-18,2026,9,18,Friday,,,,,1,900000.0,9.0,1,,,https://www.adzuna.in/details/5889507907?utm_medium=api&utm_source=f46203c2
4020381428,Principal Business Analyst,Praveza Consultancy Private Limited,Business Analyst,IT Jobs,Lead / Architect,5,Navi Mumbai,Maharashtra,India,"Navi Mumbai, Maharashtra",0,full_time,unspecified,2023-04-05 08:30:34,2023-04-05,2023,4,5,Wednesday,3000000.0,3000000.0,3000000.0,30.0,0,3000000.0,30.0,0,19.02,73.02,https://www.adzuna.in/details/4020381428?utm_medium=api&utm_source=f46203c2
5839221890,Sr. Business Analyst,Sun Dew Solutions Private Limited,Business Analyst,IT Jobs,Senior,3,Kolkata,West Bengal,India,"Kolkata, West Bengal",0,unspecified,unspecified,2026-08-13 07:32:19,2026-08-13,2026,8,13,Thursday,,,,,1,900000.0,9.0,1,22.57285,88.34373,https://www.adzuna.in/details/5839221890?utm_medium=api&utm_source=f46203c2
5859124860,Senior Business Analyst,Proarch Technology Services,Business Analyst,IT Jobs,Senior,3,Kolkata,West Bengal,India,"Kolkata, West Bengal",0,unspecified,unspecified,2026-08-28 07:38:15,2026-08-28,2026,8,28,Friday,,,,,1,900000.0,9.0,1,22.57285,88.34373,https://www.adzuna.in/details/5859124860?utm_medium=api&utm_source=f46203c2
5727182844,Business Analyst for Kolkata,RECEX,Business Analyst,IT Jobs,Mid-Level,2,Kolkata,West Bengal,India,"Kolkata, West Bengal",0,full_time,unspecified,2026-05-13 02:08:13,2026-05-13,2026,5,13,Wednesday,600000.0,600000.0,600000.0,6.0,0,600000.0,6.0,0,22.57285,88.34373,https://www.adzuna.in/details/5727182844?utm_medium=api&utm_source=f46203c2
5779496276,Lead Business Analyst,MUFG Pension & Market Services,Business Analyst,IT Jobs,Lead / Architect,5,Unspecified / Pan-India,Unspecified,India,India,0,unspecified,unspecified,2026-06-28 02:50:57,2026-06-28,2026,6,28,Sunday,,,,,1,3000000.0,30.0,1,,,https://www.adzuna.in/details/5779496276?utm_medium=api&utm_source=f46203c2
5893616127,Lead Business Analyst,FM India,Business Analyst,IT Jobs,Lead / Architect,5,Bengaluru,Karnataka,India,"Bangalore, Karnataka",0,unspecified,unspecified,2026-09-22 11:08:55,2026-09-22,2026,9,22,Tuesday,,,,,1,3000000.0,30.0,1,,,https://www.adzuna.in/details/5893616127?utm_medium=api&utm_source=f46203c2
5211779229,RPA - Business Analyst,Wissen Technology,Business Analyst,IT Jobs,Mid-Level,2,Mumbai,Maharashtra,India,"Mumbai, Maharashtra",0,full_time,unspecified,2025-05-23 06:51:58,2025-05-23,2025,5,23,Friday,,,,,1,700000.0,7.0,1,19.00821,72.84415,https://www.adzuna.in/details/5211779229?utm_medium=api&utm_source=f46203c2
5894078653,Business Analyst – Payments,Capco,Business Analyst,IT Jobs,Mid-Level,2,Pune,Maharashtra,India,"Pune, Maharashtra",0,unspecified,unspecified,2026-09-22 21:26:25,2026-09-22,2026,9,22,Tuesday,,,,,1,700000.0,7.0,1,18.5062,73.84735,https://www.adzuna.in/details/5894078653?utm_medium=api&utm_source=f46203c2
5885693253,Senior Business Analyst,Stolt-Nielsen Digital Innovation Centre,Business Analyst,IT Jobs,Senior,3,Hyderabad,Telangana,India,"Hyderabad, Telangana",0,unspecified,unspecified,2026-09-16 11:07:09,2026-09-16,2026,9,16,Wednesday,,,,,1,900000.0,9.0,1,17.40275,78.50806,https://www.adzuna.in/details/5885693253?utm_medium=api&utm_source=f46203c2
5518689786,Salesforce Business Analyst,WarpDrive Tech Works,Business Analyst,IT Jobs,Mid-Level,2,Bengaluru,Karnataka,India,"Bangalore, Karnataka",0,full_time,unspecified,2025-11-29 06:37:24,2025-11-29,2025,11,29,Saturday,400000.0,1000000.0,700000.0,7.0,0,700000.0,7.0,0,,,https://www.adzuna.in/details/5518689786?utm_medium=api&utm_source=f46203c2
5856197197,Healthcare Business Analyst,Infosys Limited,Business Analyst,IT Jobs,Mid-Level,2,Bengaluru,Karnataka,India,"Bangalore, Karnataka",0,unspecified,unspecified,2026-08-26 07:38:05,2026-08-26,2026,8,26,Wednesday,,,,,1,700000.0,7.0,1,,,https://www.adzuna.in/details/5856197197?utm_medium=api&utm_source=f46203c2
5216187124,Sr. Business Analyst,Alyke,Business Analyst,IT Jobs,Senior,3,Noida,Uttar Pradesh,India,"Noida, Ghaziabad",0,full_time,unspecified,2025-05-26 04:56:52,2025-05-26,2025,5,26,Monday,500000.0,1000000.0,750000.0,7.5,0,750000.0,7.5,0,28.56579,77.3225,https://www.adzuna.in/details/5216187124?utm_medium=api&utm_source=f46203c2
5872094053,"Business Analyst, Officer",State Street,Business Analyst,Accounting & Finance Jobs,Mid-Level,2,Bengaluru,Karnataka,India,"Bangalore, Karnataka",0,full_time,unspecified,2026-09-05 21:08:12,2026-09-05,2026,9,5,Saturday,,,,,1,700000.0,7.0,1,12.95703,77.59837,https://www.adzuna.in/details/5872094053?utm_medium=api&utm_source=f46203c2
5896657948,Senior Business Analyst,CGI,Business Analyst,IT Jobs,Senior,3,Chennai,Tamil Nadu,India,"Chennai, Tamil Nadu",0,full_time,permanent,2026-09-24 16:16:44,2026-09-24,2026,9,24,Thursday,,,,,1,900000.0,9.0,1,13.06041,80.24963,https://www.adzuna.in/details/5896657948?utm_medium=api&utm_source=f46203c2
5728269508,Technical Business Analyst,MM Staffing & Career Consultants,Business Analyst,IT Jobs,Mid-Level,2,Bengaluru,Karnataka,India,"Bangalore, Karnataka",0,unspecified,contract,2026-05-14 02:06:09,2026-05-14,2026,5,14,Thursday,600000.0,600000.0,600000.0,6.0,0,600000.0,6.0,0,,,https://www.adzuna.in/details/5728269508?utm_medium=api&utm_source=f46203c2
5594236379,Salesforce Business Analyst,SPAR Solutions,Business Analyst,IT Jobs,Mid-Level,2,Pune,Maharashtra,India,"Range Hills, Pune",0,full_time,unspecified,2026-01-22 00:30:42,2026-01-22,2026,1,22,Thursday,,,,,1,700000.0,7.0,1,18.5502,73.83588,https://www.adzuna.in/details/5594236379?utm_medium=api&utm_source=f46203c2
5695230436,Clinical Business Analyst,People First Consultants,Business Analyst,IT Jobs,Mid-Level,2,Chennai,Tamil Nadu,India,"Chennai, Tamil Nadu",0,unspecified,unspecified,2026-04-10 08:49:08,2026-04-10,2026,4,10,Friday,,,,,1,700000.0,7.0,1,13.06041,80.24963,https://www.adzuna.in/details/5695230436?utm_medium=api&utm_source=f46203c2
5729656944,Business Analyst (BA),Mantras2Success,Business Analyst,IT Jobs,Mid-Level,2,Ahmedabad,Gujarat,India,"Ahmedabad, Gujarat",0,full_time,unspecified,2026-05-15 02:12:22,2026-05-15,2026,5,15,Friday,100000.0,700000.0,400000.0,4.0,0,400000.0,4.0,0,23.042,72.59465,https://www.adzuna.in/details/5729656944?utm_medium=api&utm_source=f46203c2
5859118160,Sr. Business Analyst,BcForward India Technologies Private Limited,Business Analyst,IT Jobs,Senior,3,Hyderabad,Telangana,India,"Hyderabad, Telangana",0,unspecified,unspecified,2026-08-28 07:36:14,2026-08-28,2026,8,28,Friday,,,,,1,900000.0,9.0,1,17.40275,78.50806,https://www.adzuna.in/details/5859118160?utm_medium=api&utm_source=f46203c2
4446921052,Senior Business Analyst,Tecstub,Business Analyst,IT Jobs,Senior,3,Ahmedabad,Gujarat,India,"Ahmedabad, Gujarat",0,full_time,unspecified,2023-11-22 14:54:23,2023-11-22,2023,11,22,Wednesday,,,,,1,900000.0,9.0,1,23.042,72.59465,https://www.adzuna.in/details/4446921052?utm_medium=api&utm_source=f46203c2
5752767498,Business Analyst - BFS,People First Consultants,Business Analyst,IT Jobs,Mid-Level,2,Bengaluru,Karnataka,India,"Bangalore, Karnataka",0,unspecified,unspecified,2026-06-05 09:42:41,2026-06-05,2026,6,5,Friday,,,,,1,700000.0,7.0,1,12.95703,77.59837,https://www.adzuna.in/details/5752767498?utm_medium=api&utm_source=f46203c2
5032721925,Business Analyst | Offshore,Photon Group,Business Analyst,IT Jobs,Mid-Level,2,Unspecified / Pan-India,Unspecified,India,India,0,unspecified,unspecified,2025-02-01 17:58:26,2025-02-01,2025,2,1,Saturday,,,,,1,700000.0,7.0,1,,,https://www.adzuna.in/details/5032721925?utm_medium=api&utm_source=f46203c2
5888551511,Senior Business Analyst,ascendion,Business Analyst,IT Jobs,Senior,3,Bengaluru,Karnataka,India,"Bangalore, Karnataka",0,unspecified,unspecified,2026-09-18 07:44:01,2026-09-18,2026,9,18,Friday,,,,,1,900000.0,9.0,1,,,https://www.adzuna.in/details/5888551511?utm_medium=api&utm_source=f46203c2
5896657571,Business Analyst (Lokal Jobs),Lokal App,Business Analyst,IT Jobs,Mid-Level,2,Bengaluru,Karnataka,India,"Bangalore, Karnataka",0,full_time,unspecified,2026-09-24 16:16:41,2026-09-24,2026,9,24,Thursday,,,,,1,700000.0,7.0,1,,,https://www.adzuna.in/details/5896657571?utm_medium=api&utm_source=f46203c2
4344578511,RPA Business Analyst,Jobdost,Business Analyst,IT Jobs,Mid-Level,2,Unspecified / Pan-India,Unspecified,India,India,0,full_time,unspecified,2023-10-02 13:22:30,2023-10-02,2023,10,2,Monday,0.0,1600000.0,1600000.0,16.0,0,1600000.0,16.0,0,,,https://www.adzuna.in/details/4344578511?utm_medium=api&utm_source=f46203c2
5899549573,Business Analyst Japanese,algoleap,Business Analyst,IT Jobs,Mid-Level,2,Hyderabad,Telangana,India,"Hyderabad, Telangana",0,full_time,unspecified,2026-09-26 16:17:36,2026-09-26,2026,9,26,Saturday,,,,,1,700000.0,7.0,1,17.40275,78.50806,https://www.adzuna.in/details/5899549573?utm_medium=api&utm_source=f46203c2
5802676490,Senior Business Analyst,Tops Infosolutions,Business Analyst,IT Jobs,Senior,3,Ahmedabad,Gujarat,India,"Ahmedabad, Gujarat",0,full_time,unspecified,2026-07-16 15:11:34,2026-07-16,2026,7,16,Thursday,1400000.0,2200000.0,1800000.0,18.0,0,1800000.0,18.0,0,23.042,72.59465,https://www.adzuna.in/details/5802676490?utm_medium=api&utm_source=f46203c2
5832796088,Expert Business Analyst,SWISS RE,Business Analyst,IT Jobs,Senior,3,Hyderabad,Telangana,India,"Hyderabad, Telangana",0,unspecified,unspecified,2026-08-08 07:28:18,2026-08-08,2026,8,8,Saturday,,,,,1,900000.0,9.0,1,17.40275,78.50806,https://www.adzuna.in/details/5832796088?utm_medium=api&utm_source=f46203c2
5749104732,PMO Business Analyst,SPX FLOW,Business Analyst,IT Jobs,Mid-Level,2,Unspecified / Pan-India,Unspecified,India,India,0,unspecified,unspecified,2026-06-02 17:45:10,2026-06-02,2026,6,2,Tuesday,,,,,1,700000.0,7.0,1,,,https://www.adzuna.in/details/5749104732?utm_medium=api&utm_source=f46203c2
5879145982,Senior Business Analyst,Q2,Business Analyst,IT Jobs,Senior,3,Bengaluru,Karnataka,India,"Bangalore, Karnataka",0,unspecified,unspecified,2026-09-11 07:40:33,2026-09-11,2026,9,11,Friday,,,,,1,900000.0,9.0,1,,,https://www.adzuna.in/details/5879145982?utm_medium=api&utm_source=f46203c2
5897025067,Sr Business Analyst,Black Box,Business Analyst,IT Jobs,Senior,3,Mumbai,Maharashtra,India,"Mumbai, Maharashtra",0,full_time,unspecified,2026-09-24 21:04:03,2026-09-24,2026,9,24,Thursday,,,,,1,900000.0,9.0,1,19.00821,72.84415,https://www.adzuna.in/details/5897025067?utm_medium=api&utm_source=f46203c2
5895065657,Sr Business Analyst,Black Box,Business Analyst,IT Jobs,Senior,3,Mumbai,Maharashtra,India,"Mumbai, Maharashtra",0,full_time,unspecified,2026-09-23 16:15:30,2026-09-23,2026,9,23,Wednesday,,,,,1,900000.0,9.0,1,19.00821,72.84415,https://www.adzuna.in/details/5895065657?utm_medium=api&utm_source=f46203c2
5727214763,Junior Business Analyst,RECEX,Business Analyst,IT Jobs,Entry / Junior,1,Unspecified / Pan-India,Unspecified,India,India,0,full_time,unspecified,2026-05-13 02:11:11,2026-05-13,2026,5,13,Wednesday,100000.0,900000.0,500000.0,5.0,0,500000.0,5.0,0,,,https://www.adzuna.in/details/5727214763?utm_medium=api&utm_source=f46203c2
5867038166,Data Analyst,Edwagon,Data Analyst,IT Jobs,Mid-Level,2,Bengaluru,Karnataka,India,"Bangalore, Karnataka",0,full_time,unspecified,2026-09-02 16:44:13,2026-09-02,2026,9,2,Wednesday,,,,,1,750000.0,7.5,1,,,https://www.adzuna.in/land/ad/5867038166?se=EBWQNrC78RG8drI3UgoA2A&utm_medium=api&utm_source=f46203c2&v=005005A5CE08BEDFAA80C211793EB9110F5A4178
5897294517,Data Analyst,Futurlytic Private Limited,Data Analyst,IT Jobs,Mid-Level,2,Bengaluru,Karnataka,India,"Bangalore, Karnataka",0,unspecified,unspecified,2026-09-25 01:51:59,2026-09-25,2026,9,25,Friday,,,,,1,750000.0,7.5,1,,,https://www.adzuna.in/land/ad/5897294517?se=EBWQNrC78RG8drI3UgoA2A&utm_medium=api&utm_source=f46203c2&v=21DCF7E55436364DA8165DF6052E157821FE1C21
5874134576,Data Analyst,KRFS,Data Analyst,IT Jobs,Mid-Level,2,Unspecified / Pan-India,Karnataka,India,"Karnataka, India",0,unspecified,unspecified,2026-09-07 18:37:51,2026-09-07,2026,9,7,Monday,,,,,1,750000.0,7.5,1,14.325172,76.227524,https://www.adzuna.in/land/ad/5874134576?se=EBWQNrC78RG8drI3UgoA2A&utm_medium=api&utm_source=f46203c2&v=C577AE65604914B37179B4F8E139D9AF02F18B8E
5867036109,Data Analyst,Pharmanovia,Data Analyst,IT Jobs,Mid-Level,2,Mumbai,Maharashtra,India,"Mumbai, Maharashtra",0,unspecified,unspecified,2026-09-02 16:42:43,2026-09-02,2026,9,2,Wednesday,,,,,1,750000.0,7.5,1,19.00821,72.84415,https://www.adzuna.in/land/ad/5867036109?se=EBWQNrC78RG8drI3UgoA2A&utm_medium=api&utm_source=f46203c2&v=3137DF9B503952DFDC32B05C57551147401959BD
5868794225,Data Analyst,Indofast Energy,Data Analyst,IT Jobs,Mid-Level,2,Unspecified / Pan-India,Unspecified,India,India,0,unspecified,unspecified,2026-09-03 16:50:23,2026-09-03,2026,9,3,Thursday,,,,,1,750000.0,7.5,1,,,https://www.adzuna.in/land/ad/5868794225?se=EBWQNrC78RG8drI3UgoA2A&utm_medium=api&utm_source=f46203c2&v=D8BC56B9CB11BA0D9B5FFCBCF89C96BD2DFA3D7D
5864443196,Data Analyst,Nians,Data Analyst,IT Jobs,Mid-Level,2,Remote,Remote,India,India,1,unspecified,unspecified,2026-09-01 16:23:20,2026-09-01,2026,9,1,Tuesday,,,,,1,750000.0,7.5,1,,,https://www.adzuna.in/land/ad/5864443196?se=EBWQNrC78RG8drI3UgoA2A&utm_medium=api&utm_source=f46203c2&v=10338B8934051D3701B8DAAFEA2D92D893FF8C64
5876645051,Data Analyst,Cornerstone OnDemand,Data Analyst,IT Jobs,Mid-Level,2,Pune,Maharashtra,India,"Pune, Maharashtra",0,full_time,unspecified,2026-09-09 10:19:37,2026-09-09,2026,9,9,Wednesday,,,,,1,750000.0,7.5,1,18.5062,73.84735,https://www.adzuna.in/land/ad/5876645051?se=EBWQNrC78RG8drI3UgoA2A&utm_medium=api&utm_source=f46203c2&v=631925FDE58F85DB10B5F3F2B9DA1B57320F62F0
5901133222,Data Analyst,SmartWinnr,Data Analyst,IT Jobs,Mid-Level,2,Hyderabad,Telangana,India,"Hyderabad, Telangana",0,unspecified,unspecified,2026-09-28 07:33:09,2026-09-28,2026,9,28,Monday,,,,,1,750000.0,7.5,1,17.40275,78.50806,https://www.adzuna.in/land/ad/5901133222?se=EBWQNrC78RG8drI3UgoA2A&utm_medium=api&utm_source=f46203c2&v=BA0F3401CE8F0B17C25D3C424D522B4A812CDC66
5898126179,Data Analyst,Navneet Education Limited,Data Analyst,IT Jobs,Mid-Level,2,Mumbai,Maharashtra,India,"Mumbai, Maharashtra",0,unspecified,unspecified,2026-09-25 15:21:02,2026-09-25,2026,9,25,Friday,,,,,1,750000.0,7.5,1,19.00821,72.84415,https://www.adzuna.in/land/ad/5898126179?se=EBWQNrC78RG8drI3UgoA2A&utm_medium=api&utm_source=f46203c2&v=C4DB41C637EA91E816081FAF9EE7DB65A0AFEAFB
5898129608,Data Analyst,Tata Consultancy Services,Data Analyst,IT Jobs,Mid-Level,2,Unspecified / Pan-India,Unspecified,India,India,0,unspecified,unspecified,2026-09-25 15:24:02,2026-09-25,2026,9,25,Friday,,,,,1,750000.0,7.5,1,,,https://www.adzuna.in/land/ad/5898129608?se=EBWQNrC78RG8drI3UgoA2A&utm_medium=api&utm_source=f46203c2&v=A465629CD7E0313208FBC57D2878FAB324C9B44F
5898129792,Data Analyst,Tata Consultancy Services,Data Analyst,IT Jobs,Mid-Level,2,Bengaluru,Karnataka,India,"Bangalore, Karnataka",0,unspecified,unspecified,2026-09-25 15:24:08,2026-09-25,2026,9,25,Friday,,,,,1,750000.0,7.5,1,,,https://www.adzuna.in/land/ad/5898129792?se=EBWQNrC78RG8drI3UgoA2A&utm_medium=api&utm_source=f46203c2&v=64AE30074388AF5F3E58EA892531BD888D52FB26
5867036037,Data Analyst,Daice Labs,Data Analyst,IT Jobs,Mid-Level,2,Remote,Remote,India,India,1,full_time,unspecified,2026-09-02 16:42:41,2026-09-02,2026,9,2,Wednesday,,,,,1,750000.0,7.5,1,,,https://www.adzuna.in/land/ad/5867036037?se=EBWQNrC78RG8drI3UgoA2A&utm_medium=api&utm_source=f46203c2&v=3373786259D5227E399A77A714E583AB630777FD
5892770992,Data Analyst,Drave Digitals Recruitment Services,Data Analyst,IT Jobs,Mid-Level,2,Unspecified / Pan-India,Unspecified,India,India,0,unspecified,unspecified,2026-09-21 17:39:06,2026-09-21,2026,9,21,Monday,,,,,1,750000.0,7.5,1,,,https://www.adzuna.in/land/ad/5892770992?se=EBWQNrC78RG8drI3UgoA2A&utm_medium=api&utm_source=f46203c2&v=D644AB5D5C1241C76D4155BFF35793D9C6391A7E
5883562726,Data Analyst,HTC Global Services,Data Analyst,IT Jobs,Mid-Level,2,Hyderabad,Telangana,India,"Hyderabad, Telangana",0,unspecified,unspecified,2026-09-14 17:17:47,2026-09-14,2026,9,14,Monday,,,,,1,750000.0,7.5,1,17.40275,78.50806,https://www.adzuna.in/land/ad/5883562726?se=EBWQNrC78RG8drI3UgoA2A&utm_medium=api&utm_source=f46203c2&v=5743FEA422ADE6DE4EE297850815AC6CE580C190
5901137594,Data Analyst,Quantum Leap Learning Solutions Pvt Ltd,Data Analyst,IT Jobs,Mid-Level,2,Bengaluru,Karnataka,India,"Bangalore, Karnataka",0,unspecified,unspecified,2026-09-28 07:40:57,2026-09-28,2026,9,28,Monday,,,,,1,750000.0,7.5,1,,,https://www.adzuna.in/land/ad/5901137594?se=EBWQNrC78RG8drI3UgoA2A&utm_medium=api&utm_source=f46203c2&v=8797DE99BC0DC8C8175A2CFE3A087271366D70A2
5889675450,Data Analyst,Credit Saison India,Data Analyst,IT Jobs,Mid-Level,2,Bengaluru,Karnataka,India,"Bangalore, Karnataka",0,unspecified,unspecified,2026-09-18 23:23:08,2026-09-18,2026,9,18,Friday,,,,,1,750000.0,7.5,1,,,https://www.adzuna.in/land/ad/5889675450?se=EBWQNrC78RG8drI3UgoA2A&utm_medium=api&utm_source=f46203c2&v=6D13B19E5EE70AAAFCF05B9205126299083FD3DC
5880953033,Data Analyst,Persistent Systems,Data Analyst,IT Jobs,Mid-Level,2,Unspecified / Pan-India,Unspecified,India,India,0,full_time,unspecified,2026-09-12 17:20:59,2026-09-12,2026,9,12,Saturday,,,,,1,750000.0,7.5,1,,,https://www.adzuna.in/land/ad/5880953033?se=EBWQNrC78RG8drI3UgoA2A&utm_medium=api&utm_source=f46203c2&v=FC6D53927597CEACE22EEDAE514F5937F0134DC8
5868791758,Data Analyst,EaseMyTrip.com,Data Analyst,IT Jobs,Mid-Level,2,Unspecified / Pan-India,Unspecified,India,India,0,unspecified,unspecified,2026-09-03 16:48:56,2026-09-03,2026,9,3,Thursday,,,,,1,750000.0,7.5,1,,,https://www.adzuna.in/land/ad/5868791758?se=EBWQNrC78RG8drI3UgoA2A&utm_medium=api&utm_source=f46203c2&v=195849E2D4E99C9FB14549118D0AFC947CC7F169
5889219254,Data Analyst,Celestica,Data Analyst,IT Jobs,Mid-Level,2,Unspecified / Pan-India,Unspecified,India,India,0,full_time,unspecified,2026-09-18 17:29:26,2026-09-18,2026,9,18,Friday,,,,,1,750000.0,7.5,1,,,https://www.adzuna.in/land/ad/5889219254?se=EBWQNrC78RG8drI3UgoA2A&utm_medium=api&utm_source=f46203c2&v=F7AFC9AC2D0E9DD4D9D13BF0498E433176A3ACB6
5876870721,Data Analyst,Navi,Data Analyst,IT Jobs,Mid-Level,2,Unspecified / Pan-India,Unspecified,India,India,0,unspecified,unspecified,2026-09-09 14:45:05,2026-09-09,2026,9,9,Wednesday,,,,,1,750000.0,7.5,1,,,https://www.adzuna.in/land/ad/5876870721?se=EBWQNrC78RG8drI3UgoA2A&utm_medium=api&utm_source=f46203c2&v=2576438D5221EA5E732DFE3A9D6E997ECFCBEEA1
5893930269,Data Analyst,Mobily Infotech,Data Analyst,Sales Jobs,Mid-Level,2,Unspecified / Pan-India,Unspecified,India,India,0,unspecified,unspecified,2026-09-22 17:39:57,2026-09-22,2026,9,22,Tuesday,,,,,1,750000.0,7.5,1,,,https://www.adzuna.in/land/ad/5893930269?se=EBWQNrC78RG8drI3UgoA2A&utm_medium=api&utm_source=f46203c2&v=62874E010F1DE8A440A2762910E5A397D5086C5D
5898128593,Data Analyst,Home Credit India,Data Analyst,IT Jobs,Mid-Level,2,Unspecified / Pan-India,Unspecified,India,India,0,unspecified,unspecified,2026-09-25 15:23:21,2026-09-25,2026,9,25,Friday,,,,,1,750000.0,7.5,1,,,https://www.adzuna.in/land/ad/5898128593?se=EBWQNrC78RG8drI3UgoA2A&utm_medium=api&utm_source=f46203c2&v=DCAA37E23904574A53638F0A8E5681433FAAB313
5884588405,Data Analyst,Innodata Inc.,Data Analyst,IT Jobs,Mid-Level,2,Noida,Uttar Pradesh,India,"Noida, Ghaziabad",0,unspecified,unspecified,2026-09-15 17:26:47,2026-09-15,2026,9,15,Tuesday,,,,,1,750000.0,7.5,1,28.56579,77.3225,https://www.adzuna.in/land/ad/5884588405?se=EBWQNrC78RG8drI3UgoA2A&utm_medium=api&utm_source=f46203c2&v=F8B67DA624021560AEB81E320332ACCB9C424BF1
5879668539,Data Analyst,Lonza,Data Analyst,IT Jobs,Mid-Level,2,Hyderabad,Telangana,India,"Hyderabad, Telangana",0,unspecified,unspecified,2026-09-11 17:16:32,2026-09-11,2026,9,11,Friday,,,,,1,750000.0,7.5,1,17.40275,78.50806,https://www.adzuna.in/land/ad/5879668539?se=EBWQNrC78RG8drI3UgoA2A&utm_medium=api&utm_source=f46203c2&v=520AA2FCBF8F78706C4F65D0128E3B1DA99EC4B3
5886093793,Data Analyst,airtel,Data Analyst,IT Jobs,Mid-Level,2,Unspecified / Pan-India,Unspecified,India,India,0,unspecified,unspecified,2026-09-16 17:24:14,2026-09-16,2026,9,16,Wednesday,,,,,1,750000.0,7.5,1,,,https://www.adzuna.in/land/ad/5886093793?se=EBWQNrC78RG8drI3UgoA2A&utm_medium=api&utm_source=f46203c2&v=395DB71656BCE88B2918DD33BA7C3D23FADDBA0C
5900616046,Data Analyst,Appinventiv,Data Analyst,IT Jobs,Mid-Level,2,Unspecified / Pan-India,Unspecified,India,India,0,unspecified,unspecified,2026-09-27 18:06:07,2026-09-27,2026,9,27,Sunday,,,,,1,750000.0,7.5,1,,,https://www.adzuna.in/land/ad/5900616046?se=EBWQNrC78RG8drI3UgoA2A&utm_medium=api&utm_source=f46203c2&v=FF977D1A5C362D8F7EC4EDE84B993586FCA0FEF0
5864437013,Data Analyst,Midtown Software,Data Analyst,Consultancy Jobs,Mid-Level,2,Chandigarh / Mohali,Punjab,India,"Chandigarh, India",0,unspecified,unspecified,2026-09-01 16:22:33,2026-09-01,2026,9,1,Tuesday,,,,,1,750000.0,7.5,1,30.75395,76.76094,https://www.adzuna.in/land/ad/5864437013?se=EBWQNrC78RG8drI3UgoA2A&utm_medium=api&utm_source=f46203c2&v=73B93ADD4FC40B21FE02ED63887439AAE12218B7
5870528406,Sr. Data Analyst,Prudent Insurance Brokers Pvt Ltd.,Data Analyst,IT Jobs,Senior,3,Unspecified / Pan-India,Unspecified,India,India,0,unspecified,unspecified,2026-09-04 16:58:16,2026-09-04,2026,9,4,Friday,,,,,1,1325000.0,13.25,1,,,https://www.adzuna.in/land/ad/5870528406?se=EBWQNrC78RG8drI3UgoA2A&utm_medium=api&utm_source=f46203c2&v=BDE967219961D1789FD4320457BC399AFFD93632
5891694581,Snowflake Data Analyst,Tata Consultancy Services,Data Analyst,IT Jobs,Mid-Level,2,Bengaluru,Karnataka,India,"Bangalore, Karnataka",0,unspecified,unspecified,2026-09-20 17:36:20,2026-09-20,2026,9,20,Sunday,,,,,1,750000.0,7.5,1,,,https://www.adzuna.in/land/ad/5891694581?se=EBWQNrC78RG8drI3UgoA2A&utm_medium=api&utm_source=f46203c2&v=74CC0003626A3D739518350D52C605227F3E5C85
5876013496,Senior Data Analyst,"Aspire, Jordan",Data Analyst,IT Jobs,Senior,3,Unspecified / Pan-India,Unspecified,India,India,0,unspecified,unspecified,2026-09-09 01:02:37,2026-09-09,2026,9,9,Wednesday,,,,,1,1325000.0,13.25,1,,,https://www.adzuna.in/land/ad/5876013496?se=EBWQNrC78RG8drI3UgoA2A&utm_medium=api&utm_source=f46203c2&v=714EC760623D0F1C900400A9FE9BF2261E94B771
5837139892,Senior Data Analyst,Capco,Data Analyst,IT Jobs,Senior,3,Unspecified / Pan-India,Unspecified,India,India,0,full_time,unspecified,2026-08-12 01:59:43,2026-08-12,2026,8,12,Wednesday,,,,,1,1325000.0,13.25,1,,,https://www.adzuna.in/land/ad/5837139892?se=EBWQNrC78RG8drI3UgoA2A&utm_medium=api&utm_source=f46203c2&v=4787DEB72117F1E1AE98E353D8AD9B20E9DD6C9B
5867037378,Lead Data Analyst,Nexus Corporation,Data Analyst,IT Jobs,Lead / Architect,5,Unspecified / Pan-India,Unspecified,India,India,0,unspecified,contract,2026-09-02 16:43:29,2026-09-02,2026,9,2,Wednesday,,,,,1,2775000.0,27.75,1,,,https://www.adzuna.in/land/ad/5867037378?se=EBWQNrC78RG8drI3UgoA2A&utm_medium=api&utm_source=f46203c2&v=D38BC373E82768E501803326FB67E87EAEDD75B7
5882861190,Senior Data Analyst,Kamakhya Analytics Private Limited,Data Analyst,IT Jobs,Senior,3,Bengaluru,Karnataka,India,"Bangalore, Karnataka",0,unspecified,unspecified,2026-09-14 01:11:06,2026-09-14,2026,9,14,Monday,,,,,1,1325000.0,13.25,1,,,https://www.adzuna.in/land/ad/5882861190?se=EBWQNrC78RG8drI3UgoA2A&utm_medium=api&utm_source=f46203c2&v=3F4E1282AEE628212FB0C68C1A0A7BC1BFA2E50F
5891691887,Lead Data Analyst,Omnicom Media,Data Analyst,IT Jobs,Lead / Architect,5,Bengaluru,Karnataka,India,"Bangalore, Karnataka",0,unspecified,unspecified,2026-09-20 17:34:37,2026-09-20,2026,9,20,Sunday,,,,,1,2775000.0,27.75,1,,,https://www.adzuna.in/land/ad/5891691887?se=EBWQNrC78RG8drI3UgoA2A&utm_medium=api&utm_source=f46203c2&v=7136859A7828BC65084DAC9AD5DA6C5DCD8D4EE8
5886097875,Data Analyst (Remote),Quik Hire Staffing,Data Analyst,IT Jobs,Mid-Level,2,Remote,Remote,India,India,1,full_time,unspecified,2026-09-16 17:33:32,2026-09-16,2026,9,16,Wednesday,,,,,1,750000.0,7.5,1,,,https://www.adzuna.in/land/ad/5886097875?se=EBWQNrC78RG8drI3UgoA2A&utm_medium=api&utm_source=f46203c2&v=5A3DE4CAF6450FB9AFFAD4071890BC9E833F5EDB
5871992907,GCP Data Analyst,Persistent Systems,Data Analyst,IT Jobs,Mid-Level,2,Hyderabad,Telangana,India,"Hyderabad, Telangana",0,full_time,unspecified,2026-09-05 18:32:38,2026-09-05,2026,9,5,Saturday,,,,,1,750000.0,7.5,1,17.40275,78.50806,https://www.adzuna.in/land/ad/5871992907?se=EBWQNrC78RG8drI3UgoA2A&utm_medium=api&utm_source=f46203c2&v=4C7CEC97DF3A765158E36E9975710EA316B3228D
5901137628,Senior Data Analyst,The Chopras,Data Analyst,IT Jobs,Senior,3,Delhi NCR,Delhi,India,"Delhi, India",0,unspecified,unspecified,2026-09-28 07:41:00,2026-09-28,2026,9,28,Monday,,,,,1,1325000.0,13.25,1,28.62523,77.224601,https://www.adzuna.in/land/ad/5901137628?se=EBWQNrC78RG8drI3UgoA2A&utm_medium=api&utm_source=f46203c2&v=B6BA9A14E42D02F5BC13C510B4982B480C263E8B
5900875637,Senior Data Analyst,Battery Smart,Data Analyst,IT Jobs,Senior,3,Unspecified / Pan-India,Unspecified,India,India,0,unspecified,unspecified,2026-09-28 02:02:28,2026-09-28,2026,9,28,Monday,,,,,1,1325000.0,13.25,1,,,https://www.adzuna.in/land/ad/5900875637?se=EBWQNrC78RG8drI3UgoA2A&utm_medium=api&utm_source=f46203c2&v=353F3DEF03021FB21A1C915B600FD62790CB309E
5864436299,Growth & Data Analyst,Lascade,Data Analyst,IT Jobs,Mid-Level,2,Kochi,Kerala,India,"Kochi, Ernakulam",0,unspecified,unspecified,2026-09-01 16:22:28,2026-09-01,2026,9,1,Tuesday,,,,,1,750000.0,7.5,1,9.98011,76.24637,https://www.adzuna.in/land/ad/5864436299?se=EBWQNrC78RG8drI3UgoA2A&utm_medium=api&utm_source=f46203c2&v=F97568F44B3C95F4CD550E5A3E9B0DB3C4D83D6A
5889220778,Lead Data Analyst,Aceolution,Data Analyst,IT Jobs,Lead / Architect,5,Hyderabad,Telangana,India,"Hyderabad, Telangana",0,unspecified,unspecified,2026-09-18 17:30:21,2026-09-18,2026,9,18,Friday,,,,,1,2775000.0,27.75,1,17.40275,78.50806,https://www.adzuna.in/land/ad/5889220778?se=EBWQNrC78RG8drI3UgoA2A&utm_medium=api&utm_source=f46203c2&v=108405D200C31A72237E5B128410C32D494F6A78
5855006986,Data Analyst / Engineer,Kyndryl,Data Analyst,Accounting & Finance Jobs,Mid-Level,2,Bengaluru,Karnataka,India,"Bangalore, Karnataka",0,full_time,unspecified,2026-08-25 10:07:51,2026-08-25,2026,8,25,Tuesday,,,,,1,750000.0,7.5,1,12.95703,77.59837,https://www.adzuna.in/land/ad/5855006986?se=EBWQNrC78RG8drI3UgoA2A&utm_medium=api&utm_source=f46203c2&v=50928F1DF3A77604ABD13B60B38BFF40A97E4833
5872825731,Data Analyst / Engineer,Kyndryl,Data Analyst,Accounting & Finance Jobs,Mid-Level,2,Bengaluru,Karnataka,India,"Bangalore, Karnataka",0,full_time,unspecified,2026-09-06 12:17:19,2026-09-06,2026,9,6,Sunday,,,,,1,750000.0,7.5,1,12.95703,77.59837,https://www.adzuna.in/land/ad/5872825731?se=EBWQNrC78RG8drI3UgoA2A&utm_medium=api&utm_source=f46203c2&v=6A3630DB00B42B55FC02DEDCBB442C341FF10528
5894223883,Market Data Analyst,Talent Corner HR Services Pvt Ltd,Data Analyst,IT Jobs,Mid-Level,2,Bengaluru,Karnataka,India,"Bangalore, Karnataka",0,full_time,contract,2026-09-22 23:35:52,2026-09-22,2026,9,22,Tuesday,,,,,1,750000.0,7.5,1,,,https://www.adzuna.in/land/ad/5894223883?se=EBWQNrC78RG8drI3UgoA2A&utm_medium=api&utm_source=f46203c2&v=0E17C6CEDF118415A69A3CDD67C2DF5C978B4B22
5900616370,Master Data Analyst,Selections HR Services Private Limited,Data Analyst,IT Jobs,Mid-Level,2,Unspecified / Pan-India,Unspecified,India,India,0,unspecified,unspecified,2026-09-27 18:07:23,2026-09-27,2026,9,27,Sunday,,,,,1,750000.0,7.5,1,,,https://www.adzuna.in/land/ad/5900616370?se=EBWQNrC78RG8drI3UgoA2A&utm_medium=api&utm_source=f46203c2&v=28F115B0599CEE3B3945E1CB4533AF3E3BDC0F25
5857251181,Data Analyst - Data Remediation - Mumbai,Capco,Data Analyst,IT Jobs,Mid-Level,2,Mumbai,Maharashtra,India,"Mumbai, Maharashtra",0,full_time,unspecified,2026-08-27 02:10:36,2026-08-27,2026,8,27,Thursday,,,,,1,750000.0,7.5,1,19.00821,72.84415,https://www.adzuna.in/land/ad/5857251181?se=EBWQNrC78RG8drI3UgoA2A&utm_medium=api&utm_source=f46203c2&v=E627D12D3B0555AB7B69176F505B871F5F83ABC5
5885147204,Data Analyst - Data Analyst L3 (5.1-7 years),Capco,Data Analyst,IT Jobs,Mid-Level,2,Mumbai,Maharashtra,India,"Mumbai, Maharashtra",0,full_time,unspecified,2026-09-16 02:30:38,2026-09-16,2026,9,16,Wednesday,,,,,1,750000.0,7.5,1,19.00821,72.84415,https://www.adzuna.in/land/ad/5885147204?se=guioN7C78RGh8MIOntL-mw&utm_medium=api&utm_source=f46203c2&v=2C0703A43BD3D92900FDF5A4B85A747596A9B5C5
5900616313,Data Analyst (Python/SQL),Tata Consultancy Services,Data Analyst,IT Jobs,Mid-Level,2,Delhi NCR,Delhi,India,"Delhi, India",0,unspecified,unspecified,2026-09-27 18:07:00,2026-09-27,2026,9,27,Sunday,,,,,1,750000.0,7.5,1,28.62523,77.224601,https://www.adzuna.in/land/ad/5900616313?se=guioN7C78RGh8MIOntL-mw&utm_medium=api&utm_source=f46203c2&v=FC4EE9425734872B676962950981427745A4F612
5899510152,GTM Data Analyst - WFO,Aptita,Data Analyst,IT Jobs,Mid-Level,2,Hyderabad,Telangana,India,"Hyderabad, Telangana",0,unspecified,unspecified,2026-09-26 15:25:36,2026-09-26,2026,9,26,Saturday,,,,,1,750000.0,7.5,1,17.40275,78.50806,https://www.adzuna.in/land/ad/5899510152?se=guioN7C78RGh8MIOntL-mw&utm_medium=api&utm_source=f46203c2&v=DC15485A1B8367634BBED904C6B5D70F2EF08492
5891977122,Online Data Analyst - Kannada (IN),TELUS Digital Philippines,Data Analyst,Scientific & QA Jobs,Mid-Level,2,Unspecified / Pan-India,Unspecified,India,India,0,part_time,contract,2026-09-20 23:26:58,2026-09-20,2026,9,20,Sunday,,,,,1,750000.0,7.5,1,,,https://www.adzuna.in/land/ad/5891977122?se=guioN7C78RGh8MIOntL-mw&utm_medium=api&utm_source=f46203c2&v=CDF61008CE1CF5802D7983BEB4D981E43FBB8704
5889221034,Data Analyst - Customer Experience,Indofast Energy,Data Analyst,IT Jobs,Mid-Level,2,Bengaluru,Karnataka,India,"Bangalore, Karnataka",0,unspecified,unspecified,2026-09-18 17:30:31,2026-09-18,2026,9,18,Friday,,,,,1,750000.0,7.5,1,,,https://www.adzuna.in/land/ad/5889221034?se=guioN7C78RGh8MIOntL-mw&utm_medium=api&utm_source=f46203c2&v=F5AA87C4009C092158A686D26CF4CEFF32B04C30
5870693437,Senior Financial Data Analyst,Moody's,Data Analyst,Accounting & Finance Jobs,Senior,3,Bengaluru,Karnataka,India,"Bangalore, Karnataka",0,full_time,unspecified,2026-09-04 20:32:50,2026-09-04,2026,9,4,Friday,,,,,1,1325000.0,13.25,1,,,https://www.adzuna.in/land/ad/5870693437?se=guioN7C78RGh8MIOntL-mw&utm_medium=api&utm_source=f46203c2&v=DDF25B52AF6637983AB47D483B5236672E73A39D
5891981514,Online Data Analyst - Punjabi (IN),TELUS Digital Philippines,Data Analyst,IT Jobs,Mid-Level,2,Unspecified / Pan-India,Punjab,India,"Punjab, India",0,unspecified,contract,2026-09-20 23:28:57,2026-09-20,2026,9,20,Sunday,,,,,1,750000.0,7.5,1,30.891885,75.541377,https://www.adzuna.in/land/ad/5891981514?se=guioN7C78RGh8MIOntL-mw&utm_medium=api&utm_source=f46203c2&v=E0533E81B0087CB5F9730D04147CA15A80754E62
5891980499,Online Data Analyst - Odia (IN),TELUS Digital Philippines,Data Analyst,IT Jobs,Mid-Level,2,Unspecified / Pan-India,Orissa,India,"Orissa, India",0,unspecified,contract,2026-09-20 23:28:19,2026-09-20,2026,9,20,Sunday,,,,,1,750000.0,7.5,1,,,https://www.adzuna.in/land/ad/5891980499?se=guioN7C78RGh8MIOntL-mw&utm_medium=api&utm_source=f46203c2&v=17E6F5C132A85B225165A127BC9B96A3C4610506
5879667961,CDP-Tech Data Analyst,Americana Restaurants,Data Analyst,IT Jobs,Mid-Level,2,Unspecified / Pan-India,Unspecified,India,India,0,unspecified,unspecified,2026-09-11 17:16:03,2026-09-11,2026,9,11,Friday,,,,,1,750000.0,7.5,1,,,https://www.adzuna.in/land/ad/5879667961?se=guioN7C78RGh8MIOntL-mw&utm_medium=api&utm_source=f46203c2&v=7F7E3F80F5B4C45D17D9C96C321C24C037A9F1FE
5897296073,[GOGFZ0QV] ETL Data Analyst/Tester,ZettaMine Labs Pvt. Ltd.,Data Analyst,IT Jobs,Mid-Level,2,Bengaluru,Karnataka,India,"Bangalore, Karnataka",0,unspecified,unspecified,2026-09-25 01:56:51,2026-09-25,2026,9,25,Friday,,,,,1,750000.0,7.5,1,,,https://www.adzuna.in/land/ad/5897296073?se=guioN7C78RGh8MIOntL-mw&utm_medium=api&utm_source=f46203c2&v=30C52EC9149833737D1042E7CF8A65A837B7AC36
5895239259,Data Analyst/Engineer – SCG India,SCG,Data Analyst,IT Jobs,Mid-Level,2,Delhi NCR,Delhi,India,"New Delhi, Delhi",0,unspecified,unspecified,2026-09-23 19:40:17,2026-09-23,2026,9,23,Wednesday,,,,,1,750000.0,7.5,1,28.62623,77.21808,https://www.adzuna.in/land/ad/5895239259?se=guioN7C78RGh8MIOntL-mw&utm_medium=api&utm_source=f46203c2&v=4FCCAF26D8E5385244E97BD54062EC388012AFE8
5901133932,"Data Analyst, Digital Thread - India",PolyWorks India,Data Analyst,IT Jobs,Mid-Level,2,Unspecified / Pan-India,Unspecified,India,India,0,unspecified,unspecified,2026-09-28 07:35:34,2026-09-28,2026,9,28,Monday,,,,,1,750000.0,7.5,1,,,https://www.adzuna.in/land/ad/5901133932?se=guioN7C78RGh8MIOntL-mw&utm_medium=api&utm_source=f46203c2&v=19AA05E2D6D1DA41023DD1610421F40E1DB9D5DB
5876871774,Sr Lead Data Analyst- APP,Airtel Digital,Data Analyst,IT Jobs,Lead / Architect,5,Unspecified / Pan-India,Unspecified,India,India,0,unspecified,unspecified,2026-09-09 14:45:29,2026-09-09,2026,9,9,Wednesday,,,,,1,2775000.0,27.75,1,,,https://www.adzuna.in/land/ad/5876871774?se=guioN7C78RGh8MIOntL-mw&utm_medium=api&utm_source=f46203c2&v=155F4778728BE65B01873D4A0194A8ED18B60B46
5895031458,Data Analyst – AV Support Data Infrastructure & Analytics,"Pegasus Knowledge Solutions, Inc.",Data Analyst,Engineering Jobs,Mid-Level,2,Remote,Remote,India,India,1,unspecified,unspecified,2026-09-23 15:39:45,2026-09-23,2026,9,23,Wednesday,,,,,1,750000.0,7.5,1,,,https://www.adzuna.in/land/ad/5895031458?se=guioN7C78RGh8MIOntL-mw&utm_medium=api&utm_source=f46203c2&v=854DEEB9D5C6AEB7FB89D9AAA335BFE1258B29E2
5864437348,"Senior Marketing Data Analyst (Python, SQL)",Blend,Data Analyst,"PR, Advertising & Marketing Jobs",Senior,3,Hyderabad,Telangana,India,"Hyderabad, Telangana",0,unspecified,unspecified,2026-09-01 16:22:37,2026-09-01,2026,9,1,Tuesday,,,,,1,1325000.0,13.25,1,17.40275,78.50806,https://www.adzuna.in/land/ad/5864437348?se=guioN7C78RGh8MIOntL-mw&utm_medium=api&utm_source=f46203c2&v=61FFF99584786DBB66E8401001706E67D545896C
5897295023,Sales Operation Analyst (Data Analyst Sales),VARITE INC,Data Analyst,IT Jobs,Mid-Level,2,Bengaluru,Karnataka,India,"Bangalore, Karnataka",0,unspecified,unspecified,2026-09-25 01:54:06,2026-09-25,2026,9,25,Friday,,,,,1,750000.0,7.5,1,,,https://www.adzuna.in/land/ad/5897295023?se=guioN7C78RGh8MIOntL-mw&utm_medium=api&utm_source=f46203c2&v=FAEFDE2EC14B527EC36FF1EF543A5A7E6599FAAC
5897294464,Sales Data Analyst (Revenue Operations) | Bangalore,VARITE INC,Data Analyst,IT Jobs,Mid-Level,2,Bengaluru,Karnataka,India,"Bangalore, Karnataka",0,unspecified,contract,2026-09-25 01:51:40,2026-09-25,2026,9,25,Friday,,,,,1,750000.0,7.5,1,,,https://www.adzuna.in/land/ad/5897294464?se=guioN7C78RGh8MIOntL-mw&utm_medium=api&utm_source=f46203c2&v=CE5FB8A14624252EBD5D54A4D7BE58D8BEA2E55B
5894979888,"Senior Data Analyst, 12 months contract, Mumbai",Fitch Group,Data Analyst,Accounting & Finance Jobs,Senior,3,Mumbai,Maharashtra,India,"Mumbai, Maharashtra",0,full_time,contract,2026-09-23 14:40:07,2026-09-23,2026,9,23,Wednesday,,,,,1,1325000.0,13.25,1,19.00821,72.84415,https://www.adzuna.in/land/ad/5894979888?se=guioN7C78RGh8MIOntL-mw&utm_medium=api&utm_source=f46203c2&v=43DFC583CFA5FA6C0CC75FD6E709EF9FA27BF9F1
5889682564,Senior Data Modeler & Data Analyst-Data Platform-8 Years-Remote,Tekgence Inc,Data Analyst,IT Jobs,Senior,3,Remote,Remote,India,India,1,full_time,permanent,2026-09-18 23:24:41,2026-09-18,2026,9,18,Friday,,,,,1,1325000.0,13.25,1,,,https://www.adzuna.in/land/ad/5889682564?se=guioN7C78RGh8MIOntL-mw&utm_medium=api&utm_source=f46203c2&v=B5C153C486F7D5A6340E28558AAF029BFB4D2D90
5900875501,Data Research Analyst,Ruder Finn India,Data Analyst,"PR, Advertising & Marketing Jobs",Mid-Level,2,Unspecified / Pan-India,Unspecified,India,India,0,unspecified,unspecified,2026-09-28 02:01:48,2026-09-28,2026,9,28,Monday,,,,,1,750000.0,7.5,1,,,https://www.adzuna.in/land/ad/5900875501?se=guioN7C78RGh8MIOntL-mw&utm_medium=api&utm_source=f46203c2&v=1833ACD7F4AB3B826AA1457BEBBDD0991348B7F4
5864442886,Data Quality Analyst,Sambodhi Research and Communications Pvt. Ltd.,Data Analyst,IT Jobs,Mid-Level,2,Unspecified / Pan-India,Unspecified,India,India,0,full_time,unspecified,2026-09-01 16:23:17,2026-09-01,2026,9,1,Tuesday,,,,,1,750000.0,7.5,1,,,https://www.adzuna.in/land/ad/5864442886?se=guioN7C78RGh8MIOntL-mw&utm_medium=api&utm_source=f46203c2&v=098165625AD5F210BFEF1A3E40FBBB890EC719D4
5864443271,Data & Insights Analyst,Ecomm-Inroads,Data Analyst,IT Jobs,Mid-Level,2,Unspecified / Pan-India,Unspecified,India,India,0,unspecified,unspecified,2026-09-01 16:23:20,2026-09-01,2026,9,1,Tuesday,,,,,1,750000.0,7.5,1,,,https://www.adzuna.in/land/ad/5864443271?se=guioN7C78RGh8MIOntL-mw&utm_medium=api&utm_source=f46203c2&v=05CA5513B1DADC57A547E4F51A80FF616618A19F
5867115068,Data Management Analyst,Moody's,Data Analyst,IT Jobs,Manager,4,Bengaluru,Karnataka,India,"Bangalore, Karnataka",0,full_time,unspecified,2026-09-02 18:15:33,2026-09-02,2026,9,2,Wednesday,,,,,1,750000.0,7.5,1,,,https://www.adzuna.in/land/ad/5867115068?se=guioN7C78RGh8MIOntL-mw&utm_medium=api&utm_source=f46203c2&v=0690395A04D115923E5072660A3E464C57BD66A4
5843766762,IS Data Security - Analyst,ABB,Data Analyst,IT Jobs,Mid-Level,2,Bengaluru,Karnataka,India,"Bangalore, Karnataka",0,full_time,unspecified,2026-08-16 06:19:46,2026-08-16,2026,8,16,Sunday,,,,,1,750000.0,7.5,1,12.95703,77.59837,https://www.adzuna.in/land/ad/5843766762?se=guioN7C78RGh8MIOntL-mw&utm_medium=api&utm_source=f46203c2&v=10E7F647774D145FD5779E5E48176C6A2A5877E6
5891981575,Data Governance Analysts - Collibra & Data Marketplace,Lorven Technologies Inc.,Data Analyst,IT Jobs,Mid-Level,2,Hyderabad,Telangana,India,"Hyderabad, Telangana",0,unspecified,unspecified,2026-09-20 23:29:04,2026-09-20,2026,9,20,Sunday,,,,,1,750000.0,7.5,1,17.40275,78.50806,https://www.adzuna.in/land/ad/5891981575?se=guioN7C78RGh8MIOntL-mw&utm_medium=api&utm_source=f46203c2&v=2692D8FBFCC3D8ED972E77231F2BD684BB6035E3
5883563676,Data Analyst (Fully Remote) – Top US MNC (Enterprise Software),SkillsCapital,Data Analyst,IT Jobs,Mid-Level,2,Remote,Remote,India,India,1,unspecified,unspecified,2026-09-14 17:18:19,2026-09-14,2026,9,14,Monday,,,,,1,750000.0,7.5,1,,,https://www.adzuna.in/land/ad/5883563676?se=guioN7C78RGh8MIOntL-mw&utm_medium=api&utm_source=f46203c2&v=9053853AD4C985ADDF6198257B8289E4B36046DD
5891980504,Collibra Data Governance Analysts,Lorven Technologies Inc.,Data Analyst,IT Jobs,Mid-Level,2,Hyderabad,Telangana,India,"Hyderabad, Telangana",0,unspecified,unspecified,2026-09-20 23:28:20,2026-09-20,2026,9,20,Sunday,,,,,1,750000.0,7.5,1,17.40275,78.50806,https://www.adzuna.in/land/ad/5891980504?se=guioN7C78RGh8MIOntL-mw&utm_medium=api&utm_source=f46203c2&v=55369B7C23BEC25F1B96C2FE7E7DE170CA7D84B1
5898533943,Data Insight Analyst [T500-29603],Albertsons Companies India,Data Analyst,IT Jobs,Mid-Level,2,Bengaluru,Karnataka,India,"Bangalore, Karnataka",0,unspecified,unspecified,2026-09-25 22:02:55,2026-09-25,2026,9,25,Friday,,,,,1,750000.0,7.5,1,,,https://www.adzuna.in/land/ad/5898533943?se=guioN7C78RGh8MIOntL-mw&utm_medium=api&utm_source=f46203c2&v=BF3F8C8BAAF3280272EE98B6C195D054FD3542DC
5890607834,Analyst - Data & Insights,GobbleCube,Data Analyst,IT Jobs,Mid-Level,2,Unspecified / Pan-India,Unspecified,India,India,0,unspecified,unspecified,2026-09-19 17:30:24,2026-09-19,2026,9,19,Saturday,,,,,1,750000.0,7.5,1,,,https://www.adzuna.in/land/ad/5890607834?se=guioN7C78RGh8MIOntL-mw&utm_medium=api&utm_source=f46203c2&v=E59AE80BE81E3FAF588C6246DD75F028CDD54479
5887061035,ANALYST DATA & INSIGHTS,TE Connectivity,Data Analyst,IT Jobs,Mid-Level,2,Bengaluru,Karnataka,India,"Bangalore, Karnataka",0,full_time,unspecified,2026-09-17 08:30:59,2026-09-17,2026,9,17,Thursday,,,,,1,750000.0,7.5,1,12.95703,77.59837,https://www.adzuna.in/land/ad/5887061035?se=guioN7C78RGh8MIOntL-mw&utm_medium=api&utm_source=f46203c2&v=9A519ECBA2A21C69B153A2476CF0676BC961AFE9
5901934771,Associate Product Data Optimization Analyst - Data Science/Machine Learning [T500-29709],Officeworks GCC India,Data Analyst,IT Jobs,Entry / Junior,1,Bengaluru,Karnataka,India,"Bangalore, Karnataka",0,unspecified,unspecified,2026-09-29 02:20:14,2026-09-29,2026,9,29,Tuesday,,,,,1,400000.0,4.0,1,,,https://www.adzuna.in/land/ad/5901934771?se=guioN7C78RGh8MIOntL-mw&utm_medium=api&utm_source=f46203c2&v=01AAF53104A0623AA65A077191C1A9133F763D62
5893930284,Sr Analyst – Data & Governance,BeamForward,Data Analyst,IT Jobs,Senior,3,Bengaluru,Karnataka,India,"Bangalore, Karnataka",0,unspecified,unspecified,2026-09-22 17:39:58,2026-09-22,2026,9,22,Tuesday,,,,,1,1325000.0,13.25,1,,,https://www.adzuna.in/land/ad/5893930284?se=guioN7C78RGh8MIOntL-mw&utm_medium=api&utm_source=f46203c2&v=886B0A853CCF798A1A3E56CE1AEB80D5AF9DAFA7
5887061014,ANALYST DATA & INSIGHTS II,TE Connectivity,Data Analyst,"PR, Advertising & Marketing Jobs",Mid-Level,2,Bengaluru,Karnataka,India,"Bangalore, Karnataka",0,full_time,unspecified,2026-09-17 08:30:58,2026-09-17,2026,9,17,Thursday,,,,,1,750000.0,7.5,1,12.95703,77.59837,https://www.adzuna.in/land/ad/5887061014?se=guioN7C78RGh8MIOntL-mw&utm_medium=api&utm_source=f46203c2&v=E4106ED12CF67B2929E0B88252BEAFA9CB74A6E8
5893510973,ANALYST DATA & INSIGHTS II,TE Connectivity,Data Analyst,"PR, Advertising & Marketing Jobs",Mid-Level,2,Bengaluru,Karnataka,India,"Bangalore, Karnataka",0,full_time,unspecified,2026-09-22 08:31:57,2026-09-22,2026,9,22,Tuesday,,,,,1,750000.0,7.5,1,12.95703,77.59837,https://www.adzuna.in/land/ad/5893510973?se=guioN7C78RGh8MIOntL-mw&utm_medium=api&utm_source=f46203c2&v=0B6D7DB33EBB86EB8C340E88753304B469221564
5893510124,ANALYST DATA & INSIGHTS III,TE Connectivity,Data Analyst,"PR, Advertising & Marketing Jobs",Senior,3,Bengaluru,Karnataka,India,"Bangalore, Karnataka",0,full_time,unspecified,2026-09-22 08:31:36,2026-09-22,2026,9,22,Tuesday,,,,,1,1325000.0,13.25,1,12.95703,77.59837,https://www.adzuna.in/land/ad/5893510124?se=guioN7C78RGh8MIOntL-mw&utm_medium=api&utm_source=f46203c2&v=8605B6B66ED02207D96462C0EE54C17D095CD012
5843766857,IS Data Security - Senior Analyst,ABB,Data Analyst,IT Jobs,Senior,3,Bengaluru,Karnataka,India,"Bangalore, Karnataka",0,full_time,unspecified,2026-08-16 06:19:54,2026-08-16,2026,8,16,Sunday,,,,,1,1325000.0,13.25,1,12.95703,77.59837,https://www.adzuna.in/land/ad/5843766857?se=guioN7C78RGh8MIOntL-mw&utm_medium=api&utm_source=f46203c2&v=01FE278DE8610A415ACA5BDAD4540C0D25350285
5891690070,Anti-Money Laundering Analyst,HTC Global Services,Data Analyst,IT Jobs,Mid-Level,2,Hyderabad,Telangana,India,"Hyderabad, Telangana",0,unspecified,unspecified,2026-09-20 17:32:17,2026-09-20,2026,9,20,Sunday,,,,,1,750000.0,7.5,1,17.40275,78.50806,https://www.adzuna.in/land/ad/5891690070?se=guioN7C78RGh8MIOntL-mw&utm_medium=api&utm_source=f46203c2&v=A3ACA08EBBF9078169EE8A67777A09DD24AD7D0B
5891691076,Anti-Money Laundering Analyst,HTC Global Services,Data Analyst,IT Jobs,Mid-Level,2,Bengaluru,Karnataka,India,"Bangalore, Karnataka",0,unspecified,unspecified,2026-09-20 17:34:00,2026-09-20,2026,9,20,Sunday,,,,,1,750000.0,7.5,1,,,https://www.adzuna.in/land/ad/5891691076?se=guioN7C78RGh8MIOntL-mw&utm_medium=api&utm_source=f46203c2&v=42C72957021177D0905435D3D66CB5F3ED02677B
5880070268,Data Analytics - TL,Aceolution,Data Analyst,IT Jobs,Mid-Level,2,Hyderabad,Telangana,India,"Hyderabad, Telangana",0,unspecified,unspecified,2026-09-12 01:09:17,2026-09-12,2026,9,12,Saturday,,,,,1,750000.0,7.5,1,17.40275,78.50806,https://www.adzuna.in/land/ad/5880070268?se=guioN7C78RGh8MIOntL-mw&utm_medium=api&utm_source=f46203c2&v=73E047A648757A5363A821FEA289057FEC4A2FCE
5886986209,Geographic Information System Developer,ClimaCrew,Data Analyst,IT Jobs,Mid-Level,2,Mumbai,Maharashtra,India,"Mumbai, Maharashtra",0,full_time,contract,2026-09-17 07:18:24,2026-09-17,2026,9,17,Thursday,,,,,1,750000.0,7.5,1,19.00821,72.84415,https://www.adzuna.in/land/ad/5886986209?se=guioN7C78RGh8MIOntL-mw&utm_medium=api&utm_source=f46203c2&v=F6E6017A182BCB1416DE72810CF010C6373919CB
5870857067,Analytics Manager,Kamakhya Analytics Private Limited,Data Analyst,"Energy, Oil & Gas Jobs",Manager,4,Bengaluru,Karnataka,India,"Bangalore, Karnataka",0,unspecified,unspecified,2026-09-04 22:27:33,2026-09-04,2026,9,4,Friday,,,,,1,750000.0,7.5,1,,,https://www.adzuna.in/land/ad/5870857067?se=guioN7C78RGh8MIOntL-mw&utm_medium=api&utm_source=f46203c2&v=4E9E2223B446D220BF1BB472CF7D4A568D5F1108
5871993046,Lead Data Engineer,TEKsystems Global Services in India,Data Analyst,IT Jobs,Lead / Architect,5,Hyderabad,Telangana,India,"Hyderabad, Telangana",0,unspecified,unspecified,2026-09-05 18:32:53,2026-09-05,2026,9,5,Saturday,,,,,1,2775000.0,27.75,1,17.40275,78.50806,https://www.adzuna.in/land/ad/5871993046?se=guioN7C78RGh8MIOntL-mw&utm_medium=api&utm_source=f46203c2&v=7C384746348DF26C114FF5DE4F3A90AB3176100B
5898262333,Senior RWE Research Analyst,Novartis,Data Analyst,Scientific & QA Jobs,Senior,3,Unspecified / Pan-India,Unspecified,India,India,0,full_time,unspecified,2026-09-25 16:34:45,2026-09-25,2026,9,25,Friday,,,,,1,1325000.0,13.25,1,,,https://www.adzuna.in/land/ad/5898262333?se=guioN7C78RGh8MIOntL-mw&utm_medium=api&utm_source=f46203c2&v=C72FCCF362540FC4E98FFF2E2E176F75AC9891C6
5867036131,Azure data engineer - F2F discussion - Chennai,Tata Consultancy Services,Data Analyst,IT Jobs,Mid-Level,2,Chennai,Tamil Nadu,India,"Chennai, Tamil Nadu",0,unspecified,unspecified,2026-09-02 16:42:44,2026-09-02,2026,9,2,Wednesday,,,,,1,750000.0,7.5,1,13.06041,80.24963,https://www.adzuna.in/land/ad/5867036131?se=guioN7C78RGh8MIOntL-mw&utm_medium=api&utm_source=f46203c2&v=C48C5706049EB6DA33F6189F3349ED33FD35CA25
5889222280,Frontend Developer,Insight Global,Data Analyst,IT Jobs,Mid-Level,2,Bengaluru,Karnataka,India,"Bangalore, Karnataka",0,unspecified,unspecified,2026-09-18 17:30:53,2026-09-18,2026,9,18,Friday,,,,,1,750000.0,7.5,1,,,https://www.adzuna.in/land/ad/5889222280?se=guioN7C78RGh8MIOntL-mw&utm_medium=api&utm_source=f46203c2&v=C619CA8917BF1F8F39FB3DCACE97206B719CF0D9
5893930268,ETL Specialist,Tata Consultancy Services,Data Analyst,IT Jobs,Mid-Level,2,Unspecified / Pan-India,Unspecified,India,India,0,unspecified,unspecified,2026-09-22 17:39:57,2026-09-22,2026,9,22,Tuesday,,,,,1,750000.0,7.5,1,,,https://www.adzuna.in/land/ad/5893930268?se=IHPPOLC78RGTcuZ3r2Yb6w&utm_medium=api&utm_source=f46203c2&v=699051DA5842C8285B883C702488A372D42901BD
5893922605,ETL Specialist,Tata Consultancy Services,Data Analyst,IT Jobs,Mid-Level,2,Unspecified / Pan-India,Unspecified,India,India,0,unspecified,unspecified,2026-09-22 17:36:02,2026-09-22,2026,9,22,Tuesday,,,,,1,750000.0,7.5,1,,,https://www.adzuna.in/land/ad/5893922605?se=IHPPOLC78RGTcuZ3r2Yb6w&utm_medium=api&utm_source=f46203c2&v=9C09F93678DE2710D76B01B2A6BCC60ACAB85054
5895030957,Microsoft Fabric Engineer,Cambay Solutions,Data Analyst,IT Jobs,Mid-Level,2,Unspecified / Pan-India,Unspecified,India,India,0,unspecified,unspecified,2026-09-23 15:38:33,2026-09-23,2026,9,23,Wednesday,,,,,1,750000.0,7.5,1,,,https://www.adzuna.in/land/ad/5895030957?se=IHPPOLC78RGTcuZ3r2Yb6w&utm_medium=api&utm_source=f46203c2&v=2F25D7BC6E18ECF3CB3CAECF33A49CC3B12BFA23
5901137667,Senior Data Engineer (immediate joiner),Luxoft,Data Analyst,IT Jobs,Senior,3,Unspecified / Pan-India,Unspecified,India,India,0,unspecified,unspecified,2026-09-28 07:41:06,2026-09-28,2026,9,28,Monday,,,,,1,1325000.0,13.25,1,,,https://www.adzuna.in/land/ad/5901137667?se=IHPPOLC78RGTcuZ3r2Yb6w&utm_medium=api&utm_source=f46203c2&v=A9EA94E75E94AA1FAD5F5E2AE9B4A80DFA028C5C
5895239142,Senior Data Engineer [T500-29515],FM,Data Analyst,IT Jobs,Senior,3,Bengaluru,Karnataka,India,"Bangalore, Karnataka",0,unspecified,unspecified,2026-09-23 19:39:59,2026-09-23,2026,9,23,Wednesday,,,,,1,1325000.0,13.25,1,,,https://www.adzuna.in/land/ad/5895239142?se=IHPPOLC78RGTcuZ3r2Yb6w&utm_medium=api&utm_source=f46203c2&v=66E7F66154E57C0A88E257387CA4E5B4DED971FB
5870527464,Data Engineer,Recro,Data Analyst,IT Jobs,Mid-Level,2,Unspecified / Pan-India,Unspecified,India,India,0,unspecified,unspecified,2026-09-04 16:57:28,2026-09-04,2026,9,4,Friday,,,,,1,750000.0,7.5,1,,,https://www.adzuna.in/land/ad/5870527464?se=IHPPOLC78RGTcuZ3r2Yb6w&utm_medium=api&utm_source=f46203c2&v=0B6608796342581E1F75E76CBFA752ADFD2A0010
5898129551,Data Engineer,mCaffeine,Data Analyst,IT Jobs,Mid-Level,2,Mumbai,Maharashtra,India,"Mumbai, Maharashtra",0,unspecified,unspecified,2026-09-25 15:23:59,2026-09-25,2026,9,25,Friday,,,,,1,750000.0,7.5,1,19.00821,72.84415,https://www.adzuna.in/land/ad/5898129551?se=IHPPOLC78RGTcuZ3r2Yb6w&utm_medium=api&utm_source=f46203c2&v=100C3D6B0FA3BDEC21B470D3BE1F3A95A4FF7D0C
5846723639,Senior People Analyst,Wise,Data Analyst,IT Jobs,Senior,3,Hyderabad,Telangana,India,"Hyderabad, Telangana",0,full_time,unspecified,2026-08-18 18:03:42,2026-08-18,2026,8,18,Tuesday,,,,,1,1325000.0,13.25,1,17.40275,78.50806,https://www.adzuna.in/land/ad/5846723639?se=IHPPOLC78RGTcuZ3r2Yb6w&utm_medium=api&utm_source=f46203c2&v=36A1DC37A199ACB77D77BBBCF743B72B5A52395F
5899975699,Technical Project Manager,KPI Partners,Data Analyst,IT Jobs,Manager,4,Bengaluru,Karnataka,India,"Bangalore, Karnataka",0,full_time,unspecified,2026-09-27 01:57:37,2026-09-27,2026,9,27,Sunday,,,,,1,750000.0,7.5,1,,,https://www.adzuna.in/land/ad/5899975699?se=IHPPOLC78RGTcuZ3r2Yb6w&utm_medium=api&utm_source=f46203c2&v=24F48EE2A46FB7E5AFA5E89BEBDFCE8B04313390
5900875768,Technical Project Manager,KPI Partners,Data Analyst,IT Jobs,Manager,4,Hyderabad,Telangana,India,"Hyderabad, Telangana",0,full_time,unspecified,2026-09-28 02:03:14,2026-09-28,2026,9,28,Monday,,,,,1,750000.0,7.5,1,17.40275,78.50806,https://www.adzuna.in/land/ad/5900875768?se=IHPPOLC78RGTcuZ3r2Yb6w&utm_medium=api&utm_source=f46203c2&v=AEFEAF2D603598832C785035E27F1F9E23117AC3
5896613632,Data Engineer,Ascendion,Data Analyst,IT Jobs,Mid-Level,2,Hyderabad,Telangana,India,"Hyderabad, Telangana",0,full_time,unspecified,2026-09-24 15:18:21,2026-09-24,2026,9,24,Thursday,,,,,1,750000.0,7.5,1,17.40275,78.50806,https://www.adzuna.in/land/ad/5896613632?se=IHPPOLC78RGTcuZ3r2Yb6w&utm_medium=api&utm_source=f46203c2&v=110BC426C240E75E2D678D8C8324C7DDE0F2396A
5864424975,Azure Data Engineer,EXL,Data Analyst,IT Jobs,Mid-Level,2,Noida,Uttar Pradesh,India,"Noida, Ghaziabad",0,unspecified,unspecified,2026-09-01 16:20:30,2026-09-01,2026,9,1,Tuesday,,,,,1,750000.0,7.5,1,28.56579,77.3225,https://www.adzuna.in/land/ad/5864424975?se=IHPPOLC78RGTcuZ3r2Yb6w&utm_medium=api&utm_source=f46203c2&v=163261631D27D6F7FA1472B3419BDD9177EDCB52
5895599606,Senior Marketing Analyst,Selections HR Services Private Limited,Data Analyst,IT Jobs,Senior,3,Unspecified / Pan-India,Unspecified,India,India,0,unspecified,unspecified,2026-09-24 01:47:23,2026-09-24,2026,9,24,Thursday,,,,,1,1325000.0,13.25,1,,,https://www.adzuna.in/land/ad/5895599606?se=IHPPOLC78RGTcuZ3r2Yb6w&utm_medium=api&utm_source=f46203c2&v=BD78E7CDC8AD788AE936B19B1308D60BBDF3693E
5846723609,"Product Analyst – Operations Reference Data, AVP",Deutsche Bank,Data Analyst,IT Jobs,Mid-Level,2,Bengaluru,Karnataka,India,"Bangalore, Karnataka",0,full_time,unspecified,2026-08-18 18:03:42,2026-08-18,2026,8,18,Tuesday,,,,,1,750000.0,7.5,1,12.95703,77.59837,https://www.adzuna.in/land/ad/5846723609?se=IHPPOLC78RGTcuZ3r2Yb6w&utm_medium=api&utm_source=f46203c2&v=063156DD23150BBCAF81505F2DE895A6040C5342
5898129871,Solution Intelligence Analyst II- Data skills with Banking background,Essex Lake Group LLC,Data Analyst,Consultancy Jobs,Mid-Level,2,Unspecified / Pan-India,Unspecified,India,India,0,unspecified,unspecified,2026-09-25 15:24:11,2026-09-25,2026,9,25,Friday,,,,,1,750000.0,7.5,1,,,https://www.adzuna.in/land/ad/5898129871?se=IHPPOLC78RGTcuZ3r2Yb6w&utm_medium=api&utm_source=f46203c2&v=7C9087BE7DAEBD0E6FF36F8D168E395098D3FC83
5864439916,LEAD DATA ENGINEER,Eucloid Data Solutions,Data Analyst,IT Jobs,Lead / Architect,5,Chennai,Tamil Nadu,India,"Chennai, Tamil Nadu",0,unspecified,unspecified,2026-09-01 16:23:00,2026-09-01,2026,9,1,Tuesday,,,,,1,2775000.0,27.75,1,13.06041,80.24963,https://www.adzuna.in/land/ad/5864439916?se=IHPPOLC78RGTcuZ3r2Yb6w&utm_medium=api&utm_source=f46203c2&v=2B52CFE98AC872D40CE4AD16C7E86182B8A61F4D
5882589220,Equity Fund Manager,Taurus Mutual Fund,Data Analyst,Accounting & Finance Jobs,Manager,4,Unspecified / Pan-India,Unspecified,India,India,0,unspecified,unspecified,2026-09-13 17:17:16,2026-09-13,2026,9,13,Sunday,,,,,1,750000.0,7.5,1,,,https://www.adzuna.in/land/ad/5882589220?se=IHPPOLC78RGTcuZ3r2Yb6w&utm_medium=api&utm_source=f46203c2&v=EB71A7C715FE183638D321F788FF1052C91E0ADF
5826247065,Data Analyst,Inficore Soft,Data Analyst,IT Jobs,Mid-Level,2,Unspecified / Pan-India,Unspecified,India,India,0,full_time,permanent,2026-08-03 06:51:53,2026-08-03,2026,8,3,Monday,264000.0,276000.0,270000.0,2.7,0,270000.0,2.7,0,,,https://www.adzuna.in/details/5826247065?utm_medium=api&utm_source=f46203c2
4686704238,Data Analyst,Unknown,Data Analyst,IT Jobs,Mid-Level,2,Thiruvananthapuram,Kerala,India,"Thiruvananthapuram, Kerala",0,unspecified,unspecified,2024-05-10 07:38:46,2024-05-10,2024,5,10,Friday,,,,,1,750000.0,7.5,1,8.38159,77.0037,https://www.adzuna.in/details/4686704238?utm_medium=api&utm_source=f46203c2
5849116040,Data Analyst,Time Hack Consulting,Data Analyst,IT Jobs,Mid-Level,2,Bengaluru,Karnataka,India,"Bangalore, Karnataka",0,full_time,permanent,2026-08-20 07:10:41,2026-08-20,2026,8,20,Thursday,600000.0,1300000.0,950000.0,9.5,0,950000.0,9.5,0,,,https://www.adzuna.in/details/5849116040?utm_medium=api&utm_source=f46203c2
5893057271,Data Analyst,Acme Services Private Limited,Data Analyst,IT Jobs,Mid-Level,2,Mumbai,Maharashtra,India,"Bazargate, Mumbai",0,unspecified,unspecified,2026-09-21 23:44:50,2026-09-21,2026,9,21,Monday,1000000.0,2000000.0,1500000.0,15.0,0,1500000.0,15.0,0,18.94206,72.83544,https://www.adzuna.in/details/5893057271?utm_medium=api&utm_source=f46203c2
5893746546,Data Analyst,Renesas Electronics,Data Analyst,IT Jobs,Mid-Level,2,Bengaluru,Karnataka,India,"Bangalore, Karnataka",0,unspecified,unspecified,2026-09-22 14:32:07,2026-09-22,2026,9,22,Tuesday,,,,,1,750000.0,7.5,1,,,https://www.adzuna.in/details/5893746546?utm_medium=api&utm_source=f46203c2
5887707022,Data Development platform engineer,eBay,Data Analyst,IT Jobs,Mid-Level,2,Bengaluru,Karnataka,India,"Bangalore, Karnataka",0,full_time,unspecified,2026-09-17 18:26:24,2026-09-17,2026,9,17,Thursday,,,,,1,750000.0,7.5,1,,,https://www.adzuna.in/land/ad/5887707022?se=IHPPOLC78RGTcuZ3r2Yb6w&utm_medium=api&utm_source=f46203c2&v=CE59129E556A1BF37D8544792E85F6E61CA32C8B
5819873638,Data Analyst/ Senior Data Analyst,Dynata,Data Analyst,IT Jobs,Senior,3,Noida,Uttar Pradesh,India,"Noida, Ghaziabad",0,full_time,unspecified,2026-07-29 20:47:45,2026-07-29,2026,7,29,Wednesday,,,,,1,1325000.0,13.25,1,28.56579,77.3225,https://www.adzuna.in/details/5819873638?utm_medium=api&utm_source=f46203c2
5880523767,Staff Backend Engineer,Wise,Data Analyst,IT Jobs,Lead / Architect,5,Hyderabad,Telangana,India,"Hyderabad, Telangana",0,full_time,unspecified,2026-09-12 08:31:36,2026-09-12,2026,9,12,Saturday,,,,,1,2775000.0,27.75,1,17.40275,78.50806,https://www.adzuna.in/land/ad/5880523767?se=IHPPOLC78RGTcuZ3r2Yb6w&utm_medium=api&utm_source=f46203c2&v=19D202C3C6F1F5691A8ADF7CC017C85F6D5A9F8E
5901136961,GCP Data Engineer,EliteRecruitments,Data Analyst,IT Jobs,Mid-Level,2,Unspecified / Pan-India,Unspecified,India,India,0,unspecified,unspecified,2026-09-28 07:38:57,2026-09-28,2026,9,28,Monday,,,,,1,750000.0,7.5,1,,,https://www.adzuna.in/land/ad/5901136961?se=IHPPOLC78RGTcuZ3r2Yb6w&utm_medium=api&utm_source=f46203c2&v=839AAF88AA41513C1BCFCF5E27A3C2C43308F510
5886092306,Machine Learning Lead,Zemoso Technologies,Data Analyst,IT Jobs,Lead / Architect,5,Bengaluru,Karnataka,India,"Bangalore, Karnataka",0,unspecified,unspecified,2026-09-16 17:23:07,2026-09-16,2026,9,16,Wednesday,,,,,1,2775000.0,27.75,1,,,https://www.adzuna.in/land/ad/5886092306?se=IHPPOLC78RGTcuZ3r2Yb6w&utm_medium=api&utm_source=f46203c2&v=750028D2865657B7F3DC0A8A9B0AC732262A10D3
5735463452,Data Analyst,Digital Twin,Data Analyst,IT Jobs,Mid-Level,2,Pune,Maharashtra,India,"Pune, Maharashtra",0,unspecified,unspecified,2026-05-21 02:12:34,2026-05-21,2026,5,21,Thursday,,,,,1,750000.0,7.5,1,18.5062,73.84735,https://www.adzuna.in/details/5735463452?utm_medium=api&utm_source=f46203c2
1993882092,Data Analyst,SveltetechTechnologies Pvt Ltd,Data Analyst,IT Jobs,Mid-Level,2,Delhi NCR,Delhi,India,"Delhi, India",0,full_time,unspecified,2021-02-15 04:27:43,2021-02-15,2021,2,15,Monday,0.0,300000.0,300000.0,3.0,0,300000.0,3.0,0,,,https://www.adzuna.in/details/1993882092?utm_medium=api&utm_source=f46203c2
5868120206,Data Analyst,Reliance Games,Data Analyst,IT Jobs,Mid-Level,2,Pune,Maharashtra,India,"Pune, Maharashtra",0,unspecified,unspecified,2026-09-03 08:01:51,2026-09-03,2026,9,3,Thursday,,,,,1,750000.0,7.5,1,18.5062,73.84735,https://www.adzuna.in/details/5868120206?utm_medium=api&utm_source=f46203c2
4514376622,Data Analyst,Qrata,Data Analyst,IT Jobs,Mid-Level,2,Delhi NCR,Delhi,India,"Delhi, India",0,full_time,unspecified,2024-01-07 15:08:07,2024-01-07,2024,1,7,Sunday,1000000.0,1200000.0,1100000.0,11.0,0,1100000.0,11.0,0,28.62523,77.224601,https://www.adzuna.in/details/4514376622?utm_medium=api&utm_source=f46203c2
5146507084,Data Analyst,Amicus Therapeutics,Data Analyst,IT Jobs,Mid-Level,2,Bengaluru,Karnataka,India,"Bangalore, Karnataka",1,full_time,unspecified,2025-04-16 01:41:37,2025-04-16,2025,4,16,Wednesday,,,,,1,750000.0,7.5,1,,,https://www.adzuna.in/details/5146507084?utm_medium=api&utm_source=f46203c2
5744868780,Data Analyst,Amicus India,Data Analyst,IT Jobs,Mid-Level,2,Bengaluru,Karnataka,India,"Bangalore, Karnataka",1,full_time,unspecified,2026-05-30 02:27:15,2026-05-30,2026,5,30,Saturday,,,,,1,750000.0,7.5,1,,,https://www.adzuna.in/details/5744868780?utm_medium=api&utm_source=f46203c2
5850375334,Data Analyst,TechnoGen,Data Analyst,IT Jobs,Mid-Level,2,Hyderabad,Telangana,India,"Hyderabad, Telangana",0,unspecified,unspecified,2026-08-21 07:38:38,2026-08-21,2026,8,21,Friday,,,,,1,750000.0,7.5,1,17.40275,78.50806,https://www.adzuna.in/details/5850375334?utm_medium=api&utm_source=f46203c2
4514376189,Data Analyst,Qrata,Data Analyst,IT Jobs,Mid-Level,2,Delhi NCR,Delhi,India,"Delhi, India",0,full_time,unspecified,2024-01-07 15:07:49,2024-01-07,2024,1,7,Sunday,800000.0,1300000.0,1050000.0,10.5,0,1050000.0,10.5,0,28.62523,77.224601,https://www.adzuna.in/details/4514376189?utm_medium=api&utm_source=f46203c2
5728436260,Data analyst,RECEX,Data Analyst,IT Jobs,Mid-Level,2,Kolkata,West Bengal,India,"Kolkata, West Bengal",0,full_time,unspecified,2026-05-14 02:27:02,2026-05-14,2026,5,14,Thursday,2880000.0,3600000.0,3240000.0,32.4,0,3240000.0,32.4,0,22.57285,88.34373,https://www.adzuna.in/details/5728436260?utm_medium=api&utm_source=f46203c2
4966721625,Data Analyst,Fatakpay,Data Analyst,IT Jobs,Mid-Level,2,Unspecified / Pan-India,Unspecified,India,India,0,full_time,unspecified,2024-12-07 13:03:54,2024-12-07,2024,12,7,Saturday,800000.0,1500000.0,1150000.0,11.5,0,1150000.0,11.5,0,,,https://www.adzuna.in/details/4966721625?utm_medium=api&utm_source=f46203c2
5741536696,Data Analyst,RECEX,Data Analyst,IT Jobs,Mid-Level,2,Vasai,Maharashtra,India,"Vasai, Thane",0,full_time,unspecified,2026-05-27 02:25:11,2026-05-27,2026,5,27,Wednesday,300000.0,500000.0,400000.0,4.0,0,400000.0,4.0,0,19.72098,73.40553,https://www.adzuna.in/details/5741536696?utm_medium=api&utm_source=f46203c2
1171509680,Data Analyst,Malaysian Global Innovation and Creativity Centre,Data Analyst,IT Jobs,Mid-Level,2,Unspecified / Pan-India,Unspecified,India,India,0,full_time,contract,2019-06-05 21:12:29,2019-06-05,2019,6,5,Wednesday,500000.0,1000000.0,750000.0,7.5,0,750000.0,7.5,0,,,https://www.adzuna.in/details/1171509680?utm_medium=api&utm_source=f46203c2
5727098377,Data Analyst,Navrang HR Solutions,Data Analyst,IT Jobs,Mid-Level,2,Surat,Gujarat,India,"Surat, Gujarat",0,full_time,unspecified,2026-05-13 01:59:29,2026-05-13,2026,5,13,Wednesday,2880000.0,3600000.0,3240000.0,32.4,0,3240000.0,32.4,0,21.18955,72.8318,https://www.adzuna.in/details/5727098377?utm_medium=api&utm_source=f46203c2
5848337096,Data Analyst,Precision Medicine Group,Data Analyst,IT Jobs,Mid-Level,2,Unspecified / Pan-India,Unspecified,India,India,0,unspecified,unspecified,2026-08-19 20:39:55,2026-08-19,2026,8,19,Wednesday,,,,,1,750000.0,7.5,1,,,https://www.adzuna.in/details/5848337096?utm_medium=api&utm_source=f46203c2
1712428599,Data Analyst,Namaste Credit,Data Analyst,IT Jobs,Mid-Level,2,Bengaluru,Karnataka,India,"Bangalore, Karnataka",0,full_time,unspecified,2020-09-19 01:45:32,2020-09-19,2020,9,19,Saturday,500000.0,1000000.0,750000.0,7.5,0,750000.0,7.5,0,,,https://www.adzuna.in/details/1712428599?utm_medium=api&utm_source=f46203c2
5503836577,Data Analyst,NAVVYASA CONSULTING PRIVATE LIMITED,Data Analyst,IT Jobs,Mid-Level,2,Unspecified / Pan-India,Unspecified,India,India,0,full_time,unspecified,2025-11-20 00:58:08,2025-11-20,2025,11,20,Thursday,,,,,1,750000.0,7.5,1,,,https://www.adzuna.in/details/5503836577?utm_medium=api&utm_source=f46203c2
5831395731,Data Analyst,Whisk Software Private Limited,Data Analyst,IT Jobs,Mid-Level,2,Pune,Maharashtra,India,"Pune, Maharashtra",0,unspecified,unspecified,2026-08-07 07:26:13,2026-08-07,2026,8,7,Friday,,,,,1,750000.0,7.5,1,18.5062,73.84735,https://www.adzuna.in/details/5831395731?utm_medium=api&utm_source=f46203c2
5889560006,Data Analyst,MedTourEasy,Data Analyst,IT Jobs,Mid-Level,2,Unspecified / Pan-India,Unspecified,India,India,0,full_time,unspecified,2026-09-18 21:52:19,2026-09-18,2026,9,18,Friday,600000.0,600000.0,600000.0,6.0,0,600000.0,6.0,0,,,https://www.adzuna.in/details/5889560006?utm_medium=api&utm_source=f46203c2
5503284671,Data Analyst,Intelliatx Therapeutics,Data Analyst,IT Jobs,Mid-Level,2,Bengaluru,Karnataka,India,"Bangalore, Karnataka",0,full_time,unspecified,2025-11-19 22:19:09,2025-11-19,2025,11,19,Wednesday,,,,,1,750000.0,7.5,1,,,https://www.adzuna.in/details/5503284671?utm_medium=api&utm_source=f46203c2
5877293479,Data Analyst,Cornerstone OnDemand,Data Analyst,IT Jobs,Mid-Level,2,Pune,Maharashtra,India,"Pune, Maharashtra",0,unspecified,unspecified,2026-09-09 21:36:43,2026-09-09,2026,9,9,Wednesday,,,,,1,750000.0,7.5,1,18.5062,73.84735,https://www.adzuna.in/details/5877293479?utm_medium=api&utm_source=f46203c2
2500155500,Data Analyst,Reality Premedia Services Pvt Ltd,Data Analyst,IT Jobs,Mid-Level,2,Pune,Maharashtra,India,"Pune, Maharashtra",0,full_time,unspecified,2021-09-29 05:01:45,2021-09-29,2021,9,29,Wednesday,0.0,800000.0,800000.0,8.0,0,800000.0,8.0,0,18.5062,73.84735,https://www.adzuna.in/details/2500155500?utm_medium=api&utm_source=f46203c2
5818423330,Data Analyst,Equitas Small Finance Bank,Data Analyst,Manufacturing Jobs,Mid-Level,2,Unspecified / Pan-India,Unspecified,India,India,0,full_time,unspecified,2026-07-28 20:53:05,2026-07-28,2026,7,28,Tuesday,,,,,1,750000.0,7.5,1,,,https://www.adzuna.in/details/5818423330?utm_medium=api&utm_source=f46203c2
5881144421,Data Analyst,Equitas Small Finance Bank,Data Analyst,IT Jobs,Mid-Level,2,Unspecified / Pan-India,Unspecified,India,India,0,full_time,unspecified,2026-09-12 21:25:52,2026-09-12,2026,9,12,Saturday,,,,,1,750000.0,7.5,1,,,https://www.adzuna.in/details/5881144421?utm_medium=api&utm_source=f46203c2
4993547435,Data Analyst,RegisterKaro,Data Analyst,IT Jobs,Mid-Level,2,Unspecified / Pan-India,Unspecified,India,India,0,full_time,unspecified,2025-01-01 11:53:10,2025-01-01,2025,1,1,Wednesday,400000.0,1000000.0,700000.0,7.0,0,700000.0,7.0,0,,,https://www.adzuna.in/details/4993547435?utm_medium=api&utm_source=f46203c2
5893825602,Data Analyst,Gravity Engineering Services Pvt Ltd,Data Analyst,IT Jobs,Mid-Level,2,Bengaluru,Karnataka,India,"Bangalore, Karnataka",0,full_time,unspecified,2026-09-22 16:13:39,2026-09-22,2026,9,22,Tuesday,800000.0,2000000.0,1400000.0,14.0,0,1400000.0,14.0,0,,,https://www.adzuna.in/details/5893825602?utm_medium=api&utm_source=f46203c2
5854880422,Data Analyst,Apex 2000,Data Analyst,IT Jobs,Mid-Level,2,Bengaluru,Karnataka,India,"Bangalore, Karnataka",0,unspecified,unspecified,2026-08-25 07:43:27,2026-08-25,2026,8,25,Tuesday,,,,,1,750000.0,7.5,1,,,https://www.adzuna.in/details/5854880422?utm_medium=api&utm_source=f46203c2
5532438214,Data Analyst,Sagility,Data Analyst,IT Jobs,Mid-Level,2,Unspecified / Pan-India,Unspecified,India,India,0,full_time,unspecified,2025-12-07 22:44:33,2025-12-07,2025,12,7,Sunday,,,,,1,750000.0,7.5,1,,,https://www.adzuna.in/details/5532438214?utm_medium=api&utm_source=f46203c2
5882775660,Data Analyst,Ecolab,Data Analyst,Sales Jobs,Mid-Level,2,Unspecified / Pan-India,Unspecified,India,India,0,full_time,unspecified,2026-09-13 21:42:16,2026-09-13,2026,9,13,Sunday,,,,,1,750000.0,7.5,1,,,https://www.adzuna.in/details/5882775660?utm_medium=api&utm_source=f46203c2
2247134476,Data Analyst,Indium Software,Data Analyst,IT Jobs,Mid-Level,2,Unspecified / Pan-India,Unspecified,India,India,0,full_time,unspecified,2021-06-12 12:42:07,2021-06-12,2021,6,12,Saturday,250000.0,800000.0,525000.0,5.25,0,525000.0,5.25,0,,,https://www.adzuna.in/details/2247134476?utm_medium=api&utm_source=f46203c2
5876718085,Data Analyst,Cornerstone onDemand,Data Analyst,IT Jobs,Mid-Level,2,Pune,Maharashtra,India,"Pune, Maharashtra",0,unspecified,unspecified,2026-09-09 11:07:12,2026-09-09,2026,9,9,Wednesday,,,,,1,750000.0,7.5,1,18.5062,73.84735,https://www.adzuna.in/details/5876718085?utm_medium=api&utm_source=f46203c2
5876718084,Data Analyst,Cornerstone onDemand,Data Analyst,IT Jobs,Mid-Level,2,Hyderabad,Telangana,India,"Hyderabad, Telangana",0,unspecified,unspecified,2026-09-09 11:07:12,2026-09-09,2026,9,9,Wednesday,,,,,1,750000.0,7.5,1,17.40275,78.50806,https://www.adzuna.in/details/5876718084?utm_medium=api&utm_source=f46203c2
5336689191,Data Analyst,EWU,Data Analyst,IT Jobs,Mid-Level,2,Coimbatore,Tamil Nadu,India,"Coimbatore, Tamil Nadu",0,full_time,unspecified,2025-08-04 05:33:07,2025-08-04,2025,8,4,Monday,400000.0,700000.0,550000.0,5.5,0,550000.0,5.5,0,11.017171,77.100203,https://www.adzuna.in/details/5336689191?utm_medium=api&utm_source=f46203c2
5832798180,Data Analyst,Milestone Online Technology,Data Analyst,IT Jobs,Mid-Level,2,Ahmedabad,Gujarat,India,"Ahmedabad, Gujarat",0,unspecified,unspecified,2026-08-08 07:31:06,2026-08-08,2026,8,8,Saturday,,,,,1,750000.0,7.5,1,23.042,72.59465,https://www.adzuna.in/details/5832798180?utm_medium=api&utm_source=f46203c2
5832798159,Data Analyst,Milestone Online Technology,Data Analyst,IT Jobs,Mid-Level,2,Bengaluru,Karnataka,India,"Bangalore, Karnataka",0,unspecified,unspecified,2026-08-08 07:31:05,2026-08-08,2026,8,8,Saturday,,,,,1,750000.0,7.5,1,,,https://www.adzuna.in/details/5832798159?utm_medium=api&utm_source=f46203c2
5832798167,Data Analyst,Milestone Online Technology,Data Analyst,IT Jobs,Mid-Level,2,Gurugram,Haryana,India,"Gurgaon, Haryana",0,unspecified,unspecified,2026-08-08 07:31:06,2026-08-08,2026,8,8,Saturday,,,,,1,750000.0,7.5,1,28.323996,76.983738,https://www.adzuna.in/details/5832798167?utm_medium=api&utm_source=f46203c2
5832798187,Data Analyst,Milestone Online Technology,Data Analyst,IT Jobs,Mid-Level,2,Lucknow,Uttar Pradesh,India,"Lucknow, Uttar Pradesh",0,unspecified,unspecified,2026-08-08 07:31:07,2026-08-08,2026,8,8,Saturday,,,,,1,750000.0,7.5,1,26.8677,80.8897,https://www.adzuna.in/details/5832798187?utm_medium=api&utm_source=f46203c2
5832798181,Data Analyst,Milestone Online Technology,Data Analyst,IT Jobs,Mid-Level,2,Patna,Bihar,India,"Patna, Bihar",0,unspecified,unspecified,2026-08-08 07:31:06,2026-08-08,2026,8,8,Saturday,,,,,1,750000.0,7.5,1,25.4198,85.4278,https://www.adzuna.in/details/5832798181?utm_medium=api&utm_source=f46203c2
5832798158,Data Analyst,Milestone Online Technology,Data Analyst,IT Jobs,Mid-Level,2,Kolkata,West Bengal,India,"Kolkata, West Bengal",0,unspecified,unspecified,2026-08-08 07:31:05,2026-08-08,2026,8,8,Saturday,,,,,1,750000.0,7.5,1,22.57285,88.34373,https://www.adzuna.in/details/5832798158?utm_medium=api&utm_source=f46203c2
4855397054,data analyst,Epik Solutions,Data Analyst,IT Jobs,Mid-Level,2,Remote,Remote,India,India,1,full_time,permanent,2024-09-07 11:25:36,2024-09-07,2024,9,7,Saturday,50000.0,700000.0,375000.0,3.75,0,375000.0,3.75,0,,,https://www.adzuna.in/details/4855397054?utm_medium=api&utm_source=f46203c2
2853927974,Data Analyst,Multi Recruit,Data Analyst,IT Jobs,Mid-Level,2,Bengaluru,Karnataka,India,"Bangalore, Karnataka",0,full_time,unspecified,2022-01-30 04:34:26,2022-01-30,2022,1,30,Sunday,1200000.0,1400000.0,1300000.0,13.0,0,1300000.0,13.0,0,,,https://www.adzuna.in/details/2853927974?utm_medium=api&utm_source=f46203c2
5727143467,Data Analyst,Mantras2Success,Data Analyst,IT Jobs,Mid-Level,2,Ahmedabad,Gujarat,India,"Ahmedabad, Gujarat",0,full_time,unspecified,2026-05-13 02:04:45,2026-05-13,2026,5,13,Wednesday,500000.0,900000.0,700000.0,7.0,0,700000.0,7.0,0,23.042,72.59465,https://www.adzuna.in/details/5727143467?utm_medium=api&utm_source=f46203c2
2433361449,Data Analyst,MSMEx,Data Analyst,IT Jobs,Mid-Level,2,Mumbai,Maharashtra,India,"Mumbai, Maharashtra",0,full_time,unspecified,2021-09-05 02:42:02,2021-09-05,2021,9,5,Sunday,0.0,1200000.0,1200000.0,12.0,0,1200000.0,12.0,0,19.00821,72.84415,https://www.adzuna.in/details/2433361449?utm_medium=api&utm_source=f46203c2
2449398766,Data Analyst,Syrencloud,Data Analyst,IT Jobs,Mid-Level,2,Hyderabad,Telangana,India,"Hyderabad, Telangana",0,full_time,unspecified,2021-09-11 02:17:17,2021-09-11,2021,9,11,Saturday,0.0,800000.0,800000.0,8.0,0,800000.0,8.0,0,17.40275,78.50806,https://www.adzuna.in/details/2449398766?utm_medium=api&utm_source=f46203c2
5728445327,Data Analyst,RECEX,Data Analyst,IT Jobs,Mid-Level,2,Delhi NCR,Delhi,India,"Delhi, India",0,full_time,unspecified,2026-05-14 02:27:43,2026-05-14,2026,5,14,Thursday,400000.0,480000.0,440000.0,4.4,0,440000.0,4.4,0,28.62523,77.224601,https://www.adzuna.in/details/5728445327?utm_medium=api&utm_source=f46203c2
5856408833,Data Analyst,Umberto Ceramics International Private Limited,Data Analyst,IT Jobs,Mid-Level,2,Unspecified / Pan-India,Unspecified,India,India,0,unspecified,unspecified,2026-08-26 10:41:26,2026-08-26,2026,8,26,Wednesday,500000.0,600000.0,550000.0,5.5,0,550000.0,5.5,0,,,https://www.adzuna.in/details/5856408833?utm_medium=api&utm_source=f46203c2
2890608757,Data Analyst,Fragma Data Systems,Data Analyst,IT Jobs,Mid-Level,2,Unspecified / Pan-India,Unspecified,India,India,0,full_time,unspecified,2022-02-12 04:45:18,2022-02-12,2022,2,12,Saturday,600000.0,800000.0,700000.0,7.0,0,700000.0,7.0,0,,,https://www.adzuna.in/details/2890608757?utm_medium=api&utm_source=f46203c2
4686704927,Data Analyst,Unknown,Data Analyst,IT Jobs,Mid-Level,2,Vadodara,Gujarat,India,"Vadodara, Gujarat",0,unspecified,unspecified,2024-05-10 07:38:51,2024-05-10,2024,5,10,Friday,,,,,1,750000.0,7.5,1,22.2891,73.1924,https://www.adzuna.in/details/4686704927?utm_medium=api&utm_source=f46203c2
5877842241,Data Analyst,3i Infotech Limited,Data Analyst,HR & Recruitment Jobs,Mid-Level,2,Navi Mumbai,Maharashtra,India,"Navi Mumbai, Maharashtra",0,unspecified,unspecified,2026-09-10 07:36:32,2026-09-10,2026,9,10,Thursday,,,,,1,750000.0,7.5,1,19.02,73.02,https://www.adzuna.in/details/5877842241?utm_medium=api&utm_source=f46203c2
4715697356,Data analyst,Sadup Softech,Data Analyst,IT Jobs,Mid-Level,2,Bengaluru,Karnataka,India,"Bangalore, Karnataka",0,full_time,unspecified,2024-06-01 09:41:50,2024-06-01,2024,6,1,Saturday,1200000.0,1500000.0,1350000.0,13.5,0,1350000.0,13.5,0,,,https://www.adzuna.in/details/4715697356?utm_medium=api&utm_source=f46203c2
5800765376,Data Analyst,Jetking Technologies Private Limited,Data Analyst,IT Jobs,Mid-Level,2,Noida,Uttar Pradesh,India,"Noida, Ghaziabad",0,unspecified,unspecified,2026-07-15 10:21:31,2026-07-15,2026,7,15,Wednesday,20000.0,25000.0,22500.0,0.225,0,22500.0,0.225,0,28.56579,77.3225,https://www.adzuna.in/details/5800765376?utm_medium=api&utm_source=f46203c2
2403881225,Data Analyst,Multi Recruit,Data Analyst,IT Jobs,Mid-Level,2,Bengaluru,Karnataka,India,"Bangalore, Karnataka",0,full_time,unspecified,2021-08-24 22:37:13,2021-08-24,2021,8,24,Tuesday,500000.0,1500000.0,1000000.0,10.0,0,1000000.0,10.0,0,,,https://www.adzuna.in/details/2403881225?utm_medium=api&utm_source=f46203c2
5681009000,Data Analyst,Wissen Technology,Data Analyst,IT Jobs,Mid-Level,2,Bengaluru,Karnataka,India,"Bangalore, Karnataka",0,full_time,unspecified,2026-03-28 11:28:26,2026-03-28,2026,3,28,Saturday,,,,,1,750000.0,7.5,1,,,https://www.adzuna.in/details/5681009000?utm_medium=api&utm_source=f46203c2
5857746715,Data Analyst,Square Yards,Data Analyst,IT Jobs,Mid-Level,2,Gurugram,Haryana,India,"Gurgaon, Haryana",0,unspecified,unspecified,2026-08-27 07:40:46,2026-08-27,2026,8,27,Thursday,,,,,1,750000.0,7.5,1,28.323996,76.983738,https://www.adzuna.in/details/5857746715?utm_medium=api&utm_source=f46203c2
2539490267,Data Analyst,Graphene Services Pte Ltd,Data Analyst,IT Jobs,Mid-Level,2,Bengaluru,Karnataka,India,"Bangalore, Karnataka",0,full_time,unspecified,2021-10-13 05:52:44,2021-10-13,2021,10,13,Wednesday,,,,,1,750000.0,7.5,1,,,https://www.adzuna.in/details/2539490267?utm_medium=api&utm_source=f46203c2
5814494533,Data Analyst,EXL,Data Analyst,IT Jobs,Mid-Level,2,Pune,Maharashtra,India,"Pune, Maharashtra",0,full_time,unspecified,2026-07-25 03:27:49,2026-07-25,2026,7,25,Saturday,,,,,1,750000.0,7.5,1,18.5062,73.84735,https://www.adzuna.in/details/5814494533?utm_medium=api&utm_source=f46203c2
5861793858,Data Analyst,Aon,Data Analyst,IT Jobs,Mid-Level,2,Bengaluru,Karnataka,India,"Bangalore, Karnataka",0,unspecified,unspecified,2026-08-30 07:40:00,2026-08-30,2026,8,30,Sunday,,,,,1,750000.0,7.5,1,,,https://www.adzuna.in/details/5861793858?utm_medium=api&utm_source=f46203c2
5549594782,Data Analyst,Highfly Sourcing,Data Analyst,IT Jobs,Mid-Level,2,Unspecified / Pan-India,Unspecified,India,India,0,full_time,unspecified,2025-12-20 11:07:17,2025-12-20,2025,12,20,Saturday,1500000.0,2500000.0,2000000.0,20.0,0,2000000.0,20.0,0,,,https://www.adzuna.in/details/5549594782?utm_medium=api&utm_source=f46203c2
5602825903,Data Analyst,Hunarstreet Technologies Pvt Ltd,Data Analyst,IT Jobs,Mid-Level,2,Vadodara,Gujarat,India,"Vadodara, Gujarat",0,full_time,unspecified,2026-01-28 11:24:00,2026-01-28,2026,1,28,Wednesday,600000.0,800000.0,700000.0,7.0,0,700000.0,7.0,0,22.2891,73.1924,https://www.adzuna.in/details/5602825903?utm_medium=api&utm_source=f46203c2
5878672346,Data Analyst,FAI,Data Analyst,IT Jobs,Mid-Level,2,Unspecified / Pan-India,Unspecified,India,India,0,full_time,unspecified,2026-09-10 21:25:22,2026-09-10,2026,9,10,Thursday,,,,,1,750000.0,7.5,1,,,https://www.adzuna.in/details/5878672346?utm_medium=api&utm_source=f46203c2
5768623778,Data Analyst,Ecolab,Data Analyst,IT Jobs,Mid-Level,2,Unspecified / Pan-India,Unspecified,India,India,0,full_time,unspecified,2026-06-19 02:45:54,2026-06-19,2026,6,19,Friday,,,,,1,750000.0,7.5,1,,,https://www.adzuna.in/details/5768623778?utm_medium=api&utm_source=f46203c2
5899555543,Data Analyst,Uniabroad,Data Analyst,IT Jobs,Mid-Level,2,Unspecified / Pan-India,Unspecified,India,India,0,full_time,unspecified,2026-09-26 16:20:45,2026-09-26,2026,9,26,Saturday,500000.0,2500000.0,1500000.0,15.0,0,1500000.0,15.0,0,,,https://www.adzuna.in/details/5899555543?utm_medium=api&utm_source=f46203c2
5706462425,Data Analyst,Cytiva Life Science,Data Analyst,IT Jobs,Mid-Level,2,Bengaluru,Karnataka,India,"Bangalore, Karnataka",0,full_time,unspecified,2026-04-22 01:59:28,2026-04-22,2026,4,22,Wednesday,,,,,1,750000.0,7.5,1,,,https://www.adzuna.in/details/5706462425?utm_medium=api&utm_source=f46203c2
4344578568,Data Analyst,Jobdost,Data Analyst,IT Jobs,Mid-Level,2,Bengaluru,Karnataka,India,"Bangalore, Karnataka",0,full_time,unspecified,2023-10-02 13:22:30,2023-10-02,2023,10,2,Monday,0.0,500000.0,500000.0,5.0,0,500000.0,5.0,0,,,https://www.adzuna.in/details/4344578568?utm_medium=api&utm_source=f46203c2
5852342307,Data Analyst,Straatix Partners,Data Analyst,IT Jobs,Mid-Level,2,Bengaluru,Karnataka,India,"Bangalore, Karnataka",0,full_time,unspecified,2026-08-22 16:04:47,2026-08-22,2026,8,22,Saturday,2500000.0,3500000.0,3000000.0,30.0,0,3000000.0,30.0,0,,,https://www.adzuna.in/details/5852342307?utm_medium=api&utm_source=f46203c2
5854877435,Data Analyst,Purview India Consulting And Services Llp,Data Analyst,IT Jobs,Mid-Level,2,Pune,Maharashtra,India,"Pune, Maharashtra",0,unspecified,unspecified,2026-08-25 07:40:46,2026-08-25,2026,8,25,Tuesday,,,,,1,750000.0,7.5,1,18.5062,73.84735,https://www.adzuna.in/details/5854877435?utm_medium=api&utm_source=f46203c2
5592093935,Data Analyst,Hunarstreet Technologies Pvt Ltd,Data Analyst,IT Jobs,Mid-Level,2,Unspecified / Pan-India,Gujarat,India,"Gujarat, India",0,full_time,unspecified,2026-01-20 11:16:34,2026-01-20,2026,1,20,Tuesday,60000.0,700000.0,380000.0,3.8,0,380000.0,3.8,0,22.385318,72.365866,https://www.adzuna.in/details/5592093935?utm_medium=api&utm_source=f46203c2
5859124126,Data Analyst,Claight Corporation Expert Market Research,Data Analyst,IT Jobs,Mid-Level,2,Noida,Uttar Pradesh,India,"Noida, Ghaziabad",0,unspecified,unspecified,2026-08-28 07:38:06,2026-08-28,2026,8,28,Friday,,,,,1,750000.0,7.5,1,28.56579,77.3225,https://www.adzuna.in/details/5859124126?utm_medium=api&utm_source=f46203c2
3337906172,Data Analyst,Mr n Mrs Pet,Data Analyst,IT Jobs,Mid-Level,2,Jaipur,Rajasthan,India,"Jaipur, Rajasthan",0,full_time,unspecified,2022-07-22 06:48:32,2022-07-22,2022,7,22,Friday,100000.0,300000.0,200000.0,2.0,0,200000.0,2.0,0,26.7441,75.9469,https://www.adzuna.in/details/3337906172?utm_medium=api&utm_source=f46203c2
5900348948,Data Analyst,Expleo,Data Analyst,IT Jobs,Mid-Level,2,Pune,Maharashtra,India,"Nana Peth, Pune",0,unspecified,contract,2026-09-27 11:04:31,2026-09-27,2026,9,27,Sunday,,,,,1,750000.0,7.5,1,18.51292,73.864,https://www.adzuna.in/details/5900348948?utm_medium=api&utm_source=f46203c2
1762829126,Data Analyst,Awign,Data Analyst,IT Jobs,Mid-Level,2,Bengaluru,Karnataka,India,"Bangalore, Karnataka",0,full_time,unspecified,2020-10-15 02:16:09,2020-10-15,2020,10,15,Thursday,400000.0,700000.0,550000.0,5.5,0,550000.0,5.5,0,,,https://www.adzuna.in/details/1762829126?utm_medium=api&utm_source=f46203c2
5762286343,Data Analyst,Wissen Technology,Data Analyst,IT Jobs,Mid-Level,2,Bengaluru,Karnataka,India,"Bangalore, Karnataka",0,full_time,contract,2026-06-13 13:33:59,2026-06-13,2026,6,13,Saturday,,,,,1,750000.0,7.5,1,,,https://www.adzuna.in/details/5762286343?utm_medium=api&utm_source=f46203c2
4992020344,Data Analyst,Appitsimple infotek Pvt. Ltd.,Data Analyst,IT Jobs,Mid-Level,2,Unspecified / Pan-India,Unspecified,India,India,0,full_time,unspecified,2024-12-30 12:10:27,2024-12-30,2024,12,30,Monday,100000.0,300000.0,200000.0,2.0,0,200000.0,2.0,0,,,https://www.adzuna.in/details/4992020344?utm_medium=api&utm_source=f46203c2
4514376058,Data Analyst,Qrata,Data Analyst,IT Jobs,Mid-Level,2,Mumbai,Maharashtra,India,"Mumbai, Maharashtra",0,full_time,unspecified,2024-01-07 15:07:43,2024-01-07,2024,1,7,Sunday,500000.0,1000000.0,750000.0,7.5,0,750000.0,7.5,0,19.00821,72.84415,https://www.adzuna.in/details/4514376058?utm_medium=api&utm_source=f46203c2
2572832371,Data Analyst,BitClass,Data Analyst,IT Jobs,Mid-Level,2,Bengaluru,Karnataka,India,"Bangalore, Karnataka",0,full_time,unspecified,2021-10-24 04:00:25,2021-10-24,2021,10,24,Sunday,0.0,1600000.0,1600000.0,16.0,0,1600000.0,16.0,0,,,https://www.adzuna.in/details/2572832371?utm_medium=api&utm_source=f46203c2
5842590109,Data Analyst,Agiliad Technologies,Data Analyst,IT Jobs,Mid-Level,2,Gurugram,Haryana,India,"Gurgaon, Haryana",0,unspecified,unspecified,2026-08-15 08:33:34,2026-08-15,2026,8,15,Saturday,,,,,1,750000.0,7.5,1,28.323996,76.983738,https://www.adzuna.in/details/5842590109?utm_medium=api&utm_source=f46203c2
5889572874,Data Analyst,Joinfleek,Data Analyst,IT Jobs,Mid-Level,2,Bengaluru,Karnataka,India,"Bangalore, Karnataka",0,full_time,unspecified,2026-09-18 21:57:43,2026-09-18,2026,9,18,Friday,600000.0,600000.0,600000.0,6.0,0,600000.0,6.0,0,,,https://www.adzuna.in/details/5889572874?utm_medium=api&utm_source=f46203c2
5831397285,Data Analyst,ICE,Data Analyst,IT Jobs,Mid-Level,2,Hyderabad,Telangana,India,"Hyderabad, Telangana",0,unspecified,unspecified,2026-08-07 07:27:22,2026-08-07,2026,8,7,Friday,,,,,1,750000.0,7.5,1,17.40275,78.50806,https://www.adzuna.in/details/5831397285?utm_medium=api&utm_source=f46203c2
2635526340,Data Analyst,Amazon,Data Analyst,IT Jobs,Mid-Level,2,Bengaluru,Karnataka,India,"Bangalore, Karnataka",0,full_time,unspecified,2021-11-12 04:18:09,2021-11-12,2021,11,12,Friday,0.0,800000.0,800000.0,8.0,0,800000.0,8.0,0,,,https://www.adzuna.in/details/2635526340?utm_medium=api&utm_source=f46203c2
5789394746,Data Analyst,ZEISS,Data Analyst,IT Jobs,Mid-Level,2,Bengaluru,Karnataka,India,"Bangalore, Karnataka",0,full_time,unspecified,2026-07-06 03:28:04,2026-07-06,2026,7,6,Monday,,,,,1,750000.0,7.5,1,12.95703,77.59837,https://www.adzuna.in/details/5789394746?utm_medium=api&utm_source=f46203c2
5838433598,Data Analyst,DXC Technology,Data Analyst,IT Jobs,Mid-Level,2,Unspecified / Pan-India,Unspecified,India,India,0,full_time,unspecified,2026-08-12 20:42:00,2026-08-12,2026,8,12,Wednesday,,,,,1,750000.0,7.5,1,,,https://www.adzuna.in/details/5838433598?utm_medium=api&utm_source=f46203c2
2853928118,Data Analyst,Extramarks,Data Analyst,IT Jobs,Mid-Level,2,Noida,Uttar Pradesh,India,"Noida, Ghaziabad",0,full_time,unspecified,2022-01-30 04:34:28,2022-01-30,2022,1,30,Sunday,0.0,1000000.0,1000000.0,10.0,0,1000000.0,10.0,0,28.56579,77.3225,https://www.adzuna.in/details/2853928118?utm_medium=api&utm_source=f46203c2
5600377478,Data Analyst,Arcana Analytics,Data Analyst,IT Jobs,Mid-Level,2,Unspecified / Pan-India,Unspecified,India,India,0,unspecified,unspecified,2026-01-26 00:36:10,2026-01-26,2026,1,26,Monday,,,,,1,750000.0,7.5,1,,,https://www.adzuna.in/details/5600377478?utm_medium=api&utm_source=f46203c2
5727163751,Data Analyst,MM Staffing & Career Consultants,Data Analyst,IT Jobs,Mid-Level,2,Mumbai,Maharashtra,India,"Mumbai, Maharashtra",0,full_time,unspecified,2026-05-13 02:06:29,2026-05-13,2026,5,13,Wednesday,100000.0,600000.0,350000.0,3.5,0,350000.0,3.5,0,19.00821,72.84415,https://www.adzuna.in/details/5727163751?utm_medium=api&utm_source=f46203c2
5574398026,Data Analyst,Topcoder,Data Analyst,IT Jobs,Mid-Level,2,Noida,Uttar Pradesh,India,"Noida, Ghaziabad",0,unspecified,unspecified,2026-01-09 00:41:11,2026-01-09,2026,1,9,Friday,,,,,1,750000.0,7.5,1,28.56579,77.3225,https://www.adzuna.in/details/5574398026?utm_medium=api&utm_source=f46203c2
5211779279,Data Analyst,Wissen Technology,Data Analyst,IT Jobs,Mid-Level,2,Mumbai,Maharashtra,India,"Mumbai, Maharashtra",0,full_time,unspecified,2025-05-23 06:51:59,2025-05-23,2025,5,23,Friday,,,,,1,750000.0,7.5,1,19.00821,72.84415,https://www.adzuna.in/details/5211779279?utm_medium=api&utm_source=f46203c2
5850376089,Data Analyst,Egon Zehnder,Data Analyst,IT Jobs,Mid-Level,2,Gurugram,Haryana,India,"Gurgaon, Haryana",0,unspecified,unspecified,2026-08-21 07:38:50,2026-08-21,2026,8,21,Friday,,,,,1,750000.0,7.5,1,28.323996,76.983738,https://www.adzuna.in/details/5850376089?utm_medium=api&utm_source=f46203c2
5879561813,Data Analyst,Nineleaps,Data Analyst,IT Jobs,Mid-Level,2,Bengaluru,Karnataka,India,"Bangalore, Karnataka",0,full_time,unspecified,2026-09-11 16:16:13,2026-09-11,2026,9,11,Friday,,,,,1,750000.0,7.5,1,,,https://www.adzuna.in/details/5879561813?utm_medium=api&utm_source=f46203c2
5891242055,Data Analyst,ascendion,Data Analyst,IT Jobs,Mid-Level,2,Gurugram,Haryana,India,"Gurgaon, Haryana",0,unspecified,unspecified,2026-09-20 07:45:08,2026-09-20,2026,9,20,Sunday,,,,,1,750000.0,7.5,1,28.323996,76.983738,https://www.adzuna.in/details/5891242055?utm_medium=api&utm_source=f46203c2
5896367794,Data Analyst,Renesas,Data Analyst,IT Jobs,Mid-Level,2,Bengaluru,Karnataka,India,"Bangalore, Karnataka",0,unspecified,unspecified,2026-09-24 11:14:06,2026-09-24,2026,9,24,Thursday,,,,,1,750000.0,7.5,1,,,https://www.adzuna.in/details/5896367794?utm_medium=api&utm_source=f46203c2
5379021882,Data Analyst,ICAD school of Learning,Data Analyst,IT Jobs,Mid-Level,2,Nagpur,Maharashtra,India,"Nagpur, Maharashtra",0,full_time,unspecified,2025-09-02 07:56:40,2025-09-02,2025,9,2,Tuesday,500000.0,800000.0,650000.0,6.5,0,650000.0,6.5,0,21.1867,78.9786,https://www.adzuna.in/details/5379021882?utm_medium=api&utm_source=f46203c2
5522126592,Data Analyst,Technogen,Data Analyst,IT Jobs,Mid-Level,2,Bengaluru,Karnataka,India,"Bangalore, Karnataka",0,full_time,unspecified,2025-12-01 22:55:55,2025-12-01,2025,12,1,Monday,,,,,1,750000.0,7.5,1,,,https://www.adzuna.in/details/5522126592?utm_medium=api&utm_source=f46203c2
4988851694,Data Analyst,Clinton Health Access Initiative,Data Analyst,Admin Jobs,Mid-Level,2,Bhopal,Madhya Pradesh,India,"Bhopal, Madhya Pradesh",0,full_time,unspecified,2024-12-25 11:57:39,2024-12-25,2024,12,25,Wednesday,300000.0,400000.0,350000.0,3.5,0,350000.0,3.5,0,23.27495,77.41355,https://www.adzuna.in/details/4988851694?utm_medium=api&utm_source=f46203c2
5728267279,Data Analyst,Mantras2Success,Data Analyst,IT Jobs,Mid-Level,2,Ahmedabad,Gujarat,India,"Ahmedabad, Gujarat",0,full_time,unspecified,2026-05-14 02:05:21,2026-05-14,2026,5,14,Thursday,500000.0,700000.0,600000.0,6.0,0,600000.0,6.0,0,23.042,72.59465,https://www.adzuna.in/details/5728267279?utm_medium=api&utm_source=f46203c2
4158049546,Data Analyst,DAZN,Data Analyst,IT Jobs,Mid-Level,2,Hyderabad,Telangana,India,"Hyderabad, Telangana",0,full_time,unspecified,2023-06-18 16:46:34,2023-06-18,2023,6,18,Sunday,,,,,1,750000.0,7.5,1,17.40275,78.50806,https://www.adzuna.in/details/4158049546?utm_medium=api&utm_source=f46203c2
5859122688,Data Analyst,Robosoft Technologies,Data Analyst,IT Jobs,Mid-Level,2,Bengaluru,Karnataka,India,"Bangalore, Karnataka",0,unspecified,unspecified,2026-08-28 07:37:34,2026-08-28,2026,8,28,Friday,,,,,1,750000.0,7.5,1,,,https://www.adzuna.in/details/5859122688?utm_medium=api&utm_source=f46203c2
5859122647,Data Analyst,Robosoft Technologies,Data Analyst,IT Jobs,Mid-Level,2,Navi Mumbai,Maharashtra,India,"Navi Mumbai, Maharashtra",0,unspecified,unspecified,2026-08-28 07:37:33,2026-08-28,2026,8,28,Friday,,,,,1,750000.0,7.5,1,19.02,73.02,https://www.adzuna.in/details/5859122647?utm_medium=api&utm_source=f46203c2
4801558701,Data Analyst,Immunogen Pharmaceutical,Data Analyst,IT Jobs,Mid-Level,2,Bengaluru,Karnataka,India,"Bangalore, Karnataka",0,full_time,unspecified,2024-07-31 03:15:22,2024-07-31,2024,7,31,Wednesday,,,,,1,750000.0,7.5,1,,,https://www.adzuna.in/details/4801558701?utm_medium=api&utm_source=f46203c2
5891876431,Data Analyst,GE Vernova,Data Analyst,IT Jobs,Mid-Level,2,Bengaluru,Karnataka,India,"Bangalore, Karnataka",0,full_time,unspecified,2026-09-20 21:38:43,2026-09-20,2026,9,20,Sunday,,,,,1,750000.0,7.5,1,,,https://www.adzuna.in/details/5891876431?utm_medium=api&utm_source=f46203c2
5832090086,Data Analyst,Fortive,Data Analyst,IT Jobs,Mid-Level,2,Unspecified / Pan-India,Unspecified,India,India,0,full_time,unspecified,2026-08-07 20:54:37,2026-08-07,2026,8,7,Friday,,,,,1,750000.0,7.5,1,,,https://www.adzuna.in/details/5832090086?utm_medium=api&utm_source=f46203c2
5891404249,Data Analyst,GE Vernova,Data Analyst,IT Jobs,Mid-Level,2,Bengaluru,Karnataka,India,"Bangalore, Karnataka",0,unspecified,unspecified,2026-09-20 11:11:31,2026-09-20,2026,9,20,Sunday,,,,,1,750000.0,7.5,1,,,https://www.adzuna.in/details/5891404249?utm_medium=api&utm_source=f46203c2
5896646644,Data Analyst,DRW,Data Analyst,IT Jobs,Mid-Level,2,Unspecified / Pan-India,Unspecified,India,India,0,full_time,permanent,2026-09-24 16:14:49,2026-09-24,2026,9,24,Thursday,,,,,1,750000.0,7.5,1,,,https://www.adzuna.in/details/5896646644?utm_medium=api&utm_source=f46203c2
5889085236,Data Analyst,PMC Commerce,Data Analyst,IT Jobs,Mid-Level,2,Vadodara,Gujarat,India,"Vadodara, Gujarat",0,full_time,unspecified,2026-09-18 16:13:37,2026-09-18,2026,9,18,Friday,,,,,1,750000.0,7.5,1,22.2891,73.1924,https://www.adzuna.in/details/5889085236?utm_medium=api&utm_source=f46203c2
2830210357,Data Analyst,Amagi Media Labs,Data Analyst,IT Jobs,Mid-Level,2,Bengaluru,Karnataka,India,"Bangalore, Karnataka",0,full_time,unspecified,2022-01-21 04:29:35,2022-01-21,2022,1,21,Friday,1000000.0,2000000.0,1500000.0,15.0,0,1500000.0,15.0,0,,,https://www.adzuna.in/details/2830210357?utm_medium=api&utm_source=f46203c2
5899328289,Data Analyst,"NTT America, Inc.",Data Analyst,IT Jobs,Mid-Level,2,Remote,Remote,India,India,1,unspecified,unspecified,2026-09-26 11:15:11,2026-09-26,2026,9,26,Saturday,,,,,1,750000.0,7.5,1,,,https://www.adzuna.in/details/5899328289?utm_medium=api&utm_source=f46203c2
5835723885,Data Analyst,Portcast,Data Analyst,Engineering Jobs,Mid-Level,2,Unspecified / Pan-India,Unspecified,India,India,0,full_time,unspecified,2026-08-10 20:48:00,2026-08-10,2026,8,10,Monday,,,,,1,750000.0,7.5,1,,,https://www.adzuna.in/details/5835723885?utm_medium=api&utm_source=f46203c2
5897176848,Data Analyst,Ericsson,Data Analyst,IT Jobs,Mid-Level,2,Kanpur Dehat,Uttar Pradesh,India,"Kanpur Dehat, Uttar Pradesh",0,full_time,permanent,2026-09-24 22:38:45,2026-09-24,2026,9,24,Thursday,,,,,1,750000.0,7.5,1,26.37574,80.10093,https://www.adzuna.in/details/5897176848?utm_medium=api&utm_source=f46203c2
2830210287,Data Analyst,Amagi Media Labs,Data Analyst,IT Jobs,Mid-Level,2,Bengaluru,Karnataka,India,"Bangalore, Karnataka",0,full_time,unspecified,2022-01-21 04:29:34,2022-01-21,2022,1,21,Friday,1000000.0,1400000.0,1200000.0,12.0,0,1200000.0,12.0,0,,,https://www.adzuna.in/details/2830210287?utm_medium=api&utm_source=f46203c2
5895065880,Data Analyst,WPP,Data Analyst,IT Jobs,Mid-Level,2,Chennai,Tamil Nadu,India,"Chennai, Tamil Nadu",0,full_time,unspecified,2026-09-23 16:15:32,2026-09-23,2026,9,23,Wednesday,,,,,1,750000.0,7.5,1,13.06041,80.24963,https://www.adzuna.in/details/5895065880?utm_medium=api&utm_source=f46203c2
5898479425,Data Analyst,London Stock Exchange Group,Data Analyst,IT Jobs,Mid-Level,2,Unspecified / Pan-India,Unspecified,India,India,0,full_time,unspecified,2026-09-25 21:14:36,2026-09-25,2026,9,25,Friday,,,,,1,750000.0,7.5,1,,,https://www.adzuna.in/details/5898479425?utm_medium=api&utm_source=f46203c2
5590143347,Data Analyst,Hudson Data,Data Analyst,IT Jobs,Mid-Level,2,Unspecified / Pan-India,Unspecified,India,India,0,full_time,unspecified,2026-01-18 10:53:59,2026-01-18,2026,1,18,Sunday,900000.0,1200000.0,1050000.0,10.5,0,1050000.0,10.5,0,,,https://www.adzuna.in/details/5590143347?utm_medium=api&utm_source=f46203c2
5861219353,Data Analyst,Esko,Data Analyst,IT Jobs,Mid-Level,2,Unspecified / Pan-India,Unspecified,India,India,0,full_time,unspecified,2026-08-29 20:45:56,2026-08-29,2026,8,29,Saturday,,,,,1,750000.0,7.5,1,,,https://www.adzuna.in/details/5861219353?utm_medium=api&utm_source=f46203c2
5798274842,Data Analyst,TriNet,Data Analyst,Accounting & Finance Jobs,Mid-Level,2,Hyderabad,Telangana,India,"Hyderabad, Telangana",0,full_time,unspecified,2026-07-13 03:26:36,2026-07-13,2026,7,13,Monday,,,,,1,750000.0,7.5,1,17.40275,78.50806,https://www.adzuna.in/details/5798274842?utm_medium=api&utm_source=f46203c2
5861965986,Data Analyst,Veralto,Data Analyst,IT Jobs,Mid-Level,2,Bengaluru,Karnataka,India,"Bangalore, Karnataka",0,unspecified,unspecified,2026-08-30 11:28:16,2026-08-30,2026,8,30,Sunday,,,,,1,750000.0,7.5,1,12.95703,77.59837,https://www.adzuna.in/details/5861965986?utm_medium=api&utm_source=f46203c2
5831602194,Data Analyst,Fortive Corporation,Data Analyst,IT Jobs,Mid-Level,2,Unspecified / Pan-India,Unspecified,India,India,0,unspecified,unspecified,2026-08-07 10:54:42,2026-08-07,2026,8,7,Friday,,,,,1,750000.0,7.5,1,,,https://www.adzuna.in/details/5831602194?utm_medium=api&utm_source=f46203c2
1186076365,Data Analyst,The Smart Cube,Data Analyst,IT Jobs,Mid-Level,2,Noida,Uttar Pradesh,India,"Noida, Ghaziabad",0,full_time,unspecified,2019-06-20 23:29:15,2019-06-20,2019,6,20,Thursday,200000.0,500000.0,350000.0,3.5,0,350000.0,3.5,0,28.56579,77.3225,https://www.adzuna.in/details/1186076365?utm_medium=api&utm_source=f46203c2
5732584180,Data Analyst,Acura Solution,Data Analyst,IT Jobs,Mid-Level,2,Unspecified / Pan-India,Unspecified,India,India,0,full_time,unspecified,2026-05-18 02:08:37,2026-05-18,2026,5,18,Monday,,,,,1,750000.0,7.5,1,,,https://www.adzuna.in/details/5732584180?utm_medium=api&utm_source=f46203c2
5793185846,Data Analyst,Headout,Data Analyst,IT Jobs,Mid-Level,2,Bengaluru,Karnataka,India,"Bangalore, Karnataka",0,unspecified,unspecified,2026-07-09 03:05:53,2026-07-09,2026,7,9,Thursday,,,,,1,750000.0,7.5,1,,,https://www.adzuna.in/details/5793185846?utm_medium=api&utm_source=f46203c2
2953661450,Data Analyst,Falcon Autotech,Data Analyst,IT Jobs,Mid-Level,2,Noida,Uttar Pradesh,India,"Noida, Ghaziabad",0,full_time,unspecified,2022-03-08 05:06:27,2022-03-08,2022,3,8,Tuesday,400000.0,700000.0,550000.0,5.5,0,550000.0,5.5,0,28.56579,77.3225,https://www.adzuna.in/details/2953661450?utm_medium=api&utm_source=f46203c2
2177266370,Data Analyst,Marktine,Data Analyst,IT Jobs,Mid-Level,2,Bengaluru,Karnataka,India,"Bangalore, Karnataka",0,full_time,unspecified,2021-05-11 13:01:41,2021-05-11,2021,5,11,Tuesday,0.0,1500000.0,1500000.0,15.0,0,1500000.0,15.0,0,,,https://www.adzuna.in/details/2177266370?utm_medium=api&utm_source=f46203c2
5607196899,Data Analyst,QAgile Services,Data Analyst,IT Jobs,Mid-Level,2,Remote,Remote,India,India,1,full_time,unspecified,2026-01-31 11:30:48,2026-01-31,2026,1,31,Saturday,300000.0,500000.0,400000.0,4.0,0,400000.0,4.0,0,,,https://www.adzuna.in/details/5607196899?utm_medium=api&utm_source=f46203c2
5520630121,Data Analyst,Jobdost,Data Analyst,IT Jobs,Mid-Level,2,Mangalore,Karnataka,India,"Mangalore, Dakshin Kannada",0,full_time,unspecified,2025-12-01 04:52:26,2025-12-01,2025,12,1,Monday,800000.0,1000000.0,900000.0,9.0,0,900000.0,9.0,0,12.91448,75.18597,https://www.adzuna.in/details/5520630121?utm_medium=api&utm_source=f46203c2
5111436575,Data Analyst,Vector Labs Tech,Data Analyst,IT Jobs,Mid-Level,2,Unspecified / Pan-India,Unspecified,India,India,0,full_time,unspecified,2025-03-26 06:46:55,2025-03-26,2025,3,26,Wednesday,1200000.0,2100000.0,1650000.0,16.5,0,1650000.0,16.5,0,,,https://www.adzuna.in/details/5111436575?utm_medium=api&utm_source=f46203c2
4801598617,Data Analyst,Intercept Pharmaceuticals,Data Analyst,Scientific & QA Jobs,Mid-Level,2,Bengaluru,Karnataka,India,"Bangalore, Karnataka",0,full_time,unspecified,2024-07-31 03:18:00,2024-07-31,2024,7,31,Wednesday,,,,,1,750000.0,7.5,1,,,https://www.adzuna.in/details/4801598617?utm_medium=api&utm_source=f46203c2
3679469504,Data Analyst,Indium Software,Data Analyst,IT Jobs,Mid-Level,2,Bengaluru,Karnataka,India,"Bangalore, Karnataka",0,full_time,unspecified,2022-11-11 06:35:47,2022-11-11,2022,11,11,Friday,100000.0,1500000.0,800000.0,8.0,0,800000.0,8.0,0,,,https://www.adzuna.in/details/3679469504?utm_medium=api&utm_source=f46203c2
4988851226,Data Analyst,Millions Advisory,Data Analyst,IT Jobs,Mid-Level,2,Pune,Maharashtra,India,"Pune, Maharashtra",0,full_time,unspecified,2024-12-25 11:57:34,2024-12-25,2024,12,25,Wednesday,500000.0,1700000.0,1100000.0,11.0,0,1100000.0,11.0,0,18.5062,73.84735,https://www.adzuna.in/details/4988851226?utm_medium=api&utm_source=f46203c2
4344577959,Data Analyst,Jobdost,Data Analyst,"Energy, Oil & Gas Jobs",Mid-Level,2,Delhi NCR,Delhi,India,"Delhi, India",0,full_time,unspecified,2023-10-02 13:22:26,2023-10-02,2023,10,2,Monday,100000.0,600000.0,350000.0,3.5,0,350000.0,3.5,0,28.62523,77.224601,https://www.adzuna.in/details/4344577959?utm_medium=api&utm_source=f46203c2
4547502405,Data analyst,Cadila Zydus healthcare pvt ltd,Data Analyst,IT Jobs,Mid-Level,2,Unspecified / Pan-India,Unspecified,India,India,0,full_time,unspecified,2024-01-28 15:26:17,2024-01-28,2024,1,28,Sunday,700000.0,1000000.0,850000.0,8.5,0,850000.0,8.5,0,,,https://www.adzuna.in/details/4547502405?utm_medium=api&utm_source=f46203c2
2398472037,Data Analyst,Azent Overseas,Data Analyst,Accounting & Finance Jobs,Mid-Level,2,Mumbai,Maharashtra,India,"Mumbai, Maharashtra",0,full_time,unspecified,2021-08-21 21:23:03,2021-08-21,2021,8,21,Saturday,0.0,700000.0,700000.0,7.0,0,700000.0,7.0,0,19.00821,72.84415,https://www.adzuna.in/details/2398472037?utm_medium=api&utm_source=f46203c2
2346068207,Data Analyst,Impact Guru,Data Analyst,IT Jobs,Mid-Level,2,Mumbai,Maharashtra,India,"Mumbai, Maharashtra",0,full_time,unspecified,2021-07-28 21:11:50,2021-07-28,2021,7,28,Wednesday,300000.0,900000.0,600000.0,6.0,0,600000.0,6.0,0,19.00821,72.84415,https://www.adzuna.in/details/2346068207?utm_medium=api&utm_source=f46203c2
2776008869,Data Analyst,Ayoconnect Technology,Data Analyst,IT Jobs,Mid-Level,2,Unspecified / Pan-India,Unspecified,India,India,0,full_time,unspecified,2021-12-30 04:23:05,2021-12-30,2021,12,30,Thursday,400000.0,1000000.0,700000.0,7.0,0,700000.0,7.0,0,,,https://www.adzuna.in/details/2776008869?utm_medium=api&utm_source=f46203c2
3025811339,Data Analyst,Srijan Technologies,Data Analyst,IT Jobs,Mid-Level,2,Unspecified / Pan-India,Unspecified,India,India,0,full_time,unspecified,2022-04-05 05:16:09,2022-04-05,2022,4,5,Tuesday,0.0,1200000.0,1200000.0,12.0,0,1200000.0,12.0,0,,,https://www.adzuna.in/details/3025811339?utm_medium=api&utm_source=f46203c2
2631733820,Data Analyst,MedCords,Data Analyst,IT Jobs,Mid-Level,2,Kota,Rajasthan,India,"Kota, Rajasthan",0,full_time,unspecified,2021-11-11 04:22:56,2021-11-11,2021,11,11,Thursday,0.0,250000.0,250000.0,2.5,0,250000.0,2.5,0,25.23239,75.92905,https://www.adzuna.in/details/2631733820?utm_medium=api&utm_source=f46203c2
1171507526,Data Analyst,Ingrainhub,Data Analyst,IT Jobs,Mid-Level,2,Bengaluru,Karnataka,India,"Bangalore, Karnataka",0,full_time,unspecified,2019-06-05 21:12:09,2019-06-05,2019,6,5,Wednesday,300000.0,1200000.0,750000.0,7.5,0,750000.0,7.5,0,,,https://www.adzuna.in/details/1171507526?utm_medium=api&utm_source=f46203c2
1155089882,Data Analyst,TechNex Technologies Private Limited,Data Analyst,Admin Jobs,Mid-Level,2,Pune,Maharashtra,India,"Pune, Maharashtra",0,full_time,unspecified,2019-05-17 21:02:48,2019-05-17,2019,5,17,Friday,,,,,1,750000.0,7.5,1,18.5062,73.84735,https://www.adzuna.in/details/1155089882?utm_medium=api&utm_source=f46203c2
1353179357,Data Analyst,PayU,Data Analyst,IT Jobs,Mid-Level,2,Gurugram,Haryana,India,"Gurgaon, Haryana",0,full_time,unspecified,2019-11-27 10:00:27,2019-11-27,2019,11,27,Wednesday,700000.0,1500000.0,1100000.0,11.0,0,1100000.0,11.0,0,28.323996,76.983738,https://www.adzuna.in/details/1353179357?utm_medium=api&utm_source=f46203c2
1186010488,Data Analyst,Dotball Interactive Private Limited,Data Analyst,IT Jobs,Mid-Level,2,Bengaluru,Karnataka,India,"Bangalore, Karnataka",0,full_time,unspecified,2019-06-20 21:36:33,2019-06-20,2019,6,20,Thursday,300000.0,600000.0,450000.0,4.5,0,450000.0,4.5,0,,,https://www.adzuna.in/details/1186010488?utm_medium=api&utm_source=f46203c2
4665943640,Data Analyst,Grubbrr systems Pvt Ltd,Data Analyst,IT Jobs,Mid-Level,2,Ahmedabad,Gujarat,India,"Ahmedabad, Gujarat",0,full_time,unspecified,2024-04-26 16:15:16,2024-04-26,2024,4,26,Friday,300000.0,900000.0,600000.0,6.0,0,600000.0,6.0,0,23.042,72.59465,https://www.adzuna.in/details/4665943640?utm_medium=api&utm_source=f46203c2
2577819167,Data Analyst,zyoin,Data Analyst,IT Jobs,Mid-Level,2,Bengaluru,Karnataka,India,"Bangalore, Karnataka",0,full_time,unspecified,2021-10-26 04:51:56,2021-10-26,2021,10,26,Tuesday,500000.0,2100000.0,1300000.0,13.0,0,1300000.0,13.0,0,,,https://www.adzuna.in/details/2577819167?utm_medium=api&utm_source=f46203c2
2653476396,Data Analyst,CIEL HR Services,Data Analyst,IT Jobs,Mid-Level,2,Bengaluru,Karnataka,India,"Bangalore, Karnataka",0,full_time,unspecified,2021-11-18 04:24:02,2021-11-18,2021,11,18,Thursday,0.0,1500000.0,1500000.0,15.0,0,1500000.0,15.0,0,,,https://www.adzuna.in/details/2653476396?utm_medium=api&utm_source=f46203c2
3801594068,Data Analyst,Talent500 by ANSR,Data Analyst,IT Jobs,Mid-Level,2,Bengaluru,Karnataka,India,"Bangalore, Karnataka",0,full_time,unspecified,2022-12-26 06:16:30,2022-12-26,2022,12,26,Monday,1000000.0,3000000.0,2000000.0,20.0,0,2000000.0,20.0,0,,,https://www.adzuna.in/details/3801594068?utm_medium=api&utm_source=f46203c2
3189580389,Data Analyst,Beauto Systems Private Limited,Data Analyst,IT Jobs,Mid-Level,2,Unspecified / Pan-India,Unspecified,India,India,0,full_time,unspecified,2022-06-02 06:13:33,2022-06-02,2022,6,2,Thursday,100000.0,500000.0,300000.0,3.0,0,300000.0,3.0,0,,,https://www.adzuna.in/details/3189580389?utm_medium=api&utm_source=f46203c2
1422966819,Data Analyst,Yulu Bikes,Data Analyst,IT Jobs,Mid-Level,2,Bengaluru,Karnataka,India,"Bangalore, Karnataka",0,full_time,unspecified,2020-01-25 17:57:23,2020-01-25,2020,1,25,Saturday,700000.0,1200000.0,950000.0,9.5,0,950000.0,9.5,0,,,https://www.adzuna.in/details/1422966819?utm_medium=api&utm_source=f46203c2
2821621318,Data Analyst,Humanitus Learning Science and Consultancy Pvt Limited,Data Analyst,IT Jobs,Mid-Level,2,Unspecified / Pan-India,Unspecified,India,India,0,full_time,unspecified,2022-01-18 04:28:04,2022-01-18,2022,1,18,Tuesday,500000.0,700000.0,600000.0,6.0,0,600000.0,6.0,0,,,https://www.adzuna.in/details/2821621318?utm_medium=api&utm_source=f46203c2
1171509599,Data Analyst,Rocket Kommerce,Data Analyst,IT Jobs,Mid-Level,2,Bengaluru,Karnataka,India,"Bangalore, Karnataka",0,full_time,unspecified,2019-06-05 21:12:28,2019-06-05,2019,6,5,Wednesday,500000.0,800000.0,650000.0,6.5,0,650000.0,6.5,0,,,https://www.adzuna.in/details/1171509599?utm_medium=api&utm_source=f46203c2
5604419908,Data Analyst,Talent Pro,Data Analyst,IT Jobs,Mid-Level,2,Mumbai,Maharashtra,India,"Mumbai, Maharashtra",0,full_time,unspecified,2026-01-29 11:29:14,2026-01-29,2026,1,29,Thursday,800000.0,1200000.0,1000000.0,10.0,0,1000000.0,10.0,0,19.00821,72.84415,https://www.adzuna.in/details/5604419908?utm_medium=api&utm_source=f46203c2
4874338703,Data Analyst,Pluginlive,Data Analyst,Accounting & Finance Jobs,Mid-Level,2,Mumbai,Maharashtra,India,"Mumbai, Maharashtra",0,full_time,unspecified,2024-09-24 11:44:30,2024-09-24,2024,9,24,Tuesday,1000000.0,2000000.0,1500000.0,15.0,0,1500000.0,15.0,0,19.00821,72.84415,https://www.adzuna.in/details/4874338703?utm_medium=api&utm_source=f46203c2
4411060128,Data Analyst,Stanza Living,Data Analyst,IT Jobs,Mid-Level,2,Unspecified / Pan-India,Unspecified,India,India,0,full_time,unspecified,2023-11-03 14:48:03,2023-11-03,2023,11,3,Friday,600000.0,900000.0,750000.0,7.5,0,750000.0,7.5,0,,,https://www.adzuna.in/details/4411060128?utm_medium=api&utm_source=f46203c2
5211779275,Data Analyst,Wissen Technology,Data Analyst,IT Jobs,Mid-Level,2,Mumbai,Maharashtra,India,"Mumbai, Maharashtra",0,full_time,unspecified,2025-05-23 06:51:59,2025-05-23,2025,5,23,Friday,,,,,1,750000.0,7.5,1,19.00821,72.84415,https://www.adzuna.in/details/5211779275?utm_medium=api&utm_source=f46203c2
5531896486,Data Analyst,Peak Hire Solutions,Data Analyst,IT Jobs,Mid-Level,2,Bengaluru,Karnataka,India,"Bangalore, Karnataka",0,full_time,unspecified,2025-12-07 05:40:05,2025-12-07,2025,12,7,Sunday,800000.0,1100000.0,950000.0,9.5,0,950000.0,9.5,0,,,https://www.adzuna.in/details/5531896486?utm_medium=api&utm_source=f46203c2
5314053973,Data Analyst,Fisdom,Data Analyst,IT Jobs,Mid-Level,2,Bengaluru,Karnataka,India,"Bangalore, Karnataka",0,full_time,unspecified,2025-07-21 05:27:56,2025-07-21,2025,7,21,Monday,100000.0,100000.0,100000.0,1.0,0,100000.0,1.0,0,,,https://www.adzuna.in/details/5314053973?utm_medium=api&utm_source=f46203c2
5294954886,Data Analyst,Multi Recruit,Data Analyst,IT Jobs,Mid-Level,2,Bengaluru,Karnataka,India,"Bangalore, Karnataka",0,full_time,unspecified,2025-07-10 05:24:09,2025-07-10,2025,7,10,Thursday,650000.0,850000.0,750000.0,7.5,0,750000.0,7.5,0,,,https://www.adzuna.in/details/5294954886?utm_medium=api&utm_source=f46203c2
5715478790,Data Analyst,Tap Invest,Data Analyst,IT Jobs,Mid-Level,2,Bengaluru,Karnataka,India,"Bangalore, Karnataka",0,full_time,unspecified,2026-05-01 11:45:52,2026-05-01,2026,5,1,Friday,300000.0,500000.0,400000.0,4.0,0,400000.0,4.0,0,,,https://www.adzuna.in/details/5715478790?utm_medium=api&utm_source=f46203c2
4282822424,Data Analyst,Recro,Data Analyst,IT Jobs,Mid-Level,2,Bengaluru,Karnataka,India,"Bangalore, Karnataka",0,full_time,unspecified,2023-08-29 13:12:02,2023-08-29,2023,8,29,Tuesday,,,,,1,750000.0,7.5,1,,,https://www.adzuna.in/details/4282822424?utm_medium=api&utm_source=f46203c2
5819884300,Data Analyst,Lloyds Bank,Data Analyst,IT Jobs,Mid-Level,2,Unspecified / Pan-India,Unspecified,India,India,0,full_time,unspecified,2026-07-29 20:58:50,2026-07-29,2026,7,29,Wednesday,,,,,1,750000.0,7.5,1,,,https://www.adzuna.in/details/5819884300?utm_medium=api&utm_source=f46203c2
5831403235,Data Analyst,ORBIT & SKYLINE,Data Analyst,IT Jobs,Mid-Level,2,Chandigarh / Mohali,Punjab,India,"Mohali, Punjab",0,unspecified,unspecified,2026-08-07 07:33:23,2026-08-07,2026,8,7,Friday,,,,,1,750000.0,7.5,1,30.7545,76.6406,https://www.adzuna.in/details/5831403235?utm_medium=api&utm_source=f46203c2
5831401994,Data Analyst,Orbit Skyline,Data Analyst,IT Jobs,Mid-Level,2,Chandigarh / Mohali,Punjab,India,"Mohali, Punjab",0,unspecified,unspecified,2026-08-07 07:32:32,2026-08-07,2026,8,7,Friday,,,,,1,750000.0,7.5,1,30.7545,76.6406,https://www.adzuna.in/details/5831401994?utm_medium=api&utm_source=f46203c2
5822435697,Data Analyst,EXL,Data Analyst,IT Jobs,Mid-Level,2,Unspecified / Pan-India,Unspecified,India,India,0,full_time,unspecified,2026-07-31 20:54:40,2026-07-31,2026,7,31,Friday,,,,,1,750000.0,7.5,1,,,https://www.adzuna.in/details/5822435697?utm_medium=api&utm_source=f46203c2
5849135077,Data Analyst,Mindteck  Limited,Data Analyst,IT Jobs,Mid-Level,2,Bengaluru,Karnataka,India,"Bangalore, Karnataka",0,unspecified,unspecified,2026-08-20 07:31:10,2026-08-20,2026,8,20,Thursday,,,,,1,750000.0,7.5,1,,,https://www.adzuna.in/details/5849135077?utm_medium=api&utm_source=f46203c2
5849135074,Data Analyst,Mindteck  Limited,Data Analyst,IT Jobs,Mid-Level,2,Bengaluru,Karnataka,India,"Bangalore, Karnataka",0,unspecified,unspecified,2026-08-20 07:31:10,2026-08-20,2026,8,20,Thursday,,,,,1,750000.0,7.5,1,,,https://www.adzuna.in/details/5849135074?utm_medium=api&utm_source=f46203c2
5850376549,Data Analyst,TVS Credit Services,Data Analyst,IT Jobs,Mid-Level,2,Lucknow,Uttar Pradesh,India,"Lucknow, Uttar Pradesh",0,unspecified,unspecified,2026-08-21 07:38:58,2026-08-21,2026,8,21,Friday,,,,,1,750000.0,7.5,1,26.8677,80.8897,https://www.adzuna.in/details/5850376549?utm_medium=api&utm_source=f46203c2
5782538634,Data Analyst,Hitachi,Data Analyst,"Energy, Oil & Gas Jobs",Mid-Level,2,Remote,Remote,India,India,1,full_time,unspecified,2026-07-01 02:46:06,2026-07-01,2026,7,1,Wednesday,,,,,1,750000.0,7.5,1,,,https://www.adzuna.in/details/5782538634?utm_medium=api&utm_source=f46203c2
5839221139,Data Analyst,Tanla Platforms,Data Analyst,Sales Jobs,Mid-Level,2,Navi Mumbai,Maharashtra,India,"Navi Mumbai, Maharashtra",0,unspecified,unspecified,2026-08-13 07:31:47,2026-08-13,2026,8,13,Thursday,,,,,1,750000.0,7.5,1,19.02,73.02,https://www.adzuna.in/details/5839221139?utm_medium=api&utm_source=f46203c2
5860541729,Data Analyst,Pinkerton,Data Analyst,IT Jobs,Mid-Level,2,Gurugram,Haryana,India,"Gurgaon, Haryana",0,unspecified,unspecified,2026-08-29 07:41:27,2026-08-29,2026,8,29,Saturday,,,,,1,750000.0,7.5,1,28.323996,76.983738,https://www.adzuna.in/details/5860541729?utm_medium=api&utm_source=f46203c2
5864353425,Data Analyst,Shalom World,Data Analyst,IT Jobs,Mid-Level,2,Unspecified / Pan-India,Unspecified,India,India,0,full_time,unspecified,2026-09-01 16:07:46,2026-09-01,2026,9,1,Tuesday,,,,,1,750000.0,7.5,1,,,https://www.adzuna.in/details/5864353425?utm_medium=api&utm_source=f46203c2
5780531648,Data Analyst,Tribute Technology,Data Analyst,IT Jobs,Mid-Level,2,Hyderabad,Telangana,India,"Hyderabad, Telangana",0,full_time,unspecified,2026-06-29 02:40:35,2026-06-29,2026,6,29,Monday,,,,,1,750000.0,7.5,1,17.40275,78.50806,https://www.adzuna.in/details/5780531648?utm_medium=api&utm_source=f46203c2
5879144086,Data Analyst,Vehant Technologies,Data Analyst,IT Jobs,Mid-Level,2,Noida,Uttar Pradesh,India,"Noida, Ghaziabad",0,unspecified,unspecified,2026-09-11 07:39:42,2026-09-11,2026,9,11,Friday,,,,,1,750000.0,7.5,1,28.56579,77.3225,https://www.adzuna.in/details/5879144086?utm_medium=api&utm_source=f46203c2
5876480361,Data Analyst,C1,Data Analyst,IT Jobs,Mid-Level,2,Hyderabad,Telangana,India,"Hyderabad, Telangana",0,unspecified,unspecified,2026-09-09 07:37:40,2026-09-09,2026,9,9,Wednesday,,,,,1,750000.0,7.5,1,17.40275,78.50806,https://www.adzuna.in/details/5876480361?utm_medium=api&utm_source=f46203c2
5876478910,Data Analyst,Caterpillar Inc,Data Analyst,IT Jobs,Mid-Level,2,Krishnagiri,Tamil Nadu,India,"Krishnagiri, Tamil Nadu",0,unspecified,unspecified,2026-09-09 07:36:45,2026-09-09,2026,9,9,Wednesday,,,,,1,750000.0,7.5,1,,,https://www.adzuna.in/details/5876478910?utm_medium=api&utm_source=f46203c2
5876480303,Data Analyst,Red Hat,Data Analyst,IT Jobs,Mid-Level,2,Pune,Maharashtra,India,"Pune, Maharashtra",0,unspecified,unspecified,2026-09-09 07:37:36,2026-09-09,2026,9,9,Wednesday,,,,,1,750000.0,7.5,1,18.5062,73.84735,https://www.adzuna.in/details/5876480303?utm_medium=api&utm_source=f46203c2
5879552231,Data Analyst,Weekday AI,Data Analyst,IT Jobs,Mid-Level,2,Bengaluru,Karnataka,India,"Bangalore, Karnataka",0,full_time,unspecified,2026-09-11 16:13:31,2026-09-11,2026,9,11,Friday,,,,,1,750000.0,7.5,1,,,https://www.adzuna.in/details/5879552231?utm_medium=api&utm_source=f46203c2
5778444152,Data Analyst,Tribute Technology,Data Analyst,IT Jobs,Mid-Level,2,Hyderabad,Telangana,India,"Hussainialam, Hyderabad",0,full_time,unspecified,2026-06-27 07:29:56,2026-06-27,2026,6,27,Saturday,,,,,1,750000.0,7.5,1,17.38848,78.4717,https://www.adzuna.in/details/5778444152?utm_medium=api&utm_source=f46203c2
5887525507,Data Analyst,Wipro,Data Analyst,IT Jobs,Mid-Level,2,Hyderabad,Telangana,India,"Hyderabad, Telangana",0,full_time,unspecified,2026-09-17 16:14:05,2026-09-17,2026,9,17,Thursday,,,,,1,750000.0,7.5,1,17.40275,78.50806,https://www.adzuna.in/details/5887525507?utm_medium=api&utm_source=f46203c2
5895065465,Data Analyst,METRO/MAKRO,Data Analyst,IT Jobs,Mid-Level,2,Pune,Maharashtra,India,"Pune, Maharashtra",0,full_time,unspecified,2026-09-23 16:15:29,2026-09-23,2026,9,23,Wednesday,,,,,1,750000.0,7.5,1,18.5062,73.84735,https://www.adzuna.in/details/5895065465?utm_medium=api&utm_source=f46203c2
5894639200,Data Analyst,Artech Infosystems Private Limited,Data Analyst,IT Jobs,Mid-Level,2,Bengaluru,Karnataka,India,"Bangalore, Karnataka",0,unspecified,unspecified,2026-09-23 07:49:03,2026-09-23,2026,9,23,Wednesday,,,,,1,750000.0,7.5,1,,,https://www.adzuna.in/details/5894639200?utm_medium=api&utm_source=f46203c2
5787185965,Data Analyst,EXL,Data Analyst,IT Jobs,Mid-Level,2,Unspecified / Pan-India,Unspecified,India,India,0,full_time,unspecified,2026-07-04 02:29:39,2026-07-04,2026,7,4,Saturday,,,,,1,750000.0,7.5,1,,,https://www.adzuna.in/details/5787185965?utm_medium=api&utm_source=f46203c2
5727264729,Data Analyst,Acura Solution,Data Analyst,IT Jobs,Mid-Level,2,Mumbai,Maharashtra,India,"Mumbai, Maharashtra",0,full_time,unspecified,2026-05-13 02:15:44,2026-05-13,2026,5,13,Wednesday,,,,,1,750000.0,7.5,1,19.00821,72.84415,https://www.adzuna.in/details/5727264729?utm_medium=api&utm_source=f46203c2
5898488482,Data Analyst,London Stock Exchange Group,Data Analyst,IT Jobs,Mid-Level,2,Unspecified / Pan-India,Unspecified,India,India,0,full_time,unspecified,2026-09-25 21:20:44,2026-09-25,2026,9,25,Friday,,,,,1,750000.0,7.5,1,,,https://www.adzuna.in/details/5898488482?utm_medium=api&utm_source=f46203c2
5889532312,Data Analyst,Ce,Data Analyst,IT Jobs,Mid-Level,2,Bengaluru,Karnataka,India,"Bangalore, Karnataka",0,full_time,unspecified,2026-09-18 21:42:49,2026-09-18,2026,9,18,Friday,,,,,1,750000.0,7.5,1,,,https://www.adzuna.in/details/5889532312?utm_medium=api&utm_source=f46203c2
5894077788,Data Analyst,Acura Solution,Data Analyst,IT Jobs,Mid-Level,2,Delhi NCR,Delhi,India,"Delhi, India",0,full_time,unspecified,2026-09-22 21:24:31,2026-09-22,2026,9,22,Tuesday,,,,,1,750000.0,7.5,1,28.62523,77.224601,https://www.adzuna.in/details/5894077788?utm_medium=api&utm_source=f46203c2
4686704999,Data Analyst,Unknown,Data Analyst,Trade & Construction Jobs,Mid-Level,2,Hyderabad,Telangana,India,"Hyderabad, Telangana",0,unspecified,unspecified,2024-05-10 07:38:52,2024-05-10,2024,5,10,Friday,,,,,1,750000.0,7.5,1,17.40275,78.50806,https://www.adzuna.in/details/4686704999?utm_medium=api&utm_source=f46203c2
4686707449,Data Analyst,Unknown,Data Analyst,Admin Jobs,Mid-Level,2,Mumbai,Maharashtra,India,"Mumbai, Maharashtra",0,unspecified,unspecified,2024-05-10 07:39:09,2024-05-10,2024,5,10,Friday,,,,,1,750000.0,7.5,1,19.00821,72.84415,https://www.adzuna.in/details/4686707449?utm_medium=api&utm_source=f46203c2
4686707835,Data Analyst,Unknown,Data Analyst,IT Jobs,Mid-Level,2,Mumbai,Maharashtra,India,"Mumbai, Maharashtra",0,unspecified,unspecified,2024-05-10 07:39:12,2024-05-10,2024,5,10,Friday,,,,,1,750000.0,7.5,1,19.00821,72.84415,https://www.adzuna.in/details/4686707835?utm_medium=api&utm_source=f46203c2
4686707833,Data Analyst,Unknown,Data Analyst,IT Jobs,Mid-Level,2,Navi Mumbai,Maharashtra,India,"Navi Mumbai, Maharashtra",0,unspecified,unspecified,2024-05-10 07:39:12,2024-05-10,2024,5,10,Friday,,,,,1,750000.0,7.5,1,19.02,73.02,https://www.adzuna.in/details/4686707833?utm_medium=api&utm_source=f46203c2
4686706181,Data Analyst,Unknown,Data Analyst,IT Jobs,Mid-Level,2,Mumbai,Maharashtra,India,"Mumbai, Maharashtra",0,unspecified,unspecified,2024-05-10 07:38:59,2024-05-10,2024,5,10,Friday,,,,,1,750000.0,7.5,1,19.00821,72.84415,https://www.adzuna.in/details/4686706181?utm_medium=api&utm_source=f46203c2
4686706356,Data Analyst,Unknown,Data Analyst,IT Jobs,Mid-Level,2,Bengaluru,Karnataka,India,"Bangalore, Karnataka",0,unspecified,unspecified,2024-05-10 07:39:00,2024-05-10,2024,5,10,Friday,,,,,1,750000.0,7.5,1,12.95703,77.59837,https://www.adzuna.in/details/4686706356?utm_medium=api&utm_source=f46203c2
4686705015,Data Analyst,Unknown,Data Analyst,Trade & Construction Jobs,Mid-Level,2,Chennai,Tamil Nadu,India,"Chennai, Tamil Nadu",0,unspecified,unspecified,2024-05-10 07:38:52,2024-05-10,2024,5,10,Friday,,,,,1,750000.0,7.5,1,13.06041,80.24963,https://www.adzuna.in/details/4686705015?utm_medium=api&utm_source=f46203c2
4686706169,Data Analyst,Unknown,Data Analyst,IT Jobs,Mid-Level,2,Gurugram,Haryana,India,"Gurgaon, Haryana",0,unspecified,unspecified,2024-05-10 07:38:59,2024-05-10,2024,5,10,Friday,,,,,1,750000.0,7.5,1,28.323996,76.983738,https://www.adzuna.in/details/4686706169?utm_medium=api&utm_source=f46203c2
5728422548,Data Analyst,MM Staffing & Career Consultants,Data Analyst,IT Jobs,Mid-Level,2,Mumbai,Maharashtra,India,"Mumbai, Maharashtra",0,full_time,unspecified,2026-05-14 02:26:01,2026-05-14,2026,5,14,Thursday,,,,,1,750000.0,7.5,1,19.00821,72.84415,https://www.adzuna.in/details/5728422548?utm_medium=api&utm_source=f46203c2
5727195252,Data Analyst,Mancraft Consulting,Data Analyst,Accounting & Finance Jobs,Mid-Level,2,Noida,Uttar Pradesh,India,"Noida, Ghaziabad",0,full_time,unspecified,2026-05-13 02:09:30,2026-05-13,2026,5,13,Wednesday,600000.0,850000.0,725000.0,7.25,0,725000.0,7.25,0,28.56579,77.3225,https://www.adzuna.in/details/5727195252?utm_medium=api&utm_source=f46203c2
5879936345,Data Analyst,Financial Services,Data Analyst,IT Jobs,Mid-Level,2,Unspecified / Pan-India,Unspecified,India,India,0,full_time,unspecified,2026-09-11 21:35:13,2026-09-11,2026,9,11,Friday,100000.0,800000.0,450000.0,4.5,0,450000.0,4.5,0,,,https://www.adzuna.in/details/5879936345?utm_medium=api&utm_source=f46203c2
5890717796,GCP Data Engineer,Capco,Data Analyst,IT Jobs,Mid-Level,2,Pune,Maharashtra,India,"Pune, Maharashtra",0,full_time,unspecified,2026-09-19 20:33:43,2026-09-19,2026,9,19,Saturday,,,,,1,750000.0,7.5,1,18.5062,73.84735,https://www.adzuna.in/land/ad/5890717796?se=0iALPrC78RGKj5CFZN1R3A&utm_medium=api&utm_source=f46203c2&v=AACCEDF91AC373078EC6DE2ECD4190FB5EF4A010
5889222181,Business Development Manager,Collegedunia,Data Analyst,Logistics & Warehouse Jobs,Manager,4,Mumbai,Maharashtra,India,"Mumbai, Maharashtra",0,unspecified,unspecified,2026-09-18 17:30:50,2026-09-18,2026,9,18,Friday,,,,,1,750000.0,7.5,1,19.00821,72.84415,https://www.adzuna.in/land/ad/5889222181?se=0iALPrC78RGKj5CFZN1R3A&utm_medium=api&utm_source=f46203c2&v=20C3DCA3BC3E84E1BE02A3E4DD64BAA0D558B7DB
5870527502,Senior Data Engineer (GCP),Publicis Production,Data Analyst,IT Jobs,Senior,3,Bengaluru,Karnataka,India,"Bangalore, Karnataka",0,full_time,unspecified,2026-09-04 16:57:28,2026-09-04,2026,9,4,Friday,,,,,1,1325000.0,13.25,1,,,https://www.adzuna.in/land/ad/5870527502?se=0iALPrC78RGKj5CFZN1R3A&utm_medium=api&utm_source=f46203c2&v=13DCF9B529DFC988AF1B37CEBA171DC57195AA77
5897296393,Business Auditor,Mizuho,Data Analyst,Accounting & Finance Jobs,Mid-Level,2,Chennai,Tamil Nadu,India,"Chennai, Tamil Nadu",1,unspecified,unspecified,2026-09-25 01:58:30,2026-09-25,2026,9,25,Friday,,,,,1,750000.0,7.5,1,13.06041,80.24963,https://www.adzuna.in/land/ad/5897296393?se=0iALPrC78RGKj5CFZN1R3A&utm_medium=api&utm_source=f46203c2&v=38A0F32EE17CF6049F173F6A60052D78065763DE
5636068235,Data Analyst / Data Scientist,Weekday AI,Data Analyst,IT Jobs,Mid-Level,2,Remote,Remote,India,India,1,full_time,unspecified,2026-02-19 19:58:34,2026-02-19,2026,2,19,Thursday,,,,,1,750000.0,7.5,1,,,https://www.adzuna.in/details/5636068235?utm_medium=api&utm_source=f46203c2
5859054156,Data Analyst / Data Engineer,Pavago,Data Analyst,IT Jobs,Mid-Level,2,Remote,Remote,India,India,1,full_time,unspecified,2026-08-28 06:29:01,2026-08-28,2026,8,28,Friday,,,,,1,750000.0,7.5,1,,,https://www.adzuna.in/details/5859054156?utm_medium=api&utm_source=f46203c2
5876869964,GCP Data Engineer,Tata Consultancy Services,Data Analyst,IT Jobs,Mid-Level,2,Chennai,Tamil Nadu,India,"Chennai, Tamil Nadu",0,unspecified,unspecified,2026-09-09 14:44:25,2026-09-09,2026,9,9,Wednesday,,,,,1,750000.0,7.5,1,13.06041,80.24963,https://www.adzuna.in/land/ad/5876869964?se=0iALPrC78RGKj5CFZN1R3A&utm_medium=api&utm_source=f46203c2&v=E7373CADEF5A8F50FEB084AF3CD30CA3660C1E3E
5900875291,"Associate, Reporting & Portfolio Analytics (Emerging Markets)",BuzzClan,Data Analyst,Accounting & Finance Jobs,Entry / Junior,1,Hyderabad,Telangana,India,"Hyderabad, Telangana",0,unspecified,unspecified,2026-09-28 02:01:01,2026-09-28,2026,9,28,Monday,,,,,1,400000.0,4.0,1,17.40275,78.50806,https://www.adzuna.in/land/ad/5900875291?se=0iALPrC78RGKj5CFZN1R3A&utm_medium=api&utm_source=f46203c2&v=CE0FA170A3D07716C3DCAB6E84829BFFAF55276C
5890607540,Business Development Manager,Collegedunia,Data Analyst,"PR, Advertising & Marketing Jobs",Manager,4,Unspecified / Pan-India,Gujarat,India,"Gujarat, India",0,unspecified,unspecified,2026-09-19 17:30:19,2026-09-19,2026,9,19,Saturday,,,,,1,750000.0,7.5,1,22.385318,72.365866,https://www.adzuna.in/land/ad/5890607540?se=0iALPrC78RGKj5CFZN1R3A&utm_medium=api&utm_source=f46203c2&v=AD4AC1729EA50DDB4A095D0BF46598E0CA28F82F
5889223581,Senior Business Development Manager,Collegedunia,Data Analyst,Logistics & Warehouse Jobs,Manager,4,Mumbai,Maharashtra,India,"Mumbai, Maharashtra",0,unspecified,unspecified,2026-09-18 17:32:34,2026-09-18,2026,9,18,Friday,,,,,1,750000.0,7.5,1,19.00821,72.84415,https://www.adzuna.in/land/ad/5889223581?se=0iALPrC78RGKj5CFZN1R3A&utm_medium=api&utm_source=f46203c2&v=310A922740AE5DEF45A7428FE53518527B0134EF
5876870209,Azure Engineer,ALIANDO,Data Analyst,IT Jobs,Mid-Level,2,Remote,Remote,India,India,1,full_time,unspecified,2026-09-09 14:44:31,2026-09-09,2026,9,9,Wednesday,,,,,1,750000.0,7.5,1,,,https://www.adzuna.in/land/ad/5876870209?se=0iALPrC78RGKj5CFZN1R3A&utm_medium=api&utm_source=f46203c2&v=92A6646145447422BA523A2A6C10353D29F38B37
5892808458,SENIOR DATA ANALYST,Vrinda International,Data Analyst,IT Jobs,Senior,3,Chennai,Tamil Nadu,India,"Chennai, Tamil Nadu",0,unspecified,contract,2026-09-21 17:55:11,2026-09-21,2026,9,21,Monday,1300000.0,1700000.0,1500000.0,15.0,0,1500000.0,15.0,0,,,https://www.adzuna.in/details/5892808458?utm_medium=api&utm_source=f46203c2
5889347971,Junior Data Analyst,Rezo.ai,Data Analyst,IT Jobs,Entry / Junior,1,Noida,Uttar Pradesh,India,"Noida, Ghaziabad",0,full_time,permanent,2026-09-18 19:47:47,2026-09-18,2026,9,18,Friday,,,,,1,400000.0,4.0,1,28.56579,77.3225,https://www.adzuna.in/details/5889347971?utm_medium=api&utm_source=f46203c2
5863654715,Intern - Data Analyst,CanKids KidsCan,Data Analyst,Admin Jobs,Entry / Junior,1,Delhi NCR,Delhi,India,"Gulmohar Park, South Delhi",0,full_time,contract,2026-09-01 07:10:54,2026-09-01,2026,9,1,Tuesday,20000.0,20000.0,20000.0,0.2,0,20000.0,0.2,0,28.56645,77.22175,https://www.adzuna.in/details/5863654715?utm_medium=api&utm_source=f46203c2
4739597153,HR Data Analyst,"Opalforce, Inc.",Data Analyst,IT Jobs,Mid-Level,2,Bengaluru,Karnataka,India,"Naduvathi, Bangalore",0,full_time,permanent,2024-06-16 14:59:21,2024-06-16,2024,6,16,Sunday,,,,,1,750000.0,7.5,1,12.9832,77.7296,https://www.adzuna.in/details/4739597153?utm_medium=api&utm_source=f46203c2
5727816928,Statistician/Data Analyst,Two95 International Inc.,Data Analyst,IT Jobs,Mid-Level,2,Unspecified / Pan-India,Unspecified,India,India,0,unspecified,contract,2026-05-13 12:52:17,2026-05-13,2026,5,13,Wednesday,,,,,1,750000.0,7.5,1,,,https://www.adzuna.in/details/5727816928?utm_medium=api&utm_source=f46203c2
5886096552,Azure Data Engineer,Recro,Data Analyst,IT Jobs,Mid-Level,2,Unspecified / Pan-India,Unspecified,India,India,0,unspecified,unspecified,2026-09-16 17:28:31,2026-09-16,2026,9,16,Wednesday,,,,,1,750000.0,7.5,1,,,https://www.adzuna.in/land/ad/5886096552?se=0iALPrC78RGKj5CFZN1R3A&utm_medium=api&utm_source=f46203c2&v=F5C353AD4FCD7565CF0925133B74A7EEAA1984C2
5850375378,Data Analyst Lead,TechnoGen,Data Analyst,IT Jobs,Lead / Architect,5,Hyderabad,Telangana,India,"Hyderabad, Telangana",0,unspecified,unspecified,2026-08-21 07:38:39,2026-08-21,2026,8,21,Friday,,,,,1,2775000.0,27.75,1,17.40275,78.50806,https://www.adzuna.in/details/5850375378?utm_medium=api&utm_source=f46203c2
5761791107,Data Analyst Trainee,Lead India,Data Analyst,IT Jobs,Entry / Junior,1,Bengaluru,Karnataka,India,"Bangalore, Karnataka",0,full_time,unspecified,2026-06-13 02:35:26,2026-06-13,2026,6,13,Saturday,,,,,1,400000.0,4.0,1,,,https://www.adzuna.in/details/5761791107?utm_medium=api&utm_source=f46203c2
5503837644,Data Analyst Intern,Optimspace,Data Analyst,IT Jobs,Entry / Junior,1,Pune,Maharashtra,India,"Pune, Maharashtra",1,full_time,contract,2025-11-20 00:58:19,2025-11-20,2025,11,20,Thursday,,,,,1,400000.0,4.0,1,18.5062,73.84735,https://www.adzuna.in/details/5503837644?utm_medium=api&utm_source=f46203c2
2853928162,Sr. Data Analyst,Multi Recruit,Data Analyst,IT Jobs,Senior,3,Bengaluru,Karnataka,India,"Bangalore, Karnataka",0,full_time,unspecified,2022-01-30 04:34:29,2022-01-30,2022,1,30,Sunday,600000.0,1500000.0,1050000.0,10.5,0,1050000.0,10.5,0,,,https://www.adzuna.in/details/2853928162?utm_medium=api&utm_source=f46203c2
5896658058,GSS Data Analyst,SLB,Data Analyst,IT Jobs,Mid-Level,2,Navi Mumbai,Maharashtra,India,"Navi Mumbai, Maharashtra",0,full_time,unspecified,2026-09-24 16:16:45,2026-09-24,2026,9,24,Thursday,,,,,1,750000.0,7.5,1,19.02,73.02,https://www.adzuna.in/details/5896658058?utm_medium=api&utm_source=f46203c2
5257287584,Sr Data Analyst,Jobizo,Data Analyst,IT Jobs,Senior,3,Unspecified / Pan-India,Unspecified,India,India,0,full_time,unspecified,2025-06-19 05:22:26,2025-06-19,2025,6,19,Thursday,700000.0,1000000.0,850000.0,8.5,0,850000.0,8.5,0,,,https://www.adzuna.in/details/5257287584?utm_medium=api&utm_source=f46203c2
5882499682,Data Analyst Fintech,EXL,Data Analyst,IT Jobs,Mid-Level,2,Bengaluru,Karnataka,India,"Bangalore, Karnataka",0,full_time,unspecified,2026-09-13 16:12:49,2026-09-13,2026,9,13,Sunday,,,,,1,750000.0,7.5,1,,,https://www.adzuna.in/details/5882499682?utm_medium=api&utm_source=f46203c2
5877283849,Senior Data Analyst,Capco,Data Analyst,IT Jobs,Senior,3,Unspecified / Pan-India,Unspecified,India,India,0,unspecified,unspecified,2026-09-09 21:30:25,2026-09-09,2026,9,9,Wednesday,,,,,1,1325000.0,13.25,1,,,https://www.adzuna.in/details/5877283849?utm_medium=api&utm_source=f46203c2
5879541884,"Data Analyst, NYC",Stripe,Data Analyst,IT Jobs,Mid-Level,2,Unspecified / Pan-India,Unspecified,India,India,0,full_time,permanent,2026-09-11 16:11:16,2026-09-11,2026,9,11,Friday,,,,,1,750000.0,7.5,1,,,https://www.adzuna.in/details/5879541884?utm_medium=api&utm_source=f46203c2
5834753332,Data Analyst Intern,Portcast,Data Analyst,Engineering Jobs,Entry / Junior,1,Unspecified / Pan-India,Unspecified,India,India,0,full_time,contract,2026-08-09 20:48:38,2026-08-09,2026,8,9,Sunday,,,,,1,400000.0,4.0,1,,,https://www.adzuna.in/details/5834753332?utm_medium=api&utm_source=f46203c2
5896262149,Senior Data Analyst,PVH,Data Analyst,IT Jobs,Senior,3,Bengaluru,Karnataka,India,"Bangalore, Karnataka",0,unspecified,unspecified,2026-09-24 10:02:35,2026-09-24,2026,9,24,Thursday,,,,,1,1325000.0,13.25,1,,,https://www.adzuna.in/details/5896262149?utm_medium=api&utm_source=f46203c2
5831401587,Senior Data Analyst,Flipkart,Data Analyst,IT Jobs,Senior,3,Bengaluru,Karnataka,India,"Bangalore, Karnataka",0,unspecified,unspecified,2026-08-07 07:31:54,2026-08-07,2026,8,7,Friday,,,,,1,1325000.0,13.25,1,,,https://www.adzuna.in/details/5831401587?utm_medium=api&utm_source=f46203c2
5894620896,Data Analyst Intern,Innovexis,Data Analyst,IT Jobs,Entry / Junior,1,Bengaluru,Karnataka,India,"Bangalore, Karnataka",1,unspecified,contract,2026-09-23 07:13:32,2026-09-23,2026,9,23,Wednesday,,,,,1,400000.0,4.0,1,,,https://www.adzuna.in/details/5894620896?utm_medium=api&utm_source=f46203c2
5543508791,Senior Data Analyst,r3 Consultant,Data Analyst,IT Jobs,Senior,3,Pune,Maharashtra,India,"Pune, Maharashtra",0,full_time,unspecified,2025-12-16 02:52:13,2025-12-16,2025,12,16,Tuesday,,,,,1,1325000.0,13.25,1,18.5062,73.84735,https://www.adzuna.in/details/5543508791?utm_medium=api&utm_source=f46203c2
5255506978,Senior Data Analyst,NeoGenCode Technologies Pvt Ltd,Data Analyst,IT Jobs,Senior,3,Bengaluru,Karnataka,India,"Bangalore, Karnataka",0,full_time,unspecified,2025-06-18 05:21:07,2025-06-18,2025,6,18,Wednesday,1000000.0,1800000.0,1400000.0,14.0,0,1400000.0,14.0,0,,,https://www.adzuna.in/details/5255506978?utm_medium=api&utm_source=f46203c2
5866922840,Data Analyst - Bilingual,Numerator,Data Analyst,IT Jobs,Mid-Level,2,Vadodara,Gujarat,India,"Vadodara, Gujarat",0,full_time,unspecified,2026-09-02 16:15:26,2026-09-02,2026,9,2,Wednesday,,,,,1,750000.0,7.5,1,22.2891,73.1924,https://www.adzuna.in/details/5866922840?utm_medium=api&utm_source=f46203c2
5899834139,HR Data Analyst,Opalforce,Data Analyst,HR & Recruitment Jobs,Mid-Level,2,Bengaluru,Karnataka,India,"Naduvathi, Bangalore",0,full_time,unspecified,2026-09-26 21:03:51,2026-09-26,2026,9,26,Saturday,,,,,1,750000.0,7.5,1,12.9832,77.7296,https://www.adzuna.in/details/5899834139?utm_medium=api&utm_source=f46203c2
5838750295,Junior Data Analyst,Happiest Resume,Data Analyst,IT Jobs,Entry / Junior,1,Delhi NCR,Delhi,India,"Delhi, India",0,full_time,unspecified,2026-08-13 02:55:55,2026-08-13,2026,8,13,Thursday,100000.0,700000.0,400000.0,4.0,0,400000.0,4.0,0,28.62523,77.224601,https://www.adzuna.in/details/5838750295?utm_medium=api&utm_source=f46203c2
5838750293,Junior Data Analyst,Happiest Resume,Data Analyst,IT Jobs,Entry / Junior,1,Delhi NCR,Delhi,India,"New Delhi, Delhi",0,full_time,unspecified,2026-08-13 02:55:55,2026-08-13,2026,8,13,Thursday,100000.0,700000.0,400000.0,4.0,0,400000.0,4.0,0,28.62623,77.21808,https://www.adzuna.in/details/5838750293?utm_medium=api&utm_source=f46203c2
5889534396,Big Data Analyst,MedTourEasy,Data Analyst,IT Jobs,Mid-Level,2,Unspecified / Pan-India,Unspecified,India,India,0,full_time,unspecified,2026-09-18 21:43:39,2026-09-18,2026,9,18,Friday,600000.0,600000.0,600000.0,6.0,0,600000.0,6.0,0,,,https://www.adzuna.in/details/5889534396?utm_medium=api&utm_source=f46203c2
5876949352,Senior Data Analyst,Unison Group,Data Analyst,IT Jobs,Senior,3,Bengaluru,Karnataka,India,"Bangalore, Karnataka",0,full_time,unspecified,2026-09-09 16:12:53,2026-09-09,2026,9,9,Wednesday,,,,,1,1325000.0,13.25,1,,,https://www.adzuna.in/details/5876949352?utm_medium=api&utm_source=f46203c2
4801651938,Lead Data Analyst,Ipsos,Data Analyst,IT Jobs,Lead / Architect,5,Bengaluru,Karnataka,India,"Bangalore, Karnataka",0,unspecified,unspecified,2024-07-31 03:21:15,2024-07-31,2024,7,31,Wednesday,,,,,1,2775000.0,27.75,1,,,https://www.adzuna.in/details/4801651938?utm_medium=api&utm_source=f46203c2
4830811997,Senior Data Analyst,PVH,Data Analyst,IT Jobs,Senior,3,Unspecified / Pan-India,Unspecified,India,India,0,full_time,unspecified,2024-08-19 03:31:25,2024-08-19,2024,8,19,Monday,,,,,1,1325000.0,13.25,1,,,https://www.adzuna.in/details/4830811997?utm_medium=api&utm_source=f46203c2
5832092606,Master Data Analyst,SPX FLOW,Data Analyst,Accounting & Finance Jobs,Mid-Level,2,Bengaluru,Karnataka,India,"Bangalore, Karnataka",0,unspecified,unspecified,2026-08-07 20:57:12,2026-08-07,2026,8,7,Friday,,,,,1,750000.0,7.5,1,12.95703,77.59837,https://www.adzuna.in/details/5832092606?utm_medium=api&utm_source=f46203c2
5861792459,Executive Data Analyst,Ascendion Digital Solutions Private Limited,Data Analyst,IT Jobs,Mid-Level,2,Bengaluru,Karnataka,India,"Bangalore, Karnataka",0,unspecified,unspecified,2026-08-30 07:38:33,2026-08-30,2026,8,30,Sunday,,,,,1,750000.0,7.5,1,,,https://www.adzuna.in/details/5861792459?utm_medium=api&utm_source=f46203c2
4386563730,Data Analyst (SQL),Merito,Data Analyst,IT Jobs,Mid-Level,2,Mumbai,Maharashtra,India,"Mumbai, Maharashtra",0,full_time,unspecified,2023-10-22 13:49:04,2023-10-22,2023,10,22,Sunday,600000.0,800000.0,700000.0,7.0,0,700000.0,7.0,0,19.00821,72.84415,https://www.adzuna.in/details/4386563730?utm_medium=api&utm_source=f46203c2
5803805785,Data Analyst (MDM),Arrow,Data Analyst,IT Jobs,Mid-Level,2,Unspecified / Pan-India,Unspecified,India,India,0,full_time,unspecified,2026-07-17 03:19:40,2026-07-17,2026,7,17,Friday,,,,,1,750000.0,7.5,1,,,https://www.adzuna.in/details/5803805785?utm_medium=api&utm_source=f46203c2
5879148827,Data Analyst IV,Aditi Tech Consulting Private Limited,Data Analyst,IT Jobs,Mid-Level,2,Hyderabad,Telangana,India,"Hyderabad, Telangana",0,unspecified,unspecified,2026-09-11 07:42:19,2026-09-11,2026,9,11,Friday,,,,,1,750000.0,7.5,1,17.40275,78.50806,https://www.adzuna.in/details/5879148827?utm_medium=api&utm_source=f46203c2
5887225910,Senior Data Analyst,PVH Corp.,Data Analyst,IT Jobs,Senior,3,Bengaluru,Karnataka,India,"Bangalore, Karnataka",0,unspecified,unspecified,2026-09-17 11:11:15,2026-09-17,2026,9,17,Thursday,,,,,1,1325000.0,13.25,1,12.95703,77.59837,https://www.adzuna.in/details/5887225910?utm_medium=api&utm_source=f46203c2
5857750991,Mirai- Data Analyst,Hindustan Unilever Hul,Data Analyst,IT Jobs,Mid-Level,2,Bengaluru,Karnataka,India,"Bangalore, Karnataka",0,unspecified,unspecified,2026-08-27 07:41:45,2026-08-27,2026,8,27,Thursday,,,,,1,750000.0,7.5,1,,,https://www.adzuna.in/details/5857750991?utm_medium=api&utm_source=f46203c2
5759043518,Senior Data Analyst,EXL,Data Analyst,IT Jobs,Senior,3,Bengaluru,Karnataka,India,"Bangalore, Karnataka",0,full_time,unspecified,2026-06-11 02:35:35,2026-06-11,2026,6,11,Thursday,,,,,1,1325000.0,13.25,1,,,https://www.adzuna.in/details/5759043518?utm_medium=api&utm_source=f46203c2
5861221729,Senior Data Analyst,ShyftLabs,Data Analyst,IT Jobs,Senior,3,Noida,Uttar Pradesh,India,"Noida, Ghaziabad",0,full_time,unspecified,2026-08-29 20:48:34,2026-08-29,2026,8,29,Saturday,,,,,1,1325000.0,13.25,1,28.56579,77.3225,https://www.adzuna.in/details/5861221729?utm_medium=api&utm_source=f46203c2
4928060322,Sr. Data Analyst,OnActive,Data Analyst,IT Jobs,Senior,3,Remote,Remote,India,India,1,full_time,unspecified,2024-11-06 12:42:06,2024-11-06,2024,11,6,Wednesday,2000000.0,2500000.0,2250000.0,22.5,0,2250000.0,22.5,0,,,https://www.adzuna.in/details/4928060322?utm_medium=api&utm_source=f46203c2
5727281348,Data Analyst - Surat,Mspire Ventures,Data Analyst,IT Jobs,Mid-Level,2,Vadodara,Gujarat,India,"Vadodara, Gujarat",0,full_time,unspecified,2026-05-13 02:19:05,2026-05-13,2026,5,13,Wednesday,1200000.0,3600000.0,2400000.0,24.0,0,2400000.0,24.0,0,,,https://www.adzuna.in/details/5727281348?utm_medium=api&utm_source=f46203c2
5859122596,Senior Data Analyst,Robosoft Technologies,Data Analyst,IT Jobs,Senior,3,Navi Mumbai,Maharashtra,India,"Navi Mumbai, Maharashtra",0,unspecified,unspecified,2026-08-28 07:37:32,2026-08-28,2026,8,28,Friday,,,,,1,1325000.0,13.25,1,19.02,73.02,https://www.adzuna.in/details/5859122596?utm_medium=api&utm_source=f46203c2
5859122633,Senior Data Analyst,Robosoft Technologies,Data Analyst,IT Jobs,Senior,3,Bengaluru,Karnataka,India,"Bangalore, Karnataka",0,unspecified,unspecified,2026-08-28 07:37:33,2026-08-28,2026,8,28,Friday,,,,,1,1325000.0,13.25,1,,,https://www.adzuna.in/details/5859122633?utm_medium=api&utm_source=f46203c2
5804445148,Data Analyst (MDM),Arrow Electronics,Data Analyst,IT Jobs,Mid-Level,2,Bengaluru,Karnataka,India,"Bangalore, Karnataka",0,unspecified,unspecified,2026-07-17 10:43:22,2026-07-17,2026,7,17,Friday,,,,,1,750000.0,7.5,1,,,https://www.adzuna.in/details/5804445148?utm_medium=api&utm_source=f46203c2
5775399105,Senior Data Analyst,EXL,Data Analyst,IT Jobs,Senior,3,Bengaluru,Karnataka,India,"Bangalore, Karnataka",0,full_time,unspecified,2026-06-25 02:41:56,2026-06-25,2026,6,25,Thursday,,,,,1,1325000.0,13.25,1,,,https://www.adzuna.in/details/5775399105?utm_medium=api&utm_source=f46203c2
5852143534,Senior Data Analyst,Mastercard,Data Analyst,IT Jobs,Senior,3,Unspecified / Pan-India,Unspecified,India,India,0,unspecified,unspecified,2026-08-22 11:20:29,2026-08-22,2026,8,22,Saturday,,,,,1,1325000.0,13.25,1,,,https://www.adzuna.in/details/5852143534?utm_medium=api&utm_source=f46203c2
5856975398,Data Analyst III,F5 Networks,Data Analyst,IT Jobs,Senior,3,Unspecified / Pan-India,Unspecified,India,India,0,full_time,unspecified,2026-08-26 20:58:59,2026-08-26,2026,8,26,Wednesday,,,,,1,1325000.0,13.25,1,,,https://www.adzuna.in/details/5856975398?utm_medium=api&utm_source=f46203c2
5851860321,Flight Data Analyst,Ametek Instruments India,Data Analyst,IT Jobs,Mid-Level,2,Bengaluru,Karnataka,India,"Bangalore, Karnataka",0,unspecified,unspecified,2026-08-22 07:33:28,2026-08-22,2026,8,22,Saturday,,,,,1,750000.0,7.5,1,,,https://www.adzuna.in/details/5851860321?utm_medium=api&utm_source=f46203c2
5856941120,Senior Data Analyst,F5 Networks,Data Analyst,IT Jobs,Senior,3,Unspecified / Pan-India,Unspecified,India,India,0,full_time,unspecified,2026-08-26 20:42:47,2026-08-26,2026,8,26,Wednesday,,,,,1,1325000.0,13.25,1,,,https://www.adzuna.in/details/5856941120?utm_medium=api&utm_source=f46203c2
5830641274,CX Data Analyst,Multitude,Data Analyst,IT Jobs,Mid-Level,2,Gurugram,Haryana,India,"Gurgaon, Haryana",0,full_time,unspecified,2026-08-06 20:57:42,2026-08-06,2026,8,6,Thursday,,,,,1,750000.0,7.5,1,28.323996,76.983738,https://www.adzuna.in/details/5830641274?utm_medium=api&utm_source=f46203c2
5114699182,Senior Data Analyst,Vector Labs Tech,Data Analyst,IT Jobs,Senior,3,Unspecified / Pan-India,Unspecified,India,India,0,full_time,unspecified,2025-03-28 06:23:51,2025-03-28,2025,3,28,Friday,700000.0,2000000.0,1350000.0,13.5,0,1350000.0,13.5,0,,,https://www.adzuna.in/details/5114699182?utm_medium=api&utm_source=f46203c2
3529447917,HR Data Analyst,Hiringhut Solutions Pvt Ltd,Data Analyst,IT Jobs,Mid-Level,2,Unspecified / Pan-India,Unspecified,India,India,0,full_time,unspecified,2022-09-28 06:58:21,2022-09-28,2022,9,28,Wednesday,800000.0,1500000.0,1150000.0,11.5,0,1150000.0,11.5,0,,,https://www.adzuna.in/details/3529447917?utm_medium=api&utm_source=f46203c2
5859122619,Senior Data Analyst,Robosoft Technologies,Data Analyst,IT Jobs,Senior,3,Bengaluru,Karnataka,India,"Bangalore, Karnataka",0,unspecified,unspecified,2026-08-28 07:37:33,2026-08-28,2026,8,28,Friday,,,,,1,1325000.0,13.25,1,,,https://www.adzuna.in/details/5859122619?utm_medium=api&utm_source=f46203c2
5859120210,Senior Data Analyst,GSPANN,Data Analyst,IT Jobs,Senior,3,Pune,Maharashtra,India,"Pune, Maharashtra",0,unspecified,unspecified,2026-08-28 07:36:56,2026-08-28,2026,8,28,Friday,,,,,1,1325000.0,13.25,1,18.5062,73.84735,https://www.adzuna.in/details/5859120210?utm_medium=api&utm_source=f46203c2
5859120231,Senior Data Analyst,GSPANN,Data Analyst,IT Jobs,Senior,3,Hyderabad,Telangana,India,"Hyderabad, Telangana",0,unspecified,unspecified,2026-08-28 07:36:57,2026-08-28,2026,8,28,Friday,,,,,1,1325000.0,13.25,1,17.40275,78.50806,https://www.adzuna.in/details/5859120231?utm_medium=api&utm_source=f46203c2
5859122606,Senior Data Analyst,Robosoft Technologies,Data Analyst,IT Jobs,Senior,3,Navi Mumbai,Maharashtra,India,"Navi Mumbai, Maharashtra",0,unspecified,unspecified,2026-08-28 07:37:32,2026-08-28,2026,8,28,Friday,,,,,1,1325000.0,13.25,1,19.02,73.02,https://www.adzuna.in/details/5859122606?utm_medium=api&utm_source=f46203c2
5859120187,Senior Data Analyst,GSPANN,Data Analyst,IT Jobs,Senior,3,Delhi NCR,Delhi,India,"Delhi, India",0,unspecified,unspecified,2026-08-28 07:36:56,2026-08-28,2026,8,28,Friday,,,,,1,1325000.0,13.25,1,28.62523,77.224601,https://www.adzuna.in/details/5859120187?utm_medium=api&utm_source=f46203c2
5700497169,Data Analyst Fintech,EXL,Data Analyst,IT Jobs,Mid-Level,2,Bengaluru,Karnataka,India,"Bangalore, Karnataka",0,full_time,unspecified,2026-04-16 01:58:39,2026-04-16,2026,4,16,Thursday,,,,,1,750000.0,7.5,1,,,https://www.adzuna.in/details/5700497169?utm_medium=api&utm_source=f46203c2
5759082224,Senior Data Analyst,Okta,Data Analyst,IT Jobs,Senior,3,Bengaluru,Karnataka,India,"Bangalore, Karnataka",0,unspecified,unspecified,2026-06-11 02:41:59,2026-06-11,2026,6,11,Thursday,,,,,1,1325000.0,13.25,1,,,https://www.adzuna.in/details/5759082224?utm_medium=api&utm_source=f46203c2
5897057190,Master Data Analyst,Rockwell Automation,Data Analyst,IT Jobs,Mid-Level,2,Unspecified / Pan-India,Unspecified,India,India,0,full_time,unspecified,2026-09-24 21:19:23,2026-09-24,2026,9,24,Thursday,,,,,1,750000.0,7.5,1,,,https://www.adzuna.in/details/5897057190?utm_medium=api&utm_source=f46203c2
4801449881,Data Analyst_Offshore,Photon Group,Data Analyst,IT Jobs,Mid-Level,2,Unspecified / Pan-India,Unspecified,India,India,0,full_time,unspecified,2024-07-31 03:06:28,2024-07-31,2024,7,31,Wednesday,,,,,1,750000.0,7.5,1,,,https://www.adzuna.in/details/4801449881?utm_medium=api&utm_source=f46203c2
5866927385,Sr. Data Analyst,Straatix Partners,Data Analyst,IT Jobs,Senior,3,Bengaluru,Karnataka,India,"Bangalore, Karnataka",0,full_time,unspecified,2026-09-02 16:16:39,2026-09-02,2026,9,2,Wednesday,2000000.0,4000000.0,3000000.0,30.0,0,3000000.0,30.0,0,,,https://www.adzuna.in/details/5866927385?utm_medium=api&utm_source=f46203c2
5810418509,Senior Data Analyst,Advanced Energy,Data Analyst,IT Jobs,Senior,3,Pune,Maharashtra,India,"Pune, Maharashtra",0,unspecified,unspecified,2026-07-22 10:44:10,2026-07-22,2026,7,22,Wednesday,,,,,1,1325000.0,13.25,1,18.5062,73.84735,https://www.adzuna.in/details/5810418509?utm_medium=api&utm_source=f46203c2
5594451979,Westfield Data Analyst,EXL,Data Analyst,IT Jobs,Mid-Level,2,Unspecified / Pan-India,Unspecified,India,India,0,full_time,unspecified,2026-01-22 00:53:03,2026-01-22,2026,1,22,Thursday,,,,,1,750000.0,7.5,1,,,https://www.adzuna.in/details/5594451979?utm_medium=api&utm_source=f46203c2
5889552061,Senior Data Analyst,Sagility,Data Analyst,IT Jobs,Senior,3,Unspecified / Pan-India,Unspecified,India,India,0,full_time,unspecified,2026-09-18 21:48:29,2026-09-18,2026,9,18,Friday,,,,,1,1325000.0,13.25,1,,,https://www.adzuna.in/details/5889552061?utm_medium=api&utm_source=f46203c2
5734913126,Sr Data Analyst,Hunarstreet Technologies Pvt Ltd,Data Analyst,IT Jobs,Senior,3,Unspecified / Pan-India,Gujarat,India,"Gujarat, India",0,full_time,unspecified,2026-05-20 12:46:00,2026-05-20,2026,5,20,Wednesday,500000.0,600000.0,550000.0,5.5,0,550000.0,5.5,0,22.385318,72.365866,https://www.adzuna.in/details/5734913126?utm_medium=api&utm_source=f46203c2
5891897081,Data Analyst 5B,Genpact,Data Analyst,IT Jobs,Mid-Level,2,Unspecified / Pan-India,Unspecified,India,India,0,full_time,unspecified,2026-09-20 21:47:29,2026-09-20,2026,9,20,Sunday,,,,,1,750000.0,7.5,1,,,https://www.adzuna.in/details/5891897081?utm_medium=api&utm_source=f46203c2
5881163479,Manager Data Analyst,Fidelity International,Data Analyst,IT Jobs,Manager,4,Unspecified / Pan-India,Unspecified,India,India,0,full_time,permanent,2026-09-12 21:39:49,2026-09-12,2026,9,12,Saturday,,,,,1,750000.0,7.5,1,,,https://www.adzuna.in/details/5881163479?utm_medium=api&utm_source=f46203c2
5796209691,Business Data Analyst,EXL,Data Analyst,IT Jobs,Mid-Level,2,Unspecified / Pan-India,Unspecified,India,India,0,full_time,unspecified,2026-07-11 03:39:30,2026-07-11,2026,7,11,Saturday,,,,,1,750000.0,7.5,1,,,https://www.adzuna.in/details/5796209691?utm_medium=api&utm_source=f46203c2
5854877634,Lead Data Analyst,Purview India Consulting And Services Llp,Data Analyst,IT Jobs,Lead / Architect,5,Pune,Maharashtra,India,"Pune, Maharashtra",0,unspecified,unspecified,2026-08-25 07:40:54,2026-08-25,2026,8,25,Tuesday,,,,,1,2775000.0,27.75,1,18.5062,73.84735,https://www.adzuna.in/details/5854877634?utm_medium=api&utm_source=f46203c2
5857745620,Senior Data Analyst,Thryve Digital,Data Analyst,IT Jobs,Senior,3,Chennai,Tamil Nadu,India,"Chennai, Tamil Nadu",0,unspecified,unspecified,2026-08-27 07:40:32,2026-08-27,2026,8,27,Thursday,,,,,1,1325000.0,13.25,1,13.06041,80.24963,https://www.adzuna.in/details/5857745620?utm_medium=api&utm_source=f46203c2
5867249928,Business Data Analyst,EXL,Data Analyst,IT Jobs,Mid-Level,2,Noida,Uttar Pradesh,India,"Noida, Ghaziabad",0,full_time,unspecified,2026-09-02 21:41:02,2026-09-02,2026,9,2,Wednesday,,,,,1,750000.0,7.5,1,28.56579,77.3225,https://www.adzuna.in/details/5867249928?utm_medium=api&utm_source=f46203c2
5664713683,Data Analyst - India,InnovMetric Logiciels|Software,Data Analyst,IT Jobs,Mid-Level,2,Unspecified / Pan-India,Unspecified,India,India,0,full_time,unspecified,2026-03-14 08:44:52,2026-03-14,2026,3,14,Saturday,,,,,1,750000.0,7.5,1,,,https://www.adzuna.in/details/5664713683?utm_medium=api&utm_source=f46203c2
5897049816,Lead Data Analyst,Ameriprise,Data Analyst,IT Jobs,Lead / Architect,5,Unspecified / Pan-India,Unspecified,India,India,0,full_time,unspecified,2026-09-24 21:16:13,2026-09-24,2026,9,24,Thursday,,,,,1,2775000.0,27.75,1,,,https://www.adzuna.in/details/5897049816?utm_medium=api&utm_source=f46203c2
5897952954,Business and Data analyst,"NTT America, Inc.",Data Analyst,IT Jobs,Mid-Level,2,Remote,Remote,India,India,1,unspecified,unspecified,2026-09-25 11:14:36,2026-09-25,2026,9,25,Friday,,,,,1,750000.0,7.5,1,,,https://www.adzuna.in/details/5897952954?utm_medium=api&utm_source=f46203c2
5548655909,Portfolio Data Analyst,Arcana Analytics,Data Analyst,IT Jobs,Mid-Level,2,Coimbatore,Tamil Nadu,India,"Coimbatore, Tamil Nadu",0,unspecified,unspecified,2025-12-19 23:54:35,2025-12-19,2025,12,19,Friday,,,,,1,750000.0,7.5,1,11.017171,77.100203,https://www.adzuna.in/details/5548655909?utm_medium=api&utm_source=f46203c2
5848369759,Lead Data Analyst,Cohere Health,Data Analyst,IT Jobs,Lead / Architect,5,Hyderabad,Telangana,India,"Hyderabad, Telangana",0,unspecified,unspecified,2026-08-19 20:50:47,2026-08-19,2026,8,19,Wednesday,,,,,1,2775000.0,27.75,1,17.40275,78.50806,https://www.adzuna.in/details/5848369759?utm_medium=api&utm_source=f46203c2
4441560027,Marketing Data Analyst,LNW TECHNOLOGY CO LTD,Data Analyst,"PR, Advertising & Marketing Jobs",Mid-Level,2,Unspecified / Pan-India,Unspecified,India,India,0,full_time,unspecified,2023-11-19 14:53:13,2023-11-19,2023,11,19,Sunday,100000.0,700000.0,400000.0,4.0,0,400000.0,4.0,0,,,https://www.adzuna.in/details/4441560027?utm_medium=api&utm_source=f46203c2
5896262152,Senior Data Analyst,PVH,Data Analyst,Accounting & Finance Jobs,Senior,3,Bengaluru,Karnataka,India,"Bangalore, Karnataka",0,unspecified,unspecified,2026-09-24 10:02:35,2026-09-24,2026,9,24,Thursday,,,,,1,1325000.0,13.25,1,,,https://www.adzuna.in/details/5896262152?utm_medium=api&utm_source=f46203c2
5899868914,Reference Data Analyst,JPMorganChase,Data Analyst,Legal Jobs,Mid-Level,2,Bengaluru,Karnataka,India,"Bangalore, Karnataka",0,full_time,unspecified,2026-09-26 21:30:16,2026-09-26,2026,9,26,Saturday,,,,,1,750000.0,7.5,1,,,https://www.adzuna.in/details/5899868914?utm_medium=api&utm_source=f46203c2
5729677452,Hiring for Data Analyst,RECEX,Data Analyst,IT Jobs,Mid-Level,2,Pune,Maharashtra,India,"Pune, Maharashtra",0,full_time,unspecified,2026-05-15 02:13:52,2026-05-15,2026,5,15,Friday,100000.0,600000.0,350000.0,3.5,0,350000.0,3.5,0,18.5062,73.84735,https://www.adzuna.in/details/5729677452?utm_medium=api&utm_source=f46203c2
5634174711,Senior Data Analyst,TekClan,Data Analyst,IT Jobs,Senior,3,Chennai,Tamil Nadu,India,"Chennai, Tamil Nadu",0,full_time,unspecified,2026-02-18 11:46:13,2026-02-18,2026,2,18,Wednesday,800000.0,1200000.0,1000000.0,10.0,0,1000000.0,10.0,0,13.06041,80.24963,https://www.adzuna.in/details/5634174711?utm_medium=api&utm_source=f46203c2
2398472113,Data Analyst - SQL,Unnati,Data Analyst,IT Jobs,Mid-Level,2,Mumbai,Maharashtra,India,"Mumbai, Maharashtra",0,full_time,unspecified,2021-08-21 21:23:15,2021-08-21,2021,8,21,Saturday,700000.0,1000000.0,850000.0,8.5,0,850000.0,8.5,0,19.00821,72.84415,https://www.adzuna.in/details/2398472113?utm_medium=api&utm_source=f46203c2
5859122691,Lead Data Analyst,Robosoft Technologies,Data Analyst,IT Jobs,Lead / Architect,5,Bengaluru,Karnataka,India,"Bangalore, Karnataka",0,unspecified,unspecified,2026-08-28 07:37:34,2026-08-28,2026,8,28,Friday,,,,,1,2775000.0,27.75,1,,,https://www.adzuna.in/details/5859122691?utm_medium=api&utm_source=f46203c2
5859122632,Lead Data Analyst,Robosoft Technologies,Data Analyst,IT Jobs,Lead / Architect,5,Navi Mumbai,Maharashtra,India,"Navi Mumbai, Maharashtra",0,unspecified,unspecified,2026-08-28 07:37:33,2026-08-28,2026,8,28,Friday,,,,,1,2775000.0,27.75,1,19.02,73.02,https://www.adzuna.in/details/5859122632?utm_medium=api&utm_source=f46203c2
5871276654,Quantitative Data Analyst,Zivanta Analytics,Data Analyst,Accounting & Finance Jobs,Mid-Level,2,Kolkata,West Bengal,India,"Kolkata, West Bengal",0,unspecified,unspecified,2026-09-05 07:37:49,2026-09-05,2026,9,5,Saturday,,,,,1,750000.0,7.5,1,22.57285,88.34373,https://www.adzuna.in/details/5871276654?utm_medium=api&utm_source=f46203c2
5879885002,Principal Data Analyst,Zynga,Data Analyst,IT Jobs,Lead / Architect,5,Bengaluru,Karnataka,India,"Bangalore, Karnataka",0,unspecified,unspecified,2026-09-11 21:16:40,2026-09-11,2026,9,11,Friday,,,,,1,2775000.0,27.75,1,,,https://www.adzuna.in/details/5879885002?utm_medium=api&utm_source=f46203c2
5811668061,Product Data Analyst,Wroots Global Private Limited,Data Analyst,IT Jobs,Mid-Level,2,Indore,Madhya Pradesh,India,"Indore, Madhya Pradesh",0,unspecified,unspecified,2026-07-23 06:47:39,2026-07-23,2026,7,23,Thursday,,,,,1,750000.0,7.5,1,22.66215,75.9035,https://www.adzuna.in/details/5811668061?utm_medium=api&utm_source=f46203c2
5833585588,Data Analyst - Operations,Kroll,Data Analyst,IT Jobs,Mid-Level,2,Bengaluru,Karnataka,India,"Bangalore, Karnataka",0,full_time,unspecified,2026-08-08 20:46:00,2026-08-08,2026,8,8,Saturday,,,,,1,750000.0,7.5,1,12.95703,77.59837,https://www.adzuna.in/details/5833585588?utm_medium=api&utm_source=f46203c2
5889598742,Data Analyst - Senior,FedEx,Data Analyst,Engineering Jobs,Senior,3,Unspecified / Pan-India,Unspecified,India,India,0,full_time,unspecified,2026-09-18 22:02:54,2026-09-18,2026,9,18,Friday,,,,,1,1325000.0,13.25,1,,,https://www.adzuna.in/details/5889598742?utm_medium=api&utm_source=f46203c2
5844317861,Senior Data Analyst,Guardant Health,Data Analyst,IT Jobs,Senior,3,Unspecified / Pan-India,Unspecified,India,India,0,full_time,unspecified,2026-08-16 21:03:09,2026-08-16,2026,8,16,Sunday,,,,,1,1325000.0,13.25,1,,,https://www.adzuna.in/details/5844317861?utm_medium=api&utm_source=f46203c2
2570069948,Data Analyst- Marketing,Unnati,Data Analyst,"PR, Advertising & Marketing Jobs",Mid-Level,2,Delhi NCR,Delhi,India,"Delhi, India",0,full_time,unspecified,2021-10-23 04:34:53,2021-10-23,2021,10,23,Saturday,0.0,1500000.0,1500000.0,15.0,0,1500000.0,15.0,0,28.62523,77.224601,https://www.adzuna.in/details/2570069948?utm_medium=api&utm_source=f46203c2
5710497456,Senior Data Analyst,Hevo Data,Data Analyst,IT Jobs,Senior,3,Bengaluru,Karnataka,India,"Bangalore, Karnataka",0,full_time,unspecified,2026-04-26 02:01:30,2026-04-26,2026,4,26,Sunday,,,,,1,1325000.0,13.25,1,,,https://www.adzuna.in/details/5710497456?utm_medium=api&utm_source=f46203c2
5873204171,CDP - Data Analyst,Tekion,Data Analyst,IT Jobs,Mid-Level,2,Unspecified / Pan-India,Unspecified,India,India,0,full_time,unspecified,2026-09-06 21:24:43,2026-09-06,2026,9,6,Sunday,,,,,1,750000.0,7.5,1,,,https://www.adzuna.in/details/5873204171?utm_medium=api&utm_source=f46203c2
5727252233,Business and Data Analyst,Acura Solution,Data Analyst,IT Jobs,Mid-Level,2,Kanpur,Uttar Pradesh,India,"Kanpur, Kanpur Dehat",0,full_time,unspecified,2026-05-13 02:14:33,2026-05-13,2026,5,13,Wednesday,,,,,1,750000.0,7.5,1,26.4645,80.32165,https://www.adzuna.in/details/5727252233?utm_medium=api&utm_source=f46203c2
5899555688,Senior Data Analyst,QuaXigma IT solutions Private Limited,Data Analyst,IT Jobs,Senior,3,Unspecified / Pan-India,Andhra Pradesh,India,"Andhra Pradesh, India",0,full_time,unspecified,2026-09-26 16:20:50,2026-09-26,2026,9,26,Saturday,700000.0,2500000.0,1600000.0,16.0,0,1600000.0,16.0,0,,,https://www.adzuna.in/details/5899555688?utm_medium=api&utm_source=f46203c2
1970273576,Financial Data Analyst,Nirvana Solutions,Data Analyst,Accounting & Finance Jobs,Mid-Level,2,Unspecified / Pan-India,Unspecified,India,India,0,full_time,unspecified,2021-02-04 03:40:40,2021-02-04,2021,2,4,Thursday,0.0,300000.0,300000.0,3.0,0,300000.0,3.0,0,,,https://www.adzuna.in/details/1970273576?utm_medium=api&utm_source=f46203c2
5797363610,Reliability Data Analyst,Pinnacle Reliability India,Data Analyst,Engineering Jobs,Mid-Level,2,Unspecified / Pan-India,Unspecified,India,India,0,full_time,unspecified,2026-07-12 03:21:23,2026-07-12,2026,7,12,Sunday,,,,,1,750000.0,7.5,1,,,https://www.adzuna.in/details/5797363610?utm_medium=api&utm_source=f46203c2
5876947893,Data Analyst Acquisition,Tangem,Data Analyst,"PR, Advertising & Marketing Jobs",Mid-Level,2,Unspecified / Pan-India,Unspecified,India,India,0,full_time,permanent,2026-09-09 16:12:39,2026-09-09,2026,9,9,Wednesday,,,,,1,750000.0,7.5,1,,,https://www.adzuna.in/details/5876947893?utm_medium=api&utm_source=f46203c2
5879368817,Environmental Data Analyst,Tradeweb,Data Analyst,Accounting & Finance Jobs,Mid-Level,2,Bengaluru,Karnataka,India,"Bangalore, Karnataka",0,unspecified,unspecified,2026-09-11 11:12:21,2026-09-11,2026,9,11,Friday,,,,,1,750000.0,7.5,1,12.95703,77.59837,https://www.adzuna.in/details/5879368817?utm_medium=api&utm_source=f46203c2
5879874212,Environmental Data Analyst,Tradeweb Markets,Data Analyst,Accounting & Finance Jobs,Mid-Level,2,Bengaluru,Karnataka,India,"Bangalore, Karnataka",0,unspecified,unspecified,2026-09-11 21:11:34,2026-09-11,2026,9,11,Friday,,,,,1,750000.0,7.5,1,12.95703,77.59837,https://www.adzuna.in/details/5879874212?utm_medium=api&utm_source=f46203c2
5818418582,Senior Data Analyst,Netomi,Data Analyst,IT Jobs,Senior,3,Unspecified / Pan-India,Unspecified,India,India,0,full_time,unspecified,2026-07-28 20:48:18,2026-07-28,2026,7,28,Tuesday,,,,,1,1325000.0,13.25,1,,,https://www.adzuna.in/details/5818418582?utm_medium=api&utm_source=f46203c2
5881141340,Senior Data Analyst,Fortive,Data Analyst,IT Jobs,Senior,3,Unspecified / Pan-India,Unspecified,India,India,0,full_time,unspecified,2026-09-12 21:24:56,2026-09-12,2026,9,12,Saturday,,,,,1,1325000.0,13.25,1,,,https://www.adzuna.in/details/5881141340?utm_medium=api&utm_source=f46203c2
5898498809,Senior Data Analyst,JLL,Data Analyst,IT Jobs,Senior,3,Unspecified / Pan-India,Unspecified,India,India,0,full_time,unspecified,2026-09-25 21:26:20,2026-09-25,2026,9,25,Friday,,,,,1,1325000.0,13.25,1,,,https://www.adzuna.in/details/5898498809?utm_medium=api&utm_source=f46203c2
5896646568,"Data Analyst, Exploration",DRW,Data Analyst,IT Jobs,Mid-Level,2,Unspecified / Pan-India,Unspecified,India,India,0,full_time,permanent,2026-09-24 16:14:48,2026-09-24,2026,9,24,Thursday,,,,,1,750000.0,7.5,1,,,https://www.adzuna.in/details/5896646568?utm_medium=api&utm_source=f46203c2
2853928283,Sr. Data Analyst,Multi Recruit,Data Analyst,IT Jobs,Senior,3,Bengaluru,Karnataka,India,"Bangalore, Karnataka",0,full_time,unspecified,2022-01-30 04:34:32,2022-01-30,2022,1,30,Sunday,2500000.0,3000000.0,2750000.0,27.5,0,2750000.0,27.5,0,,,https://www.adzuna.in/details/2853928283?utm_medium=api&utm_source=f46203c2
5599249932,Data Analyst I,Parker Group,Data Analyst,IT Jobs,Mid-Level,2,Unspecified / Pan-India,Unspecified,India,India,0,full_time,unspecified,2026-01-25 01:31:13,2026-01-25,2026,1,25,Sunday,22000.0,36000.0,29000.0,0.29,0,29000.0,0.29,0,,,https://www.adzuna.in/details/5599249932?utm_medium=api&utm_source=f46203c2
5848436882,RegTech Data Analyst,Tradeweb Markets,Data Analyst,IT Jobs,Mid-Level,2,Bengaluru,Karnataka,India,"Bangalore, Karnataka",0,full_time,unspecified,2026-08-19 21:10:33,2026-08-19,2026,8,19,Wednesday,,,,,1,750000.0,7.5,1,12.95703,77.59837,https://www.adzuna.in/details/5848436882?utm_medium=api&utm_source=f46203c2
5847854180,RegTech Data Analyst,Tradeweb,Data Analyst,IT Jobs,Mid-Level,2,Bengaluru,Karnataka,India,"Bangalore, Karnataka",0,unspecified,unspecified,2026-08-19 11:12:35,2026-08-19,2026,8,19,Wednesday,,,,,1,750000.0,7.5,1,12.95703,77.59837,https://www.adzuna.in/details/5847854180?utm_medium=api&utm_source=f46203c2
5887951604,Litigation Data Analyst,KLDiscovery,Data Analyst,IT Jobs,Mid-Level,2,Remote,Remote,India,India,1,full_time,unspecified,2026-09-17 21:50:05,2026-09-17,2026,9,17,Thursday,,,,,1,750000.0,7.5,1,,,https://www.adzuna.in/details/5887951604?utm_medium=api&utm_source=f46203c2
5725371745,ERP Data Analyst,Greif,Data Analyst,IT Jobs,Mid-Level,2,Unspecified / Pan-India,Unspecified,India,India,0,full_time,unspecified,2026-05-11 02:23:40,2026-05-11,2026,5,11,Monday,,,,,1,750000.0,7.5,1,,,https://www.adzuna.in/details/5725371745?utm_medium=api&utm_source=f46203c2
5862988912,Principal Data Analyst,Ethos Life,Data Analyst,IT Jobs,Lead / Architect,5,Bengaluru,Karnataka,India,"Bangalore, Karnataka",0,unspecified,unspecified,2026-08-31 20:57:07,2026-08-31,2026,8,31,Monday,,,,,1,2775000.0,27.75,1,12.95703,77.59837,https://www.adzuna.in/details/5862988912?utm_medium=api&utm_source=f46203c2
5895396642,Senior Data Analyst,Thoughtworks,Data Analyst,IT Jobs,Senior,3,Bengaluru,Karnataka,India,"Bangalore, Karnataka",0,unspecified,unspecified,2026-09-23 21:52:40,2026-09-23,2026,9,23,Wednesday,,,,,1,1325000.0,13.25,1,12.95703,77.59837,https://www.adzuna.in/details/5895396642?utm_medium=api&utm_source=f46203c2
5900357011,Senior Data Analyst,UnitedHealth Group,Data Analyst,Healthcare & Nursing Jobs,Senior,3,Hyderabad,Telangana,India,"Hyderabad, Telangana",0,unspecified,unspecified,2026-09-27 11:17:00,2026-09-27,2026,9,27,Sunday,,,,,1,1325000.0,13.25,1,17.40275,78.50806,https://www.adzuna.in/details/5900357011?utm_medium=api&utm_source=f46203c2
5852565248,Staff Data Analyst,Coupang,Data Analyst,IT Jobs,Lead / Architect,5,Bengaluru,Karnataka,India,"Bangalore, Karnataka",0,full_time,unspecified,2026-08-22 20:41:03,2026-08-22,2026,8,22,Saturday,,,,,1,2775000.0,27.75,1,,,https://www.adzuna.in/details/5852565248?utm_medium=api&utm_source=f46203c2
5755736751,Senior Data Analyst,Zeta Global,Data Analyst,IT Jobs,Senior,3,Hyderabad,Telangana,India,"Hyderabad, Telangana",0,unspecified,unspecified,2026-06-08 02:34:31,2026-06-08,2026,6,8,Monday,,,,,1,1325000.0,13.25,1,17.40275,78.50806,https://www.adzuna.in/details/5755736751?utm_medium=api&utm_source=f46203c2
5851141530,Data Analyst I,TIAA,Data Analyst,IT Jobs,Mid-Level,2,Pune,Maharashtra,India,"Pune, Maharashtra",0,full_time,unspecified,2026-08-21 20:45:56,2026-08-21,2026,8,21,Friday,,,,,1,750000.0,7.5,1,18.5062,73.84735,https://www.adzuna.in/details/5851141530?utm_medium=api&utm_source=f46203c2
5890804511,Data Analyst I,Syneos Health,Data Analyst,IT Jobs,Mid-Level,2,Unspecified / Pan-India,Unspecified,India,India,0,full_time,unspecified,2026-09-19 21:48:59,2026-09-19,2026,9,19,Saturday,,,,,1,750000.0,7.5,1,,,https://www.adzuna.in/details/5890804511?utm_medium=api&utm_source=f46203c2
5892976847,Data Analyst 5B,genpact,Data Analyst,IT Jobs,Mid-Level,2,Unspecified / Pan-India,Unspecified,India,India,0,full_time,unspecified,2026-09-21 21:52:59,2026-09-21,2026,9,21,Monday,,,,,1,750000.0,7.5,1,,,https://www.adzuna.in/details/5892976847?utm_medium=api&utm_source=f46203c2
5843155892,"Data Analyst, Labs",DoorDash,Data Analyst,IT Jobs,Mid-Level,2,Hyderabad,Telangana,India,"Hyderabad, Telangana",1,unspecified,unspecified,2026-08-15 20:42:13,2026-08-15,2026,8,15,Saturday,,,,,1,750000.0,7.5,1,17.40275,78.50806,https://www.adzuna.in/details/5843155892?utm_medium=api&utm_source=f46203c2
5896647033,"Data Analyst, Stewardship",DRW,Data Analyst,IT Jobs,Mid-Level,2,Unspecified / Pan-India,Unspecified,India,India,0,full_time,permanent,2026-09-24 16:14:52,2026-09-24,2026,9,24,Thursday,,,,,1,750000.0,7.5,1,,,https://www.adzuna.in/details/5896647033?utm_medium=api&utm_source=f46203c2
5900723564,Sr Data Analyst,Target,Data Analyst,IT Jobs,Senior,3,Bengaluru,Karnataka,India,"Bangalore, Karnataka",0,full_time,unspecified,2026-09-27 21:11:24,2026-09-27,2026,9,27,Sunday,,,,,1,1325000.0,13.25,1,12.95703,77.59837,https://www.adzuna.in/details/5900723564?utm_medium=api&utm_source=f46203c2
5897038773,Junior Data Analyst,Jobgether,Data Analyst,IT Jobs,Entry / Junior,1,Unspecified / Pan-India,Unspecified,India,India,0,full_time,unspecified,2026-09-24 21:09:12,2026-09-24,2026,9,24,Thursday,,,,,1,400000.0,4.0,1,,,https://www.adzuna.in/details/5897038773?utm_medium=api&utm_source=f46203c2
5849314553,HR Data Analyst,ADM,Data Analyst,IT Jobs,Mid-Level,2,Bengaluru,Karnataka,India,"Bangalore, Karnataka",0,unspecified,unspecified,2026-08-20 11:09:50,2026-08-20,2026,8,20,Thursday,,,,,1,750000.0,7.5,1,,,https://www.adzuna.in/details/5849314553?utm_medium=api&utm_source=f46203c2
5880669733,Senior Data Analyst,Fortive Corporation,Data Analyst,IT Jobs,Senior,3,Unspecified / Pan-India,Unspecified,India,India,0,unspecified,unspecified,2026-09-12 11:10:24,2026-09-12,2026,9,12,Saturday,,,,,1,1325000.0,13.25,1,,,https://www.adzuna.in/details/5880669733?utm_medium=api&utm_source=f46203c2
5900751842,Lead Data Analyst,Target,Data Analyst,IT Jobs,Lead / Architect,5,Bengaluru,Karnataka,India,"Bangalore, Karnataka",0,full_time,unspecified,2026-09-27 21:30:05,2026-09-27,2026,9,27,Sunday,,,,,1,2775000.0,27.75,1,12.95703,77.59837,https://www.adzuna.in/details/5900751842?utm_medium=api&utm_source=f46203c2
5859121228,Data Analyst I,Tekion,Data Analyst,IT Jobs,Mid-Level,2,Bengaluru,Karnataka,India,"Bangalore, Karnataka",0,unspecified,unspecified,2026-08-28 07:37:17,2026-08-28,2026,8,28,Friday,,,,,1,750000.0,7.5,1,,,https://www.adzuna.in/details/5859121228?utm_medium=api&utm_source=f46203c2
5834752688,Senior Data Analyst,Priceline,Data Analyst,IT Jobs,Senior,3,Mumbai,Maharashtra,India,"Mumbai, Maharashtra",0,full_time,unspecified,2026-08-09 20:48:22,2026-08-09,2026,8,9,Sunday,,,,,1,1325000.0,13.25,1,19.00821,72.84415,https://www.adzuna.in/details/5834752688?utm_medium=api&utm_source=f46203c2
5890487188,Senior Data Analyst,FinBox,Data Analyst,IT Jobs,Senior,3,Bengaluru,Karnataka,India,"Bangalore, Karnataka",0,full_time,unspecified,2026-09-19 16:13:51,2026-09-19,2026,9,19,Saturday,,,,,1,1325000.0,13.25,1,,,https://www.adzuna.in/details/5890487188?utm_medium=api&utm_source=f46203c2
5890784080,Marketing Data Analyst,Qualys,Data Analyst,"PR, Advertising & Marketing Jobs",Mid-Level,2,Pune,Maharashtra,India,"Pune, Maharashtra",0,full_time,unspecified,2026-09-19 21:32:18,2026-09-19,2026,9,19,Saturday,,,,,1,750000.0,7.5,1,18.5062,73.84735,https://www.adzuna.in/details/5890784080?utm_medium=api&utm_source=f46203c2
5857001031,AI Data Analyst,Glean,Data Analyst,IT Jobs,Mid-Level,2,Bengaluru,Karnataka,India,"Bangalore, Karnataka",0,unspecified,unspecified,2026-08-26 21:07:37,2026-08-26,2026,8,26,Wednesday,,,,,1,750000.0,7.5,1,12.95703,77.59837,https://www.adzuna.in/details/5857001031?utm_medium=api&utm_source=f46203c2
5850636017,Data Analyst I,TIAA,Data Analyst,IT Jobs,Mid-Level,2,Pune,Maharashtra,India,"Pune, Maharashtra",0,unspecified,unspecified,2026-08-21 11:18:28,2026-08-21,2026,8,21,Friday,,,,,1,750000.0,7.5,1,18.5062,73.84735,https://www.adzuna.in/details/5850636017?utm_medium=api&utm_source=f46203c2
5895065743,Senior Data Analyst,Crunchyroll,Data Analyst,IT Jobs,Senior,3,Hyderabad,Telangana,India,"Hyderabad, Telangana",0,full_time,unspecified,2026-09-23 16:15:31,2026-09-23,2026,9,23,Wednesday,,,,,1,1325000.0,13.25,1,17.40275,78.50806,https://www.adzuna.in/details/5895065743?utm_medium=api&utm_source=f46203c2
5839585374,Data Analyst - MDM,Eaton Corporation,Data Analyst,IT Jobs,Mid-Level,2,Pune,Maharashtra,India,"Pune, Maharashtra",0,unspecified,unspecified,2026-08-13 11:02:36,2026-08-13,2026,8,13,Thursday,,,,,1,750000.0,7.5,1,18.5062,73.84735,https://www.adzuna.in/details/5839585374?utm_medium=api&utm_source=f46203c2
5899537340,Senior Data Analyst,Solflare,Data Analyst,IT Jobs,Senior,3,Remote,Remote,India,India,1,full_time,permanent,2026-09-26 16:15:06,2026-09-26,2026,9,26,Saturday,,,,,1,1325000.0,13.25,1,,,https://www.adzuna.in/details/5899537340?utm_medium=api&utm_source=f46203c2
5855478601,Data Analyst / Engineer,Kyndryl,Data Analyst,IT Jobs,Mid-Level,2,Unspecified / Pan-India,Unspecified,India,India,0,full_time,unspecified,2026-08-25 21:02:54,2026-08-25,2026,8,25,Tuesday,,,,,1,750000.0,7.5,1,,,https://www.adzuna.in/details/5855478601?utm_medium=api&utm_source=f46203c2
5873196845,Data Analyst / Engineer,Kyndryl,Data Analyst,IT Jobs,Mid-Level,2,Unspecified / Pan-India,Unspecified,India,India,0,full_time,unspecified,2026-09-06 21:19:24,2026-09-06,2026,9,6,Sunday,,,,,1,750000.0,7.5,1,,,https://www.adzuna.in/details/5873196845?utm_medium=api&utm_source=f46203c2
5836839248,Senior Data Analyst,Havas,Data Analyst,Accounting & Finance Jobs,Senior,3,Unspecified / Pan-India,Unspecified,India,India,0,full_time,permanent,2026-08-11 20:52:01,2026-08-11,2026,8,11,Tuesday,,,,,1,1325000.0,13.25,1,,,https://www.adzuna.in/details/5836839248?utm_medium=api&utm_source=f46203c2
5856447389,Data Analyst / Engineer,Kyndryl,Data Analyst,Accounting & Finance Jobs,Mid-Level,2,Bengaluru,Karnataka,India,"Bangalore, Karnataka",0,unspecified,unspecified,2026-08-26 11:20:09,2026-08-26,2026,8,26,Wednesday,,,,,1,750000.0,7.5,1,12.95703,77.59837,https://www.adzuna.in/details/5856447389?utm_medium=api&utm_source=f46203c2
5856447374,Data Analyst / Engineer,Kyndryl,Data Analyst,Accounting & Finance Jobs,Mid-Level,2,Chennai,Tamil Nadu,India,"Chennai, Tamil Nadu",0,unspecified,unspecified,2026-08-26 11:20:09,2026-08-26,2026,8,26,Wednesday,,,,,1,750000.0,7.5,1,13.06041,80.24963,https://www.adzuna.in/details/5856447374?utm_medium=api&utm_source=f46203c2
5872786172,Data Analyst / Engineer,Kyndryl,Data Analyst,Accounting & Finance Jobs,Mid-Level,2,Chennai,Tamil Nadu,India,"Chennai, Tamil Nadu",0,unspecified,unspecified,2026-09-06 11:07:02,2026-09-06,2026,9,6,Sunday,,,,,1,750000.0,7.5,1,13.06041,80.24963,https://www.adzuna.in/details/5872786172?utm_medium=api&utm_source=f46203c2
5872786182,Data Analyst / Engineer,Kyndryl,Data Analyst,Accounting & Finance Jobs,Mid-Level,2,Bengaluru,Karnataka,India,"Bangalore, Karnataka",0,unspecified,unspecified,2026-09-06 11:07:02,2026-09-06,2026,9,6,Sunday,,,,,1,750000.0,7.5,1,12.95703,77.59837,https://www.adzuna.in/details/5872786182?utm_medium=api&utm_source=f46203c2
1171507819,Sr. Data Analyst,Saama Technologies,Data Analyst,IT Jobs,Senior,3,Pune,Maharashtra,India,"Pune, Maharashtra",0,full_time,unspecified,2019-06-05 21:12:11,2019-06-05,2019,6,5,Wednesday,100000.0,1200000.0,650000.0,6.5,0,650000.0,6.5,0,18.5062,73.84735,https://www.adzuna.in/details/1171507819?utm_medium=api&utm_source=f46203c2
4560970995,Data Analyst Lead,Technogen India PvtLtd,Data Analyst,IT Jobs,Lead / Architect,5,Hyderabad,Telangana,India,"Hyderabad, Telangana",0,full_time,unspecified,2024-02-07 15:55:11,2024-02-07,2024,2,7,Wednesday,2400000.0,2700000.0,2550000.0,25.5,0,2550000.0,25.5,0,17.40275,78.50806,https://www.adzuna.in/details/4560970995?utm_medium=api&utm_source=f46203c2
5416883963,Senior Data Analyst,Wissen Technology,Data Analyst,IT Jobs,Senior,3,Mumbai,Maharashtra,India,"Mumbai, Maharashtra",0,full_time,unspecified,2025-09-27 09:15:35,2025-09-27,2025,9,27,Saturday,,,,,1,1325000.0,13.25,1,19.00821,72.84415,https://www.adzuna.in/details/5416883963?utm_medium=api&utm_source=f46203c2
4192429586,Senior Data Analyst,Impact Guru,Data Analyst,IT Jobs,Senior,3,Mumbai,Maharashtra,India,"Mumbai, Maharashtra",0,full_time,unspecified,2023-07-06 14:16:47,2023-07-06,2023,7,6,Thursday,500000.0,900000.0,700000.0,7.0,0,700000.0,7.0,0,19.00821,72.84415,https://www.adzuna.in/details/4192429586?utm_medium=api&utm_source=f46203c2
2468164031,Mis Data Analyst,Randstad India,Data Analyst,IT Jobs,Mid-Level,2,Raipur,Chhattisgarh,India,"Raipur, Chhattisgarh",0,full_time,contract,2021-09-18 05:50:10,2021-09-18,2021,9,18,Saturday,0.0,1400000.0,1400000.0,14.0,0,1400000.0,14.0,0,21.03681,82.2359,https://www.adzuna.in/details/2468164031?utm_medium=api&utm_source=f46203c2
4514376173,Bussiness / Data Analyst,Qrata,Data Analyst,IT Jobs,Mid-Level,2,Bengaluru,Karnataka,India,"Bangalore, Karnataka",0,full_time,unspecified,2024-01-07 15:07:48,2024-01-07,2024,1,7,Sunday,1500000.0,1800000.0,1650000.0,16.5,0,1650000.0,16.5,0,,,https://www.adzuna.in/details/4514376173?utm_medium=api&utm_source=f46203c2
3138985665,Lead Data Analyst,wrackle,Data Analyst,IT Jobs,Lead / Architect,5,Bengaluru,Karnataka,India,"Bangalore, Karnataka",0,full_time,unspecified,2022-05-16 05:27:57,2022-05-16,2022,5,16,Monday,2000000.0,4000000.0,3000000.0,30.0,0,3000000.0,30.0,0,,,https://www.adzuna.in/details/3138985665?utm_medium=api&utm_source=f46203c2
4397462772,Data Analyst and Operations,Orbital,Data Analyst,IT Jobs,Mid-Level,2,Hyderabad,Telangana,India,"Hyderabad, Telangana",0,full_time,unspecified,2023-10-27 14:50:38,2023-10-27,2023,10,27,Friday,300000.0,1000000.0,650000.0,6.5,0,650000.0,6.5,0,17.40275,78.50806,https://www.adzuna.in/details/4397462772?utm_medium=api&utm_source=f46203c2
5635271678,AI Data Analyst,SOURCBOX SOLUTION,Data Analyst,IT Jobs,Mid-Level,2,Unspecified / Pan-India,Unspecified,India,India,0,full_time,unspecified,2026-02-19 04:20:04,2026-02-19,2026,2,19,Thursday,,,,,1,750000.0,7.5,1,,,https://www.adzuna.in/details/5635271678?utm_medium=api&utm_source=f46203c2
5713881225,Senior - Data Analyst,BSR & Co,Data Analyst,IT Jobs,Senior,3,Mumbai,Maharashtra,India,"Mumbai, Maharashtra",0,full_time,unspecified,2026-04-30 02:10:13,2026-04-30,2026,4,30,Thursday,,,,,1,1325000.0,13.25,1,19.00821,72.84415,https://www.adzuna.in/details/5713881225?utm_medium=api&utm_source=f46203c2
5754765939,Senior Data Analyst,EXL,Data Analyst,IT Jobs,Senior,3,Unspecified / Pan-India,Unspecified,India,India,0,full_time,unspecified,2026-06-07 02:19:50,2026-06-07,2026,6,7,Sunday,,,,,1,1325000.0,13.25,1,,,https://www.adzuna.in/details/5754765939?utm_medium=api&utm_source=f46203c2
5796206192,Senior - Data Analyst,BSR & Co,Data Analyst,Legal Jobs,Senior,3,Pune,Maharashtra,India,"Pune, Maharashtra",0,full_time,unspecified,2026-07-11 03:36:36,2026-07-11,2026,7,11,Saturday,,,,,1,1325000.0,13.25,1,18.5062,73.84735,https://www.adzuna.in/details/5796206192?utm_medium=api&utm_source=f46203c2
5803745878,Pricing Data Analyst,nVent,Data Analyst,IT Jobs,Mid-Level,2,Unspecified / Pan-India,Unspecified,India,India,0,full_time,unspecified,2026-07-17 03:09:37,2026-07-17,2026,7,17,Friday,,,,,1,750000.0,7.5,1,,,https://www.adzuna.in/details/5803745878?utm_medium=api&utm_source=f46203c2
5816824116,Associate - Data Analyst,EXL,Data Analyst,IT Jobs,Entry / Junior,1,Unspecified / Pan-India,Unspecified,India,India,0,full_time,unspecified,2026-07-27 03:18:51,2026-07-27,2026,7,27,Monday,,,,,1,400000.0,4.0,1,29.215022,76.542624,https://www.adzuna.in/details/5816824116?utm_medium=api&utm_source=f46203c2
5829885758,Mis Data Analyst,Universal Education,Data Analyst,IT Jobs,Mid-Level,2,Mumbai,Maharashtra,India,"Mumbai, Maharashtra",0,unspecified,unspecified,2026-08-06 07:30:51,2026-08-06,2026,8,6,Thursday,,,,,1,750000.0,7.5,1,19.00821,72.84415,https://www.adzuna.in/details/5829885758?utm_medium=api&utm_source=f46203c2
5828607873,Senior Data Analyst,Zynga,Data Analyst,IT Jobs,Senior,3,Bengaluru,Karnataka,India,"Bangalore, Karnataka",0,unspecified,unspecified,2026-08-05 07:29:17,2026-08-05,2026,8,5,Wednesday,,,,,1,1325000.0,13.25,1,,,https://www.adzuna.in/details/5828607873?utm_medium=api&utm_source=f46203c2
5831400667,Senior Data Analyst,Valeo,Data Analyst,"Energy, Oil & Gas Jobs",Senior,3,Chennai,Tamil Nadu,India,"Chennai, Tamil Nadu",0,unspecified,unspecified,2026-08-07 07:30:27,2026-08-07,2026,8,7,Friday,,,,,1,1325000.0,13.25,1,13.06041,80.24963,https://www.adzuna.in/details/5831400667?utm_medium=api&utm_source=f46203c2
5832798136,Operational Data Analyst,Milestone Online Technology,Data Analyst,IT Jobs,Mid-Level,2,Pune,Maharashtra,India,"Pune, Maharashtra",0,unspecified,unspecified,2026-08-08 07:31:04,2026-08-08,2026,8,8,Saturday,,,,,1,750000.0,7.5,1,18.5062,73.84735,https://www.adzuna.in/details/5832798136?utm_medium=api&utm_source=f46203c2
5832798138,Operational Data Analyst,Milestone Online Technology,Data Analyst,IT Jobs,Mid-Level,2,Bengaluru,Karnataka,India,"Bangalore, Karnataka",0,unspecified,unspecified,2026-08-08 07:31:04,2026-08-08,2026,8,8,Saturday,,,,,1,750000.0,7.5,1,,,https://www.adzuna.in/details/5832798138?utm_medium=api&utm_source=f46203c2
5832798151,Operational Data Analyst,Milestone Online Technology,Data Analyst,IT Jobs,Mid-Level,2,Kolkata,West Bengal,India,"Kolkata, West Bengal",0,unspecified,unspecified,2026-08-08 07:31:05,2026-08-08,2026,8,8,Saturday,,,,,1,750000.0,7.5,1,22.57285,88.34373,https://www.adzuna.in/details/5832798151?utm_medium=api&utm_source=f46203c2
5834751705,Senior Data Analyst,Valeo,Data Analyst,Engineering Jobs,Senior,3,Unspecified / Pan-India,Unspecified,India,India,0,full_time,contract,2026-08-09 20:47:54,2026-08-09,2026,8,9,Sunday,,,,,1,1325000.0,13.25,1,,,https://www.adzuna.in/details/5834751705?utm_medium=api&utm_source=f46203c2
5841129918,Senior Data Analyst,Tokopedia,Data Analyst,IT Jobs,Senior,3,Bengaluru,Karnataka,India,"Bangalore, Karnataka",0,unspecified,unspecified,2026-08-14 07:33:48,2026-08-14,2026,8,14,Friday,,,,,1,1325000.0,13.25,1,,,https://www.adzuna.in/details/5841129918?utm_medium=api&utm_source=f46203c2
5849141843,Data Analyst 3,Aditi Tech Consulting Private Limited,Data Analyst,IT Jobs,Mid-Level,2,Chennai,Tamil Nadu,India,"Chennai, Tamil Nadu",0,unspecified,unspecified,2026-08-20 07:33:36,2026-08-20,2026,8,20,Thursday,,,,,1,750000.0,7.5,1,13.06041,80.24963,https://www.adzuna.in/details/5849141843?utm_medium=api&utm_source=f46203c2
5851860943,Reporting and Data Analyst,Franklin Templeton,Data Analyst,Accounting & Finance Jobs,Mid-Level,2,Hyderabad,Telangana,India,"Hyderabad, Telangana",0,unspecified,unspecified,2026-08-22 07:33:50,2026-08-22,2026,8,22,Saturday,,,,,1,750000.0,7.5,1,17.40275,78.50806,https://www.adzuna.in/details/5851860943?utm_medium=api&utm_source=f46203c2
5832800266,Data Analyst II,DealerSocket,Data Analyst,IT Jobs,Mid-Level,2,Bengaluru,Karnataka,India,"Bangalore, Karnataka",0,unspecified,unspecified,2026-08-08 07:33:39,2026-08-08,2026,8,8,Saturday,,,,,1,750000.0,7.5,1,,,https://www.adzuna.in/details/5832800266?utm_medium=api&utm_source=f46203c2
5838432987,"Senior, Data Analyst",WM Global Technology Services India,Data Analyst,HR & Recruitment Jobs,Senior,3,Unspecified / Pan-India,Unspecified,India,India,0,full_time,unspecified,2026-08-12 20:41:48,2026-08-12,2026,8,12,Wednesday,,,,,1,1325000.0,13.25,1,,,https://www.adzuna.in/details/5838432987?utm_medium=api&utm_source=f46203c2
5859124162,Data Analyst - Intern,Claight Corporation Expert Market Research,Data Analyst,IT Jobs,Entry / Junior,1,Noida,Uttar Pradesh,India,"Noida, Ghaziabad",0,unspecified,unspecified,2026-08-28 07:38:07,2026-08-28,2026,8,28,Friday,,,,,1,400000.0,4.0,1,28.56579,77.3225,https://www.adzuna.in/details/5859124162?utm_medium=api&utm_source=f46203c2
5859124426,Data Analyst (Tableau),SailPoint Technologies,Data Analyst,IT Jobs,Mid-Level,2,Pune,Maharashtra,India,"Pune, Maharashtra",0,unspecified,unspecified,2026-08-28 07:38:10,2026-08-28,2026,8,28,Friday,,,,,1,750000.0,7.5,1,18.5062,73.84735,https://www.adzuna.in/details/5859124426?utm_medium=api&utm_source=f46203c2
5860539948,Engineer - Data Analyst,BUSINESSNEXT,Data Analyst,IT Jobs,Mid-Level,2,Mumbai,Maharashtra,India,"Mumbai, Maharashtra",0,unspecified,unspecified,2026-08-29 07:41:05,2026-08-29,2026,8,29,Saturday,,,,,1,750000.0,7.5,1,19.00821,72.84415,https://www.adzuna.in/details/5860539948?utm_medium=api&utm_source=f46203c2
5861793318,Senior Data Analyst,IGT Solutions,Data Analyst,IT Jobs,Senior,3,Gurugram,Haryana,India,"Gurgaon, Haryana",0,unspecified,unspecified,2026-08-30 07:39:36,2026-08-30,2026,8,30,Sunday,,,,,1,1325000.0,13.25,1,28.323996,76.983738,https://www.adzuna.in/details/5861793318?utm_medium=api&utm_source=f46203c2
5863635689,Junior Data Analyst,Gridscape Solutions,Data Analyst,IT Jobs,Entry / Junior,1,Vadodara,Gujarat,India,"Vadodara, Gujarat",0,unspecified,unspecified,2026-09-01 07:03:11,2026-09-01,2026,9,1,Tuesday,,,,,1,400000.0,4.0,1,22.2891,73.1924,https://www.adzuna.in/details/5863635689?utm_medium=api&utm_source=f46203c2
5864862490,Data Analyst - HR,DNEG,Data Analyst,HR & Recruitment Jobs,Mid-Level,2,Mumbai,Maharashtra,India,"Mumbai, Maharashtra",0,unspecified,unspecified,2026-09-01 21:06:28,2026-09-01,2026,9,1,Tuesday,,,,,1,750000.0,7.5,1,19.00821,72.84415,https://www.adzuna.in/details/5864862490?utm_medium=api&utm_source=f46203c2
5866922194,Data Analyst 4,Comcast,Data Analyst,IT Jobs,Mid-Level,2,Chennai,Tamil Nadu,India,"Chennai, Tamil Nadu",0,full_time,unspecified,2026-09-02 16:15:22,2026-09-02,2026,9,2,Wednesday,,,,,1,750000.0,7.5,1,13.06041,80.24963,https://www.adzuna.in/details/5866922194?utm_medium=api&utm_source=f46203c2
5866922328,Associate Data Analyst,Euromonitor,Data Analyst,IT Jobs,Entry / Junior,1,Bengaluru,Karnataka,India,"Bangalore, Karnataka",0,full_time,unspecified,2026-09-02 16:15:23,2026-09-02,2026,9,2,Wednesday,,,,,1,400000.0,4.0,1,,,https://www.adzuna.in/details/5866922328?utm_medium=api&utm_source=f46203c2
5869814078,Sr. Data Analyst,Sagility India Private limited,Data Analyst,IT Jobs,Senior,3,Bengaluru,Karnataka,India,"Bangalore, Karnataka",0,unspecified,unspecified,2026-09-04 07:34:35,2026-09-04,2026,9,4,Friday,,,,,1,1325000.0,13.25,1,,,https://www.adzuna.in/details/5869814078?utm_medium=api&utm_source=f46203c2
5870758338,Senior Data Analyst,Ameriprise,Data Analyst,Accounting & Finance Jobs,Senior,3,Unspecified / Pan-India,Unspecified,India,India,0,full_time,unspecified,2026-09-04 21:14:55,2026-09-04,2026,9,4,Friday,,,,,1,1325000.0,13.25,1,,,https://www.adzuna.in/details/5870758338?utm_medium=api&utm_source=f46203c2
5814393049,Principal Data Analyst,Ingram Micro,Data Analyst,IT Jobs,Lead / Architect,5,Chennai,Tamil Nadu,India,"Chennai, Tamil Nadu",0,full_time,unspecified,2026-07-25 03:13:05,2026-07-25,2026,7,25,Saturday,,,,,1,2775000.0,27.75,1,13.06041,80.24963,https://www.adzuna.in/details/5814393049?utm_medium=api&utm_source=f46203c2
5876949172,Data Analyst II,FedEx,Data Analyst,IT Jobs,Mid-Level,2,Bengaluru,Karnataka,India,"Bangalore, Karnataka",0,full_time,unspecified,2026-09-09 16:12:51,2026-09-09,2026,9,9,Wednesday,,,,,1,750000.0,7.5,1,,,https://www.adzuna.in/details/5876949172?utm_medium=api&utm_source=f46203c2
5879141463,Data Analyst II,ICON plc,Data Analyst,Scientific & QA Jobs,Mid-Level,2,Chennai,Tamil Nadu,India,"Chennai, Tamil Nadu",0,unspecified,unspecified,2026-09-11 07:38:41,2026-09-11,2026,9,11,Friday,,,,,1,750000.0,7.5,1,13.06041,80.24963,https://www.adzuna.in/details/5879141463?utm_medium=api&utm_source=f46203c2
5879138750,Lead - Data Analyst,AtkinsRealis,Data Analyst,IT Jobs,Lead / Architect,5,Bengaluru,Karnataka,India,"Bangalore, Karnataka",0,unspecified,unspecified,2026-09-11 07:37:42,2026-09-11,2026,9,11,Friday,,,,,1,2775000.0,27.75,1,,,https://www.adzuna.in/details/5879138750?utm_medium=api&utm_source=f46203c2
5877847628,Data Analyst - Credit,Tvs Credit Services Ltd,Data Analyst,IT Jobs,Mid-Level,2,Chennai,Tamil Nadu,India,"Chennai, Tamil Nadu",0,unspecified,unspecified,2026-09-10 07:40:49,2026-09-10,2026,9,10,Thursday,,,,,1,750000.0,7.5,1,13.06041,80.24963,https://www.adzuna.in/details/5877847628?utm_medium=api&utm_source=f46203c2
5879146293,Senior Data Analyst,Renesas,Data Analyst,IT Jobs,Senior,3,Bengaluru,Karnataka,India,"Bangalore, Karnataka",0,unspecified,unspecified,2026-09-11 07:40:47,2026-09-11,2026,9,11,Friday,,,,,1,1325000.0,13.25,1,,,https://www.adzuna.in/details/5879146293?utm_medium=api&utm_source=f46203c2
5796196225,Marketing Data Analyst,First Advantage,Data Analyst,"PR, Advertising & Marketing Jobs",Mid-Level,2,Unspecified / Pan-India,Unspecified,India,India,0,full_time,unspecified,2026-07-11 03:26:43,2026-07-11,2026,7,11,Saturday,,,,,1,750000.0,7.5,1,,,https://www.adzuna.in/details/5796196225?utm_medium=api&utm_source=f46203c2
5879363497,Process and Data Analyst,Citigroup,Data Analyst,Engineering Jobs,Mid-Level,2,Unspecified / Pan-India,Unspecified,India,India,0,unspecified,unspecified,2026-09-11 11:10:33,2026-09-11,2026,9,11,Friday,,,,,1,750000.0,7.5,1,,,https://www.adzuna.in/details/5879363497?utm_medium=api&utm_source=f46203c2
5882277084,Senior Data Analyst,UnitedHealth Group,Data Analyst,IT Jobs,Senior,3,Hyderabad,Telangana,India,"Hyderabad, Telangana",0,unspecified,unspecified,2026-09-13 11:17:43,2026-09-13,2026,9,13,Sunday,,,,,1,1325000.0,13.25,1,17.40275,78.50806,https://www.adzuna.in/details/5882277084?utm_medium=api&utm_source=f46203c2
5883489655,Senior Data Analyst,Prose on Pixels,Data Analyst,Accounting & Finance Jobs,Senior,3,Chennai,Tamil Nadu,India,"Chennai, Tamil Nadu",0,full_time,unspecified,2026-09-14 16:13:06,2026-09-14,2026,9,14,Monday,,,,,1,1325000.0,13.25,1,13.06041,80.24963,https://www.adzuna.in/details/5883489655?utm_medium=api&utm_source=f46203c2
5888775257,Senior Data Analyst,UnitedHealth Group,Data Analyst,IT Jobs,Senior,3,Noida,Uttar Pradesh,India,"Noida, Ghaziabad",0,unspecified,unspecified,2026-09-18 11:13:28,2026-09-18,2026,9,18,Friday,,,,,1,1325000.0,13.25,1,28.56579,77.3225,https://www.adzuna.in/details/5888775257?utm_medium=api&utm_source=f46203c2
5889555928,Senior Data Analyst,Zynga,Data Analyst,IT Jobs,Senior,3,Bengaluru,Karnataka,India,"Bangalore, Karnataka",0,unspecified,unspecified,2026-09-18 21:50:23,2026-09-18,2026,9,18,Friday,,,,,1,1325000.0,13.25,1,,,https://www.adzuna.in/details/5889555928?utm_medium=api&utm_source=f46203c2
5891871567,Senior Data Analyst,EXL,Data Analyst,IT Jobs,Senior,3,Unspecified / Pan-India,Haryana,India,"Haryana, India",0,full_time,unspecified,2026-09-20 21:36:29,2026-09-20,2026,9,20,Sunday,,,,,1,1325000.0,13.25,1,29.215022,76.542624,https://www.adzuna.in/details/5891871567?utm_medium=api&utm_source=f46203c2
5890486909,DATA ANALYST L4,Wipro,Data Analyst,IT Jobs,Mid-Level,2,Hyderabad,Telangana,India,"Hyderabad, Telangana",0,full_time,unspecified,2026-09-19 16:13:50,2026-09-19,2026,9,19,Saturday,,,,,1,750000.0,7.5,1,17.40275,78.50806,https://www.adzuna.in/details/5890486909?utm_medium=api&utm_source=f46203c2
5811405065,Senior Data Analyst,Guidehouse,Data Analyst,IT Jobs,Senior,3,Unspecified / Pan-India,Unspecified,India,India,0,full_time,unspecified,2026-07-23 03:30:54,2026-07-23,2026,7,23,Thursday,,,,,1,1325000.0,13.25,1,,,https://www.adzuna.in/details/5811405065?utm_medium=api&utm_source=f46203c2
5875204752,Quality Data Analyst,Overture Rede,Data Analyst,Teaching Jobs,Mid-Level,2,Delhi NCR,Delhi,India,"Munirka, South West Delhi",1,part_time,contract,2026-09-08 09:33:09,2026-09-08,2026,9,8,Tuesday,,,,,1,750000.0,7.5,1,28.55492,77.15894,https://www.adzuna.in/details/5875204752?utm_medium=api&utm_source=f46203c2
5889542498,Senior Data Analyst,Druva,Data Analyst,IT Jobs,Senior,3,Pune,Maharashtra,India,"Pune, Maharashtra",0,unspecified,unspecified,2026-09-18 21:46:19,2026-09-18,2026,9,18,Friday,,,,,1,1325000.0,13.25,1,18.5062,73.84735,https://www.adzuna.in/details/5889542498?utm_medium=api&utm_source=f46203c2
5898467609,Data Analyst - Pricing,Ingram Micro,Data Analyst,Accounting & Finance Jobs,Mid-Level,2,Mumbai,Maharashtra,India,"Mumbai, Maharashtra",0,full_time,unspecified,2026-09-25 21:05:13,2026-09-25,2026,9,25,Friday,,,,,1,750000.0,7.5,1,19.00821,72.84415,https://www.adzuna.in/details/5898467609?utm_medium=api&utm_source=f46203c2
5899329546,Senior Data Analyst,UnitedHealth Group,Data Analyst,IT Jobs,Senior,3,Hyderabad,Telangana,India,"Hyderabad, Telangana",0,unspecified,unspecified,2026-09-26 11:16:26,2026-09-26,2026,9,26,Saturday,,,,,1,1325000.0,13.25,1,17.40275,78.50806,https://www.adzuna.in/details/5899329546?utm_medium=api&utm_source=f46203c2
5899869764,Market Data Analyst,Saxo Bank,Data Analyst,Accounting & Finance Jobs,Mid-Level,2,Unspecified / Pan-India,Unspecified,India,India,0,full_time,unspecified,2026-09-26 21:31:06,2026-09-26,2026,9,26,Saturday,,,,,1,750000.0,7.5,1,,,https://www.adzuna.in/details/5899869764?utm_medium=api&utm_source=f46203c2
5900743851,Lead - Data Analyst,Guidehouse,Data Analyst,IT Jobs,Lead / Architect,5,Unspecified / Pan-India,Unspecified,India,India,0,full_time,unspecified,2026-09-27 21:24:33,2026-09-27,2026,9,27,Sunday,,,,,1,2775000.0,27.75,1,,,https://www.adzuna.in/details/5900743851?utm_medium=api&utm_source=f46203c2
5887946461,Data Analyst Banking,EXL,Data Analyst,IT Jobs,Mid-Level,2,Unspecified / Pan-India,Unspecified,India,India,0,full_time,unspecified,2026-09-17 21:48:30,2026-09-17,2026,9,17,Thursday,,,,,1,750000.0,7.5,1,,,https://www.adzuna.in/details/5887946461?utm_medium=api&utm_source=f46203c2
5758030211,GTM Data Analyst,People First Consultants,Data Analyst,IT Jobs,Mid-Level,2,Hyderabad,Telangana,India,"Hyderabad, Telangana",0,unspecified,unspecified,2026-06-10 09:41:20,2026-06-10,2026,6,10,Wednesday,,,,,1,750000.0,7.5,1,17.40275,78.50806,https://www.adzuna.in/details/5758030211?utm_medium=api&utm_source=f46203c2
4686701002,Business Data Analyst,Unknown,Data Analyst,IT Jobs,Mid-Level,2,Surat,Gujarat,India,"Surat, Gujarat",0,unspecified,unspecified,2024-05-10 07:38:22,2024-05-10,2024,5,10,Friday,,,,,1,750000.0,7.5,1,21.18955,72.8318,https://www.adzuna.in/details/4686701002?utm_medium=api&utm_source=f46203c2
5883870481,Jr. Data Analyst,VIJAY COPOLYMERS,Data Analyst,IT Jobs,Entry / Junior,1,Sillod,Maharashtra,India,"Sillod, Aurangabad",0,unspecified,permanent,2026-09-15 01:41:10,2026-09-15,2026,9,15,Tuesday,,,,,1,400000.0,4.0,1,20.4742,75.54375,https://www.adzuna.in/details/5883870481?utm_medium=api&utm_source=f46203c2
5458953672,Data Analyst-Data Management and Analytics-Data Ops/Data Analyst,EXL,Data Analyst,IT Jobs,Manager,4,Pune,Maharashtra,India,"Pune, Maharashtra",0,full_time,unspecified,2025-10-22 14:52:04,2025-10-22,2025,10,22,Wednesday,,,,,1,750000.0,7.5,1,18.5062,73.84735,https://www.adzuna.in/details/5458953672?utm_medium=api&utm_source=f46203c2
5884160430,Senior Reconciliation Analyst,Travelex,Data Analyst,Accounting & Finance Jobs,Senior,3,Mumbai,Maharashtra,India,"Mumbai, Maharashtra",0,unspecified,unspecified,2026-09-15 07:09:15,2026-09-15,2026,9,15,Tuesday,,,,,1,1325000.0,13.25,1,19.00821,72.84415,https://www.adzuna.in/land/ad/5884160430?se=KHlNQ7C78RG8drI3UgoA2A&utm_medium=api&utm_source=f46203c2&v=5DFAAE5AC03B4002CBEE34F8F26CEE279C39B2CD
5896317187,Senior Data Scientist,HP,Data Analyst,IT Jobs,Senior,3,Bengaluru,Karnataka,India,"Bangalore, Karnataka",0,full_time,unspecified,2026-09-24 10:32:01,2026-09-24,2026,9,24,Thursday,,,,,1,1325000.0,13.25,1,,,https://www.adzuna.in/land/ad/5896317187?se=KHlNQ7C78RG8drI3UgoA2A&utm_medium=api&utm_source=f46203c2&v=312B7C5675955A61C87FFF00D18C4EE32F523E90
5897296543,Data Platform Consultant,Snap Analytics,Data Analyst,IT Jobs,Mid-Level,2,Unspecified / Pan-India,Unspecified,India,India,0,unspecified,unspecified,2026-09-25 01:59:05,2026-09-25,2026,9,25,Friday,,,,,1,750000.0,7.5,1,,,https://www.adzuna.in/land/ad/5897296543?se=KHlNQ7C78RG8drI3UgoA2A&utm_medium=api&utm_source=f46203c2&v=E640332BBAC8586A507998388379E240BF9AA006
5859662664,Data Validation-Liquidity,Capco,Data Analyst,Accounting & Finance Jobs,Mid-Level,2,Unspecified / Pan-India,Unspecified,India,India,0,full_time,unspecified,2026-08-28 18:11:57,2026-08-28,2026,8,28,Friday,,,,,1,750000.0,7.5,1,,,https://www.adzuna.in/land/ad/5859662664?se=KHlNQ7C78RG8drI3UgoA2A&utm_medium=api&utm_source=f46203c2&v=FF077D21A64D176D538E4B1619E2EE8B35DE95D2
5859662512,Manager-Data Engineering,Moody's,Data Analyst,IT Jobs,Manager,4,Bengaluru,Karnataka,India,"Bangalore, Karnataka",0,full_time,unspecified,2026-08-28 18:11:39,2026-08-28,2026,8,28,Friday,,,,,1,750000.0,7.5,1,,,https://www.adzuna.in/land/ad/5859662512?se=KHlNQ7C78RG8drI3UgoA2A&utm_medium=api&utm_source=f46203c2&v=3ACAADBE855679B1D0CC1872AC54B2D07797CB67
5898129926,Senior Data Engineer,Persistent Systems,Data Analyst,IT Jobs,Senior,3,Bengaluru,Karnataka,India,"Bangalore, Karnataka",0,full_time,unspecified,2026-09-25 15:24:12,2026-09-25,2026,9,25,Friday,,,,,1,1325000.0,13.25,1,,,https://www.adzuna.in/land/ad/5898129926?se=KHlNQ7C78RG8drI3UgoA2A&utm_medium=api&utm_source=f46203c2&v=43D68C19D261509E2C9301EF2A5B5B2D8F0F4F19
5899512278,Senior Data Engineer (ETL Developer),AGAM Technologies Solutions Private Limited,Data Analyst,IT Jobs,Senior,3,Coimbatore,Tamil Nadu,India,"Coimbatore, Tamil Nadu",0,full_time,unspecified,2026-09-26 15:27:25,2026-09-26,2026,9,26,Saturday,,,,,1,1325000.0,13.25,1,11.017171,77.100203,https://www.adzuna.in/land/ad/5899512278?se=KHlNQ7C78RG8drI3UgoA2A&utm_medium=api&utm_source=f46203c2&v=1CD6079FB7B95446F25CC6385028AF91C5338BDC
5824131818,Big Data Analyst - Data Solutions,Azira,Data Analyst,IT Jobs,Mid-Level,2,Bengaluru,Karnataka,India,"Bangalore, Karnataka",0,full_time,unspecified,2026-08-01 20:53:04,2026-08-01,2026,8,1,Saturday,,,,,1,750000.0,7.5,1,,,https://www.adzuna.in/details/5824131818?utm_medium=api&utm_source=f46203c2
5732553171,Data Analyst - Data Remediation - Mumbai,Capco,Data Analyst,IT Jobs,Mid-Level,2,Mumbai,Maharashtra,India,"Mumbai, Maharashtra",0,unspecified,unspecified,2026-05-18 02:04:19,2026-05-18,2026,5,18,Monday,,,,,1,750000.0,7.5,1,19.00821,72.84415,https://www.adzuna.in/details/5732553171?utm_medium=api&utm_source=f46203c2
5875288726,Senior Data Analyst Data Analytics,Epsilon,Data Analyst,Consultancy Jobs,Senior,3,Bengaluru,Karnataka,India,"Ramakrishna Hegde Nagar, Bangalore",0,full_time,unspecified,2026-09-08 11:05:26,2026-09-08,2026,9,8,Tuesday,,,,,1,1325000.0,13.25,1,13.01543,77.62093,https://www.adzuna.in/details/5875288726?utm_medium=api&utm_source=f46203c2
5876949177,Senior Data Analyst Data Analytics,Epsilon,Data Analyst,Consultancy Jobs,Senior,3,Bengaluru,Karnataka,India,"Bangalore, Karnataka",0,full_time,unspecified,2026-09-09 16:12:51,2026-09-09,2026,9,9,Wednesday,,,,,1,1325000.0,13.25,1,,,https://www.adzuna.in/details/5876949177?utm_medium=api&utm_source=f46203c2
5870122610,Lead Data Analyst - Data Operations,S&P Global,Data Analyst,IT Jobs,Lead / Architect,5,Ahmedabad,Gujarat,India,"Ahmedabad, Gujarat",0,unspecified,unspecified,2026-09-04 11:08:01,2026-09-04,2026,9,4,Friday,,,,,1,2775000.0,27.75,1,23.042,72.59465,https://www.adzuna.in/details/5870122610?utm_medium=api&utm_source=f46203c2
5870122609,Lead Data Analyst - Data Operations,S&P Global,Data Analyst,IT Jobs,Lead / Architect,5,Hyderabad,Telangana,India,"Hyderabad, Telangana",0,unspecified,unspecified,2026-09-04 11:08:01,2026-09-04,2026,9,4,Friday,,,,,1,2775000.0,27.75,1,17.40275,78.50806,https://www.adzuna.in/details/5870122609?utm_medium=api&utm_source=f46203c2
5869814087,Sr. Data Analyst (Data Science),Sagility India Private limited,Data Analyst,IT Jobs,Senior,3,Bengaluru,Karnataka,India,"Bangalore, Karnataka",0,unspecified,unspecified,2026-09-04 07:34:36,2026-09-04,2026,9,4,Friday,,,,,1,1325000.0,13.25,1,,,https://www.adzuna.in/details/5869814087?utm_medium=api&utm_source=f46203c2
5893961400,Executive-HR Operations-Reporting,Reckitt,Data Analyst,HR & Recruitment Jobs,Mid-Level,2,Hyderabad,Telangana,India,"Hyderabad, Telangana",0,full_time,unspecified,2026-09-22 18:29:58,2026-09-22,2026,9,22,Tuesday,,,,,1,750000.0,7.5,1,17.40275,78.50806,https://www.adzuna.in/land/ad/5893961400?se=4pqxRLC78RGS97j_zW5Twg&utm_medium=api&utm_source=f46203c2&v=D8EBA71F036ECE7F5679C80D630D2057B5C6E6B8
5898129585,Data Engineer,Persistent Systems,Data Analyst,IT Jobs,Mid-Level,2,Unspecified / Pan-India,Unspecified,India,India,0,full_time,unspecified,2026-09-25 15:24:00,2026-09-25,2026,9,25,Friday,,,,,1,750000.0,7.5,1,,,https://www.adzuna.in/land/ad/5898129585?se=4pqxRLC78RGS97j_zW5Twg&utm_medium=api&utm_source=f46203c2&v=41BA409BB38DF9F200313B3CDDF4547021489851
5857251153,Capacity Planning Engineer,eBay,Data Analyst,IT Jobs,Mid-Level,2,Bengaluru,Karnataka,India,"Bangalore, Karnataka",0,full_time,unspecified,2026-08-27 02:10:30,2026-08-27,2026,8,27,Thursday,,,,,1,750000.0,7.5,1,,,https://www.adzuna.in/land/ad/5857251153?se=4pqxRLC78RGS97j_zW5Twg&utm_medium=api&utm_source=f46203c2&v=AF725933A8E5063C6FFD5862F88293C58A672004
5756181759,Data Analyst/PowerBI Engineer,ProArch,Data Analyst,IT Jobs,Mid-Level,2,Unspecified / Pan-India,Unspecified,India,India,0,full_time,unspecified,2026-06-08 16:11:26,2026-06-08,2026,6,8,Monday,,,,,1,750000.0,7.5,1,,,https://www.adzuna.in/details/5756181759?utm_medium=api&utm_source=f46203c2
5897957723,Data Analyst/Business Analyst,Unison Group,Data Analyst,IT Jobs,Mid-Level,2,Unspecified / Pan-India,Unspecified,India,India,0,full_time,unspecified,2026-09-25 11:19:11,2026-09-25,2026,9,25,Friday,,,,,1,750000.0,7.5,1,,,https://www.adzuna.in/details/5897957723?utm_medium=api&utm_source=f46203c2
5693524382,Senior Commercial Data Analyst,LRN Corporation,Data Analyst,Sales Jobs,Senior,3,Unspecified / Pan-India,Unspecified,India,India,0,full_time,contract,2026-04-09 01:03:12,2026-04-09,2026,4,9,Thursday,,,,,1,1325000.0,13.25,1,,,https://www.adzuna.in/details/5693524382?utm_medium=api&utm_source=f46203c2
5883377937,OriginPro Expert - Data Analyst,Mercor,Data Analyst,IT Jobs,Senior,3,Mumbai,Maharashtra,India,"Mumbai, Maharashtra",1,unspecified,contract,2026-09-14 13:00:16,2026-09-14,2026,9,14,Monday,,,,,1,1325000.0,13.25,1,19.00821,72.84415,https://www.adzuna.in/details/5883377937?utm_medium=api&utm_source=f46203c2
5884402106,EViews Specialist - Data Analyst,Mercor,Data Analyst,IT Jobs,Mid-Level,2,Mumbai,Maharashtra,India,"Mumbai, Maharashtra",1,unspecified,contract,2026-09-15 13:03:56,2026-09-15,2026,9,15,Tuesday,,,,,1,750000.0,7.5,1,19.00821,72.84415,https://www.adzuna.in/details/5884402106?utm_medium=api&utm_source=f46203c2
5211779120,Data Analyst Associate - Data Management,Wissen Technology,Data Analyst,IT Jobs,Manager,4,Mumbai,Maharashtra,India,"Mumbai, Maharashtra",0,full_time,unspecified,2025-05-23 06:51:56,2025-05-23,2025,5,23,Friday,,,,,1,750000.0,7.5,1,19.00821,72.84415,https://www.adzuna.in/details/5211779120?utm_medium=api&utm_source=f46203c2
5858131069,Sr Data Analyst (Tariff Data,Staffnixcom,Data Analyst,IT Jobs,Senior,3,Pune,Maharashtra,India,"Pune, Maharashtra",0,full_time,unspecified,2026-08-27 16:06:25,2026-08-27,2026,8,27,Thursday,1100000.0,1500000.0,1300000.0,13.0,0,1300000.0,13.0,0,18.5062,73.84735,https://www.adzuna.in/details/5858131069?utm_medium=api&utm_source=f46203c2
5333342202,Data Analyst and Data science trainer,EDU TECH,Data Analyst,IT Jobs,Mid-Level,2,Chavakkad,Kerala,India,"Chavakkad, Thrissur",0,full_time,unspecified,2025-08-02 05:31:53,2025-08-02,2025,8,2,Saturday,200000.0,600000.0,400000.0,4.0,0,400000.0,4.0,0,10.64215,76.0448,https://www.adzuna.in/details/5333342202?utm_medium=api&utm_source=f46203c2
5877845358,Data Analyst - Technical Data PM,Nihilent,Data Analyst,IT Jobs,Mid-Level,2,Pune,Maharashtra,India,"Pune, Maharashtra",0,unspecified,unspecified,2026-09-10 07:38:49,2026-09-10,2026,9,10,Thursday,,,,,1,750000.0,7.5,1,18.5062,73.84735,https://www.adzuna.in/details/5877845358?utm_medium=api&utm_source=f46203c2
5831397505,"Senior Data Analyst, Market Data",ICE,Data Analyst,IT Jobs,Senior,3,Hyderabad,Telangana,India,"Hyderabad, Telangana",0,unspecified,unspecified,2026-08-07 07:27:33,2026-08-07,2026,8,7,Friday,,,,,1,1325000.0,13.25,1,17.40275,78.50806,https://www.adzuna.in/details/5831397505?utm_medium=api&utm_source=f46203c2
5898126771,GCP Data Engineer,Tata Consultancy Services,Data Analyst,IT Jobs,Mid-Level,2,Delhi NCR,Delhi,India,"Delhi, India",0,unspecified,unspecified,2026-09-25 15:21:39,2026-09-25,2026,9,25,Friday,,,,,1,750000.0,7.5,1,28.62523,77.224601,https://www.adzuna.in/land/ad/5898126771?se=4pqxRLC78RGS97j_zW5Twg&utm_medium=api&utm_source=f46203c2&v=2DF1A59CBDC4F3F486AF488F30582CA689290CEF
5867037963,Senior Data Engineer,EXL,Data Analyst,IT Jobs,Senior,3,Noida,Uttar Pradesh,India,"Noida, Ghaziabad",0,unspecified,unspecified,2026-09-02 16:44:07,2026-09-02,2026,9,2,Wednesday,,,,,1,1325000.0,13.25,1,28.56579,77.3225,https://www.adzuna.in/land/ad/5867037963?se=4pqxRLC78RGS97j_zW5Twg&utm_medium=api&utm_source=f46203c2&v=B90A11A102726979393A766390B53B6DABEF1F27
5899258980,GCP Data Engineer,Tata Consultancy Services,Data Analyst,IT Jobs,Mid-Level,2,Bengaluru,Karnataka,India,"Bangalore, Karnataka",0,unspecified,unspecified,2026-09-26 10:04:46,2026-09-26,2026,9,26,Saturday,,,,,1,750000.0,7.5,1,,,https://www.adzuna.in/land/ad/5899258980?se=4pqxRLC78RGS97j_zW5Twg&utm_medium=api&utm_source=f46203c2&v=98000A94378D5627D475C63950E3D5EB75A63A51
5867036030,Data Engineer,Lorven Technologies Inc.,Data Analyst,IT Jobs,Mid-Level,2,Chennai,Tamil Nadu,India,"Chennai, Tamil Nadu",0,full_time,unspecified,2026-09-02 16:42:40,2026-09-02,2026,9,2,Wednesday,,,,,1,750000.0,7.5,1,13.06041,80.24963,https://www.adzuna.in/land/ad/5867036030?se=4pqxRLC78RGS97j_zW5Twg&utm_medium=api&utm_source=f46203c2&v=DF89B94A09FBFE63ED8D5C928B26594026506742
5882857495,Data Scientist - Python (Remote),Hire Feed,Data Analyst,IT Jobs,Mid-Level,2,Remote,Remote,India,India,1,full_time,unspecified,2026-09-14 01:08:34,2026-09-14,2026,9,14,Monday,,,,,1,750000.0,7.5,1,,,https://www.adzuna.in/land/ad/5882857495?se=4pqxRLC78RGS97j_zW5Twg&utm_medium=api&utm_source=f46203c2&v=AA24316475A715563BB9C1375DEB2C04296302A6
5884512105,Data Analyst - Data Analyst L3 (5.1-7 years),Capco,Data Analyst,IT Jobs,Mid-Level,2,Mumbai,Maharashtra,India,"Mumbai, Maharashtra",0,full_time,unspecified,2026-09-15 16:15:15,2026-09-15,2026,9,15,Tuesday,,,,,1,750000.0,7.5,1,19.00821,72.84415,https://www.adzuna.in/details/5884512105?utm_medium=api&utm_source=f46203c2
5897924893,"Data Analyst [Rajkot, India]",FallenAmbers,Data Analyst,IT Jobs,Mid-Level,2,Rajkot,Gujarat,India,"Rajkot, Gujarat",0,unspecified,unspecified,2026-09-25 10:52:56,2026-09-25,2026,9,25,Friday,30000.0,60000.0,45000.0,0.45,0,45000.0,0.45,0,22.2965,70.77785,https://www.adzuna.in/details/5897924893?utm_medium=api&utm_source=f46203c2
5161304220,Data Analyst / ML Engineer,Talent Pro,Data Analyst,IT Jobs,Mid-Level,2,Mumbai,Maharashtra,India,"Mumbai, Maharashtra",0,full_time,unspecified,2025-04-25 04:45:08,2025-04-25,2025,4,25,Friday,2000000.0,4000000.0,3000000.0,30.0,0,3000000.0,30.0,0,19.00821,72.84415,https://www.adzuna.in/details/5161304220?utm_medium=api&utm_source=f46203c2
5874224174,Sr. Data Analyst| Mumbai,CSB Bank,Data Analyst,IT Jobs,Senior,3,Mumbai,Maharashtra,India,"Mumbai, Maharashtra",0,full_time,unspecified,2026-09-07 21:09:00,2026-09-07,2026,9,7,Monday,,,,,1,1325000.0,13.25,1,19.00821,72.84415,https://www.adzuna.in/details/5874224174?utm_medium=api&utm_source=f46203c2
5852610226,Data Analyst - Revenue Operations,Clearwater Analytics,Data Analyst,IT Jobs,Mid-Level,2,Noida,Uttar Pradesh,India,"Noida, Ghaziabad",0,full_time,unspecified,2026-08-22 21:07:38,2026-08-22,2026,8,22,Saturday,,,,,1,750000.0,7.5,1,28.56579,77.3225,https://www.adzuna.in/details/5852610226?utm_medium=api&utm_source=f46203c2
5859117636,Aerospace Warranty Data Analyst,Onward Technologies Limited,Data Analyst,Engineering Jobs,Mid-Level,2,Pune,Maharashtra,India,"Pune, Maharashtra",0,unspecified,unspecified,2026-08-28 07:35:50,2026-08-28,2026,8,28,Friday,,,,,1,750000.0,7.5,1,18.5062,73.84735,https://www.adzuna.in/details/5859117636?utm_medium=api&utm_source=f46203c2
5702935490,Data Analyst - Advanced Analytics,ClearView Healthcare Partners,Data Analyst,IT Jobs,Mid-Level,2,Gurugram,Haryana,India,"Gurgaon, Haryana",0,unspecified,unspecified,2026-04-18 02:09:47,2026-04-18,2026,4,18,Saturday,,,,,1,750000.0,7.5,1,28.323996,76.983738,https://www.adzuna.in/details/5702935490?utm_medium=api&utm_source=f46203c2
5852577088,Liquidity Reporting- data analyst,Capco,Data Analyst,Accounting & Finance Jobs,Mid-Level,2,Unspecified / Pan-India,Unspecified,India,India,0,unspecified,unspecified,2026-08-22 20:47:45,2026-08-22,2026,8,22,Saturday,,,,,1,750000.0,7.5,1,,,https://www.adzuna.in/details/5852577088?utm_medium=api&utm_source=f46203c2
5728314973,Junior - Data Analyst| Thane,CSB Bank,Data Analyst,IT Jobs,Entry / Junior,1,Thane,Maharashtra,India,"Thane, Maharashtra",0,full_time,unspecified,2026-05-14 02:15:38,2026-05-14,2026,5,14,Thursday,,,,,1,400000.0,4.0,1,19.17335,73.04845,https://www.adzuna.in/details/5728314973?utm_medium=api&utm_source=f46203c2
5875696221,Senior Data Analyst- Tableau,Sigmoid,Data Analyst,IT Jobs,Senior,3,Bengaluru,Karnataka,India,"Bangalore, Karnataka",0,unspecified,unspecified,2026-09-08 21:10:38,2026-09-08,2026,9,8,Tuesday,,,,,1,1325000.0,13.25,1,,,https://www.adzuna.in/details/5875696221?utm_medium=api&utm_source=f46203c2
5856197181,Healthcare_ Data Analyst_Q2,Infosys Limited,Data Analyst,IT Jobs,Mid-Level,2,Bengaluru,Karnataka,India,"Bangalore, Karnataka",0,unspecified,unspecified,2026-08-26 07:38:05,2026-08-26,2026,8,26,Wednesday,,,,,1,750000.0,7.5,1,,,https://www.adzuna.in/details/5856197181?utm_medium=api&utm_source=f46203c2
5864839902,Senior Business Data Analyst,DNEG,Data Analyst,IT Jobs,Senior,3,Mumbai,Maharashtra,India,"Mumbai, Maharashtra",0,unspecified,unspecified,2026-09-01 20:56:14,2026-09-01,2026,9,1,Tuesday,,,,,1,1325000.0,13.25,1,19.00821,72.84415,https://www.adzuna.in/details/5864839902?utm_medium=api&utm_source=f46203c2
5849314595,HR Data Analyst Supervisor,ADM,Data Analyst,HR & Recruitment Jobs,Mid-Level,2,Bengaluru,Karnataka,India,"Bangalore, Karnataka",0,unspecified,unspecified,2026-08-20 11:09:52,2026-08-20,2026,8,20,Thursday,,,,,1,750000.0,7.5,1,,,https://www.adzuna.in/details/5849314595?utm_medium=api&utm_source=f46203c2
4514376542,E- commerce Data Analyst,Qrata,Data Analyst,IT Jobs,Mid-Level,2,Bengaluru,Karnataka,India,"Bangalore, Karnataka",0,full_time,unspecified,2024-01-07 15:08:03,2024-01-07,2024,1,7,Sunday,500000.0,800000.0,650000.0,6.5,0,650000.0,6.5,0,,,https://www.adzuna.in/details/4514376542?utm_medium=api&utm_source=f46203c2
5216157760,Data Analyst - wholesale banking,Asterion,Data Analyst,Consultancy Jobs,Mid-Level,2,Unspecified / Pan-India,Unspecified,India,India,0,unspecified,unspecified,2025-05-26 02:02:33,2025-05-26,2025,5,26,Monday,,,,,1,750000.0,7.5,1,,,https://www.adzuna.in/details/5216157760?utm_medium=api&utm_source=f46203c2
5877844187,Senior Data Analyst 1,ModMed Technologies India Private Lid,Data Analyst,IT Jobs,Senior,3,Hyderabad,Telangana,India,"Hyderabad, Telangana",0,unspecified,unspecified,2026-09-10 07:37:22,2026-09-10,2026,9,10,Thursday,,,,,1,1325000.0,13.25,1,17.40275,78.50806,https://www.adzuna.in/details/5877844187?utm_medium=api&utm_source=f46203c2
5841929681,Senior Data Analyst I,Elsevier,Data Analyst,IT Jobs,Senior,3,Unspecified / Pan-India,Unspecified,India,India,0,full_time,unspecified,2026-08-14 20:49:33,2026-08-14,2026,8,14,Friday,,,,,1,1325000.0,13.25,1,,,https://www.adzuna.in/details/5841929681?utm_medium=api&utm_source=f46203c2
5899550126,Data Analyst/Business Analyst,Unison Group,Data Analyst,IT Jobs,Mid-Level,2,Bengaluru,Karnataka,India,"Bangalore, Karnataka",0,full_time,unspecified,2026-09-26 16:17:42,2026-09-26,2026,9,26,Saturday,,,,,1,750000.0,7.5,1,,,https://www.adzuna.in/details/5899550126?utm_medium=api&utm_source=f46203c2
5899550128,Data Analyst/Business Analyst,Unison Group,Data Analyst,IT Jobs,Mid-Level,2,Hyderabad,Telangana,India,"Hyderabad, Telangana",0,full_time,unspecified,2026-09-26 16:17:42,2026-09-26,2026,9,26,Saturday,,,,,1,750000.0,7.5,1,17.40275,78.50806,https://www.adzuna.in/details/5899550128?utm_medium=api&utm_source=f46203c2
5832078489,Business Intelligence and Data Analyst,Trelleborg Group,Data Analyst,IT Jobs,Mid-Level,2,Unspecified / Pan-India,Unspecified,India,India,0,unspecified,unspecified,2026-08-07 20:41:37,2026-08-07,2026,8,7,Friday,,,,,1,750000.0,7.5,1,,,https://www.adzuna.in/details/5832078489?utm_medium=api&utm_source=f46203c2
5797292800,Sr. Data Analyst 4B,Genpact,Data Analyst,IT Jobs,Senior,3,Unspecified / Pan-India,Unspecified,India,India,0,full_time,unspecified,2026-07-12 03:12:40,2026-07-12,2026,7,12,Sunday,,,,,1,1325000.0,13.25,1,,,https://www.adzuna.in/details/5797292800?utm_medium=api&utm_source=f46203c2
5843994203,Senior Data Analyst I,RELX INC,Data Analyst,IT Jobs,Senior,3,Chennai,Tamil Nadu,India,"Chennai, Tamil Nadu",0,unspecified,unspecified,2026-08-16 11:25:36,2026-08-16,2026,8,16,Sunday,,,,,1,1325000.0,13.25,1,13.06041,80.24963,https://www.adzuna.in/details/5843994203?utm_medium=api&utm_source=f46203c2
5843994207,Senior Data Analyst I,RELX INC,Data Analyst,IT Jobs,Senior,3,Bengaluru,Karnataka,India,"Bangalore, Karnataka",0,unspecified,unspecified,2026-08-16 11:25:36,2026-08-16,2026,8,16,Sunday,,,,,1,1325000.0,13.25,1,,,https://www.adzuna.in/details/5843994207?utm_medium=api&utm_source=f46203c2
5867232971,Sr. Data Analyst 4A,Genpact,Data Analyst,IT Jobs,Senior,3,Unspecified / Pan-India,Unspecified,India,India,0,full_time,unspecified,2026-09-02 21:33:46,2026-09-02,2026,9,2,Wednesday,,,,,1,1325000.0,13.25,1,,,https://www.adzuna.in/details/5867232971?utm_medium=api&utm_source=f46203c2
5249443156,Data Analyst- Building Materials,The Search House,Data Analyst,IT Jobs,Mid-Level,2,Bengaluru,Karnataka,India,"Bangalore, Karnataka",0,unspecified,unspecified,2025-06-14 02:58:20,2025-06-14,2025,6,14,Saturday,,,,,1,750000.0,7.5,1,,,https://www.adzuna.in/details/5249443156?utm_medium=api&utm_source=f46203c2
5833598910,Data Analyst – Engineering Systems,Ayr Energy,Data Analyst,Engineering Jobs,Mid-Level,2,Hyderabad,Telangana,India,"Hyderabad, Telangana",0,full_time,unspecified,2026-08-08 20:56:35,2026-08-08,2026,8,8,Saturday,,,,,1,750000.0,7.5,1,17.40275,78.50806,https://www.adzuna.in/details/5833598910?utm_medium=api&utm_source=f46203c2
5727269335,Assistant Manager Data Analyst,Mancraft Consulting,Data Analyst,IT Jobs,Manager,4,Gurugram,Haryana,India,"Gurgaon, Haryana",0,full_time,unspecified,2026-05-13 02:16:23,2026-05-13,2026,5,13,Wednesday,,,,,1,750000.0,7.5,1,28.323996,76.983738,https://www.adzuna.in/details/5727269335?utm_medium=api&utm_source=f46203c2
5900184575,Senior EDI Data Analyst,Kimberly-Clark Corporation,Data Analyst,IT Jobs,Senior,3,Pune,Maharashtra,India,"Pune, Maharashtra",0,full_time,permanent,2026-09-27 07:38:49,2026-09-27,2026,9,27,Sunday,,,,,1,1325000.0,13.25,1,18.5062,73.84735,https://www.adzuna.in/details/5900184575?utm_medium=api&utm_source=f46203c2
2427499955,Data Analyst - Underwriting & Risk,Unnati,Data Analyst,Accounting & Finance Jobs,Mid-Level,2,Bengaluru,Karnataka,India,"Bangalore, Karnataka",0,full_time,unspecified,2021-09-03 01:56:14,2021-09-03,2021,9,3,Friday,500000.0,1500000.0,1000000.0,10.0,0,1000000.0,10.0,0,,,https://www.adzuna.in/details/2427499955?utm_medium=api&utm_source=f46203c2
5675503461,Senior Financial Data Analyst,SimCorp,Data Analyst,IT Jobs,Senior,3,Noida,Uttar Pradesh,India,"Noida, Ghaziabad",0,full_time,unspecified,2026-03-23 01:47:37,2026-03-23,2026,3,23,Monday,,,,,1,1325000.0,13.25,1,28.56579,77.3225,https://www.adzuna.in/details/5675503461?utm_medium=api&utm_source=f46203c2
5832090748,Principal Survey Data Analyst,Oceaneering,Data Analyst,"Energy, Oil & Gas Jobs",Lead / Architect,5,Chandigarh / Mohali,Punjab,India,"Chandigarh, India",0,full_time,unspecified,2026-08-07 20:55:11,2026-08-07,2026,8,7,Friday,,,,,1,2775000.0,27.75,1,30.75395,76.76094,https://www.adzuna.in/details/5832090748?utm_medium=api&utm_source=f46203c2
5205499598,VP - Lead Data Analyst,Asterion,Data Analyst,IT Jobs,Executive / Director,6,Unspecified / Pan-India,Unspecified,India,India,0,unspecified,unspecified,2025-05-19 01:54:34,2025-05-19,2025,5,19,Monday,,,,,1,750000.0,7.5,1,,,https://www.adzuna.in/details/5205499598?utm_medium=api&utm_source=f46203c2
5870765691,Global Employee Data Analyst,Bristol Myers Squibb,Data Analyst,HR & Recruitment Jobs,Mid-Level,2,Unspecified / Pan-India,Unspecified,India,India,0,full_time,unspecified,2026-09-04 21:19:19,2026-09-04,2026,9,4,Friday,,,,,1,750000.0,7.5,1,,,https://www.adzuna.in/details/5870765691?utm_medium=api&utm_source=f46203c2
5687725924,Data Analyst-Senior II,FedEx,Data Analyst,Engineering Jobs,Senior,3,Unspecified / Pan-India,Unspecified,India,India,0,full_time,unspecified,2026-04-03 01:52:11,2026-04-03,2026,4,3,Friday,,,,,1,1325000.0,13.25,1,,,https://www.adzuna.in/details/5687725924?utm_medium=api&utm_source=f46203c2
5899538231,"Data Analyst, Global Growth",Stripe,Data Analyst,IT Jobs,Mid-Level,2,Unspecified / Pan-India,Unspecified,India,India,0,full_time,permanent,2026-09-26 16:15:21,2026-09-26,2026,9,26,Saturday,,,,,1,750000.0,7.5,1,,,https://www.adzuna.in/details/5899538231?utm_medium=api&utm_source=f46203c2
5832796068,Senior Data Analyst I,SWISS RE,Data Analyst,IT Jobs,Senior,3,Bengaluru,Karnataka,India,"Bangalore, Karnataka",0,unspecified,unspecified,2026-08-08 07:28:17,2026-08-08,2026,8,8,Saturday,,,,,1,1325000.0,13.25,1,,,https://www.adzuna.in/details/5832796068?utm_medium=api&utm_source=f46203c2
5895353519,Assistant Manager - Data Analyst,Guidehouse,Data Analyst,IT Jobs,Manager,4,Unspecified / Pan-India,Unspecified,India,India,0,full_time,unspecified,2026-09-23 21:25:21,2026-09-23,2026,9,23,Wednesday,,,,,1,750000.0,7.5,1,,,https://www.adzuna.in/details/5895353519?utm_medium=api&utm_source=f46203c2
5843168823,Global HSW Data Analyst,Arcadis,Data Analyst,IT Jobs,Mid-Level,2,Unspecified / Pan-India,Unspecified,India,India,0,unspecified,unspecified,2026-08-15 20:57:23,2026-08-15,2026,8,15,Saturday,,,,,1,750000.0,7.5,1,,,https://www.adzuna.in/details/5843168823?utm_medium=api&utm_source=f46203c2
5880854014,Salesforce Data Analyst 2,Comcast,Data Analyst,IT Jobs,Mid-Level,2,Chennai,Tamil Nadu,India,"Chennai, Tamil Nadu",0,full_time,unspecified,2026-09-12 16:13:34,2026-09-12,2026,9,12,Saturday,,,,,1,750000.0,7.5,1,13.06041,80.24963,https://www.adzuna.in/details/5880854014?utm_medium=api&utm_source=f46203c2
5890494495,Business Intelligence and Data Analyst,Aanet Talent Global Solutions,Data Analyst,IT Jobs,Mid-Level,2,Bengaluru,Karnataka,India,"Bangalore, Karnataka",0,full_time,unspecified,2026-09-19 16:16:22,2026-09-19,2026,9,19,Saturday,1500000.0,1700000.0,1600000.0,16.0,0,1600000.0,16.0,0,,,https://www.adzuna.in/details/5890494495?utm_medium=api&utm_source=f46203c2
5874261915,"Data Analyst, Finance and Payments",Handshake,Data Analyst,IT Jobs,Mid-Level,2,Unspecified / Pan-India,Unspecified,India,India,0,full_time,unspecified,2026-09-07 21:18:39,2026-09-07,2026,9,7,Monday,360000.0,360000.0,360000.0,3.6,0,360000.0,3.6,0,,,https://www.adzuna.in/details/5874261915?utm_medium=api&utm_source=f46203c2
5875067962,Data Analyst Internship in Ahmedabad,MAXGEN TECHNOLOGIES PRIVATE LIMITED,Data Analyst,Engineering Jobs,Entry / Junior,1,Unspecified / Pan-India,Unspecified,India,India,0,unspecified,unspecified,2026-09-08 07:02:15,2026-09-08,2026,9,8,Tuesday,,,,,1,400000.0,4.0,1,,,https://www.adzuna.in/details/5875067962?utm_medium=api&utm_source=f46203c2
5890240441,Azure AI Data Analyst,Celestica,Data Analyst,IT Jobs,Mid-Level,2,Remote,Remote,India,India,1,unspecified,unspecified,2026-09-19 11:11:38,2026-09-19,2026,9,19,Saturday,,,,,1,750000.0,7.5,1,,,https://www.adzuna.in/details/5890240441?utm_medium=api&utm_source=f46203c2
5841930714,Assistant Manager - Data Analyst,Guidehouse,Data Analyst,IT Jobs,Manager,4,Unspecified / Pan-India,Unspecified,India,India,0,full_time,unspecified,2026-08-14 20:50:19,2026-08-14,2026,8,14,Friday,,,,,1,750000.0,7.5,1,,,https://www.adzuna.in/details/5841930714?utm_medium=api&utm_source=f46203c2
5833581852,AI-Powered Data Analyst,RemoteLegalStaff,Data Analyst,IT Jobs,Mid-Level,2,Unspecified / Pan-India,Unspecified,India,India,0,full_time,unspecified,2026-08-08 20:41:58,2026-08-08,2026,8,8,Saturday,,,,,1,750000.0,7.5,1,,,https://www.adzuna.in/details/5833581852?utm_medium=api&utm_source=f46203c2
5873987552,"(IND) Senior, Data Analyst",Walmart Global Tech India,Data Analyst,IT Jobs,Senior,3,Bengaluru,Karnataka,India,"Bangalore, Karnataka",0,full_time,unspecified,2026-09-07 16:09:56,2026-09-07,2026,9,7,Monday,,,,,1,1325000.0,13.25,1,,,https://www.adzuna.in/details/5873987552?utm_medium=api&utm_source=f46203c2
5789372931,Data Analyst (Procurement & REWS),WPP,Data Analyst,Accounting & Finance Jobs,Mid-Level,2,Mumbai,Maharashtra,India,"Mumbai, Maharashtra",0,unspecified,unspecified,2026-07-06 03:09:35,2026-07-06,2026,7,6,Monday,,,,,1,750000.0,7.5,1,19.00821,72.84415,https://www.adzuna.in/details/5789372931?utm_medium=api&utm_source=f46203c2
5858377069,Data Analyst (Tibco Webfocus ),Unisys,Data Analyst,IT Jobs,Mid-Level,2,Unspecified / Pan-India,Unspecified,India,India,0,full_time,unspecified,2026-08-27 20:58:09,2026-08-27,2026,8,27,Thursday,,,,,1,750000.0,7.5,1,,,https://www.adzuna.in/details/5858377069?utm_medium=api&utm_source=f46203c2
5786028821,"Lead Data Analyst, Growth",Headout,Data Analyst,IT Jobs,Lead / Architect,5,Bengaluru,Karnataka,India,"Bangalore, Karnataka",0,unspecified,unspecified,2026-07-03 02:56:16,2026-07-03,2026,7,3,Friday,,,,,1,2775000.0,27.75,1,,,https://www.adzuna.in/details/5786028821?utm_medium=api&utm_source=f46203c2
5280546845,Data Analyst (ERP Migration),TIGI HR Solution Pvt. Ltd.,Data Analyst,IT Jobs,Mid-Level,2,Bengaluru,Karnataka,India,"Bangalore, Karnataka",0,full_time,contract,2025-07-03 03:31:14,2025-07-03,2025,7,3,Thursday,1200000.0,1500000.0,1350000.0,13.5,0,1350000.0,13.5,0,,,https://www.adzuna.in/details/5280546845?utm_medium=api&utm_source=f46203c2
1714383026,Data Analyst (Power BI),Carbynetech,Data Analyst,IT Jobs,Mid-Level,2,Hyderabad,Telangana,India,"Hyderabad, Telangana",0,full_time,unspecified,2020-09-20 02:07:56,2020-09-20,2020,9,20,Sunday,800000.0,1500000.0,1150000.0,11.5,0,1150000.0,11.5,0,17.40275,78.50806,https://www.adzuna.in/details/1714383026?utm_medium=api&utm_source=f46203c2
5631029876,Assistant Manager - Data Analyst,BSR & Co,Data Analyst,IT Jobs,Manager,4,Noida,Uttar Pradesh,India,"Noida, Ghaziabad",0,full_time,unspecified,2026-02-16 01:14:48,2026-02-16,2026,2,16,Monday,,,,,1,750000.0,7.5,1,28.56579,77.3225,https://www.adzuna.in/details/5631029876?utm_medium=api&utm_source=f46203c2
5887061500,Analyst Digital Marketing,TE Connectivity,Digital Marketing,"PR, Advertising & Marketing Jobs",Mid-Level,2,Bengaluru,Karnataka,India,"Bangalore, Karnataka",0,full_time,unspecified,2026-09-17 08:31:14,2026-09-17,2026,9,17,Thursday,,,,,1,350000.0,3.5,1,12.95703,77.59837,https://www.adzuna.in/land/ad/5887061500?se=XBQjWLC78RGS97j_zW5Twg&utm_medium=api&utm_source=f46203c2&v=0B7594D8AFBDB76807C8711D4DED2219C457E539
5886610972,Digital Marketing Coordinator,MSI Services Pvt Ltd,Digital Marketing,"PR, Advertising & Marketing Jobs",Mid-Level,2,Bengaluru,Karnataka,India,"Bangalore, Karnataka",0,unspecified,unspecified,2026-09-17 01:17:21,2026-09-17,2026,9,17,Thursday,,,,,1,350000.0,3.5,1,,,https://www.adzuna.in/land/ad/5886610972?se=XBQjWLC78RGS97j_zW5Twg&utm_medium=api&utm_source=f46203c2&v=9B0BA360EF98AF2C540F7027D63BE8241542A5F7
5896250494,"Digital Marketing Specialist - SEO, GEO and Lead Generation",ZakApps,Digital Marketing,"PR, Advertising & Marketing Jobs",Lead / Architect,5,Chennai,Tamil Nadu,India,"Chennai, Tamil Nadu",0,unspecified,unspecified,2026-09-24 09:50:11,2026-09-24,2026,9,24,Thursday,,,,,1,600000.0,6.0,1,13.06041,80.24963,https://www.adzuna.in/land/ad/5896250494?se=XBQjWLC78RGS97j_zW5Twg&utm_medium=api&utm_source=f46203c2&v=9D1349011CCFDB054D732CE67151C0799EB21D6B
5891693404,"Business Development Manager — Agency Sales, US Clients (Digital Marketing Experience Required)",Compound Ventures.ai,Digital Marketing,Sales Jobs,Manager,4,Remote,Remote,India,India,1,full_time,unspecified,2026-09-20 17:35:49,2026-09-20,2026,9,20,Sunday,,,,,1,775000.0,7.75,1,,,https://www.adzuna.in/land/ad/5891693404?se=XBQjWLC78RGS97j_zW5Twg&utm_medium=api&utm_source=f46203c2&v=DDF1938F9404A5FAE5647B2C42CEC58A4E9A4652
5895239136,Business Development Executive (Onsite Mohali),Websterz Technologies,Digital Marketing,Sales Jobs,Mid-Level,2,Unspecified / Pan-India,Unspecified,India,India,0,unspecified,unspecified,2026-09-23 19:39:59,2026-09-23,2026,9,23,Wednesday,,,,,1,350000.0,3.5,1,,,https://www.adzuna.in/land/ad/5895239136?se=XBQjWLC78RGS97j_zW5Twg&utm_medium=api&utm_source=f46203c2&v=3EAFF995CCED45543319088D8874543C82ECAEF9
5846299567,Digital Account Manager,Nians,Digital Marketing,Accounting & Finance Jobs,Manager,4,Unspecified / Pan-India,Unspecified,India,India,0,unspecified,unspecified,2026-08-18 13:09:43,2026-08-18,2026,8,18,Tuesday,,,,,1,775000.0,7.75,1,,,https://www.adzuna.in/land/ad/5846299567?se=XBQjWLC78RGS97j_zW5Twg&utm_medium=api&utm_source=f46203c2&v=46A2E7614D5CCEA1B517957CA6298568D01BA797
5872266214,Senior Manager Sales Business Development,Forward Slash Media Solutions,Digital Marketing,Sales Jobs,Manager,4,Kochi,Kerala,India,"Kochi, Ernakulam",0,unspecified,unspecified,2026-09-06 00:52:25,2026-09-06,2026,9,6,Sunday,,,,,1,775000.0,7.75,1,9.98011,76.24637,https://www.adzuna.in/land/ad/5872266214?se=XBQjWLC78RGS97j_zW5Twg&utm_medium=api&utm_source=f46203c2&v=1845B73AA55E3C3CB3EA41D3D6DA9B195280917B
5901137588,International Sales Executive,Graygraph Technologies Pvt Ltd,Digital Marketing,"PR, Advertising & Marketing Jobs",Mid-Level,2,Noida,Uttar Pradesh,India,"Noida, Ghaziabad",0,unspecified,unspecified,2026-09-28 07:40:56,2026-09-28,2026,9,28,Monday,,,,,1,350000.0,3.5,1,28.56579,77.3225,https://www.adzuna.in/land/ad/5901137588?se=XBQjWLC78RGS97j_zW5Twg&utm_medium=api&utm_source=f46203c2&v=2CD74FC6C0D633496F65517FBE916FF65F5CC346
5845683058,Placement Officer - EdTech,Upskill Rocket,Digital Marketing,HR & Recruitment Jobs,Mid-Level,2,Bengaluru,Karnataka,India,"Bangalore, Karnataka",0,full_time,unspecified,2026-08-18 05:08:15,2026-08-18,2026,8,18,Tuesday,,,,,1,350000.0,3.5,1,,,https://www.adzuna.in/land/ad/5845683058?se=XBQjWLC78RGS97j_zW5Twg&utm_medium=api&utm_source=f46203c2&v=B85C3A2A2F60F2C4AA6B3E5F5D03AB86CFC03D06
5901135876,International Sales Specialist,Graygraph Technologies Pvt Ltd,Digital Marketing,IT Jobs,Mid-Level,2,Noida,Uttar Pradesh,India,"Noida, Ghaziabad",0,unspecified,unspecified,2026-09-28 07:38:10,2026-09-28,2026,9,28,Monday,,,,,1,350000.0,3.5,1,28.56579,77.3225,https://www.adzuna.in/land/ad/5901135876?se=XBQjWLC78RGS97j_zW5Twg&utm_medium=api&utm_source=f46203c2&v=D24A89C6B459F53B94C70694229ADF4DDDB0630D
5891352550,Business Development Executive,Binary Semantics Ltd.,Digital Marketing,Sales Jobs,Mid-Level,2,Unspecified / Pan-India,Unspecified,India,India,0,full_time,unspecified,2026-09-20 09:30:13,2026-09-20,2026,9,20,Sunday,,,,,1,350000.0,3.5,1,,,https://www.adzuna.in/land/ad/5891352550?se=XBQjWLC78RGS97j_zW5Twg&utm_medium=api&utm_source=f46203c2&v=CB78F8399AB4557344A693F0E176AEE354F51DE3
5879671157,Copywriter,VelivoHR,Digital Marketing,"PR, Advertising & Marketing Jobs",Mid-Level,2,Mumbai,Maharashtra,India,"Mumbai, Maharashtra",0,unspecified,unspecified,2026-09-11 17:17:17,2026-09-11,2026,9,11,Friday,,,,,1,350000.0,3.5,1,19.00821,72.84415,https://www.adzuna.in/land/ad/5879671157?se=XBQjWLC78RGS97j_zW5Twg&utm_medium=api&utm_source=f46203c2&v=C5269BD85D3B5E732BD48D8F3BB2D1A3F2D02A19
5871992356,Graphic Designer,Tekzioo,Digital Marketing,"PR, Advertising & Marketing Jobs",Mid-Level,2,Vijayawada,Andhra Pradesh,India,"Vijayawada, Krishna",0,full_time,unspecified,2026-09-05 18:31:21,2026-09-05,2026,9,5,Saturday,,,,,1,350000.0,3.5,1,16.51099,80.59536,https://www.adzuna.in/land/ad/5871992356?se=XBQjWLC78RGS97j_zW5Twg&utm_medium=api&utm_source=f46203c2&v=6F0B4899FA4F5D37748D5A6650C4DC379FFF9A58
5900875191,Business Development Executive (Upto 6 LPA),Grexa AI,Digital Marketing,Sales Jobs,Mid-Level,2,Mumbai,Maharashtra,India,"Mumbai, Maharashtra",0,unspecified,contract,2026-09-28 02:00:45,2026-09-28,2026,9,28,Monday,,,,,1,350000.0,3.5,1,19.00821,72.84415,https://www.adzuna.in/land/ad/5900875191?se=XBQjWLC78RGS97j_zW5Twg&utm_medium=api&utm_source=f46203c2&v=934D22D2B2577CD5CCCBFE3C2DD85298758D5C81
5899510181,Business Development Executive,Suffescom Solutions Inc,Digital Marketing,IT Jobs,Mid-Level,2,Unspecified / Pan-India,Unspecified,India,India,0,unspecified,unspecified,2026-09-26 15:25:38,2026-09-26,2026,9,26,Saturday,,,,,1,350000.0,3.5,1,,,https://www.adzuna.in/land/ad/5899510181?se=XBQjWLC78RGS97j_zW5Twg&utm_medium=api&utm_source=f46203c2&v=C8F2166A1C5C18CAF012E4BBA21308FA1BF62705
5899259033,Management Trainee (Marketing & Sales),Collegedunia,Digital Marketing,"PR, Advertising & Marketing Jobs",Manager,4,Unspecified / Pan-India,Unspecified,India,India,0,unspecified,unspecified,2026-09-26 10:04:51,2026-09-26,2026,9,26,Saturday,,,,,1,775000.0,7.75,1,,,https://www.adzuna.in/land/ad/5899259033?se=XBQjWLC78RGS97j_zW5Twg&utm_medium=api&utm_source=f46203c2&v=2D035BAED8AE031DC258598AC105DF2F213D59DA
5889223703,Business Development Executive,HOVO DIGITAL - Digital Marketing Agency,Digital Marketing,Sales Jobs,Mid-Level,2,Delhi NCR,Delhi,India,"Delhi, India",0,full_time,unspecified,2026-09-18 17:32:38,2026-09-18,2026,9,18,Friday,,,,,1,350000.0,3.5,1,28.62523,77.224601,https://www.adzuna.in/land/ad/5889223703?se=XBQjWLC78RGS97j_zW5Twg&utm_medium=api&utm_source=f46203c2&v=6A2D13C6B9E8F53576D870F8F8DBA18BA8A09C90
5898128165,Inside Sales Executive,Hirloye,Digital Marketing,Sales Jobs,Mid-Level,2,Chennai,Tamil Nadu,India,"Chennai, Tamil Nadu",0,full_time,unspecified,2026-09-25 15:23:03,2026-09-25,2026,9,25,Friday,,,,,1,350000.0,3.5,1,13.06041,80.24963,https://www.adzuna.in/land/ad/5898128165?se=XBQjWLC78RGS97j_zW5Twg&utm_medium=api&utm_source=f46203c2&v=00942982B78CD59CF84B0CC73F6168B8C108310A
5890893358,Brand Marketing Coordinator,Self-employed,Digital Marketing,"PR, Advertising & Marketing Jobs",Mid-Level,2,Delhi NCR,Delhi,India,"Delhi, India",0,full_time,unspecified,2026-09-19 23:25:14,2026-09-19,2026,9,19,Saturday,,,,,1,350000.0,3.5,1,28.62523,77.224601,https://www.adzuna.in/land/ad/5890893358?se=XBQjWLC78RGS97j_zW5Twg&utm_medium=api&utm_source=f46203c2&v=72A14EDF837935CD031838ABFA880C88C5E9BDA3
5899512271,Senior Copywriter - Full-time,OVI,Digital Marketing,"PR, Advertising & Marketing Jobs",Senior,3,Mumbai,Maharashtra,India,"Mumbai, Maharashtra",0,full_time,unspecified,2026-09-26 15:27:25,2026-09-26,2026,9,26,Saturday,,,,,1,550000.0,5.5,1,19.00821,72.84415,https://www.adzuna.in/land/ad/5899512271?se=XBQjWLC78RGS97j_zW5Twg&utm_medium=api&utm_source=f46203c2&v=48CEF1F92EEEB16317BC50EF8976A61602489DE3
5883858365,Brand Manager - Client Services,Crestra Communication Pvt. Ltd.,Digital Marketing,"PR, Advertising & Marketing Jobs",Manager,4,Delhi NCR,Delhi,India,"New Delhi, Delhi",0,full_time,unspecified,2026-09-15 01:14:22,2026-09-15,2026,9,15,Tuesday,,,,,1,775000.0,7.75,1,28.62623,77.21808,https://www.adzuna.in/land/ad/5883858365?se=XBQjWLC78RGS97j_zW5Twg&utm_medium=api&utm_source=f46203c2&v=1CA63E9FD81E93AFF62161FBD9D0E31DBDA4792C
5891691775,Business Development Executive (US Shift),Binary Semantics Ltd.,Digital Marketing,Sales Jobs,Mid-Level,2,Unspecified / Pan-India,Unspecified,India,India,0,unspecified,unspecified,2026-09-20 17:34:25,2026-09-20,2026,9,20,Sunday,,,,,1,350000.0,3.5,1,,,https://www.adzuna.in/land/ad/5891691775?se=XBQjWLC78RGS97j_zW5Twg&utm_medium=api&utm_source=f46203c2&v=66B1F2FFBD0D2B2EF9E4D8F90D8285CF696D0201
5901930346,Vice President of Growth,Opus Global Services India Pvt. Ltd.,Digital Marketing,Sales Jobs,Executive / Director,6,Bengaluru,Karnataka,India,"Bangalore, Karnataka",0,unspecified,unspecified,2026-09-29 02:14:45,2026-09-29,2026,9,29,Tuesday,,,,,1,3000000.0,30.0,1,,,https://www.adzuna.in/land/ad/5901930346?se=XBQjWLC78RGS97j_zW5Twg&utm_medium=api&utm_source=f46203c2&v=14A9E1F2FD01B43486E4BBD98584B8CDF16C40A4
5894227847,Social Media Manager,59th Parallel,Digital Marketing,"PR, Advertising & Marketing Jobs",Manager,4,Mumbai,Maharashtra,India,"Mumbai, Maharashtra",0,full_time,unspecified,2026-09-22 23:37:53,2026-09-22,2026,9,22,Tuesday,,,,,1,775000.0,7.75,1,19.00821,72.84415,https://www.adzuna.in/land/ad/5894227847?se=XBQjWLC78RGS97j_zW5Twg&utm_medium=api&utm_source=f46203c2&v=E93ED71C207CFC85611D66CEEEE41031D4BF70AF
5879668378,Intern- Video Editing,The Starter Labs,Digital Marketing,Creative & Design Jobs,Entry / Junior,1,Mumbai,Maharashtra,India,"Worli, Mumbai",0,unspecified,contract,2026-09-11 17:16:29,2026-09-11,2026,9,11,Friday,,,,,1,150000.0,1.5,1,19.08185,72.87335,https://www.adzuna.in/land/ad/5879668378?se=XBQjWLC78RGS97j_zW5Twg&utm_medium=api&utm_source=f46203c2&v=36B909CEB8ADC9758704B658D4774129EF86CF74
5891692171,Manager- Programmatic Buying,LS Digital Group,Digital Marketing,IT Jobs,Manager,4,Navi Mumbai,Maharashtra,India,"Navi Mumbai, Maharashtra",0,unspecified,unspecified,2026-09-20 17:34:53,2026-09-20,2026,9,20,Sunday,,,,,1,775000.0,7.75,1,19.02,73.02,https://www.adzuna.in/land/ad/5891692171?se=XBQjWLC78RGS97j_zW5Twg&utm_medium=api&utm_source=f46203c2&v=CB1BE62E6E2A30CB0ED45A089F4BF22C90F73861
5886486674,Customer Audience Specialist,Thermo Fisher Scientific,Digital Marketing,"PR, Advertising & Marketing Jobs",Mid-Level,2,Bengaluru,Karnataka,India,"Bangalore, Karnataka",0,full_time,unspecified,2026-09-16 22:34:56,2026-09-16,2026,9,16,Wednesday,,,,,1,350000.0,3.5,1,12.95703,77.59837,https://www.adzuna.in/land/ad/5886486674?se=XBQjWLC78RGS97j_zW5Twg&utm_medium=api&utm_source=f46203c2&v=0A5978620E284109B93D41FC97577BE867742B78
5890608476,Media Account Manager,SRV Media,Digital Marketing,"PR, Advertising & Marketing Jobs",Manager,4,Unspecified / Pan-India,Unspecified,India,India,0,unspecified,unspecified,2026-09-19 17:30:33,2026-09-19,2026,9,19,Saturday,,,,,1,775000.0,7.75,1,,,https://www.adzuna.in/land/ad/5890608476?se=XBQjWLC78RGS97j_zW5Twg&utm_medium=api&utm_source=f46203c2&v=A606678162C8C9A88D5D5F0B67AA609FCD5B8BCB
5876016789,Content Creator,HiLITE Group,Digital Marketing,"PR, Advertising & Marketing Jobs",Mid-Level,2,Kozhikode,Kerala,India,"Kozhikode, Kerala",0,unspecified,unspecified,2026-09-09 01:04:25,2026-09-09,2026,9,9,Wednesday,,,,,1,350000.0,3.5,1,11.16223,75.81366,https://www.adzuna.in/land/ad/5876016789?se=XBQjWLC78RGS97j_zW5Twg&utm_medium=api&utm_source=f46203c2&v=68E6061D5F3891BCDDAF0B1F4E3D1758FAA9AD6B
5867037526,Executive - Media Planning (Digital),Dentsu India,Digital Marketing,"PR, Advertising & Marketing Jobs",Mid-Level,2,Mumbai,Maharashtra,India,"Mumbai, Maharashtra",0,unspecified,contract,2026-09-02 16:43:48,2026-09-02,2026,9,2,Wednesday,,,,,1,350000.0,3.5,1,19.00821,72.84415,https://www.adzuna.in/land/ad/5867037526?se=XBQjWLC78RGS97j_zW5Twg&utm_medium=api&utm_source=f46203c2&v=17B247406B886398C88CBEF272D8296238803EE5
5898127494,Creative Copywriter,The Content Lab,Digital Marketing,Creative & Design Jobs,Mid-Level,2,Mumbai,Maharashtra,India,"Mumbai, Maharashtra",0,unspecified,unspecified,2026-09-25 15:22:23,2026-09-25,2026,9,25,Friday,,,,,1,350000.0,3.5,1,19.00821,72.84415,https://www.adzuna.in/land/ad/5898127494?se=XBQjWLC78RGS97j_zW5Twg&utm_medium=api&utm_source=f46203c2&v=B7B201668C37D6C1D6994B1EC4DF3B104D925CC3
5899512074,Brand Partnership - Manager / Senior Manager(B2B Sales),Dreabee - The Intelligence Layer for Brands,Digital Marketing,Sales Jobs,Manager,4,Unspecified / Pan-India,Unspecified,India,India,0,unspecified,unspecified,2026-09-26 15:27:13,2026-09-26,2026,9,26,Saturday,,,,,1,775000.0,7.75,1,,,https://www.adzuna.in/land/ad/5899512074?se=XBQjWLC78RGS97j_zW5Twg&utm_medium=api&utm_source=f46203c2&v=0EBE50390F1FEE151ADFCA728EE4A983078D6F07
5890897352,Admission Counsellor/ Outreach,Banyan Tree Schools,Digital Marketing,Admin Jobs,Mid-Level,2,Jaipur,Rajasthan,India,"Jaipur, Rajasthan",0,unspecified,unspecified,2026-09-19 23:27:04,2026-09-19,2026,9,19,Saturday,,,,,1,350000.0,3.5,1,26.7441,75.9469,https://www.adzuna.in/land/ad/5890897352?se=XBQjWLC78RGS97j_zW5Twg&utm_medium=api&utm_source=f46203c2&v=42ADFB06DE02380C6FF1960DCB70B4E77BDF8018
5886487577,Paid Media Specialist,Thermo Fisher Scientific,Digital Marketing,"PR, Advertising & Marketing Jobs",Mid-Level,2,Bengaluru,Karnataka,India,"Bangalore, Karnataka",0,full_time,unspecified,2026-09-16 22:35:06,2026-09-16,2026,9,16,Wednesday,,,,,1,350000.0,3.5,1,12.95703,77.59837,https://www.adzuna.in/land/ad/5886487577?se=XBQjWLC78RGS97j_zW5Twg&utm_medium=api&utm_source=f46203c2&v=02C63A917E6C5D9A37834F53F24225F716827CCB
5890612384,Business Development Manager,Mayday Internet,Digital Marketing,Sales Jobs,Manager,4,Kochi,Kerala,India,"Ernakulam, Kerala",0,full_time,unspecified,2026-09-19 17:33:00,2026-09-19,2026,9,19,Saturday,,,,,1,775000.0,7.75,1,10.10845,76.302,https://www.adzuna.in/land/ad/5890612384?se=XBQjWLC78RGS97j_zW5Twg&utm_medium=api&utm_source=f46203c2&v=02DA94BC5838144B89B1A5DD8B1078F64466F65C
5834649778,Regional Sales Manager,Linnea Media,Digital Marketing,Sales Jobs,Manager,4,Kolkata,West Bengal,India,"Kolkata, West Bengal",0,full_time,unspecified,2026-08-09 18:11:04,2026-08-09,2026,8,9,Sunday,,,,,1,775000.0,7.75,1,22.57285,88.34373,https://www.adzuna.in/land/ad/5834649778?se=XBQjWLC78RGS97j_zW5Twg&utm_medium=api&utm_source=f46203c2&v=E22BE87E59D716EB06CD8887D023A06C8E7228E8
5850982940,Business Development Manager,24 Frames Digital,Digital Marketing,Sales Jobs,Manager,4,Mumbai,Maharashtra,India,"Mumbai, Maharashtra",0,full_time,unspecified,2026-08-21 17:26:00,2026-08-21,2026,8,21,Friday,,,,,1,775000.0,7.75,1,19.00821,72.84415,https://www.adzuna.in/land/ad/5850982940?se=XBQjWLC78RGS97j_zW5Twg&utm_medium=api&utm_source=f46203c2&v=0A6C952ECF52AC63094280E47A1A7A896C5B86BD
5898127986,Business Development Manager,TRADEGENIUZ CAPITAL PRIVATE LIMITED,Digital Marketing,Sales Jobs,Manager,4,Kumbakonam,Tamil Nadu,India,"Kumbakonam, Thanjavur",0,full_time,permanent,2026-09-25 15:22:52,2026-09-25,2026,9,25,Friday,,,,,1,775000.0,7.75,1,10.9494,79.35875,https://www.adzuna.in/land/ad/5898127986?se=XBQjWLC78RGS97j_zW5Twg&utm_medium=api&utm_source=f46203c2&v=7E4152A08D79711332A66EA5EE9B311C229E600D
5895032087,Copywriter,dentsu,Digital Marketing,"PR, Advertising & Marketing Jobs",Mid-Level,2,Mumbai,Maharashtra,India,"Mumbai, Maharashtra",0,unspecified,unspecified,2026-09-23 15:40:40,2026-09-23,2026,9,23,Wednesday,,,,,1,350000.0,3.5,1,19.00821,72.84415,https://www.adzuna.in/land/ad/5895032087?se=XBQjWLC78RGS97j_zW5Twg&utm_medium=api&utm_source=f46203c2&v=9134972DA2D7A2EF082B5DDAF8CD5E8E3470AB47
5900876657,Influencer Marketing Coordinator,UrbanFluence Media,Digital Marketing,"PR, Advertising & Marketing Jobs",Mid-Level,2,Mumbai,Maharashtra,India,"Mumbai, Maharashtra",0,full_time,unspecified,2026-09-28 02:04:41,2026-09-28,2026,9,28,Monday,,,,,1,350000.0,3.5,1,19.00821,72.84415,https://www.adzuna.in/land/ad/5900876657?se=XBQjWLC78RGS97j_zW5Twg&utm_medium=api&utm_source=f46203c2&v=27004FF6252F3113CF5C4EDF2F3CFC83B800A552
5896614105,Graphic Designer,Striking Brain,Digital Marketing,Creative & Design Jobs,Mid-Level,2,Jaipur,Rajasthan,India,"Jaipur, Rajasthan",0,full_time,unspecified,2026-09-24 15:18:43,2026-09-24,2026,9,24,Thursday,,,,,1,350000.0,3.5,1,26.7441,75.9469,https://www.adzuna.in/land/ad/5896614105?se=XBQjWLC78RGS97j_zW5Twg&utm_medium=api&utm_source=f46203c2&v=8E0654802D9C174CD67DB15CB755E54403DFD0FD
5896252490,Graphic Designer,Vyas Business Consulting Private limited,Digital Marketing,Creative & Design Jobs,Mid-Level,2,Jaipur,Rajasthan,India,"Jaipur, Rajasthan",0,full_time,unspecified,2026-09-24 09:50:50,2026-09-24,2026,9,24,Thursday,,,,,1,350000.0,3.5,1,26.7441,75.9469,https://www.adzuna.in/land/ad/5896252490?se=XBQjWLC78RGS97j_zW5Twg&utm_medium=api&utm_source=f46203c2&v=08C17957B6C817A1A1D9CDDDB84289F527F55491
5846299929,Social Media Manager,Nians,Digital Marketing,Creative & Design Jobs,Manager,4,Unspecified / Pan-India,Unspecified,India,India,0,unspecified,unspecified,2026-08-18 13:09:57,2026-08-18,2026,8,18,Tuesday,,,,,1,775000.0,7.75,1,,,https://www.adzuna.in/land/ad/5846299929?se=XBQjWLC78RGS97j_zW5Twg&utm_medium=api&utm_source=f46203c2&v=A7127E05D253D14A418D5865FCB65FEE2A33F1C7
5841754926,Sr Media Buyer || Meta & Google || PPC,Pixel Penguin Media,Digital Marketing,IT Jobs,Senior,3,Unspecified / Pan-India,Unspecified,India,India,0,full_time,unspecified,2026-08-14 16:34:05,2026-08-14,2026,8,14,Friday,,,,,1,550000.0,5.5,1,,,https://www.adzuna.in/land/ad/5841754926?se=XBQjWLC78RGS97j_zW5Twg&utm_medium=api&utm_source=f46203c2&v=42F4D7C52C8E8AAE1468B1D6994D1A2C341E2EF9
5901137187,Client Acquisition Executive,OpenHire,Digital Marketing,Sales Jobs,Mid-Level,2,Mumbai,Maharashtra,India,"Mumbai, Maharashtra",0,full_time,unspecified,2026-09-28 07:39:49,2026-09-28,2026,9,28,Monday,,,,,1,350000.0,3.5,1,19.00821,72.84415,https://www.adzuna.in/land/ad/5901137187?se=XBQjWLC78RGS97j_zW5Twg&utm_medium=api&utm_source=f46203c2&v=72FA3C8A326E4EFE2471B83E3C5CF03E9E569E00
5898535159,International Business Development,Graygraph Technologies Pvt Ltd,Digital Marketing,IT Jobs,Mid-Level,2,Noida,Uttar Pradesh,India,"Noida, Ghaziabad",0,full_time,unspecified,2026-09-25 22:03:52,2026-09-25,2026,9,25,Friday,,,,,1,350000.0,3.5,1,28.56579,77.3225,https://www.adzuna.in/land/ad/5898535159?se=XBQjWLC78RGS97j_zW5Twg&utm_medium=api&utm_source=f46203c2&v=BFD9AA22BD0DFED272D47DBFB5D2E76AFC302117
5854976784,Business Development Manager (BDM),VedAtma Consulting,Digital Marketing,Sales Jobs,Manager,4,Unspecified / Pan-India,Unspecified,India,India,0,unspecified,unspecified,2026-08-25 09:44:19,2026-08-25,2026,8,25,Tuesday,,,,,1,775000.0,7.75,1,,,https://www.adzuna.in/land/ad/5854976784?se=XBQjWLC78RGS97j_zW5Twg&utm_medium=api&utm_source=f46203c2&v=07D3862E815312ADE24A24296AEFADDB6566CE1B
5898129350,Account Management Lead [Creative & Digital Agency],Paper Plane Tales,Digital Marketing,"PR, Advertising & Marketing Jobs",Lead / Architect,5,Mumbai,Maharashtra,India,"Mumbai, Maharashtra",0,full_time,unspecified,2026-09-25 15:23:45,2026-09-25,2026,9,25,Friday,,,,,1,600000.0,6.0,1,19.00821,72.84415,https://www.adzuna.in/land/ad/5898129350?se=XBQjWLC78RGS97j_zW5Twg&utm_medium=api&utm_source=f46203c2&v=5544D264E2023B8DAB6A9F2C815BEB2D2B86C1E4
5868794836,Copywriter,DViO Digital,Digital Marketing,"PR, Advertising & Marketing Jobs",Mid-Level,2,Unspecified / Pan-India,Unspecified,India,India,0,unspecified,unspecified,2026-09-03 16:51:18,2026-09-03,2026,9,3,Thursday,,,,,1,350000.0,3.5,1,,,https://www.adzuna.in/land/ad/5868794836?se=XBQjWLC78RGS97j_zW5Twg&utm_medium=api&utm_source=f46203c2&v=3E652AE7D47E384D23708E4D552CBE6A04C790EC
5871991269,Graphics & Figma Designer,Binary Semantics Ltd.,Digital Marketing,Creative & Design Jobs,Mid-Level,2,Unspecified / Pan-India,Unspecified,India,India,0,full_time,unspecified,2026-09-05 18:29:00,2026-09-05,2026,9,5,Saturday,,,,,1,350000.0,3.5,1,,,https://www.adzuna.in/land/ad/5871991269?se=XBQjWLC78RGS97j_zW5Twg&utm_medium=api&utm_source=f46203c2&v=A3E6722F0444CEC08F28E0B56F04DFE64A696519
5895240141,Web Developer Manager,Savit Interactive,Digital Marketing,IT Jobs,Manager,4,Mumbai,Maharashtra,India,"Mumbai, Maharashtra",0,full_time,unspecified,2026-09-23 19:42:15,2026-09-23,2026,9,23,Wednesday,,,,,1,775000.0,7.75,1,19.00821,72.84415,https://www.adzuna.in/land/ad/5895240141?se=1H52WbC78RGKj5CFZN1R3A&utm_medium=api&utm_source=f46203c2&v=8F1691D42A6AB0647411B89BBF21D160AF583703
5890159733,Performance Marketer,Comet Healthcare Solutions,Digital Marketing,"PR, Advertising & Marketing Jobs",Mid-Level,2,Navi Mumbai,Maharashtra,India,"Navi Mumbai, Maharashtra",0,unspecified,unspecified,2026-09-19 09:33:32,2026-09-19,2026,9,19,Saturday,,,,,1,350000.0,3.5,1,19.02,73.02,https://www.adzuna.in/land/ad/5890159733?se=1H52WbC78RGKj5CFZN1R3A&utm_medium=api&utm_source=f46203c2&v=C9175030ECC8CD9889E6078B29FEDB17D7FD0E1E
5895030170,Business Development Manager,BigTrunk,Digital Marketing,"PR, Advertising & Marketing Jobs",Manager,4,Unspecified / Pan-India,Unspecified,India,India,0,unspecified,unspecified,2026-09-23 15:37:35,2026-09-23,2026,9,23,Wednesday,,,,,1,775000.0,7.75,1,,,https://www.adzuna.in/land/ad/5895030170?se=1H52WbC78RGKj5CFZN1R3A&utm_medium=api&utm_source=f46203c2&v=9B7A02003D7E1C2AF7194C9A04A13B5825AA5282
5895238835,Business Development Executive,Schbang,Digital Marketing,"PR, Advertising & Marketing Jobs",Mid-Level,2,Bengaluru,Karnataka,India,"Bangalore, Karnataka",0,unspecified,unspecified,2026-09-23 19:37:49,2026-09-23,2026,9,23,Wednesday,,,,,1,350000.0,3.5,1,,,https://www.adzuna.in/land/ad/5895238835?se=1H52WbC78RGKj5CFZN1R3A&utm_medium=api&utm_source=f46203c2&v=86CC708DE6F004AAF3B94800787902BDD71C8601
5884587355,(Junior) Business Development Manager | DigitalSpan,DigitalSpan,Digital Marketing,Sales Jobs,Manager,4,Unspecified / Pan-India,Unspecified,India,India,0,full_time,unspecified,2026-09-15 17:24:29,2026-09-15,2026,9,15,Tuesday,,,,,1,775000.0,7.75,1,,,https://www.adzuna.in/land/ad/5884587355?se=1H52WbC78RGKj5CFZN1R3A&utm_medium=api&utm_source=f46203c2&v=FDD2C93D05A58246E44934AD701F4C49A59B62FE
5879663223,Corporate Relations Manager,upGrad,Digital Marketing,HR & Recruitment Jobs,Manager,4,Unspecified / Pan-India,Unspecified,India,India,0,unspecified,unspecified,2026-09-11 17:13:03,2026-09-11,2026,9,11,Friday,,,,,1,775000.0,7.75,1,,,https://www.adzuna.in/land/ad/5879663223?se=1H52WbC78RGKj5CFZN1R3A&utm_medium=api&utm_source=f46203c2&v=96CDA4ACED217CFFC2AB2132A4F4ABD05A8D2A4F
5893930263,Sales ExecutiveS SALES MANAGERS SALES HEADS – CPaaS Industry (Venets Media),VENETS MEDIA PRIVATE LIMITED,Digital Marketing,Sales Jobs,Mid-Level,2,Noida,Uttar Pradesh,India,"Noida, Ghaziabad",0,full_time,unspecified,2026-09-22 17:39:56,2026-09-22,2026,9,22,Tuesday,,,,,1,350000.0,3.5,1,28.56579,77.3225,https://www.adzuna.in/land/ad/5893930263?se=1H52WbC78RGKj5CFZN1R3A&utm_medium=api&utm_source=f46203c2&v=129576E8C2605F7147AAB15A536C123AA5772840
5896614098,Social Media Manager,One MG,Digital Marketing,"PR, Advertising & Marketing Jobs",Manager,4,Chennai,Tamil Nadu,India,"Chennai, Tamil Nadu",0,full_time,unspecified,2026-09-24 15:18:42,2026-09-24,2026,9,24,Thursday,,,,,1,775000.0,7.75,1,13.06041,80.24963,https://www.adzuna.in/land/ad/5896614098?se=1H52WbC78RGKj5CFZN1R3A&utm_medium=api&utm_source=f46203c2&v=5537E36D65B4EC7EC9A5C3C8C7E3DEABE8F01044
5889212496,Graphic Designer,Beeyond Tech,Digital Marketing,Creative & Design Jobs,Mid-Level,2,Mumbai,Maharashtra,India,"Mumbai, Maharashtra",0,unspecified,unspecified,2026-09-18 17:27:52,2026-09-18,2026,9,18,Friday,,,,,1,350000.0,3.5,1,19.00821,72.84415,https://www.adzuna.in/land/ad/5889212496?se=1H52WbC78RGKj5CFZN1R3A&utm_medium=api&utm_source=f46203c2&v=D375F7ABD8F7E2D16ECC0EB3EEA12BEACF5217DE
5896612736,Intern - Google Ads,DiReFTY,Digital Marketing,"PR, Advertising & Marketing Jobs",Entry / Junior,1,Unspecified / Pan-India,Unspecified,India,India,0,unspecified,contract,2026-09-24 15:17:39,2026-09-24,2026,9,24,Thursday,,,,,1,150000.0,1.5,1,,,https://www.adzuna.in/land/ad/5896612736?se=1H52WbC78RGKj5CFZN1R3A&utm_medium=api&utm_source=f46203c2&v=6374DFE5C760E1F595D9884315002DFA863AFA5D
5901133768,Business Development Manager,Opus Global Services India Pvt. Ltd.,Digital Marketing,Sales Jobs,Manager,4,Unspecified / Pan-India,Unspecified,India,India,0,unspecified,unspecified,2026-09-28 07:34:30,2026-09-28,2026,9,28,Monday,,,,,1,775000.0,7.75,1,,,https://www.adzuna.in/land/ad/5901133768?se=1H52WbC78RGKj5CFZN1R3A&utm_medium=api&utm_source=f46203c2&v=46193D0FFCCE24A49F128986F037EFE85FE600AF
5901133780,Client Servicing,Alchemist Marketing & Talent Solutions,Digital Marketing,"PR, Advertising & Marketing Jobs",Mid-Level,2,Mumbai,Maharashtra,India,"Mumbai, Maharashtra",0,full_time,unspecified,2026-09-28 07:34:37,2026-09-28,2026,9,28,Monday,,,,,1,350000.0,3.5,1,19.00821,72.84415,https://www.adzuna.in/land/ad/5901133780?se=1H52WbC78RGKj5CFZN1R3A&utm_medium=api&utm_source=f46203c2&v=6CDBDAB34460C4036317501CC4CE072A3743FB93
5869558963,AEM - UI EDS - Senior Consultant,Digimoksha Solutions,Digital Marketing,IT Jobs,Senior,3,Unspecified / Pan-India,Unspecified,India,India,0,full_time,unspecified,2026-09-04 02:33:53,2026-09-04,2026,9,4,Friday,,,,,1,550000.0,5.5,1,,,https://www.adzuna.in/land/ad/5869558963?se=1H52WbC78RGKj5CFZN1R3A&utm_medium=api&utm_source=f46203c2&v=60BA9CEE1076374EF4D31E9A3818BAC7A535C1DE
5891352685,Art Director,SRV Media,Digital Marketing,Creative & Design Jobs,Executive / Director,6,Unspecified / Pan-India,Unspecified,India,India,0,unspecified,unspecified,2026-09-20 09:30:15,2026-09-20,2026,9,20,Sunday,,,,,1,3000000.0,30.0,1,,,https://www.adzuna.in/land/ad/5891352685?se=1H52WbC78RGKj5CFZN1R3A&utm_medium=api&utm_source=f46203c2&v=D52F8BAD5ACE8A6B7E21FDBC74D34FEDC63E7C14
5893961240,"Manager, AI Search and Discovery",Thermo Fisher Scientific,Digital Marketing,IT Jobs,Manager,4,Bengaluru,Karnataka,India,"Bangalore, Karnataka",0,full_time,unspecified,2026-09-22 18:29:32,2026-09-22,2026,9,22,Tuesday,,,,,1,775000.0,7.75,1,12.95703,77.59837,https://www.adzuna.in/land/ad/5893961240?se=1H52WbC78RGKj5CFZN1R3A&utm_medium=api&utm_source=f46203c2&v=AEF1D2450C41FD4A6F62E29371DDADE15E0AD141
5895238919,Graphic Designer and Multimedia Specialist,OGI International Sports Private Limited,Digital Marketing,Creative & Design Jobs,Mid-Level,2,Unspecified / Pan-India,Kerala,India,"Kerala, India",0,unspecified,unspecified,2026-09-23 19:38:34,2026-09-23,2026,9,23,Wednesday,,,,,1,350000.0,3.5,1,10.368486,76.272999,https://www.adzuna.in/land/ad/5895238919?se=1H52WbC78RGKj5CFZN1R3A&utm_medium=api&utm_source=f46203c2&v=060DCF04AA4FDD0BD3AF401E6FC71CF02A9B78AD
5889220774,Graphic Designer,Vishwanath Builders,Digital Marketing,"PR, Advertising & Marketing Jobs",Mid-Level,2,Ahmedabad,Gujarat,India,"Ahmedabad, Gujarat",0,full_time,unspecified,2026-09-18 17:30:21,2026-09-18,2026,9,18,Friday,,,,,1,350000.0,3.5,1,23.042,72.59465,https://www.adzuna.in/land/ad/5889220774?se=1H52WbC78RGKj5CFZN1R3A&utm_medium=api&utm_source=f46203c2&v=BE932A504E705B229CCFF04E8CB33316B9D892EC
5899975715,VFX Motion Graphics Designer,CubicDesignz,Digital Marketing,Creative & Design Jobs,Mid-Level,2,Chennai,Tamil Nadu,India,"Chennai, Tamil Nadu",0,unspecified,unspecified,2026-09-27 01:57:47,2026-09-27,2026,9,27,Sunday,,,,,1,350000.0,3.5,1,13.06041,80.24963,https://www.adzuna.in/land/ad/5899975715?se=1H52WbC78RGKj5CFZN1R3A&utm_medium=api&utm_source=f46203c2&v=6D2140F74BE5EB2CFA2A8532A8640DFF67DCE76E
5890609204,Public Relations Manager,SRV Media,Digital Marketing,"PR, Advertising & Marketing Jobs",Manager,4,Unspecified / Pan-India,Unspecified,India,India,0,unspecified,unspecified,2026-09-19 17:30:45,2026-09-19,2026,9,19,Saturday,,,,,1,775000.0,7.75,1,,,https://www.adzuna.in/land/ad/5890609204?se=1H52WbC78RGKj5CFZN1R3A&utm_medium=api&utm_source=f46203c2&v=089D65B3B9D637DCEAE14B935DD82063B0DE62EF
5900616333,Associate/Sr. Associate - Admissions,Indian School of Business,Digital Marketing,Admin Jobs,Senior,3,Hyderabad,Telangana,India,"Hyderabad, Telangana",0,unspecified,unspecified,2026-09-27 18:07:15,2026-09-27,2026,9,27,Sunday,,,,,1,550000.0,5.5,1,17.40275,78.50806,https://www.adzuna.in/land/ad/5900616333?se=1H52WbC78RGKj5CFZN1R3A&utm_medium=api&utm_source=f46203c2&v=FF289AC1240624BDDEE3751FD616E67814ABE96E
5900875482,HEAD – SOCIAL MEDIA,Lovely Professional University,Digital Marketing,"PR, Advertising & Marketing Jobs",Mid-Level,2,Jalandhar,Punjab,India,"Jalandhar, Punjab",0,full_time,unspecified,2026-09-28 02:01:41,2026-09-28,2026,9,28,Monday,,,,,1,350000.0,3.5,1,31.2888,75.5591,https://www.adzuna.in/land/ad/5900875482?se=1H52WbC78RGKj5CFZN1R3A&utm_medium=api&utm_source=f46203c2&v=27B14E14C6D451ABD5269B4A84168D2D92EC7FA4
5898126442,Account Manager,eCultify,Digital Marketing,"PR, Advertising & Marketing Jobs",Manager,4,Mumbai,Maharashtra,India,"Mumbai, Maharashtra",0,unspecified,unspecified,2026-09-25 15:21:18,2026-09-25,2026,9,25,Friday,,,,,1,775000.0,7.75,1,19.00821,72.84415,https://www.adzuna.in/land/ad/5898126442?se=1H52WbC78RGKj5CFZN1R3A&utm_medium=api&utm_source=f46203c2&v=FA2AACA985836B9FEAB8C47ADD7873EF29E0A587
5893924475,Business Development Executive,Earningzen Private Limted,Digital Marketing,IT Jobs,Mid-Level,2,Noida,Uttar Pradesh,India,"Noida, Ghaziabad",0,unspecified,unspecified,2026-09-22 17:36:54,2026-09-22,2026,9,22,Tuesday,,,,,1,350000.0,3.5,1,28.56579,77.3225,https://www.adzuna.in/land/ad/5893924475?se=1H52WbC78RGKj5CFZN1R3A&utm_medium=api&utm_source=f46203c2&v=DB3DB7EA18543FAED9F275DDEEA129040279211B
5900616142,Healthcare Sales Executive – Women’s Health & Fertility,All Digi Help,Digital Marketing,Sales Jobs,Mid-Level,2,Noida,Uttar Pradesh,India,"Noida, Ghaziabad",1,full_time,unspecified,2026-09-27 18:06:19,2026-09-27,2026,9,27,Sunday,,,,,1,350000.0,3.5,1,28.56579,77.3225,https://www.adzuna.in/land/ad/5900616142?se=1H52WbC78RGKj5CFZN1R3A&utm_medium=api&utm_source=f46203c2&v=8C53A111BA6028CA150F78A3451F9D91ED39EF37
5807167917,Business Development Executive,Shivaay Soft,Digital Marketing,Sales Jobs,Mid-Level,2,Surat,Gujarat,India,"Surat, Gujarat",0,full_time,unspecified,2026-07-19 18:13:41,2026-07-19,2026,7,19,Sunday,,,,,1,350000.0,3.5,1,21.18955,72.8318,https://www.adzuna.in/land/ad/5807167917?se=1H52WbC78RGKj5CFZN1R3A&utm_medium=api&utm_source=f46203c2&v=DB2A77AF58BFFBF88EBA46426C67B7E8812AB1DA
5898129574,Graphic Designer,Priority1 Group,Digital Marketing,Creative & Design Jobs,Mid-Level,2,Bengaluru,Karnataka,India,"Bangalore, Karnataka",0,full_time,unspecified,2026-09-25 15:24:00,2026-09-25,2026,9,25,Friday,,,,,1,350000.0,3.5,1,,,https://www.adzuna.in/land/ad/5898129574?se=1H52WbC78RGKj5CFZN1R3A&utm_medium=api&utm_source=f46203c2&v=89F8B9B6D1CB2CD8C854B3A382830A1A0D110278
5868794013,Business Development Manager,Women Leadership Circle,Digital Marketing,"PR, Advertising & Marketing Jobs",Manager,4,Mumbai,Maharashtra,India,"Mumbai, Maharashtra",0,unspecified,unspecified,2026-09-03 16:49:58,2026-09-03,2026,9,3,Thursday,,,,,1,775000.0,7.75,1,19.00821,72.84415,https://www.adzuna.in/land/ad/5868794013?se=1H52WbC78RGKj5CFZN1R3A&utm_medium=api&utm_source=f46203c2&v=BA34F00C5D6C0BB4EC1A18A750EF4EA3B8E3D046
5889213075,Business Development Executive,IMARKIT MEDIA,Digital Marketing,Sales Jobs,Mid-Level,2,Unspecified / Pan-India,Unspecified,India,India,0,full_time,unspecified,2026-09-18 17:28:04,2026-09-18,2026,9,18,Friday,,,,,1,350000.0,3.5,1,,,https://www.adzuna.in/land/ad/5889213075?se=1H52WbC78RGKj5CFZN1R3A&utm_medium=api&utm_source=f46203c2&v=C33D32D7DCA1DB4CDD4CBC5EC9964E5D4BDEB1AE
5873074725,Office Administrator,Thirdessential IT Solutions Pvt Ltd,Digital Marketing,Admin Jobs,Mid-Level,2,Indore,Madhya Pradesh,India,"Indore, Madhya Pradesh",0,unspecified,contract,2026-09-06 18:36:16,2026-09-06,2026,9,6,Sunday,,,,,1,350000.0,3.5,1,22.66215,75.9035,https://www.adzuna.in/land/ad/5873074725?se=1H52WbC78RGKj5CFZN1R3A&utm_medium=api&utm_source=f46203c2&v=AD04A5A6817251AFA6412B8D3B7D13625420554B
5895240636,Business Development Executive (US IT),"Futurism Technologies, INC.",Digital Marketing,Sales Jobs,Mid-Level,2,Unspecified / Pan-India,Unspecified,India,India,0,unspecified,unspecified,2026-09-23 19:43:22,2026-09-23,2026,9,23,Wednesday,,,,,1,350000.0,3.5,1,,,https://www.adzuna.in/land/ad/5895240636?se=1H52WbC78RGKj5CFZN1R3A&utm_medium=api&utm_source=f46203c2&v=7D0724278F33404224D6594DB8AE6A8543190A07
5864425012,Website Development Intern,DotCom Growth,Digital Marketing,IT Jobs,Entry / Junior,1,Jaipur,Rajasthan,India,"Jaipur, Rajasthan",0,full_time,contract,2026-09-01 16:20:30,2026-09-01,2026,9,1,Tuesday,,,,,1,150000.0,1.5,1,26.7441,75.9469,https://www.adzuna.in/land/ad/5864425012?se=1H52WbC78RGKj5CFZN1R3A&utm_medium=api&utm_source=f46203c2&v=8E912AB969F4BDE7F5775B5A4762C354CE423833
5895032107,Motion Graphic Designer,The Crayons Network,Digital Marketing,Creative & Design Jobs,Mid-Level,2,Delhi NCR,Delhi,India,"Delhi, India",0,unspecified,unspecified,2026-09-23 15:40:41,2026-09-23,2026,9,23,Wednesday,,,,,1,350000.0,3.5,1,28.62523,77.224601,https://www.adzuna.in/land/ad/5895032107?se=1H52WbC78RGKj5CFZN1R3A&utm_medium=api&utm_source=f46203c2&v=A188099A359843770C8C67B6277966E8130F20AF
5879665159,Business Development Manager,LehLah,Digital Marketing,Sales Jobs,Manager,4,Mumbai,Maharashtra,India,"Mumbai, Maharashtra",0,unspecified,unspecified,2026-09-11 17:13:40,2026-09-11,2026,9,11,Friday,,,,,1,775000.0,7.75,1,19.00821,72.84415,https://www.adzuna.in/land/ad/5879665159?se=1H52WbC78RGKj5CFZN1R3A&utm_medium=api&utm_source=f46203c2&v=ECC5D49767A7487D29CB11D68796F0433F435A4C
5899512359,Senior Video Editor,Idiotic Media,Digital Marketing,Creative & Design Jobs,Senior,3,Mumbai,Maharashtra,India,"Mumbai, Maharashtra",0,unspecified,unspecified,2026-09-26 15:27:31,2026-09-26,2026,9,26,Saturday,,,,,1,550000.0,5.5,1,19.00821,72.84415,https://www.adzuna.in/land/ad/5899512359?se=1H52WbC78RGKj5CFZN1R3A&utm_medium=api&utm_source=f46203c2&v=64F16E20993AC8470BB82412D6318EFD35B11565
5901133594,Sales Executive,CGB SOLUTIONS,Digital Marketing,Sales Jobs,Mid-Level,2,Vadodara,Gujarat,India,"Vadodara, Gujarat",0,unspecified,unspecified,2026-09-28 07:34:12,2026-09-28,2026,9,28,Monday,,,,,1,350000.0,3.5,1,22.2891,73.1924,https://www.adzuna.in/land/ad/5901133594?se=1H52WbC78RGKj5CFZN1R3A&utm_medium=api&utm_source=f46203c2&v=16932A7240BE417A2ACDAEE7CD1AD31A5E269BBF
5886486781,AI Search Specialist,Thermo Fisher Scientific,Digital Marketing,"PR, Advertising & Marketing Jobs",Mid-Level,2,Bengaluru,Karnataka,India,"Bangalore, Karnataka",0,full_time,unspecified,2026-09-16 22:34:59,2026-09-16,2026,9,16,Wednesday,,,,,1,350000.0,3.5,1,12.95703,77.59837,https://www.adzuna.in/land/ad/5886486781?se=1H52WbC78RGKj5CFZN1R3A&utm_medium=api&utm_source=f46203c2&v=EFD86AA1AF93760691CF03ADC77852B421EEA1E8
5871991991,Account Manager (Marketing Agency),Growthbuddy,Digital Marketing,"PR, Advertising & Marketing Jobs",Manager,4,Unspecified / Pan-India,Unspecified,India,India,0,full_time,unspecified,2026-09-05 18:30:29,2026-09-05,2026,9,5,Saturday,,,,,1,775000.0,7.75,1,,,https://www.adzuna.in/land/ad/5871991991?se=1H52WbC78RGKj5CFZN1R3A&utm_medium=api&utm_source=f46203c2&v=51A13896A2F551881FEB2C41ACBD344BFB04F52D
5877450623,Creative Strategist,Barcode Entertainment : Strategic Brand Solutions,Digital Marketing,"PR, Advertising & Marketing Jobs",Mid-Level,2,Unspecified / Pan-India,Unspecified,India,India,0,full_time,unspecified,2026-09-10 00:55:44,2026-09-10,2026,9,10,Thursday,,,,,1,350000.0,3.5,1,,,https://www.adzuna.in/land/ad/5877450623?se=1H52WbC78RGKj5CFZN1R3A&utm_medium=api&utm_source=f46203c2&v=DCC31271771B9EEC5E2AF52B039131DC6D822FA7
5901137260,AR Quality Auditor (AR EQA),Cascade Revenue Management - An AIMA Group Company,Digital Marketing,Accounting & Finance Jobs,Mid-Level,2,Kochi,Kerala,India,"Ernakulam, Kerala",0,unspecified,unspecified,2026-09-28 07:40:07,2026-09-28,2026,9,28,Monday,,,,,1,350000.0,3.5,1,10.10845,76.302,https://www.adzuna.in/land/ad/5901137260?se=1H52WbC78RGKj5CFZN1R3A&utm_medium=api&utm_source=f46203c2&v=D772ADA9F925086E7880625D15493FC0F502F3F0
5895240156,Video Editor Intern,PALMONAS,Digital Marketing,Creative & Design Jobs,Entry / Junior,1,Unspecified / Pan-India,Unspecified,India,India,0,unspecified,contract,2026-09-23 19:42:15,2026-09-23,2026,9,23,Wednesday,,,,,1,150000.0,1.5,1,,,https://www.adzuna.in/land/ad/5895240156?se=1H52WbC78RGKj5CFZN1R3A&utm_medium=api&utm_source=f46203c2&v=1E632FA5F3534D91805FB56D7EA0AE94DF4AEFC8
5898126613,Zonal Manager,Chandigarh University - HR Department,Digital Marketing,Teaching Jobs,Manager,4,Unspecified / Pan-India,Unspecified,India,India,0,unspecified,unspecified,2026-09-25 15:21:29,2026-09-25,2026,9,25,Friday,,,,,1,775000.0,7.75,1,,,https://www.adzuna.in/land/ad/5898126613?se=1H52WbC78RGKj5CFZN1R3A&utm_medium=api&utm_source=f46203c2&v=B8B2221204DF14736F62D8433FF8F7512B4B2A02
5886610387,Social Media Manager,Scribble Solutions,Digital Marketing,"PR, Advertising & Marketing Jobs",Manager,4,Jaipur,Rajasthan,India,"Jaipur, Rajasthan",1,unspecified,unspecified,2026-09-17 01:17:04,2026-09-17,2026,9,17,Thursday,,,,,1,775000.0,7.75,1,26.7441,75.9469,https://www.adzuna.in/land/ad/5886610387?se=1H52WbC78RGKj5CFZN1R3A&utm_medium=api&utm_source=f46203c2&v=7101DBAD3DB592B877CBDF818D5B922F5E7BC69D
5891689667,Account Manager,Social Hippi,Digital Marketing,"PR, Advertising & Marketing Jobs",Manager,4,Bengaluru,Karnataka,India,"Bangalore, Karnataka",0,full_time,unspecified,2026-09-20 17:31:45,2026-09-20,2026,9,20,Sunday,,,,,1,775000.0,7.75,1,,,https://www.adzuna.in/land/ad/5891689667?se=1H52WbC78RGKj5CFZN1R3A&utm_medium=api&utm_source=f46203c2&v=EB84CC15C5810CEE5CCF5180D452C52572B63833
5901560402,Conference & Delegate Specialist,Alden Global,Digital Marketing,"PR, Advertising & Marketing Jobs",Mid-Level,2,Unspecified / Pan-India,Unspecified,India,India,0,unspecified,unspecified,2026-09-28 18:07:31,2026-09-28,2026,9,28,Monday,,,,,1,350000.0,3.5,1,,,https://www.adzuna.in/land/ad/5901560402?se=1H52WbC78RGKj5CFZN1R3A&utm_medium=api&utm_source=f46203c2&v=418A9037671F4CC710FB5E5BC9FD67722E1DEF27
5900615869,Admission Counsellor/ Outreach,Banyan Tree Schools,Digital Marketing,Admin Jobs,Mid-Level,2,Chandigarh / Mohali,Punjab,India,"Chandigarh, India",0,unspecified,unspecified,2026-09-27 18:05:51,2026-09-27,2026,9,27,Sunday,,,,,1,350000.0,3.5,1,30.75395,76.76094,https://www.adzuna.in/land/ad/5900615869?se=1H52WbC78RGKj5CFZN1R3A&utm_medium=api&utm_source=f46203c2&v=A1764D57D18D675AAD33552249D6E2D350084D0F
5857169730,Outreach Officer / BDE,Heion Ventures Pvt. Ltd.,Digital Marketing,"PR, Advertising & Marketing Jobs",Mid-Level,2,Jaipur,Rajasthan,India,"Jaipur, Rajasthan",0,full_time,unspecified,2026-08-26 22:03:09,2026-08-26,2026,8,26,Wednesday,,,,,1,350000.0,3.5,1,26.7441,75.9469,https://www.adzuna.in/land/ad/5857169730?se=1H52WbC78RGKj5CFZN1R3A&utm_medium=api&utm_source=f46203c2&v=432003D288EB19E2EEF4EABCF9A03565094630F5
5846297750,Senior Executive- Influencer Marketing,SocioClout - An Integrated Marketing Agency,Digital Marketing,"PR, Advertising & Marketing Jobs",Senior,3,Unspecified / Pan-India,Unspecified,India,India,0,unspecified,unspecified,2026-08-18 13:08:33,2026-08-18,2026,8,18,Tuesday,,,,,1,550000.0,5.5,1,,,https://www.adzuna.in/land/ad/5846297750?se=1H52WbC78RGKj5CFZN1R3A&utm_medium=api&utm_source=f46203c2&v=994AE540016C761ACF6684BB0C0D43BFE52479A9
5893922961,Business Development Manager,Forked Up Studios,Digital Marketing,Sales Jobs,Manager,4,Unspecified / Pan-India,Unspecified,India,India,0,full_time,unspecified,2026-09-22 17:36:13,2026-09-22,2026,9,22,Tuesday,,,,,1,775000.0,7.75,1,,,https://www.adzuna.in/land/ad/5893922961?se=1H52WbC78RGKj5CFZN1R3A&utm_medium=api&utm_source=f46203c2&v=FD1328F7FEB19B823D85D2C78D5CFECD51558F48
5875602616,Associate Creative Director,Licious,Digital Marketing,"PR, Advertising & Marketing Jobs",Executive / Director,6,Bengaluru,Karnataka,India,"Bangalore, Karnataka",0,unspecified,unspecified,2026-09-08 18:40:40,2026-09-08,2026,9,8,Tuesday,,,,,1,3000000.0,30.0,1,,,https://www.adzuna.in/land/ad/5875602616?se=Ji--WrC78RGh8MIOntL-mw&utm_medium=api&utm_source=f46203c2&v=BF8440DECE82A8C57F6D4E4EF908C23D6B2E47B8
5899511538,Business Development Manager,The Brand Chimp,Digital Marketing,Sales Jobs,Manager,4,Hyderabad,Telangana,India,"Hyderabad, Telangana",0,full_time,unspecified,2026-09-26 15:26:47,2026-09-26,2026,9,26,Saturday,,,,,1,775000.0,7.75,1,17.40275,78.50806,https://www.adzuna.in/land/ad/5899511538?se=Ji--WrC78RGh8MIOntL-mw&utm_medium=api&utm_source=f46203c2&v=D184C2CA150BB95D94AD4884D003A728BD6C0158
5901133236,Graphic Design Intern,Comet Healthcare Solutions,Digital Marketing,Creative & Design Jobs,Entry / Junior,1,Navi Mumbai,Maharashtra,India,"Navi Mumbai, Maharashtra",0,full_time,contract,2026-09-28 07:33:10,2026-09-28,2026,9,28,Monday,,,,,1,150000.0,1.5,1,19.02,73.02,https://www.adzuna.in/land/ad/5901133236?se=Ji--WrC78RGh8MIOntL-mw&utm_medium=api&utm_source=f46203c2&v=490FA28E0D43EB0B3BE3D7B25175A2E093CD0173
5893930109,Graphic Designer - Real Estate,Rouzy Tribe,Digital Marketing,Creative & Design Jobs,Mid-Level,2,Bengaluru,Karnataka,India,"Bangalore, Karnataka",0,unspecified,unspecified,2026-09-22 17:39:34,2026-09-22,2026,9,22,Tuesday,,,,,1,350000.0,3.5,1,,,https://www.adzuna.in/land/ad/5893930109?se=Ji--WrC78RGh8MIOntL-mw&utm_medium=api&utm_source=f46203c2&v=C2E4CCEA4F0EC223D2AB12B56BFC21CE67399B1A
5890612012,Wordpress Developer,Sadbhav Futuretech Limited,Digital Marketing,IT Jobs,Mid-Level,2,Remote,Remote,India,India,1,full_time,unspecified,2026-09-19 17:32:15,2026-09-19,2026,9,19,Saturday,,,,,1,350000.0,3.5,1,,,https://www.adzuna.in/land/ad/5890612012?se=Ji--WrC78RGh8MIOntL-mw&utm_medium=api&utm_source=f46203c2&v=03574375DB2A6E0ED1377D59BEC0F14B3EC14496
5887061106,ANALYST DIGITAL MKTG,TE Connectivity,Digital Marketing,"PR, Advertising & Marketing Jobs",Mid-Level,2,Bengaluru,Karnataka,India,"Bangalore, Karnataka",0,full_time,unspecified,2026-09-17 08:31:01,2026-09-17,2026,9,17,Thursday,,,,,1,350000.0,3.5,1,12.95703,77.59837,https://www.adzuna.in/land/ad/5887061106?se=Ji--WrC78RGh8MIOntL-mw&utm_medium=api&utm_source=f46203c2&v=23C6F894F92572BD83BD348588088C31FA3CF50F
5896612730,Graphic Designer,Alviras Solutions Pvt Ltd,Digital Marketing,Creative & Design Jobs,Mid-Level,2,Delhi NCR,Delhi,India,"New Delhi, Delhi",0,unspecified,unspecified,2026-09-24 15:17:38,2026-09-24,2026,9,24,Thursday,,,,,1,350000.0,3.5,1,28.62623,77.21808,https://www.adzuna.in/land/ad/5896612730?se=Ji--WrC78RGh8MIOntL-mw&utm_medium=api&utm_source=f46203c2&v=5C6764807C5AB4E8D6B6FA595CC1D7D8BD98A646
5898263718,Content Management Specialist,Danaher,Digital Marketing,IT Jobs,Manager,4,Kolkata,West Bengal,India,"Kolkata, West Bengal",0,full_time,unspecified,2026-09-25 16:35:07,2026-09-25,2026,9,25,Friday,,,,,1,775000.0,7.75,1,22.57285,88.34373,https://www.adzuna.in/land/ad/5898263718?se=Ji--WrC78RGh8MIOntL-mw&utm_medium=api&utm_source=f46203c2&v=C8397344D6FFD26F777239E8FEDE2644E2618925
5896613408,Creative Design Director,Epsilon,Digital Marketing,Creative & Design Jobs,Executive / Director,6,Bengaluru,Karnataka,India,"Bangalore, Karnataka",0,unspecified,unspecified,2026-09-24 15:18:05,2026-09-24,2026,9,24,Thursday,,,,,1,3000000.0,30.0,1,,,https://www.adzuna.in/land/ad/5896613408?se=Ji--WrC78RGh8MIOntL-mw&utm_medium=api&utm_source=f46203c2&v=25534065C973D9AF33DD054E3EE62EB6C3044D9E
5880952079,Account Manager,HiveMinds,Digital Marketing,"PR, Advertising & Marketing Jobs",Manager,4,Unspecified / Pan-India,Unspecified,India,India,0,unspecified,unspecified,2026-09-12 17:20:12,2026-09-12,2026,9,12,Saturday,,,,,1,775000.0,7.75,1,,,https://www.adzuna.in/land/ad/5880952079?se=Ji--WrC78RGh8MIOntL-mw&utm_medium=api&utm_source=f46203c2&v=F3427B648CBBB4D3B7BF7810CFAD589610EE5841
5889220892,Video Editor,Honasa Consumer Ltd.,Digital Marketing,"PR, Advertising & Marketing Jobs",Mid-Level,2,Unspecified / Pan-India,Unspecified,India,India,0,unspecified,unspecified,2026-09-18 17:30:26,2026-09-18,2026,9,18,Friday,,,,,1,350000.0,3.5,1,,,https://www.adzuna.in/land/ad/5889220892?se=Ji--WrC78RGh8MIOntL-mw&utm_medium=api&utm_source=f46203c2&v=8D7E8FF383A59545242CFF0EED174060D699E92D
5881766681,Social Media Manager,Trzy Innovationz,Digital Marketing,"PR, Advertising & Marketing Jobs",Manager,4,Unspecified / Pan-India,Unspecified,India,India,0,full_time,unspecified,2026-09-13 01:09:03,2026-09-13,2026,9,13,Sunday,,,,,1,775000.0,7.75,1,,,https://www.adzuna.in/land/ad/5881766681?se=Ji--WrC78RGh8MIOntL-mw&utm_medium=api&utm_source=f46203c2&v=E2F4D9DF0AE811C41EFEEAAB90EFB32FA157D19A
5879661879,Client Acquisition / Business Development - (B2B),Talent Toppers,Digital Marketing,Sales Jobs,Mid-Level,2,Noida,Uttar Pradesh,India,"Noida, Ghaziabad",0,unspecified,permanent,2026-09-11 17:12:26,2026-09-11,2026,9,11,Friday,,,,,1,350000.0,3.5,1,28.56579,77.3225,https://www.adzuna.in/land/ad/5879661879?se=Ji--WrC78RGh8MIOntL-mw&utm_medium=api&utm_source=f46203c2&v=6DCE7189C198E6CD9E7FE3A6AFD285729F813569
5900875842,Growth Manager (Upto 10L),Grexa AI,Digital Marketing,Sales Jobs,Manager,4,Navi Mumbai,Maharashtra,India,"Navi Mumbai, Maharashtra",0,full_time,unspecified,2026-09-28 02:03:23,2026-09-28,2026,9,28,Monday,,,,,1,775000.0,7.75,1,19.02,73.02,https://www.adzuna.in/land/ad/5900875842?se=Ji--WrC78RGh8MIOntL-mw&utm_medium=api&utm_source=f46203c2&v=024019B13E5060C537D8355F4E4B211892AE7960
5901928068,Buisness Development Manager,Thryvd,Digital Marketing,Sales Jobs,Manager,4,Delhi NCR,Delhi,India,"New Delhi, Delhi",0,full_time,unspecified,2026-09-29 02:05:24,2026-09-29,2026,9,29,Tuesday,,,,,1,775000.0,7.75,1,28.62623,77.21808,https://www.adzuna.in/land/ad/5901928068?se=Ji--WrC78RGh8MIOntL-mw&utm_medium=api&utm_source=f46203c2&v=7CFD5C63026FBBAD7EAD6ADD7F5A1F7ED21881A7
5849116269,Digital marketing,Sanoha Global Private Limited,Digital Marketing,"PR, Advertising & Marketing Jobs",Mid-Level,2,Unspecified / Pan-India,Unspecified,India,India,0,full_time,permanent,2026-08-20 07:10:42,2026-08-20,2026,8,20,Thursday,540000.0,840000.0,690000.0,6.9,0,690000.0,6.9,0,,,https://www.adzuna.in/details/5849116269?utm_medium=api&utm_source=f46203c2
5873278361,Content Writer,Novac Technology Solutions,Digital Marketing,"PR, Advertising & Marketing Jobs",Mid-Level,2,Chennai,Tamil Nadu,India,"Chennai, Tamil Nadu",0,unspecified,unspecified,2026-09-07 00:59:29,2026-09-07,2026,9,7,Monday,,,,,1,350000.0,3.5,1,13.06041,80.24963,https://www.adzuna.in/land/ad/5873278361?se=Ji--WrC78RGh8MIOntL-mw&utm_medium=api&utm_source=f46203c2&v=3DC2B440A532AB8C9BE5F8A807AD860615F62811
5899975938,Graphic Designer,SprintCo,Digital Marketing,"PR, Advertising & Marketing Jobs",Mid-Level,2,Mumbai,Maharashtra,India,"Mumbai, Maharashtra",0,unspecified,unspecified,2026-09-27 01:59:04,2026-09-27,2026,9,27,Sunday,,,,,1,350000.0,3.5,1,19.00821,72.84415,https://www.adzuna.in/land/ad/5899975938?se=Ji--WrC78RGh8MIOntL-mw&utm_medium=api&utm_source=f46203c2&v=35C85BF5DD8C9F99461E7898FA40D52BC8AC1A4D
5898128484,Lead - Loyalty,Air India Express,Digital Marketing,"PR, Advertising & Marketing Jobs",Lead / Architect,5,Unspecified / Pan-India,Unspecified,India,India,0,unspecified,unspecified,2026-09-25 15:23:17,2026-09-25,2026,9,25,Friday,,,,,1,600000.0,6.0,1,,,https://www.adzuna.in/land/ad/5898128484?se=Ji--WrC78RGh8MIOntL-mw&utm_medium=api&utm_source=f46203c2&v=DF63ED2729B989706C267EE4D527764953214C23
5892765436,Graphic Designer & Video editor,Unique World Robotics,Digital Marketing,Creative & Design Jobs,Mid-Level,2,Kochi,Kerala,India,"Kochi, Ernakulam",0,unspecified,contract,2026-09-21 17:34:57,2026-09-21,2026,9,21,Monday,,,,,1,350000.0,3.5,1,9.98011,76.24637,https://www.adzuna.in/land/ad/5892765436?se=Ji--WrC78RGh8MIOntL-mw&utm_medium=api&utm_source=f46203c2&v=642C09BAF1B0C03BB2E10BC3FEF53D4F1CACFAFC
4704418874,Digital Marketing,Lead Height,Digital Marketing,"PR, Advertising & Marketing Jobs",Mid-Level,2,Kolkata,West Bengal,India,"Kolkata, West Bengal",0,full_time,unspecified,2024-05-23 11:04:23,2024-05-23,2024,5,23,Thursday,100000.0,240000.0,170000.0,1.7,0,170000.0,1.7,0,22.57285,88.34373,https://www.adzuna.in/details/4704418874?utm_medium=api&utm_source=f46203c2
5295061189,Digital Marketing,SC LINES SHIPPING LOGISTICS PVT LTD,Digital Marketing,"PR, Advertising & Marketing Jobs",Mid-Level,2,Unspecified / Pan-India,Unspecified,India,India,0,full_time,unspecified,2025-07-10 07:44:13,2025-07-10,2025,7,10,Thursday,420000.0,480000.0,450000.0,4.5,0,450000.0,4.5,0,,,https://www.adzuna.in/details/5295061189?utm_medium=api&utm_source=f46203c2
4845636795,Digital Marketing,Black Market,Digital Marketing,"PR, Advertising & Marketing Jobs",Mid-Level,2,Unspecified / Pan-India,Unspecified,India,India,0,full_time,contract,2024-08-31 10:38:14,2024-08-31,2024,8,31,Saturday,400000.0,4800000.0,2600000.0,26.0,0,2600000.0,26.0,0,,,https://www.adzuna.in/details/4845636795?utm_medium=api&utm_source=f46203c2
5854846745,Digital Marketing,South Cotton Fabs,Digital Marketing,"PR, Advertising & Marketing Jobs",Mid-Level,2,Unspecified / Pan-India,Unspecified,India,India,0,full_time,unspecified,2026-08-25 07:17:14,2026-08-25,2026,8,25,Tuesday,,,,,1,350000.0,3.5,1,,,https://www.adzuna.in/details/5854846745?utm_medium=api&utm_source=f46203c2
5130342269,Digital Marketing,Guitaa Technology,Digital Marketing,"PR, Advertising & Marketing Jobs",Mid-Level,2,Jaipur,Rajasthan,India,"Jaipur, Rajasthan",0,full_time,unspecified,2025-04-05 06:52:02,2025-04-05,2025,4,5,Saturday,60000.0,250000.0,155000.0,1.55,0,155000.0,1.55,0,26.7441,75.9469,https://www.adzuna.in/details/5130342269?utm_medium=api&utm_source=f46203c2
5503837139,Digital Marketing,TWS Technology,Digital Marketing,"PR, Advertising & Marketing Jobs",Mid-Level,2,Kota,Rajasthan,India,"Kota, Rajasthan",1,unspecified,contract,2025-11-20 00:58:14,2025-11-20,2025,11,20,Thursday,,,,,1,350000.0,3.5,1,25.23239,75.92905,https://www.adzuna.in/details/5503837139?utm_medium=api&utm_source=f46203c2
4686702078,Digital Marketing,Unknown,Digital Marketing,"PR, Advertising & Marketing Jobs",Mid-Level,2,Noida,Uttar Pradesh,India,"Noida, Ghaziabad",0,unspecified,unspecified,2024-05-10 07:38:30,2024-05-10,2024,5,10,Friday,,,,,1,350000.0,3.5,1,28.56579,77.3225,https://www.adzuna.in/details/4686702078?utm_medium=api&utm_source=f46203c2
5594762349,DIGITAL MARKETING,SHAH CONSULTANCY,Digital Marketing,"PR, Advertising & Marketing Jobs",Mid-Level,2,Vadodara,Gujarat,India,"Vadodara, Gujarat",0,full_time,unspecified,2026-01-22 04:05:24,2026-01-22,2026,1,22,Thursday,,,,,1,350000.0,3.5,1,22.2891,73.1924,https://www.adzuna.in/details/5594762349?utm_medium=api&utm_source=f46203c2
3189580362,Digital Marketing,MANI WEB SOLUTIONS PVT LTD,Digital Marketing,"PR, Advertising & Marketing Jobs",Mid-Level,2,Unspecified / Pan-India,Unspecified,India,India,0,full_time,unspecified,2022-06-02 06:13:33,2022-06-02,2022,6,2,Thursday,300000.0,500000.0,400000.0,4.0,0,400000.0,4.0,0,,,https://www.adzuna.in/details/3189580362?utm_medium=api&utm_source=f46203c2
5873987683,Digital Marketing,Truely Marry,Digital Marketing,"PR, Advertising & Marketing Jobs",Mid-Level,2,Kanpur Dehat,Uttar Pradesh,India,"Kanpur Dehat, Uttar Pradesh",1,full_time,unspecified,2026-09-07 16:09:57,2026-09-07,2026,9,7,Monday,,,,,1,350000.0,3.5,1,26.37574,80.10093,https://www.adzuna.in/details/5873987683?utm_medium=api&utm_source=f46203c2
3765282515,Digital Marketing,Dailypit,Digital Marketing,"PR, Advertising & Marketing Jobs",Mid-Level,2,Delhi NCR,Delhi,India,"Delhi, India",0,full_time,unspecified,2022-12-11 06:00:03,2022-12-11,2022,12,11,Sunday,200000.0,250000.0,225000.0,2.25,0,225000.0,2.25,0,28.62523,77.224601,https://www.adzuna.in/details/3765282515?utm_medium=api&utm_source=f46203c2
5629202294,Digital Marketing,Hunarstreet Technologies Pvt Ltd,Digital Marketing,"PR, Advertising & Marketing Jobs",Mid-Level,2,Mumbai,Maharashtra,India,"Mumbai, Maharashtra",0,full_time,unspecified,2026-02-14 11:46:06,2026-02-14,2026,2,14,Saturday,100000.0,300000.0,200000.0,2.0,0,200000.0,2.0,0,19.00821,72.84415,https://www.adzuna.in/details/5629202294?utm_medium=api&utm_source=f46203c2
4686706612,Digital Marketing,Unknown,Digital Marketing,"PR, Advertising & Marketing Jobs",Mid-Level,2,Mumbai,Maharashtra,India,"Mumbai, Maharashtra",0,unspecified,unspecified,2024-05-10 07:39:02,2024-05-10,2024,5,10,Friday,,,,,1,350000.0,3.5,1,19.00821,72.84415,https://www.adzuna.in/details/4686706612?utm_medium=api&utm_source=f46203c2
4378469500,Digital marketing,Hitech Enterprises,Digital Marketing,"PR, Advertising & Marketing Jobs",Mid-Level,2,Unspecified / Pan-India,Unspecified,India,India,0,full_time,contract,2023-10-18 14:47:44,2023-10-18,2023,10,18,Wednesday,150000.0,350000.0,250000.0,2.5,0,250000.0,2.5,0,,,https://www.adzuna.in/details/4378469500?utm_medium=api&utm_source=f46203c2
5752584712,Digital Marketing,Placemein Hr solutions,Digital Marketing,"PR, Advertising & Marketing Jobs",Mid-Level,2,Hyderabad,Telangana,India,"Hyderabad, Telangana",0,unspecified,contract,2026-06-05 06:18:10,2026-06-05,2026,6,5,Friday,,,,,1,350000.0,3.5,1,17.40275,78.50806,https://www.adzuna.in/details/5752584712?utm_medium=api&utm_source=f46203c2
5899925007,Digital Marketing,Nextenti Tech Private Limited,Digital Marketing,"PR, Advertising & Marketing Jobs",Mid-Level,2,Kakinada,Andhra Pradesh,India,"Kakinada, East Godavari",0,full_time,permanent,2026-09-26 22:39:38,2026-09-26,2026,9,26,Saturday,,,,,1,350000.0,3.5,1,16.84225,82.1458,https://www.adzuna.in/details/5899925007?utm_medium=api&utm_source=f46203c2
4252794835,Digital Marketing,Concretio Apps,Digital Marketing,"PR, Advertising & Marketing Jobs",Mid-Level,2,Unspecified / Pan-India,Unspecified,India,India,0,full_time,unspecified,2023-08-10 13:24:26,2023-08-10,2023,8,10,Thursday,100000.0,200000.0,150000.0,1.5,0,150000.0,1.5,0,,,https://www.adzuna.in/details/4252794835?utm_medium=api&utm_source=f46203c2
5727222650,Digital Marketing,Kaapro Management Solutions,Digital Marketing,"PR, Advertising & Marketing Jobs",Mid-Level,2,Indore,Madhya Pradesh,India,"Indore, Madhya Pradesh",0,full_time,unspecified,2026-05-13 02:11:53,2026-05-13,2026,5,13,Wednesday,2160000.0,4200000.0,3180000.0,31.8,0,3180000.0,31.8,0,22.66215,75.9035,https://www.adzuna.in/details/5727222650?utm_medium=api&utm_source=f46203c2
2406633285,Digital Marketing,Multi Recruit,Digital Marketing,"PR, Advertising & Marketing Jobs",Mid-Level,2,Bengaluru,Karnataka,India,"Bangalore, Karnataka",0,full_time,unspecified,2021-08-25 23:05:57,2021-08-25,2021,8,25,Wednesday,0.0,600000.0,600000.0,6.0,0,600000.0,6.0,0,,,https://www.adzuna.in/details/2406633285?utm_medium=api&utm_source=f46203c2
5861793284,Digital Marketing,3G HR Services,Digital Marketing,"PR, Advertising & Marketing Jobs",Mid-Level,2,Hyderabad,Telangana,India,"Hyderabad, Telangana",0,unspecified,unspecified,2026-08-30 07:39:35,2026-08-30,2026,8,30,Sunday,,,,,1,350000.0,3.5,1,17.40275,78.50806,https://www.adzuna.in/details/5861793284?utm_medium=api&utm_source=f46203c2
5780763703,Digital Marketing,AnandBodh Wellness,Digital Marketing,IT Jobs,Mid-Level,2,Gurugram,Haryana,India,"Dlf Ph, Gurgaon",0,unspecified,unspecified,2026-06-29 08:16:10,2026-06-29,2026,6,29,Monday,60000.0,180000.0,120000.0,1.2,0,120000.0,1.2,0,28.09623,76.97395,https://www.adzuna.in/details/5780763703?utm_medium=api&utm_source=f46203c2
5787517617,Digital Marketing,AnandBodh Wellness,Digital Marketing,IT Jobs,Mid-Level,2,Jaipur,Rajasthan,India,"Sanganer, Jaipur",0,unspecified,unspecified,2026-07-04 08:29:36,2026-07-04,2026,7,4,Saturday,60000.0,180000.0,120000.0,1.2,0,120000.0,1.2,0,26.9361,75.76175,https://www.adzuna.in/details/5787517617?utm_medium=api&utm_source=f46203c2
5820747973,Digital Marketing,Biorev,Digital Marketing,"PR, Advertising & Marketing Jobs",Mid-Level,2,Chandigarh / Mohali,Punjab,India,"Chandigarh, India",0,full_time,permanent,2026-07-30 10:42:49,2026-07-30,2026,7,30,Thursday,,,,,1,350000.0,3.5,1,30.75395,76.76094,https://www.adzuna.in/details/5820747973?utm_medium=api&utm_source=f46203c2
5598463969,Digital Marketing,Hunarstreet Technologies Pvt Ltd,Digital Marketing,"PR, Advertising & Marketing Jobs",Mid-Level,2,Navi Mumbai,Maharashtra,India,"Navi Mumbai, Maharashtra",0,full_time,unspecified,2026-01-24 11:20:47,2026-01-24,2026,1,24,Saturday,50000.0,450000.0,250000.0,2.5,0,250000.0,2.5,0,19.02,73.02,https://www.adzuna.in/details/5598463969?utm_medium=api&utm_source=f46203c2
2280006027,Digital Marketing,Multi Recruit,Digital Marketing,"PR, Advertising & Marketing Jobs",Mid-Level,2,Bengaluru,Karnataka,India,"Bangalore, Karnataka",0,full_time,unspecified,2021-06-25 21:50:29,2021-06-25,2021,6,25,Friday,0.0,800000.0,800000.0,8.0,0,800000.0,8.0,0,,,https://www.adzuna.in/details/2280006027?utm_medium=api&utm_source=f46203c2
4755980179,Digital Marketing,Click400 Technologies Pvt Ltd,Digital Marketing,"PR, Advertising & Marketing Jobs",Mid-Level,2,Jodhpur,Rajasthan,India,"Jodhpur, Rajasthan",0,full_time,unspecified,2024-06-28 10:26:38,2024-06-28,2024,6,28,Friday,200000.0,400000.0,300000.0,3.0,0,300000.0,3.0,0,26.3379,73.0305,https://www.adzuna.in/details/4755980179?utm_medium=api&utm_source=f46203c2
5400948243,Digital marketing,VY SYSTEMS PRIVATE LIMITED,Digital Marketing,"PR, Advertising & Marketing Jobs",Mid-Level,2,Hyderabad,Telangana,India,"Hyderabad, Telangana",0,full_time,unspecified,2025-09-16 06:33:43,2025-09-16,2025,9,16,Tuesday,100000.0,200000.0,150000.0,1.5,0,150000.0,1.5,0,17.40275,78.50806,https://www.adzuna.in/details/5400948243?utm_medium=api&utm_source=f46203c2
5684977520,Digital Marketing,Hunarstreet Technologies Pvt Ltd,Digital Marketing,"PR, Advertising & Marketing Jobs",Mid-Level,2,Navi Mumbai,Maharashtra,India,"Navi Mumbai, Maharashtra",0,full_time,unspecified,2026-04-01 11:39:35,2026-04-01,2026,4,1,Wednesday,100000.0,300000.0,200000.0,2.0,0,200000.0,2.0,0,19.02,73.02,https://www.adzuna.in/details/5684977520?utm_medium=api&utm_source=f46203c2
2971620521,Digital Marketing,ANS Commerce,Digital Marketing,"PR, Advertising & Marketing Jobs",Mid-Level,2,Gurugram,Haryana,India,"Gurgaon, Haryana",0,full_time,unspecified,2022-03-15 05:10:07,2022-03-15,2022,3,15,Tuesday,0.0,600000.0,600000.0,6.0,0,600000.0,6.0,0,28.323996,76.983738,https://www.adzuna.in/details/2971620521?utm_medium=api&utm_source=f46203c2
5887004458,Digital Marketing,SmartDocs Business Solutions Private Limited,Digital Marketing,"PR, Advertising & Marketing Jobs",Mid-Level,2,Hyderabad,Telangana,India,"Hyderabad, Telangana",0,unspecified,unspecified,2026-09-17 07:42:55,2026-09-17,2026,9,17,Thursday,,,,,1,350000.0,3.5,1,17.40275,78.50806,https://www.adzuna.in/details/5887004458?utm_medium=api&utm_source=f46203c2
5436739596,Digital Marketing,elite manpower and training academy,Digital Marketing,"PR, Advertising & Marketing Jobs",Mid-Level,2,Indore,Madhya Pradesh,India,"Indore, Madhya Pradesh",0,full_time,unspecified,2025-10-08 09:20:49,2025-10-08,2025,10,8,Wednesday,300000.0,600000.0,450000.0,4.5,0,450000.0,4.5,0,22.66215,75.9035,https://www.adzuna.in/details/5436739596?utm_medium=api&utm_source=f46203c2
5896644762,Digital Marketing,Surya International Enterprise Ltd,Digital Marketing,"PR, Advertising & Marketing Jobs",Mid-Level,2,Bhubaneswar,Orissa,India,"Bhubaneswar, Khordha",0,full_time,unspecified,2026-09-24 16:14:23,2026-09-24,2026,9,24,Thursday,200000.0,400000.0,300000.0,3.0,0,300000.0,3.0,0,20.2697,85.85055,https://www.adzuna.in/details/5896644762?utm_medium=api&utm_source=f46203c2
3005745568,Digital Marketing,Codegama LLP,Digital Marketing,"PR, Advertising & Marketing Jobs",Mid-Level,2,Bengaluru,Karnataka,India,"Bangalore, Karnataka",0,full_time,unspecified,2022-03-29 05:13:07,2022-03-29,2022,3,29,Tuesday,200000.0,400000.0,300000.0,3.0,0,300000.0,3.0,0,,,https://www.adzuna.in/details/3005745568?utm_medium=api&utm_source=f46203c2
4605139827,DIGITAL MARKETING,UN IT ERP ACADEMY,Digital Marketing,"PR, Advertising & Marketing Jobs",Mid-Level,2,Kolkata,West Bengal,India,"Kolkata, West Bengal",0,full_time,permanent,2024-03-13 15:48:18,2024-03-13,2024,3,13,Wednesday,300000.0,400000.0,350000.0,3.5,0,350000.0,3.5,0,22.57285,88.34373,https://www.adzuna.in/details/4605139827?utm_medium=api&utm_source=f46203c2
5864338127,Digital Marketing,Tikshark,Digital Marketing,"PR, Advertising & Marketing Jobs",Mid-Level,2,Noida,Uttar Pradesh,India,"Noida, Ghaziabad",0,full_time,unspecified,2026-09-01 16:06:38,2026-09-01,2026,9,1,Tuesday,200000.0,300000.0,250000.0,2.5,0,250000.0,2.5,0,28.56579,77.3225,https://www.adzuna.in/details/5864338127?utm_medium=api&utm_source=f46203c2
3700043194,Digital Marketing,Click400 Technologies Pvt Ltd,Digital Marketing,"PR, Advertising & Marketing Jobs",Mid-Level,2,Jodhpur,Rajasthan,India,"Jodhpur, Rajasthan",0,full_time,unspecified,2022-11-18 08:32:13,2022-11-18,2022,11,18,Friday,100000.0,180000.0,140000.0,1.4,0,140000.0,1.4,0,26.3379,73.0305,https://www.adzuna.in/details/3700043194?utm_medium=api&utm_source=f46203c2
5787812231,Digital Marketing,funding sathi,Digital Marketing,"PR, Advertising & Marketing Jobs",Mid-Level,2,Mumbai,Maharashtra,India,"Mumbai, Maharashtra",0,full_time,unspecified,2026-07-04 15:01:40,2026-07-04,2026,7,4,Saturday,300000.0,700000.0,500000.0,5.0,0,500000.0,5.0,0,19.00821,72.84415,https://www.adzuna.in/details/5787812231?utm_medium=api&utm_source=f46203c2
3154605538,Digital Marketing,Plexcel Info Systems Pvt Ltd,Digital Marketing,"PR, Advertising & Marketing Jobs",Mid-Level,2,Hyderabad,Telangana,India,"Hyderabad, Telangana",0,full_time,unspecified,2022-05-21 05:29:53,2022-05-21,2022,5,21,Saturday,500000.0,800000.0,650000.0,6.5,0,650000.0,6.5,0,17.40275,78.50806,https://www.adzuna.in/details/3154605538?utm_medium=api&utm_source=f46203c2
2297742726,Digital Marketing,Multi Recruit,Digital Marketing,"PR, Advertising & Marketing Jobs",Mid-Level,2,Bengaluru,Karnataka,India,"Bangalore, Karnataka",0,full_time,unspecified,2021-07-03 21:20:27,2021-07-03,2021,7,3,Saturday,1500000.0,2000000.0,1750000.0,17.5,0,1750000.0,17.5,0,,,https://www.adzuna.in/details/2297742726?utm_medium=api&utm_source=f46203c2
4686706684,Digital Marketing,Unknown,Digital Marketing,IT Jobs,Mid-Level,2,Mumbai,Maharashtra,India,"Mumbai, Maharashtra",0,unspecified,unspecified,2024-05-10 07:39:03,2024-05-10,2024,5,10,Friday,,,,,1,350000.0,3.5,1,19.00821,72.84415,https://www.adzuna.in/details/4686706684?utm_medium=api&utm_source=f46203c2
4686705390,Digital Marketing,Unknown,Digital Marketing,"PR, Advertising & Marketing Jobs",Mid-Level,2,Bengaluru,Karnataka,India,"Bangalore, Karnataka",0,unspecified,unspecified,2024-05-10 07:38:54,2024-05-10,2024,5,10,Friday,,,,,1,350000.0,3.5,1,12.95703,77.59837,https://www.adzuna.in/details/4686705390?utm_medium=api&utm_source=f46203c2
4686707077,Digital Marketing,Unknown,Digital Marketing,IT Jobs,Mid-Level,2,Mumbai,Maharashtra,India,"Mumbai, Maharashtra",0,unspecified,unspecified,2024-05-10 07:39:06,2024-05-10,2024,5,10,Friday,,,,,1,350000.0,3.5,1,19.00821,72.84415,https://www.adzuna.in/details/4686707077?utm_medium=api&utm_source=f46203c2
5604380169,Digital Marketing,KG Agile,Digital Marketing,"PR, Advertising & Marketing Jobs",Mid-Level,2,Coimbatore,Tamil Nadu,India,"Coimbatore, Tamil Nadu",0,full_time,unspecified,2026-01-29 10:52:48,2026-01-29,2026,1,29,Thursday,200000.0,500000.0,350000.0,3.5,0,350000.0,3.5,0,11.017171,77.100203,https://www.adzuna.in/details/5604380169?utm_medium=api&utm_source=f46203c2
5783359519,Digital Marketing,BookEventz,Digital Marketing,"PR, Advertising & Marketing Jobs",Mid-Level,2,Unspecified / Pan-India,Unspecified,India,India,0,full_time,unspecified,2026-07-01 14:53:49,2026-07-01,2026,7,1,Wednesday,200000.0,400000.0,300000.0,3.0,0,300000.0,3.0,0,,,https://www.adzuna.in/details/5783359519?utm_medium=api&utm_source=f46203c2
5858121092,Digital Marketing,id8 media solutions private limited,Digital Marketing,"PR, Advertising & Marketing Jobs",Mid-Level,2,Mumbai,Maharashtra,India,"Mumbai, Maharashtra",0,full_time,unspecified,2026-08-27 16:04:56,2026-08-27,2026,8,27,Thursday,200000.0,300000.0,250000.0,2.5,0,250000.0,2.5,0,19.00821,72.84415,https://www.adzuna.in/details/5858121092?utm_medium=api&utm_source=f46203c2
5210027134,Digital Marketing,KG Microcollege,Digital Marketing,"PR, Advertising & Marketing Jobs",Mid-Level,2,Coimbatore,Tamil Nadu,India,"Coimbatore, Tamil Nadu",0,full_time,unspecified,2025-05-22 04:55:33,2025-05-22,2025,5,22,Thursday,350000.0,500000.0,425000.0,4.25,0,425000.0,4.25,0,11.017171,77.100203,https://www.adzuna.in/details/5210027134?utm_medium=api&utm_source=f46203c2
5210027135,Digital Marketing,KG Microcollege,Digital Marketing,"PR, Advertising & Marketing Jobs",Mid-Level,2,Coimbatore,Tamil Nadu,India,"Coimbatore, Tamil Nadu",0,full_time,unspecified,2025-05-22 04:55:33,2025-05-22,2025,5,22,Thursday,350000.0,500000.0,425000.0,4.25,0,425000.0,4.25,0,11.017171,77.100203,https://www.adzuna.in/details/5210027135?utm_medium=api&utm_source=f46203c2
2901510959,Digital marketing,Worksymphony,Digital Marketing,Creative & Design Jobs,Mid-Level,2,Pune,Maharashtra,India,"Pune, Maharashtra",0,full_time,unspecified,2022-02-16 05:00:44,2022-02-16,2022,2,16,Wednesday,100000.0,400000.0,250000.0,2.5,0,250000.0,2.5,0,18.5062,73.84735,https://www.adzuna.in/details/2901510959?utm_medium=api&utm_source=f46203c2
5538504230,Digital Marketing,I Cap Financial Services,Digital Marketing,"PR, Advertising & Marketing Jobs",Mid-Level,2,Bengaluru,Karnataka,India,"Bangalore, Karnataka",0,full_time,unspecified,2025-12-12 02:46:40,2025-12-12,2025,12,12,Friday,,,,,1,350000.0,3.5,1,,,https://www.adzuna.in/details/5538504230?utm_medium=api&utm_source=f46203c2
4686707766,Digital Marketing,Unknown,Digital Marketing,"PR, Advertising & Marketing Jobs",Mid-Level,2,Lucknow,Uttar Pradesh,India,"Lucknow, Uttar Pradesh",0,unspecified,unspecified,2024-05-10 07:39:11,2024-05-10,2024,5,10,Friday,,,,,1,350000.0,3.5,1,26.8677,80.8897,https://www.adzuna.in/details/4686707766?utm_medium=api&utm_source=f46203c2
2417763709,Digital Marketing,Ladybird Web Solution Pvt Ltd,Digital Marketing,"PR, Advertising & Marketing Jobs",Mid-Level,2,Bengaluru,Karnataka,India,"Bangalore, Karnataka",0,full_time,unspecified,2021-08-30 00:18:30,2021-08-30,2021,8,30,Monday,0.0,500000.0,500000.0,5.0,0,500000.0,5.0,0,,,https://www.adzuna.in/details/2417763709?utm_medium=api&utm_source=f46203c2
3529447064,Digital Marketing,Fresh In The Wild,Digital Marketing,IT Jobs,Mid-Level,2,Unspecified / Pan-India,Unspecified,India,India,0,full_time,unspecified,2022-09-28 06:57:45,2022-09-28,2022,9,28,Wednesday,400000.0,3600000.0,2000000.0,20.0,0,2000000.0,20.0,0,,,https://www.adzuna.in/details/3529447064?utm_medium=api&utm_source=f46203c2
5400948239,digital Marketing,VY SYSTEMS PRIVATE LIMITED,Digital Marketing,IT Jobs,Mid-Level,2,Hyderabad,Telangana,India,"Hyderabad, Telangana",0,full_time,permanent,2025-09-16 06:33:43,2025-09-16,2025,9,16,Tuesday,100000.0,200000.0,150000.0,1.5,0,150000.0,1.5,0,17.40275,78.50806,https://www.adzuna.in/details/5400948239?utm_medium=api&utm_source=f46203c2
2341052213,Digital Marketing,Multi Recruit,Digital Marketing,Sales Jobs,Mid-Level,2,Chennai,Tamil Nadu,India,"Chennai, Tamil Nadu",0,full_time,unspecified,2021-07-25 21:21:51,2021-07-25,2021,7,25,Sunday,0.0,700000.0,700000.0,7.0,0,700000.0,7.0,0,13.06041,80.24963,https://www.adzuna.in/details/2341052213?utm_medium=api&utm_source=f46203c2
5787268718,Digital Marketing,Arwin Global Solutions,Digital Marketing,"PR, Advertising & Marketing Jobs",Mid-Level,2,Unspecified / Pan-India,Andhra Pradesh,India,"Andhra Pradesh, India",0,full_time,unspecified,2026-07-04 02:42:56,2026-07-04,2026,7,4,Saturday,,,,,1,350000.0,3.5,1,,,https://www.adzuna.in/details/5787268718?utm_medium=api&utm_source=f46203c2
3690667189,Digital Marketing,Headphonezone,Digital Marketing,"PR, Advertising & Marketing Jobs",Mid-Level,2,Unspecified / Pan-India,Unspecified,India,India,0,full_time,unspecified,2022-11-15 05:54:56,2022-11-15,2022,11,15,Tuesday,10000.0,800000.0,405000.0,4.05,0,405000.0,4.05,0,,,https://www.adzuna.in/details/3690667189?utm_medium=api&utm_source=f46203c2
3300503237,Digital Marketing,Creador Designs,Digital Marketing,"PR, Advertising & Marketing Jobs",Mid-Level,2,Unspecified / Pan-India,Unspecified,India,India,0,full_time,unspecified,2022-07-08 06:39:06,2022-07-08,2022,7,8,Friday,250000.0,350000.0,300000.0,3.0,0,300000.0,3.0,0,,,https://www.adzuna.in/details/3300503237?utm_medium=api&utm_source=f46203c2
5761801326,Digital Marketing,Restro Consultants,Digital Marketing,"PR, Advertising & Marketing Jobs",Mid-Level,2,Unspecified / Pan-India,Unspecified,India,India,0,full_time,unspecified,2026-06-13 02:37:49,2026-06-13,2026,6,13,Saturday,,,,,1,350000.0,3.5,1,,,https://www.adzuna.in/details/5761801326?utm_medium=api&utm_source=f46203c2
4686703912,Digital Marketing,Unknown,Digital Marketing,IT Jobs,Mid-Level,2,Delhi NCR,Delhi,India,"Delhi, India",0,unspecified,unspecified,2024-05-10 07:38:43,2024-05-10,2024,5,10,Friday,,,,,1,350000.0,3.5,1,28.62523,77.224601,https://www.adzuna.in/details/4686703912?utm_medium=api&utm_source=f46203c2
4686700325,Digital Marketing,Unknown,Digital Marketing,"PR, Advertising & Marketing Jobs",Mid-Level,2,Gurugram,Haryana,India,"Gurgaon, Haryana",1,unspecified,unspecified,2024-05-10 07:38:18,2024-05-10,2024,5,10,Friday,,,,,1,350000.0,3.5,1,28.323996,76.983738,https://www.adzuna.in/details/4686700325?utm_medium=api&utm_source=f46203c2
3025809692,Digital Marketing,ACME E Services,Digital Marketing,"PR, Advertising & Marketing Jobs",Mid-Level,2,Mumbai,Maharashtra,India,"Mumbai, Maharashtra",0,full_time,unspecified,2022-04-05 05:16:00,2022-04-05,2022,4,5,Tuesday,200000.0,500000.0,350000.0,3.5,0,350000.0,3.5,0,19.00821,72.84415,https://www.adzuna.in/details/3025809692?utm_medium=api&utm_source=f46203c2
5090172978,Digital Marketing,Talentoindia,Digital Marketing,"PR, Advertising & Marketing Jobs",Mid-Level,2,Jaipur,Rajasthan,India,"Jaipur, Rajasthan",0,full_time,unspecified,2025-03-13 04:29:45,2025-03-13,2025,3,13,Thursday,240000.0,350000.0,295000.0,2.95,0,295000.0,2.95,0,26.7441,75.9469,https://www.adzuna.in/details/5090172978?utm_medium=api&utm_source=f46203c2
4686702209,Digital Marketing,Unknown,Digital Marketing,"PR, Advertising & Marketing Jobs",Mid-Level,2,Ghaziabad,Uttar Pradesh,India,"Ghaziabad, Uttar Pradesh",0,unspecified,unspecified,2024-05-10 07:38:31,2024-05-10,2024,5,10,Friday,,,,,1,350000.0,3.5,1,28.6735,77.4199,https://www.adzuna.in/details/4686702209?utm_medium=api&utm_source=f46203c2
5727136017,Digital Marketing,RECEX,Digital Marketing,Creative & Design Jobs,Mid-Level,2,Ghaziabad,Uttar Pradesh,India,"Ghaziabad, Uttar Pradesh",0,full_time,unspecified,2026-05-13 02:04:07,2026-05-13,2026,5,13,Wednesday,2880000.0,3600000.0,3240000.0,32.4,0,3240000.0,32.4,0,28.6735,77.4199,https://www.adzuna.in/details/5727136017?utm_medium=api&utm_source=f46203c2
4315072735,Digital Marketing,Relinns Technologies Pvt Ltd,Digital Marketing,Sales Jobs,Mid-Level,2,Chandigarh / Mohali,Punjab,India,"Mohali, Punjab",0,full_time,unspecified,2023-09-15 13:10:06,2023-09-15,2023,9,15,Friday,,,,,1,350000.0,3.5,1,30.7545,76.6406,https://www.adzuna.in/details/4315072735?utm_medium=api&utm_source=f46203c2
5727246328,Digital Marketing,Actide International,Digital Marketing,"PR, Advertising & Marketing Jobs",Mid-Level,2,Ahmedabad,Gujarat,India,"Ahmedabad, Gujarat",0,full_time,unspecified,2026-05-13 02:14:10,2026-05-13,2026,5,13,Wednesday,3600000.0,4800000.0,4200000.0,42.0,0,4200000.0,42.0,0,23.042,72.59465,https://www.adzuna.in/details/5727246328?utm_medium=api&utm_source=f46203c2
5681009003,Digital Marketing,Zycraft Foundation,Digital Marketing,"PR, Advertising & Marketing Jobs",Mid-Level,2,Unspecified / Pan-India,Unspecified,India,India,0,full_time,unspecified,2026-03-28 11:28:26,2026-03-28,2026,3,28,Saturday,200000.0,500000.0,350000.0,3.5,0,350000.0,3.5,0,,,https://www.adzuna.in/details/5681009003?utm_medium=api&utm_source=f46203c2
4695272284,Digital Marketing,IndiWork Software Solutions Pvt. Limited,Digital Marketing,IT Jobs,Mid-Level,2,Chandigarh / Mohali,Punjab,India,"Mohali, Punjab",0,full_time,unspecified,2024-05-16 09:27:52,2024-05-16,2024,5,16,Thursday,500000.0,600000.0,550000.0,5.5,0,550000.0,5.5,0,30.7545,76.6406,https://www.adzuna.in/details/4695272284?utm_medium=api&utm_source=f46203c2
4589508003,digital marketing,Modern VR Security Force,Digital Marketing,Sales Jobs,Mid-Level,2,Mumbai,Maharashtra,India,"Mumbai, Maharashtra",0,full_time,unspecified,2024-03-02 15:30:47,2024-03-02,2024,3,2,Saturday,300000.0,400000.0,350000.0,3.5,0,350000.0,3.5,0,19.00821,72.84415,https://www.adzuna.in/details/4589508003?utm_medium=api&utm_source=f46203c2
5514062530,Digital Marketing,WebCoir IT Solutions Private Limited,Digital Marketing,IT Jobs,Mid-Level,2,Noida,Uttar Pradesh,India,"Noida, Ghaziabad",0,full_time,unspecified,2025-11-26 07:21:22,2025-11-26,2025,11,26,Wednesday,200000.0,700000.0,450000.0,4.5,0,450000.0,4.5,0,28.56579,77.3225,https://www.adzuna.in/details/5514062530?utm_medium=api&utm_source=f46203c2
5727232954,Digital Marketing,Right Track Consultants,Digital Marketing,"PR, Advertising & Marketing Jobs",Mid-Level,2,Indore,Madhya Pradesh,India,"Indore, Madhya Pradesh",0,full_time,unspecified,2026-05-13 02:12:51,2026-05-13,2026,5,13,Wednesday,2160000.0,2880000.0,2520000.0,25.2,0,2520000.0,25.2,0,22.66215,75.9035,https://www.adzuna.in/details/5727232954?utm_medium=api&utm_source=f46203c2
5884158724,Business Development- Affiliate Marketing-CPL-Lead Generation,Adzealous Media Pvt Ltd,Digital Marketing,"PR, Advertising & Marketing Jobs",Lead / Architect,5,Mumbai,Maharashtra,India,"Mumbai, Maharashtra",0,full_time,unspecified,2026-09-15 07:07:47,2026-09-15,2026,9,15,Tuesday,,,,,1,600000.0,6.0,1,19.00821,72.84415,https://www.adzuna.in/land/ad/5884158724?se=-uTiW7C78RGTcuZ3r2Yb6w&utm_medium=api&utm_source=f46203c2&v=1100BFC348101847DDD6CC2376394FC48B640724
5867717265,Content Editor/Sr. Editor,Techmagnate - A Digital Marketing Agency,Digital Marketing,"PR, Advertising & Marketing Jobs",Senior,3,Delhi NCR,Delhi,India,"Sarita Vihar, South Delhi",0,unspecified,unspecified,2026-09-03 04:28:53,2026-09-03,2026,9,3,Thursday,,,,,1,550000.0,5.5,1,28.64399,77.091,https://www.adzuna.in/land/ad/5867717265?se=-uTiW7C78RGTcuZ3r2Yb6w&utm_medium=api&utm_source=f46203c2&v=A919DA1C40A6AA154EF9278E2CF755B768AB7750
5880070206,Marketing Coordinator,HARTRON ROHTAK,Digital Marketing,"PR, Advertising & Marketing Jobs",Mid-Level,2,Rohtak,Haryana,India,"Rohtak, Haryana",0,full_time,unspecified,2026-09-12 01:09:12,2026-09-12,2026,9,12,Saturday,,,,,1,350000.0,3.5,1,28.9206,76.5669,https://www.adzuna.in/land/ad/5880070206?se=-uTiW7C78RGTcuZ3r2Yb6w&utm_medium=api&utm_source=f46203c2&v=408D48FA2D4031787D55D96D63C0A8DABF3D5BAE
5880433748,Sr. Account Manager,Digital Refresh Networks,Digital Marketing,"PR, Advertising & Marketing Jobs",Manager,4,Unspecified / Pan-India,Unspecified,India,India,0,unspecified,unspecified,2026-09-12 06:57:43,2026-09-12,2026,9,12,Saturday,,,,,1,775000.0,7.75,1,,,https://www.adzuna.in/land/ad/5880433748?se=-uTiW7C78RGTcuZ3r2Yb6w&utm_medium=api&utm_source=f46203c2&v=BAE884DBC046C09030AA0EC0D543F658F491B311
5879664262,Sr Account Management Executive,Digital Refresh Networks,Digital Marketing,"PR, Advertising & Marketing Jobs",Manager,4,Unspecified / Pan-India,Unspecified,India,India,0,unspecified,unspecified,2026-09-11 17:13:17,2026-09-11,2026,9,11,Friday,,,,,1,775000.0,7.75,1,,,https://www.adzuna.in/land/ad/5879664262?se=-uTiW7C78RGTcuZ3r2Yb6w&utm_medium=api&utm_source=f46203c2&v=47E7844A90BA6A14AF6D68E53F53ED8448CED781
5901933957,Meta Ads Specialist,Jeena Sikho Lifecare Limited,Digital Marketing,"PR, Advertising & Marketing Jobs",Mid-Level,2,Chandigarh / Mohali,Punjab,India,"Chandigarh, India",0,full_time,unspecified,2026-09-29 02:19:09,2026-09-29,2026,9,29,Tuesday,,,,,1,350000.0,3.5,1,30.75395,76.76094,https://www.adzuna.in/land/ad/5901933957?se=-uTiW7C78RGTcuZ3r2Yb6w&utm_medium=api&utm_source=f46203c2&v=A5FC089B6F2352D0D48A60E31932BC0CC445FEE4
5870857151,"Marketing Manager, Beauty, Skincare & Personal Care",The Face Shop,Digital Marketing,"PR, Advertising & Marketing Jobs",Manager,4,Mumbai,Maharashtra,India,"Mumbai, Maharashtra",0,unspecified,unspecified,2026-09-04 22:27:42,2026-09-04,2026,9,4,Friday,,,,,1,775000.0,7.75,1,19.00821,72.84415,https://www.adzuna.in/land/ad/5870857151?se=-uTiW7C78RGTcuZ3r2Yb6w&utm_medium=api&utm_source=f46203c2&v=4A386E4AAA787520C65D4DD96BF9BAD3CE68F79C
5846723510,Marketing Manager,Danaher,Digital Marketing,"PR, Advertising & Marketing Jobs",Manager,4,Bengaluru,Karnataka,India,"Bangalore, Karnataka",0,full_time,unspecified,2026-08-18 18:03:40,2026-08-18,2026,8,18,Tuesday,,,,,1,775000.0,7.75,1,12.95703,77.59837,https://www.adzuna.in/land/ad/5846723510?se=-uTiW7C78RGTcuZ3r2Yb6w&utm_medium=api&utm_source=f46203c2&v=F931A318C0601BC175D4A64CC985D6F718BED64D
5897296030,Performance Marketing Lead,Flo Mattress,Digital Marketing,"PR, Advertising & Marketing Jobs",Lead / Architect,5,Mumbai,Maharashtra,India,"Mumbai, Maharashtra",0,unspecified,unspecified,2026-09-25 01:56:42,2026-09-25,2026,9,25,Friday,,,,,1,600000.0,6.0,1,19.00821,72.84415,https://www.adzuna.in/land/ad/5897296030?se=-uTiW7C78RGTcuZ3r2Yb6w&utm_medium=api&utm_source=f46203c2&v=BE9340D333BC615BE4C43C5358EA956F3A9137BC
5900615888,Graphic Designer (Social Media & Motion Graphics),Boston Institute of Analytics,Digital Marketing,Creative & Design Jobs,Mid-Level,2,Mumbai,Maharashtra,India,"Mumbai, Maharashtra",0,unspecified,unspecified,2026-09-27 18:05:53,2026-09-27,2026,9,27,Sunday,,,,,1,350000.0,3.5,1,19.00821,72.84415,https://www.adzuna.in/land/ad/5900615888?se=TJUlXbC78RG3HbWPlKe6Vw&utm_medium=api&utm_source=f46203c2&v=75E4BD52746A139BCA71A6EEB6B43572929966EE
5887707072,Digital Platform Operations Specialist,Thermo Fisher Scientific,Digital Marketing,IT Jobs,Mid-Level,2,Bengaluru,Karnataka,India,"Bangalore, Karnataka",0,full_time,unspecified,2026-09-17 18:26:32,2026-09-17,2026,9,17,Thursday,,,,,1,350000.0,3.5,1,12.95703,77.59837,https://www.adzuna.in/land/ad/5887707072?se=TJUlXbC78RG3HbWPlKe6Vw&utm_medium=api&utm_source=f46203c2&v=7E0DFD4949F90954954E12CAAD8F0114B7773BBC
5880950409,Associate Manager - Graphic Design for a Global Events Company,Buzznation - Experience Marketing,Digital Marketing,"PR, Advertising & Marketing Jobs",Manager,4,Bengaluru,Karnataka,India,"Bangalore, Karnataka",0,unspecified,unspecified,2026-09-12 17:19:16,2026-09-12,2026,9,12,Saturday,,,,,1,775000.0,7.75,1,,,https://www.adzuna.in/land/ad/5880950409?se=TJUlXbC78RG3HbWPlKe6Vw&utm_medium=api&utm_source=f46203c2&v=D291998AE2C0B721AF6B3E50C5A2C627A4DD2BC4
5895239095,Graphic Designer,HSV Digital,Digital Marketing,Creative & Design Jobs,Mid-Level,2,Remote,Remote,India,India,1,unspecified,unspecified,2026-09-23 19:39:45,2026-09-23,2026,9,23,Wednesday,,,,,1,350000.0,3.5,1,,,https://www.adzuna.in/land/ad/5895239095?se=TJUlXbC78RG3HbWPlKe6Vw&utm_medium=api&utm_source=f46203c2&v=47BEA1345EC244A36BFB988FAB2BB192DB4862D0
5855679837,Sales & Business Development Manager,Positron Engineering Corporation,Digital Marketing,Sales Jobs,Manager,4,Remote,Remote,India,India,1,unspecified,unspecified,2026-08-25 23:56:11,2026-08-25,2026,8,25,Tuesday,,,,,1,775000.0,7.75,1,,,https://www.adzuna.in/land/ad/5855679837?se=TJUlXbC78RG3HbWPlKe6Vw&utm_medium=api&utm_source=f46203c2&v=E516B8CE94749DECAD7366982E7732DC5611CBCB
5872265965,Content Writer,SolarSquare,Digital Marketing,"PR, Advertising & Marketing Jobs",Mid-Level,2,Bengaluru,Karnataka,India,"Bangalore, Karnataka",0,unspecified,unspecified,2026-09-06 00:48:20,2026-09-06,2026,9,6,Sunday,,,,,1,350000.0,3.5,1,,,https://www.adzuna.in/land/ad/5872265965?se=TJUlXbC78RG3HbWPlKe6Vw&utm_medium=api&utm_source=f46203c2&v=AD411A52540AD34325A6FD76FEA6019A8D7FAF53
5900875121,Hiring SAP Native HANA XSA Consultants,HGS,Digital Marketing,IT Jobs,Mid-Level,2,Hyderabad,Telangana,India,"Hyderabad, Telangana",0,unspecified,unspecified,2026-09-28 02:00:32,2026-09-28,2026,9,28,Monday,,,,,1,350000.0,3.5,1,17.40275,78.50806,https://www.adzuna.in/land/ad/5900875121?se=TJUlXbC78RG3HbWPlKe6Vw&utm_medium=api&utm_source=f46203c2&v=1A1006229B0CF7C9E26AD88659B57DB2A9CD6149
5900616020,Graphic Designer,Catering Collective,Digital Marketing,"PR, Advertising & Marketing Jobs",Mid-Level,2,Mumbai,Maharashtra,India,"Worli, Mumbai",0,unspecified,unspecified,2026-09-27 18:06:04,2026-09-27,2026,9,27,Sunday,,,,,1,350000.0,3.5,1,19.08185,72.87335,https://www.adzuna.in/land/ad/5900616020?se=TJUlXbC78RG3HbWPlKe6Vw&utm_medium=api&utm_source=f46203c2&v=768B4308DE0F4FF58E84BA4E30B8566519B88854
5889223410,Business Development Manager,Palettier,Digital Marketing,Sales Jobs,Manager,4,Mumbai,Maharashtra,India,"Mumbai, Maharashtra",0,full_time,unspecified,2026-09-18 17:32:25,2026-09-18,2026,9,18,Friday,,,,,1,775000.0,7.75,1,19.00821,72.84415,https://www.adzuna.in/land/ad/5889223410?se=TJUlXbC78RG3HbWPlKe6Vw&utm_medium=api&utm_source=f46203c2&v=BCAF33BB71CA872520D6C367B4547734E91D6704
5895239056,Sales Executive,Thomas Cook India Limited,Digital Marketing,Sales Jobs,Mid-Level,2,Delhi NCR,Delhi,India,"New Delhi, Delhi",0,unspecified,unspecified,2026-09-23 19:39:44,2026-09-23,2026,9,23,Wednesday,,,,,1,350000.0,3.5,1,28.62623,77.21808,https://www.adzuna.in/land/ad/5895239056?se=TJUlXbC78RG3HbWPlKe6Vw&utm_medium=api&utm_source=f46203c2&v=CC64DEA562C140039641D830A2841E32CEB62AA0
5889219853,Graphic Designer & Video Editor,DH WAY OVERSEAS PVT LTD,Digital Marketing,"PR, Advertising & Marketing Jobs",Mid-Level,2,Ahmedabad,Gujarat,India,"Ahmedabad, Gujarat",0,unspecified,unspecified,2026-09-18 17:29:37,2026-09-18,2026,9,18,Friday,,,,,1,350000.0,3.5,1,23.042,72.59465,https://www.adzuna.in/land/ad/5889219853?se=TJUlXbC78RG3HbWPlKe6Vw&utm_medium=api&utm_source=f46203c2&v=27913AB74863ABC21F4AC4052E5EE09AC6E68747
5890612944,Sales Development Representative,Brand Authority Builders,Digital Marketing,Sales Jobs,Mid-Level,2,Jammu,Jammu and Kashmir,India,"Jammu, Jammu and Kashmir",0,full_time,contract,2026-09-19 17:34:53,2026-09-19,2026,9,19,Saturday,,,,,1,350000.0,3.5,1,32.72965,74.80659,https://www.adzuna.in/land/ad/5890612944?se=TJUlXbC78RG3HbWPlKe6Vw&utm_medium=api&utm_source=f46203c2&v=AA60B5A0C1BB5C68B0878874489F437FFA8D27B8
5619620335,Internship - copy/content writing,Airlearn,Digital Marketing,Creative & Design Jobs,Entry / Junior,1,Bengaluru,Karnataka,India,"Bangalore, Karnataka",0,full_time,contract,2026-02-08 02:05:33,2026-02-08,2026,2,8,Sunday,,,,,1,150000.0,1.5,1,,,https://www.adzuna.in/land/ad/5619620335?se=TJUlXbC78RG3HbWPlKe6Vw&utm_medium=api&utm_source=f46203c2&v=D4E82954FB9B69E22964066C7B3DF5F7D675D4A6
5895031504,Motion Graphic Designer,Cedilla Interactive,Digital Marketing,Creative & Design Jobs,Mid-Level,2,Chennai,Tamil Nadu,India,"Chennai, Tamil Nadu",0,full_time,unspecified,2026-09-23 15:39:50,2026-09-23,2026,9,23,Wednesday,,,,,1,350000.0,3.5,1,13.06041,80.24963,https://www.adzuna.in/land/ad/5895031504?se=TJUlXbC78RG3HbWPlKe6Vw&utm_medium=api&utm_source=f46203c2&v=C15D293685E943B38944C6FE8F01FAD2192682B3
5897294530,Junior Media Buyer,The Humsafar Trust,Digital Marketing,"PR, Advertising & Marketing Jobs",Entry / Junior,1,Mumbai,Maharashtra,India,"Mumbai, Maharashtra",0,full_time,unspecified,2026-09-25 01:52:02,2026-09-25,2026,9,25,Friday,,,,,1,150000.0,1.5,1,19.00821,72.84415,https://www.adzuna.in/land/ad/5897294530?se=TJUlXbC78RG3HbWPlKe6Vw&utm_medium=api&utm_source=f46203c2&v=8E854D5FD4E34926C8A87780AF834EB6C3981E02
5876870250,Cinematographer,SRV Media,Digital Marketing,"PR, Advertising & Marketing Jobs",Mid-Level,2,Unspecified / Pan-India,Unspecified,India,India,0,unspecified,unspecified,2026-09-09 14:44:32,2026-09-09,2026,9,9,Wednesday,,,,,1,350000.0,3.5,1,,,https://www.adzuna.in/land/ad/5876870250?se=TJUlXbC78RG3HbWPlKe6Vw&utm_medium=api&utm_source=f46203c2&v=2F9325A8F2A5DD07C99112F04E2ADD63A0823367
5895239190,Lead Generation Executive,Flint Marketings,Digital Marketing,Sales Jobs,Lead / Architect,5,Noida,Uttar Pradesh,India,"Noida, Ghaziabad",0,full_time,unspecified,2026-09-23 19:40:12,2026-09-23,2026,9,23,Wednesday,,,,,1,600000.0,6.0,1,28.56579,77.3225,https://www.adzuna.in/land/ad/5895239190?se=TJUlXbC78RG3HbWPlKe6Vw&utm_medium=api&utm_source=f46203c2&v=B3D2045ED2C6468A65EFB425AF34BF01A1AD75AB
5897296416,Influencer Marketing,Wakefit,Digital Marketing,"PR, Advertising & Marketing Jobs",Mid-Level,2,Bengaluru,Karnataka,India,"Bangalore, Karnataka",0,unspecified,unspecified,2026-09-25 01:58:40,2026-09-25,2026,9,25,Friday,,,,,1,350000.0,3.5,1,,,https://www.adzuna.in/land/ad/5897296416?se=TJUlXbC78RG3HbWPlKe6Vw&utm_medium=api&utm_source=f46203c2&v=5C72E5B8393CF4294873DB74AA05BEE9A188208F
5785770979,Senior Product Expert- CDP,Novartis,Digital Marketing,"PR, Advertising & Marketing Jobs",Senior,3,Unspecified / Pan-India,Unspecified,India,India,0,full_time,unspecified,2026-07-03 00:54:12,2026-07-03,2026,7,3,Friday,,,,,1,550000.0,5.5,1,,,https://www.adzuna.in/land/ad/5785770979?se=TJUlXbC78RG3HbWPlKe6Vw&utm_medium=api&utm_source=f46203c2&v=6A48C044727617FBC2C7CF7CD4D3B980919A340A
1171506957,Digital Marketing Manager / Digital Marketing Lead,White Panda,Digital Marketing,"PR, Advertising & Marketing Jobs",Lead / Architect,5,Bengaluru,Karnataka,India,"Bangalore, Karnataka",0,full_time,unspecified,2019-06-05 21:12:04,2019-06-05,2019,6,5,Wednesday,1000000.0,1600000.0,1300000.0,13.0,0,1300000.0,13.0,0,,,https://www.adzuna.in/details/1171506957?utm_medium=api&utm_source=f46203c2
5901928119,Marketing Coordinator,Printed Circuits Corp,Digital Marketing,"PR, Advertising & Marketing Jobs",Mid-Level,2,Surat,Gujarat,India,"Surat, Gujarat",0,full_time,unspecified,2026-09-29 02:06:31,2026-09-29,2026,9,29,Tuesday,,,,,1,350000.0,3.5,1,21.18955,72.8318,https://www.adzuna.in/land/ad/5901928119?se=TJUlXbC78RG3HbWPlKe6Vw&utm_medium=api&utm_source=f46203c2&v=074E8796F7087D90A46C083064E5558DFB68AF1A
5899511028,Senior Accountant Executive,OleVea,Digital Marketing,Accounting & Finance Jobs,Senior,3,Mumbai,Maharashtra,India,"Mumbai, Maharashtra",0,full_time,unspecified,2026-09-26 15:26:21,2026-09-26,2026,9,26,Saturday,,,,,1,550000.0,5.5,1,19.00821,72.84415,https://www.adzuna.in/land/ad/5899511028?se=TJUlXbC78RG3HbWPlKe6Vw&utm_medium=api&utm_source=f46203c2&v=65AEB6C5CF4FDC79F532151BBE79E19DC849BDB2
5896613748,Social Media Content Creator,Popbrain,Digital Marketing,"PR, Advertising & Marketing Jobs",Mid-Level,2,Noida,Uttar Pradesh,India,"Noida, Ghaziabad",0,unspecified,unspecified,2026-09-24 15:18:27,2026-09-24,2026,9,24,Thursday,,,,,1,350000.0,3.5,1,28.56579,77.3225,https://www.adzuna.in/land/ad/5896613748?se=TJUlXbC78RG3HbWPlKe6Vw&utm_medium=api&utm_source=f46203c2&v=511F9C7C4E20079D47108B3ECADC9891A7A8A605
5898128479,Graphic Designer,Invincible Web Solutions,Digital Marketing,Creative & Design Jobs,Mid-Level,2,Unspecified / Pan-India,Unspecified,India,India,0,full_time,unspecified,2026-09-25 15:23:17,2026-09-25,2026,9,25,Friday,,,,,1,350000.0,3.5,1,,,https://www.adzuna.in/land/ad/5898128479?se=TJUlXbC78RG3HbWPlKe6Vw&utm_medium=api&utm_source=f46203c2&v=36EA0F0FC9B33B89F7E6F187C23347212F2FD38A
5897296413,Social Media Content Creator,Coding Ninjas,Digital Marketing,"PR, Advertising & Marketing Jobs",Mid-Level,2,Unspecified / Pan-India,Unspecified,India,India,0,unspecified,unspecified,2026-09-25 01:58:38,2026-09-25,2026,9,25,Friday,,,,,1,350000.0,3.5,1,,,https://www.adzuna.in/land/ad/5897296413?se=TJUlXbC78RG3HbWPlKe6Vw&utm_medium=api&utm_source=f46203c2&v=742702FE3E1CB989FF05C1162EB6E3237D577307
5901133771,Business Development Manager -B2B Services,Salesable,Digital Marketing,Sales Jobs,Manager,4,Mumbai,Maharashtra,India,"Mumbai, Maharashtra",0,unspecified,unspecified,2026-09-28 07:34:32,2026-09-28,2026,9,28,Monday,,,,,1,775000.0,7.75,1,19.00821,72.84415,https://www.adzuna.in/land/ad/5901133771?se=TJUlXbC78RG3HbWPlKe6Vw&utm_medium=api&utm_source=f46203c2&v=CD4ED7783EA4DCE43B808938CA1EC949A28C37C1
5900616296,Business Development Executive,GoodSpace AI,Digital Marketing,Creative & Design Jobs,Mid-Level,2,Bengaluru,Karnataka,India,"Bangalore, Karnataka",0,unspecified,unspecified,2026-09-27 18:06:57,2026-09-27,2026,9,27,Sunday,,,,,1,350000.0,3.5,1,,,https://www.adzuna.in/land/ad/5900616296?se=TJUlXbC78RG3HbWPlKe6Vw&utm_medium=api&utm_source=f46203c2&v=461D1D252B827CD4222C8887D834C963B05EA10F
5901930352,Creative Graphic Designer,Netpuppys,Digital Marketing,Creative & Design Jobs,Mid-Level,2,Unspecified / Pan-India,Unspecified,India,India,0,full_time,unspecified,2026-09-29 02:14:45,2026-09-29,2026,9,29,Tuesday,,,,,1,350000.0,3.5,1,,,https://www.adzuna.in/land/ad/5901930352?se=TJUlXbC78RG3HbWPlKe6Vw&utm_medium=api&utm_source=f46203c2&v=A6997DC7D66428FAC414460363C779F2D7C5B7DA
5868794010,Accountant real estate,ProHub Technologies,Digital Marketing,Accounting & Finance Jobs,Mid-Level,2,Unspecified / Pan-India,Unspecified,India,India,0,full_time,unspecified,2026-09-03 16:49:58,2026-09-03,2026,9,3,Thursday,,,,,1,350000.0,3.5,1,,,https://www.adzuna.in/land/ad/5868794010?se=TJUlXbC78RG3HbWPlKe6Vw&utm_medium=api&utm_source=f46203c2&v=0B940B23D5D561CAB00F102D535C3017DE1086C2
5890608718,Graphic Designer,Auriic Services,Digital Marketing,Creative & Design Jobs,Mid-Level,2,Ahmedabad,Gujarat,India,"Ahmedabad, Gujarat",0,unspecified,unspecified,2026-09-19 17:30:37,2026-09-19,2026,9,19,Saturday,,,,,1,350000.0,3.5,1,23.042,72.59465,https://www.adzuna.in/land/ad/5890608718?se=TJUlXbC78RG3HbWPlKe6Vw&utm_medium=api&utm_source=f46203c2&v=5470AD95D2924611ECE48702BBA6BAB8BEC0C4D5
5898127240,Business Development Manager,NKlusive,Digital Marketing,Sales Jobs,Manager,4,Bengaluru,Karnataka,India,"Bangalore, Karnataka",0,unspecified,unspecified,2026-09-25 15:22:07,2026-09-25,2026,9,25,Friday,,,,,1,775000.0,7.75,1,,,https://www.adzuna.in/land/ad/5898127240?se=TJUlXbC78RG3HbWPlKe6Vw&utm_medium=api&utm_source=f46203c2&v=94BA855B36B068B5D57D4724031CBAB8C0C2ED1D
5899255802,Social Media Associate,Origin Nutrition,Digital Marketing,"PR, Advertising & Marketing Jobs",Entry / Junior,1,Chennai,Tamil Nadu,India,"Chennai, Tamil Nadu",0,unspecified,unspecified,2026-09-26 09:58:55,2026-09-26,2026,9,26,Saturday,,,,,1,150000.0,1.5,1,13.06041,80.24963,https://www.adzuna.in/land/ad/5899255802?se=TJUlXbC78RG3HbWPlKe6Vw&utm_medium=api&utm_source=f46203c2&v=10C3C9D1A102218EE3884684BAFD3956CCB647BD
5886486795,Customer Data Engineer,Thermo Fisher Scientific,Digital Marketing,"PR, Advertising & Marketing Jobs",Mid-Level,2,Bengaluru,Karnataka,India,"Bangalore, Karnataka",0,full_time,unspecified,2026-09-16 22:34:59,2026-09-16,2026,9,16,Wednesday,,,,,1,350000.0,3.5,1,12.95703,77.59837,https://www.adzuna.in/land/ad/5886486795?se=TJUlXbC78RG3HbWPlKe6Vw&utm_medium=api&utm_source=f46203c2&v=BCD38C97EA02DFFBEA287FF4C7F3E9C536408B2E
5900875628,Influencer Marketing - Senior Executive,Nykaa,Digital Marketing,"PR, Advertising & Marketing Jobs",Senior,3,Mumbai,Maharashtra,India,"Mumbai, Maharashtra",0,unspecified,unspecified,2026-09-28 02:02:25,2026-09-28,2026,9,28,Monday,,,,,1,550000.0,5.5,1,19.00821,72.84415,https://www.adzuna.in/land/ad/5900875628?se=TJUlXbC78RG3HbWPlKe6Vw&utm_medium=api&utm_source=f46203c2&v=D0F0F4CC8D2058DD63E77EA25A57474EFF463A7C
5879669810,Growth Lead,IndusInd Bank,Digital Marketing,"PR, Advertising & Marketing Jobs",Lead / Architect,5,Mumbai,Maharashtra,India,"Mumbai, Maharashtra",0,unspecified,unspecified,2026-09-11 17:16:51,2026-09-11,2026,9,11,Friday,,,,,1,600000.0,6.0,1,19.00821,72.84415,https://www.adzuna.in/land/ad/5879669810?se=TJUlXbC78RG3HbWPlKe6Vw&utm_medium=api&utm_source=f46203c2&v=905C3984CB105C11309E6754D0A5E0E78910E906
5811380086,"Manager - Digital Marketing, Digital",JioStar,Digital Marketing,"PR, Advertising & Marketing Jobs",Manager,4,Unspecified / Pan-India,Unspecified,India,India,0,unspecified,unspecified,2026-07-23 03:26:57,2026-07-23,2026,7,23,Thursday,,,,,1,775000.0,7.75,1,,,https://www.adzuna.in/details/5811380086?utm_medium=api&utm_source=f46203c2
5893038325,Sales Development Representative,Webware.ai,Digital Marketing,Sales Jobs,Mid-Level,2,Panaji,Goa,India,"Panaji, North Goa",0,full_time,unspecified,2026-09-21 23:34:01,2026-09-21,2026,9,21,Monday,,,,,1,350000.0,3.5,1,15.474,73.8163,https://www.adzuna.in/land/ad/5893038325?se=TJUlXbC78RG3HbWPlKe6Vw&utm_medium=api&utm_source=f46203c2&v=0E6D1BCE0349E484917588B3F750500C68B87D63
5891689197,Graduate Trainee- Copywriter,dentsu,Digital Marketing,Graduate Jobs,Entry / Junior,1,Unspecified / Pan-India,Unspecified,India,India,0,full_time,unspecified,2026-09-20 17:30:58,2026-09-20,2026,9,20,Sunday,,,,,1,150000.0,1.5,1,,,https://www.adzuna.in/land/ad/5891689197?se=TJUlXbC78RG3HbWPlKe6Vw&utm_medium=api&utm_source=f46203c2&v=18F77C784544677BC04D221853EDADF866050D1F
5820963873,Business Development Manager,Helen O'Grady - India,Digital Marketing,Sales Jobs,Manager,4,Goregaon,Maharashtra,India,"Goregaon, Gondia",0,full_time,unspecified,2026-07-30 15:25:31,2026-07-30,2026,7,30,Thursday,,,,,1,775000.0,7.75,1,21.35165,80.196,https://www.adzuna.in/land/ad/5820963873?se=TJUlXbC78RG3HbWPlKe6Vw&utm_medium=api&utm_source=f46203c2&v=640346505F045192C0CC96C467BB96CA335497DF
5896253571,Performance Marketing Expert – B2B Accounts,Udyog Paathshala,Digital Marketing,"PR, Advertising & Marketing Jobs",Senior,3,Unspecified / Pan-India,Unspecified,India,India,0,full_time,unspecified,2026-09-24 09:51:31,2026-09-24,2026,9,24,Thursday,,,,,1,550000.0,5.5,1,,,https://www.adzuna.in/land/ad/5896253571?se=TJUlXbC78RG3HbWPlKe6Vw&utm_medium=api&utm_source=f46203c2&v=EFD011E41273E82E387F4A6FE87D3E0BAE22F104
5864425316,Senior Manager/ Manager -Outreach & Admission,Krea University,Digital Marketing,Teaching Jobs,Manager,4,Chennai,Tamil Nadu,India,"Chennai, Tamil Nadu",0,full_time,unspecified,2026-09-01 16:20:33,2026-09-01,2026,9,1,Tuesday,,,,,1,775000.0,7.75,1,13.06041,80.24963,https://www.adzuna.in/land/ad/5864425316?se=TJUlXbC78RG3HbWPlKe6Vw&utm_medium=api&utm_source=f46203c2&v=235300D86BF4226199ADFD235BB496D19CDE618E
5876872732,Sales Executive,Manavi Marketing,Digital Marketing,Sales Jobs,Mid-Level,2,Bengaluru,Karnataka,India,"Bangalore, Karnataka",0,full_time,unspecified,2026-09-09 14:46:37,2026-09-09,2026,9,9,Wednesday,,,,,1,350000.0,3.5,1,,,https://www.adzuna.in/land/ad/5876872732?se=TJUlXbC78RG3HbWPlKe6Vw&utm_medium=api&utm_source=f46203c2&v=6BBE8A23AC1836E9BF19B790B3DC2D6F6B290EE0
5899512265,Business Development Executive,Appin Technology Coimbatore,Digital Marketing,Sales Jobs,Mid-Level,2,Coimbatore,Tamil Nadu,India,"Coimbatore, Tamil Nadu",0,full_time,unspecified,2026-09-26 15:27:25,2026-09-26,2026,9,26,Saturday,,,,,1,350000.0,3.5,1,11.017171,77.100203,https://www.adzuna.in/land/ad/5899512265?se=TJUlXbC78RG3HbWPlKe6Vw&utm_medium=api&utm_source=f46203c2&v=3C20D63EEE6D804BCB8325A02377F7AFB83D31C5
5888223268,Campaign Specialist,Studio Mosaic,Digital Marketing,"PR, Advertising & Marketing Jobs",Mid-Level,2,Delhi NCR,Delhi,India,"Delhi, India",0,unspecified,unspecified,2026-09-18 03:17:56,2026-09-18,2026,9,18,Friday,,,,,1,350000.0,3.5,1,28.62523,77.224601,https://www.adzuna.in/land/ad/5888223268?se=TJUlXbC78RG3HbWPlKe6Vw&utm_medium=api&utm_source=f46203c2&v=703CFC4917436011D6486BA5110FAEA73A315CE0
5889223170,Freelance Video Editor (Healthcare),Thermaissance,Digital Marketing,Creative & Design Jobs,Mid-Level,2,Remote,Remote,India,India,1,unspecified,contract,2026-09-18 17:32:14,2026-09-18,2026,9,18,Friday,,,,,1,350000.0,3.5,1,,,https://www.adzuna.in/land/ad/5889223170?se=TJUlXbC78RG3HbWPlKe6Vw&utm_medium=api&utm_source=f46203c2&v=2584AEB77AB3B759F9CCFA9101807F20DE0F0664
5901136934,Social Media Manager,Laviscart,Digital Marketing,"PR, Advertising & Marketing Jobs",Manager,4,Mumbai,Maharashtra,India,"Mumbai, Maharashtra",0,full_time,unspecified,2026-09-28 07:38:39,2026-09-28,2026,9,28,Monday,,,,,1,775000.0,7.75,1,19.00821,72.84415,https://www.adzuna.in/land/ad/5901136934?se=TJUlXbC78RG3HbWPlKe6Vw&utm_medium=api&utm_source=f46203c2&v=63E7146A6B76588BC79F3A9917FF1C5FC5DD3987
5867716190,Social Media Manager,Swag Tamizhan Studios,Digital Marketing,"PR, Advertising & Marketing Jobs",Manager,4,Chennai,Tamil Nadu,India,"Chennai, Tamil Nadu",0,unspecified,unspecified,2026-09-03 04:27:52,2026-09-03,2026,9,3,Thursday,,,,,1,775000.0,7.75,1,13.06041,80.24963,https://www.adzuna.in/land/ad/5867716190?se=TJUlXbC78RG3HbWPlKe6Vw&utm_medium=api&utm_source=f46203c2&v=7F2974FDE9A01CB3E26DF43089A3AF4F3641AA53
5882864643,HubSpot Specialist,INSIDEA,Digital Marketing,IT Jobs,Mid-Level,2,Mumbai,Maharashtra,India,"Mumbai, Maharashtra",1,unspecified,unspecified,2026-09-14 01:14:26,2026-09-14,2026,9,14,Monday,,,,,1,350000.0,3.5,1,19.00821,72.84415,https://www.adzuna.in/land/ad/5882864643?se=TJUlXbC78RG3HbWPlKe6Vw&utm_medium=api&utm_source=f46203c2&v=13BA1E8296CDA632F60BAB3A493FE7B3435C268B
5879659418,Business Development Manager — Agency Sales,Team Looply,Digital Marketing,Sales Jobs,Manager,4,Delhi NCR,Delhi,India,"New Delhi, Delhi",0,full_time,unspecified,2026-09-11 17:11:49,2026-09-11,2026,9,11,Friday,,,,,1,775000.0,7.75,1,28.62623,77.21808,https://www.adzuna.in/land/ad/5879659418?se=TJUlXbC78RG3HbWPlKe6Vw&utm_medium=api&utm_source=f46203c2&v=EF55BB482BA03808FA4AA5F9A4154701446FA609
5875610342,Digital Marketing Intern,Chelsea AiCademy,Digital Marketing,"PR, Advertising & Marketing Jobs",Entry / Junior,1,Kochi,Kerala,India,"Kochi, Ernakulam",1,part_time,contract,2026-09-08 19:20:17,2026-09-08,2026,9,8,Tuesday,,,,,1,150000.0,1.5,1,9.96683,76.2508,https://www.adzuna.in/details/5875610342?utm_medium=api&utm_source=f46203c2
5838170398,Digital Marketing Executive,Smart Work Consultants,Digital Marketing,"PR, Advertising & Marketing Jobs",Mid-Level,2,Melur,Tamil Nadu,India,"Melur, Madurai",0,full_time,permanent,2026-08-12 16:56:45,2026-08-12,2026,8,12,Wednesday,,,,,1,350000.0,3.5,1,9.91051,78.1158,https://www.adzuna.in/details/5838170398?utm_medium=api&utm_source=f46203c2
5868927836,Digital Marketing Executive,HR GLOBAL SERVICES INDIA LLP,Digital Marketing,"PR, Advertising & Marketing Jobs",Mid-Level,2,Bengaluru,Karnataka,India,"Kenchanahalli, Bangalore",0,full_time,permanent,2026-09-03 19:18:12,2026-09-03,2026,9,3,Thursday,0.0,300000.0,300000.0,3.0,0,300000.0,3.0,0,12.94715,77.57888,https://www.adzuna.in/details/5868927836?utm_medium=api&utm_source=f46203c2
5888093562,Digital Marketing Executive,DigitalCube Consultancy,Digital Marketing,"PR, Advertising & Marketing Jobs",Mid-Level,2,Chennai,Tamil Nadu,India,"Tondiarpet Fort St George, Chennai",0,unspecified,permanent,2026-09-17 23:46:39,2026-09-17,2026,9,17,Thursday,,,,,1,350000.0,3.5,1,13.09757,80.29455,https://www.adzuna.in/details/5888093562?utm_medium=api&utm_source=f46203c2
5818048692,Digital Marketing Intern,JUARA IT SOLUTIONS,Digital Marketing,"PR, Advertising & Marketing Jobs",Entry / Junior,1,Chennai,Tamil Nadu,India,"Chennai, Tamil Nadu",0,full_time,contract,2026-07-28 12:45:48,2026-07-28,2026,7,28,Tuesday,,,,,1,150000.0,1.5,1,13.06041,80.24963,https://www.adzuna.in/details/5818048692?utm_medium=api&utm_source=f46203c2
5898313397,Digital Marketing Manager,Weekday AI,Digital Marketing,"PR, Advertising & Marketing Jobs",Manager,4,Unspecified / Pan-India,Unspecified,India,India,0,full_time,unspecified,2026-09-25 17:52:52,2026-09-25,2026,9,25,Friday,,,,,1,775000.0,7.75,1,,,https://www.adzuna.in/details/5898313397?utm_medium=api&utm_source=f46203c2
5863012792,Digital Marketing Manager,Immunity Networks & Technologies Pvt. Ltd.,Digital Marketing,"PR, Advertising & Marketing Jobs",Manager,4,Mumbai,Maharashtra,India,"Sakinaka, Mumbai",0,full_time,permanent,2026-08-31 21:09:31,2026-08-31,2026,8,31,Monday,40000.0,40000.0,40000.0,0.4,0,40000.0,0.4,0,19.09487,72.88995,https://www.adzuna.in/details/5863012792?utm_medium=api&utm_source=f46203c2
5819417840,Digital Marketing Executive,JUARA IT SOLUTIONS,Digital Marketing,"PR, Advertising & Marketing Jobs",Mid-Level,2,Chennai,Tamil Nadu,India,"Chennai, Tamil Nadu",0,full_time,unspecified,2026-07-29 12:21:17,2026-07-29,2026,7,29,Wednesday,,,,,1,350000.0,3.5,1,13.06041,80.24963,https://www.adzuna.in/details/5819417840?utm_medium=api&utm_source=f46203c2
4686706431,Digital Marketing Executive,Unknown,Digital Marketing,"PR, Advertising & Marketing Jobs",Mid-Level,2,Delhi NCR,Delhi,India,"Delhi, India",0,unspecified,unspecified,2024-05-10 07:39:01,2024-05-10,2024,5,10,Friday,,,,,1,350000.0,3.5,1,28.62523,77.224601,https://www.adzuna.in/details/4686706431?utm_medium=api&utm_source=f46203c2
5858724598,Digital Marketing Officer,ARNI MEDICA PVT LTD,Digital Marketing,"PR, Advertising & Marketing Jobs",Mid-Level,2,Hyderabad,Telangana,India,"Shaikpet, Hyderabad",0,full_time,permanent,2026-08-28 03:23:18,2026-08-28,2026,8,28,Friday,900000.0,900000.0,900000.0,9.0,0,900000.0,9.0,0,17.52142,78.23604,https://www.adzuna.in/details/5858724598?utm_medium=api&utm_source=f46203c2
5828584601,Digital Marketing Freshers,harveedesigns,Digital Marketing,IT Jobs,Mid-Level,2,Coimbatore,Tamil Nadu,India,"Coimbatore, Tamil Nadu",0,full_time,permanent,2026-08-05 06:58:25,2026-08-05,2026,8,5,Wednesday,180000.0,180000.0,180000.0,1.8,0,180000.0,1.8,0,11.017171,77.100203,https://www.adzuna.in/details/5828584601?utm_medium=api&utm_source=f46203c2
5854850368,Digital Marketing Executive,Zartek Technologies,Digital Marketing,"PR, Advertising & Marketing Jobs",Mid-Level,2,Kochi,Kerala,India,"Kochi, Ernakulam",0,full_time,permanent,2026-08-25 07:18:45,2026-08-25,2026,8,25,Tuesday,180000.0,240000.0,210000.0,2.1,0,210000.0,2.1,0,9.98011,76.24637,https://www.adzuna.in/details/5854850368?utm_medium=api&utm_source=f46203c2
4686700012,Digital Marketing Executive,Unknown,Digital Marketing,"PR, Advertising & Marketing Jobs",Mid-Level,2,Bengaluru,Karnataka,India,"Bangalore, Karnataka",0,unspecified,unspecified,2024-05-10 07:38:15,2024-05-10,2024,5,10,Friday,,,,,1,350000.0,3.5,1,12.95703,77.59837,https://www.adzuna.in/details/4686700012?utm_medium=api&utm_source=f46203c2
5849116451,Digital Marketing Executive,CV Ninja,Digital Marketing,"PR, Advertising & Marketing Jobs",Mid-Level,2,Ahmedabad,Gujarat,India,"Ahmedabad, Gujarat",0,full_time,permanent,2026-08-20 07:10:44,2026-08-20,2026,8,20,Thursday,300000.0,540000.0,420000.0,4.2,0,420000.0,4.2,0,23.042,72.59465,https://www.adzuna.in/details/5849116451?utm_medium=api&utm_source=f46203c2
4686706551,Digital Marketing Fresher,Unknown,Digital Marketing,IT Jobs,Entry / Junior,1,Coimbatore,Tamil Nadu,India,"Coimbatore, Tamil Nadu",0,unspecified,unspecified,2024-05-10 07:39:02,2024-05-10,2024,5,10,Friday,,,,,1,150000.0,1.5,1,11.017171,77.100203,https://www.adzuna.in/details/4686706551?utm_medium=api&utm_source=f46203c2
5875610164,Digital Marketing Intern,NuageCX Consulting Pvt Ltd,Digital Marketing,"PR, Advertising & Marketing Jobs",Entry / Junior,1,Pune,Maharashtra,India,"Baner, Pune",0,unspecified,permanent,2026-09-08 19:19:47,2026-09-08,2026,9,8,Tuesday,,,,,1,150000.0,1.5,1,18.55034,73.80865,https://www.adzuna.in/details/5875610164?utm_medium=api&utm_source=f46203c2
4686706078,Digital Marketing Executive,Unknown,Digital Marketing,"PR, Advertising & Marketing Jobs",Mid-Level,2,Indore,Madhya Pradesh,India,"Indore, Madhya Pradesh",0,unspecified,unspecified,2024-05-10 07:38:59,2024-05-10,2024,5,10,Friday,,,,,1,350000.0,3.5,1,22.66215,75.9035,https://www.adzuna.in/details/4686706078?utm_medium=api&utm_source=f46203c2
5898552270,Digital Marketing Intern,MTAB Technology Center P Ltd,Digital Marketing,"PR, Advertising & Marketing Jobs",Entry / Junior,1,Chennai,Tamil Nadu,India,"Jafferkhanpet, Chennai",1,full_time,permanent,2026-09-25 22:11:51,2026-09-25,2026,9,25,Friday,,,,,1,150000.0,1.5,1,13.03413,80.21072,https://www.adzuna.in/details/5898552270?utm_medium=api&utm_source=f46203c2
4686699864,Digital Marketing Executive,Unknown,Digital Marketing,"PR, Advertising & Marketing Jobs",Mid-Level,2,Hyderabad,Telangana,India,"Hyderabad, Telangana",0,unspecified,unspecified,2024-05-10 07:38:13,2024-05-10,2024,5,10,Friday,,,,,1,350000.0,3.5,1,17.40275,78.50806,https://www.adzuna.in/details/4686699864?utm_medium=api&utm_source=f46203c2
4686701752,Digital Marketing Executive,Unknown,Digital Marketing,"PR, Advertising & Marketing Jobs",Mid-Level,2,Bengaluru,Karnataka,India,"Bangalore, Karnataka",0,unspecified,unspecified,2024-05-10 07:38:27,2024-05-10,2024,5,10,Friday,,,,,1,350000.0,3.5,1,12.95703,77.59837,https://www.adzuna.in/details/4686701752?utm_medium=api&utm_source=f46203c2
5781226347,Digital Marketing Specialist,AJAIA,Digital Marketing,"PR, Advertising & Marketing Jobs",Mid-Level,2,Unspecified / Pan-India,Unspecified,India,India,0,full_time,unspecified,2026-06-29 21:58:57,2026-06-29,2026,6,29,Monday,,,,,1,350000.0,3.5,1,,,https://www.adzuna.in/details/5781226347?utm_medium=api&utm_source=f46203c2
5886085513,Digital Marketing Intern,Study Group,Digital Marketing,"PR, Advertising & Marketing Jobs",Entry / Junior,1,Chhprola,Uttar Pradesh,India,"Chhprola, Ghaziabad",0,full_time,contract,2026-09-16 17:12:14,2026-09-16,2026,9,16,Wednesday,,,,,1,150000.0,1.5,1,28.6735,77.4199,https://www.adzuna.in/details/5886085513?utm_medium=api&utm_source=f46203c2
5896250486,Social Media Manager,UltraSafe AI,Digital Marketing,Creative & Design Jobs,Manager,4,Bengaluru,Karnataka,India,"Bangalore, Karnataka",0,full_time,unspecified,2026-09-24 09:50:10,2026-09-24,2026,9,24,Thursday,,,,,1,775000.0,7.75,1,,,https://www.adzuna.in/land/ad/5896250486?se=HNd2XrC78RGKj5CFZN1R3A&utm_medium=api&utm_source=f46203c2&v=BABA616BE8767347AA6BEE67009834B90A68E718
5734544401,Digital Marketing Manager,Tentworks Interactive,Digital Marketing,"PR, Advertising & Marketing Jobs",Manager,4,Unspecified / Pan-India,Unspecified,India,India,0,full_time,unspecified,2026-05-20 04:13:06,2026-05-20,2026,5,20,Wednesday,,,,,1,775000.0,7.75,1,,,https://www.adzuna.in/details/5734544401?utm_medium=api&utm_source=f46203c2
4686701499,Digital marketing Internship,Unknown,Digital Marketing,"PR, Advertising & Marketing Jobs",Entry / Junior,1,Bengaluru,Karnataka,India,"Bangalore, Karnataka",0,unspecified,unspecified,2024-05-10 07:38:26,2024-05-10,2024,5,10,Friday,,,,,1,150000.0,1.5,1,12.95703,77.59837,https://www.adzuna.in/details/4686701499?utm_medium=api&utm_source=f46203c2
5893961261,Product Manager - Ruminant,MSD,Digital Marketing,"PR, Advertising & Marketing Jobs",Manager,4,Pune,Maharashtra,India,"Pune, Maharashtra",0,full_time,unspecified,2026-09-22 18:29:32,2026-09-22,2026,9,22,Tuesday,,,,,1,775000.0,7.75,1,18.5062,73.84735,https://www.adzuna.in/land/ad/5893961261?se=HNd2XrC78RGKj5CFZN1R3A&utm_medium=api&utm_source=f46203c2&v=C2CBFFE7528C1AC946DB320591588EFB97D22FB1
5858537808,"CL, Adobe Campaign",Standard Chartered Bank,Digital Marketing,IT Jobs,Mid-Level,2,Bengaluru,Karnataka,India,"Bangalore, Karnataka",0,full_time,unspecified,2026-08-27 22:16:53,2026-08-27,2026,8,27,Thursday,,,,,1,350000.0,3.5,1,12.95703,77.59837,https://www.adzuna.in/land/ad/5858537808?se=HNd2XrC78RGKj5CFZN1R3A&utm_medium=api&utm_source=f46203c2&v=04D8215FB3224CB0F302DB7F139CE0D5DC63181E
5886096438,Graphic Design Intern,Havas Media Network India,Digital Marketing,Creative & Design Jobs,Entry / Junior,1,Unspecified / Pan-India,Unspecified,India,India,0,unspecified,contract,2026-09-16 17:28:09,2026-09-16,2026,9,16,Wednesday,,,,,1,150000.0,1.5,1,,,https://www.adzuna.in/land/ad/5886096438?se=HNd2XrC78RGKj5CFZN1R3A&utm_medium=api&utm_source=f46203c2&v=31C1D20593BF02346AE1EB77B1DB4E75262ABA73
5895599358,Meta ads specialist,Fitness from Home,Digital Marketing,"PR, Advertising & Marketing Jobs",Mid-Level,2,Remote,Remote,India,India,1,part_time,unspecified,2026-09-24 01:47:04,2026-09-24,2026,9,24,Thursday,,,,,1,350000.0,3.5,1,,,https://www.adzuna.in/land/ad/5895599358?se=HNd2XrC78RGKj5CFZN1R3A&utm_medium=api&utm_source=f46203c2&v=FDF849C5CFE7EF99C7DE759CF743C65B75A2DBFF
5896613793,Customer Success Manager,Adbanana,Digital Marketing,"PR, Advertising & Marketing Jobs",Manager,4,Unspecified / Pan-India,Unspecified,India,India,0,unspecified,contract,2026-09-24 15:18:29,2026-09-24,2026,9,24,Thursday,,,,,1,775000.0,7.75,1,,,https://www.adzuna.in/land/ad/5896613793?se=HNd2XrC78RGKj5CFZN1R3A&utm_medium=api&utm_source=f46203c2&v=F3C366A493020867750F00391107C2D410DEAB14
5897296282,Senior Graphic Designer - Creative & AI,Calikulture,Digital Marketing,Creative & Design Jobs,Senior,3,Hyderabad,Telangana,India,"Hyderabad, Telangana",0,unspecified,unspecified,2026-09-25 01:58:13,2026-09-25,2026,9,25,Friday,,,,,1,550000.0,5.5,1,17.40275,78.50806,https://www.adzuna.in/land/ad/5897296282?se=HNd2XrC78RGKj5CFZN1R3A&utm_medium=api&utm_source=f46203c2&v=6E26C4AD877A143F3793F2F1FEB2E45D21C8A643
5857213424,Marketing Communications Manager,PE-Funded Travel tech business,Digital Marketing,"PR, Advertising & Marketing Jobs",Manager,4,Mumbai,Maharashtra,India,"Mumbai, Maharashtra",0,full_time,unspecified,2026-08-26 23:58:16,2026-08-26,2026,8,26,Wednesday,,,,,1,775000.0,7.75,1,19.00821,72.84415,https://www.adzuna.in/land/ad/5857213424?se=HNd2XrC78RGKj5CFZN1R3A&utm_medium=api&utm_source=f46203c2&v=C450B8C2DA458CDC24DEE78895A9E88A4F9D6D80
5873074635,Media Planning Manager,HiveMinds,Digital Marketing,"PR, Advertising & Marketing Jobs",Manager,4,Bengaluru,Karnataka,India,"Bangalore, Karnataka",0,unspecified,unspecified,2026-09-06 18:36:10,2026-09-06,2026,9,6,Sunday,,,,,1,775000.0,7.75,1,,,https://www.adzuna.in/land/ad/5873074635?se=HNd2XrC78RGKj5CFZN1R3A&utm_medium=api&utm_source=f46203c2&v=6848CCAEFEDEDDD157A033A6AEC497C820C107C5
5880950916,Senior Business Development Executive,Schbang,Digital Marketing,"PR, Advertising & Marketing Jobs",Senior,3,Mumbai,Maharashtra,India,"Mumbai, Maharashtra",0,unspecified,unspecified,2026-09-12 17:19:25,2026-09-12,2026,9,12,Saturday,,,,,1,550000.0,5.5,1,19.00821,72.84415,https://www.adzuna.in/land/ad/5880950916?se=HNd2XrC78RGKj5CFZN1R3A&utm_medium=api&utm_source=f46203c2&v=28E346EE607C20BF8A1EC2632427E463597D3A67
5901134289,Walk-In || Business Development Executive (Outbound Calling),Eastern Book Company,Digital Marketing,Sales Jobs,Mid-Level,2,Lucknow,Uttar Pradesh,India,"Lucknow, Uttar Pradesh",0,full_time,unspecified,2026-09-28 07:36:09,2026-09-28,2026,9,28,Monday,,,,,1,350000.0,3.5,1,26.8677,80.8897,https://www.adzuna.in/land/ad/5901134289?se=HNd2XrC78RGKj5CFZN1R3A&utm_medium=api&utm_source=f46203c2&v=6CF425BE9772881AC93629E19B240BF5C8BD7059
5901133427,Brand Solutions Specialist,Shopalyst,Digital Marketing,Sales Jobs,Mid-Level,2,Bengaluru,Karnataka,India,"Bangalore, Karnataka",0,unspecified,unspecified,2026-09-28 07:33:45,2026-09-28,2026,9,28,Monday,,,,,1,350000.0,3.5,1,,,https://www.adzuna.in/land/ad/5901133427?se=HNd2XrC78RGKj5CFZN1R3A&utm_medium=api&utm_source=f46203c2&v=F31AB6350FB87057F9A9488CE9A9F972AFCF4096
5868702405,Digital Marketing Executive,Fyno Digital Marketing,Digital Marketing,"PR, Advertising & Marketing Jobs",Mid-Level,2,Rajkot,Gujarat,India,"Rajkot, Gujarat",0,full_time,unspecified,2026-09-03 16:08:31,2026-09-03,2026,9,3,Thursday,,,,,1,350000.0,3.5,1,22.2965,70.77785,https://www.adzuna.in/details/5868702405?utm_medium=api&utm_source=f46203c2
5886487261,Senior Marketing Manager,Thermo Fisher Scientific,Digital Marketing,"PR, Advertising & Marketing Jobs",Manager,4,Mumbai,Maharashtra,India,"Mumbai, Maharashtra",0,full_time,unspecified,2026-09-16 22:35:03,2026-09-16,2026,9,16,Wednesday,,,,,1,775000.0,7.75,1,19.00821,72.84415,https://www.adzuna.in/land/ad/5886487261?se=HNd2XrC78RGKj5CFZN1R3A&utm_medium=api&utm_source=f46203c2&v=7A9BD8466E471D49AAB13B5DEE399513248E8984
5823127786,Digital Marketing Executive,SOFTCRAYONS TECH SOLUTION OPC PRIVATE LIMITED Hiring For Digital Marketing Executive,Digital Marketing,"PR, Advertising & Marketing Jobs",Mid-Level,2,Noida,Uttar Pradesh,India,"Noida, Ghaziabad",0,unspecified,unspecified,2026-08-01 06:46:35,2026-08-01,2026,8,1,Saturday,,,,,1,350000.0,3.5,1,28.56579,77.3225,https://www.adzuna.in/details/5823127786?utm_medium=api&utm_source=f46203c2
5854847309,Digital Marketing Trainer,Awrange Website Development SEO Social Media Agency Digital Marketing Company Pune,Digital Marketing,"PR, Advertising & Marketing Jobs",Mid-Level,2,Pune,Maharashtra,India,"Pune, Maharashtra",0,unspecified,unspecified,2026-08-25 07:17:23,2026-08-25,2026,8,25,Tuesday,,,,,1,350000.0,3.5,1,18.5062,73.84735,https://www.adzuna.in/details/5854847309?utm_medium=api&utm_source=f46203c2
4772643097,Digital Marketing Trainer,Navriti Technologies,Digital Marketing,"PR, Advertising & Marketing Jobs",Mid-Level,2,Jaipur,Rajasthan,India,"Jaipur, Rajasthan",0,full_time,unspecified,2024-07-10 10:39:20,2024-07-10,2024,7,10,Wednesday,600000.0,800000.0,700000.0,7.0,0,700000.0,7.0,0,26.7441,75.9469,https://www.adzuna.in/details/4772643097?utm_medium=api&utm_source=f46203c2
2979713581,Digital Marketing Executive,CardByte,Digital Marketing,"PR, Advertising & Marketing Jobs",Mid-Level,2,Unspecified / Pan-India,Unspecified,India,India,0,full_time,unspecified,2022-03-18 05:09:39,2022-03-18,2022,3,18,Friday,240000.0,360000.0,300000.0,3.0,0,300000.0,3.0,0,,,https://www.adzuna.in/details/2979713581?utm_medium=api&utm_source=f46203c2
1176645055,Digital Marketing Strategist,Sudo Technologies LLC,Digital Marketing,"PR, Advertising & Marketing Jobs",Mid-Level,2,Delhi NCR,Delhi,India,"Delhi, India",0,full_time,unspecified,2019-06-10 21:11:52,2019-06-10,2019,6,10,Monday,600000.0,700000.0,650000.0,6.5,0,650000.0,6.5,0,,,https://www.adzuna.in/details/1176645055?utm_medium=api&utm_source=f46203c2
3690667190,Digital Marketing Executive,Kopuram Chits Pvt Ltd,Digital Marketing,"PR, Advertising & Marketing Jobs",Mid-Level,2,Coimbatore,Tamil Nadu,India,"Coimbatore, Tamil Nadu",0,full_time,unspecified,2022-11-15 05:54:56,2022-11-15,2022,11,15,Tuesday,400000.0,1200000.0,800000.0,8.0,0,800000.0,8.0,0,11.017171,77.100203,https://www.adzuna.in/details/3690667190?utm_medium=api&utm_source=f46203c2
5789395046,Digital Marketing Specialist,Boston Technology corporation,Digital Marketing,"PR, Advertising & Marketing Jobs",Mid-Level,2,Bengaluru,Karnataka,India,"Bangalore, Karnataka",0,full_time,unspecified,2026-07-06 03:28:26,2026-07-06,2026,7,6,Monday,,,,,1,350000.0,3.5,1,,,https://www.adzuna.in/details/5789395046?utm_medium=api&utm_source=f46203c2
2870615921,Digital Marketing Executive,Kalibre global konnects,Digital Marketing,"PR, Advertising & Marketing Jobs",Mid-Level,2,Ahmedabad,Gujarat,India,"Ahmedabad, Gujarat",0,full_time,unspecified,2022-02-05 04:43:14,2022-02-05,2022,2,5,Saturday,180000.0,240000.0,210000.0,2.1,0,210000.0,2.1,0,23.042,72.59465,https://www.adzuna.in/details/2870615921?utm_medium=api&utm_source=f46203c2
5895058532,Digital Marketing Fresher,Magic Clickz,Digital Marketing,"PR, Advertising & Marketing Jobs",Entry / Junior,1,Indore,Madhya Pradesh,India,"Indore, Madhya Pradesh",0,full_time,unspecified,2026-09-23 16:14:00,2026-09-23,2026,9,23,Wednesday,100000.0,150000.0,125000.0,1.25,0,125000.0,1.25,0,22.66215,75.9035,https://www.adzuna.in/details/5895058532?utm_medium=api&utm_source=f46203c2
5859120785,Digital Marketing Trainee,Technians Softech,Digital Marketing,"PR, Advertising & Marketing Jobs",Entry / Junior,1,Gurugram,Haryana,India,"Gurgaon, Haryana",0,unspecified,unspecified,2026-08-28 07:37:09,2026-08-28,2026,8,28,Friday,,,,,1,150000.0,1.5,1,28.323996,76.983738,https://www.adzuna.in/details/5859120785?utm_medium=api&utm_source=f46203c2
5845820073,Digital Marketing Analyst,Swift technologies,Digital Marketing,"PR, Advertising & Marketing Jobs",Mid-Level,2,Chennai,Tamil Nadu,India,"Chennai, Tamil Nadu",0,unspecified,unspecified,2026-08-18 07:15:42,2026-08-18,2026,8,18,Tuesday,,,,,1,350000.0,3.5,1,13.06041,80.24963,https://www.adzuna.in/details/5845820073?utm_medium=api&utm_source=f46203c2
3864058712,Digital Marketing Trainer,Jachoos Technology Pvt Ltd,Digital Marketing,Teaching Jobs,Mid-Level,2,Kochi,Kerala,India,"Kochi, Ernakulam",0,full_time,unspecified,2023-01-21 09:03:25,2023-01-21,2023,1,21,Saturday,400000.0,800000.0,600000.0,6.0,0,600000.0,6.0,0,9.98011,76.24637,https://www.adzuna.in/details/3864058712?utm_medium=api&utm_source=f46203c2
5856195300,Digital Marketing Manager,Venture Smarter,Digital Marketing,IT Jobs,Manager,4,Unspecified / Pan-India,Unspecified,India,India,0,unspecified,unspecified,2026-08-26 07:37:18,2026-08-26,2026,8,26,Wednesday,,,,,1,775000.0,7.75,1,,,https://www.adzuna.in/details/5856195300?utm_medium=api&utm_source=f46203c2
1651035245,Digital Marketing Trainer,Amritsar Digital Academy,Digital Marketing,"PR, Advertising & Marketing Jobs",Mid-Level,2,Amritsar,Punjab,India,"Amritsar, Punjab",0,full_time,unspecified,2020-08-20 01:10:40,2020-08-20,2020,8,20,Thursday,0.0,300000.0,300000.0,3.0,0,300000.0,3.0,0,31.6329,74.87775,https://www.adzuna.in/details/1651035245?utm_medium=api&utm_source=f46203c2
5813707974,Digital Marketing Intern,Honeybee Digital,Digital Marketing,"PR, Advertising & Marketing Jobs",Entry / Junior,1,Unspecified / Pan-India,Unspecified,India,India,0,full_time,contract,2026-07-24 15:57:45,2026-07-24,2026,7,24,Friday,60000.0,4800000.0,2430000.0,24.3,0,2430000.0,24.3,0,,,https://www.adzuna.in/details/5813707974?utm_medium=api&utm_source=f46203c2
5333342195,Digital Marketing Trainer,EDU TECH,Digital Marketing,"PR, Advertising & Marketing Jobs",Mid-Level,2,Kochi,Kerala,India,"Kochi, Ernakulam",0,full_time,unspecified,2025-08-02 05:31:53,2025-08-02,2025,8,2,Saturday,200000.0,600000.0,400000.0,4.0,0,400000.0,4.0,0,9.98011,76.24637,https://www.adzuna.in/details/5333342195?utm_medium=api&utm_source=f46203c2
4686703965,Digital Marketing Executive,Unknown,Digital Marketing,"PR, Advertising & Marketing Jobs",Mid-Level,2,Nagpur,Maharashtra,India,"Nagpur, Maharashtra",0,unspecified,unspecified,2024-05-10 07:38:44,2024-05-10,2024,5,10,Friday,,,,,1,350000.0,3.5,1,21.1867,78.9786,https://www.adzuna.in/details/4686703965?utm_medium=api&utm_source=f46203c2
5503837908,Digital Marketing Intern,WebMobi360,Digital Marketing,"PR, Advertising & Marketing Jobs",Entry / Junior,1,Unspecified / Pan-India,Unspecified,India,India,0,full_time,contract,2025-11-20 00:58:25,2025-11-20,2025,11,20,Thursday,,,,,1,150000.0,1.5,1,,,https://www.adzuna.in/details/5503837908?utm_medium=api&utm_source=f46203c2
5887125588,Digital Marketing Manager,Arting Digital Private Limited,Digital Marketing,"PR, Advertising & Marketing Jobs",Manager,4,Ator Nagla,Uttar Pradesh,India,"Ator Nagla, Ghaziabad",0,full_time,permanent,2026-09-17 09:33:53,2026-09-17,2026,9,17,Thursday,,,,,1,775000.0,7.75,1,28.6774,77.43779,https://www.adzuna.in/details/5887125588?utm_medium=api&utm_source=f46203c2
5889555084,Digital Marketing Specialist,MedTourEasy,Digital Marketing,"PR, Advertising & Marketing Jobs",Mid-Level,2,Unspecified / Pan-India,Unspecified,India,India,0,full_time,unspecified,2026-09-18 21:49:58,2026-09-18,2026,9,18,Friday,600000.0,600000.0,600000.0,6.0,0,600000.0,6.0,0,,,https://www.adzuna.in/details/5889555084?utm_medium=api&utm_source=f46203c2
4564568523,Digital Marketing Executive,hotbitinfotech,Digital Marketing,"PR, Advertising & Marketing Jobs",Mid-Level,2,Indore,Madhya Pradesh,India,"Indore, Madhya Pradesh",0,full_time,contract,2024-02-10 15:47:56,2024-02-10,2024,2,10,Saturday,360000.0,500000.0,430000.0,4.3,0,430000.0,4.3,0,22.66215,75.9035,https://www.adzuna.in/details/4564568523?utm_medium=api&utm_source=f46203c2
5670109641,Digital Marketing Specialist,Digital Edge Solutions,Digital Marketing,"PR, Advertising & Marketing Jobs",Mid-Level,2,Kolkata,West Bengal,India,"Kolkata, West Bengal",0,full_time,unspecified,2026-03-18 05:00:17,2026-03-18,2026,3,18,Wednesday,,,,,1,350000.0,3.5,1,22.57285,88.34373,https://www.adzuna.in/details/5670109641?utm_medium=api&utm_source=f46203c2
5674984366,Digital Marketing Executive,ProductNova,Digital Marketing,"PR, Advertising & Marketing Jobs",Mid-Level,2,Bengaluru,Karnataka,India,"Bangalore, Karnataka",0,full_time,unspecified,2026-03-22 11:34:29,2026-03-22,2026,3,22,Sunday,360000.0,540000.0,450000.0,4.5,0,450000.0,4.5,0,,,https://www.adzuna.in/details/5674984366?utm_medium=api&utm_source=f46203c2
4784618367,Digital Marketing Executive,Conduct Exam,Digital Marketing,"PR, Advertising & Marketing Jobs",Mid-Level,2,Rajkot,Gujarat,India,"Rajkot, Gujarat",0,full_time,unspecified,2024-07-18 10:45:44,2024-07-18,2024,7,18,Thursday,120000.0,130000.0,125000.0,1.25,0,125000.0,1.25,0,22.2965,70.77785,https://www.adzuna.in/details/4784618367?utm_medium=api&utm_source=f46203c2
5138014531,Digital Marketing Executive,HelixSense Technologies Pvt Ltd,Digital Marketing,"PR, Advertising & Marketing Jobs",Mid-Level,2,Bengaluru,Karnataka,India,"Bangalore, Karnataka",0,full_time,unspecified,2025-04-10 06:39:16,2025-04-10,2025,4,10,Thursday,200000.0,350000.0,275000.0,2.75,0,275000.0,2.75,0,,,https://www.adzuna.in/details/5138014531?utm_medium=api&utm_source=f46203c2
5885447621,Digital Marketing Specialist,Codingmart Technologies,Digital Marketing,"PR, Advertising & Marketing Jobs",Mid-Level,2,Chennai,Tamil Nadu,India,"Chennai, Tamil Nadu",0,unspecified,unspecified,2026-09-16 07:04:31,2026-09-16,2026,9,16,Wednesday,,,,,1,350000.0,3.5,1,13.06041,80.24963,https://www.adzuna.in/details/5885447621?utm_medium=api&utm_source=f46203c2
5674984367,Digital Marketing Executive,ProductNova,Digital Marketing,"PR, Advertising & Marketing Jobs",Mid-Level,2,Bengaluru,Karnataka,India,"Bangalore, Karnataka",0,full_time,unspecified,2026-03-22 11:34:29,2026-03-22,2026,3,22,Sunday,360000.0,540000.0,450000.0,4.5,0,450000.0,4.5,0,,,https://www.adzuna.in/details/5674984367?utm_medium=api&utm_source=f46203c2
5503838342,Digital Marketing Interns,Heroxhost Web Services,Digital Marketing,"PR, Advertising & Marketing Jobs",Mid-Level,2,Indore,Madhya Pradesh,India,"Indore, Madhya Pradesh",0,full_time,contract,2025-11-20 00:58:31,2025-11-20,2025,11,20,Thursday,,,,,1,350000.0,3.5,1,22.66215,75.9035,https://www.adzuna.in/details/5503838342?utm_medium=api&utm_source=f46203c2
5503836840,Digital Marketing Internship,SeoWebChecker,Digital Marketing,"PR, Advertising & Marketing Jobs",Entry / Junior,1,Delhi NCR,Delhi,India,"Delhi, India",0,unspecified,contract,2025-11-20 00:58:11,2025-11-20,2025,11,20,Thursday,,,,,1,150000.0,1.5,1,28.62523,77.224601,https://www.adzuna.in/details/5503836840?utm_medium=api&utm_source=f46203c2
3355850070,Digital Marketing Manager,Bottom Funnel,Digital Marketing,"PR, Advertising & Marketing Jobs",Manager,4,Jaipur,Rajasthan,India,"Jaipur, Rajasthan",0,full_time,unspecified,2022-07-29 06:39:00,2022-07-29,2022,7,29,Friday,600000.0,1400000.0,1000000.0,10.0,0,1000000.0,10.0,0,26.7441,75.9469,https://www.adzuna.in/details/3355850070?utm_medium=api&utm_source=f46203c2
4686699826,Digital Marketing Trainer,Unknown,Digital Marketing,"PR, Advertising & Marketing Jobs",Mid-Level,2,Pune,Maharashtra,India,"Pune, Maharashtra",0,unspecified,unspecified,2024-05-10 07:38:13,2024-05-10,2024,5,10,Friday,,,,,1,350000.0,3.5,1,18.5062,73.84735,https://www.adzuna.in/details/4686699826?utm_medium=api&utm_source=f46203c2
4801549309,Digital Marketing Manager,Qyk,Digital Marketing,IT Jobs,Manager,4,Bengaluru,Karnataka,India,"Bangalore, Karnataka",0,full_time,unspecified,2024-07-31 03:14:48,2024-07-31,2024,7,31,Wednesday,,,,,1,775000.0,7.75,1,,,https://www.adzuna.in/details/4801549309?utm_medium=api&utm_source=f46203c2
5879146453,Digital Marketing Trainer,Finprov Business Services,Digital Marketing,"PR, Advertising & Marketing Jobs",Mid-Level,2,Hyderabad,Telangana,India,"Hyderabad, Telangana",0,unspecified,unspecified,2026-09-11 07:40:52,2026-09-11,2026,9,11,Friday,,,,,1,350000.0,3.5,1,17.40275,78.50806,https://www.adzuna.in/details/5879146453?utm_medium=api&utm_source=f46203c2
5879146455,Digital Marketing Trainer,Finprov Business Services,Digital Marketing,"PR, Advertising & Marketing Jobs",Mid-Level,2,Pune,Maharashtra,India,"Pune, Maharashtra",0,unspecified,unspecified,2026-09-11 07:40:52,2026-09-11,2026,9,11,Friday,,,,,1,350000.0,3.5,1,18.5062,73.84735,https://www.adzuna.in/details/5879146455?utm_medium=api&utm_source=f46203c2
5879146454,Digital Marketing Trainer,Finprov Business Services,Digital Marketing,"PR, Advertising & Marketing Jobs",Mid-Level,2,Bengaluru,Karnataka,India,"Bangalore, Karnataka",0,unspecified,unspecified,2026-09-11 07:40:52,2026-09-11,2026,9,11,Friday,,,,,1,350000.0,3.5,1,,,https://www.adzuna.in/details/5879146454?utm_medium=api&utm_source=f46203c2
5879146452,Digital Marketing Trainer,Finprov Business Services,Digital Marketing,"PR, Advertising & Marketing Jobs",Mid-Level,2,Kolkata,West Bengal,India,"Kolkata, West Bengal",0,unspecified,unspecified,2026-09-11 07:40:52,2026-09-11,2026,9,11,Friday,,,,,1,350000.0,3.5,1,22.57285,88.34373,https://www.adzuna.in/details/5879146452?utm_medium=api&utm_source=f46203c2
5585713654,Digital Marketing Executive,Talent Pro,Digital Marketing,"PR, Advertising & Marketing Jobs",Mid-Level,2,Bengaluru,Karnataka,India,"Bangalore, Karnataka",0,full_time,unspecified,2026-01-15 11:11:17,2026-01-15,2026,1,15,Thursday,700000.0,1100000.0,900000.0,9.0,0,900000.0,9.0,0,,,https://www.adzuna.in/details/5585713654?utm_medium=api&utm_source=f46203c2
5861924092,Digital Marketing Manager,Hirestar job Bank,Digital Marketing,"PR, Advertising & Marketing Jobs",Manager,4,Kochi,Kerala,India,"Ernakulam, Kerala",0,unspecified,unspecified,2026-08-30 10:42:46,2026-08-30,2026,8,30,Sunday,1200000.0,2000000.0,1600000.0,16.0,0,1600000.0,16.0,0,,,https://www.adzuna.in/details/5861924092?utm_medium=api&utm_source=f46203c2
5849695144,Digital Marketing Executive,RECEX,Digital Marketing,"PR, Advertising & Marketing Jobs",Mid-Level,2,Kolkata,West Bengal,India,"Kolkata, West Bengal",0,full_time,unspecified,2026-08-20 21:02:42,2026-08-20,2026,8,20,Thursday,240000.0,420000.0,330000.0,3.3,0,330000.0,3.3,0,22.57285,88.34373,https://www.adzuna.in/details/5849695144?utm_medium=api&utm_source=f46203c2
5503837996,Digital marketing Executive,OS Mgmt Consutling Services,Digital Marketing,"PR, Advertising & Marketing Jobs",Mid-Level,2,Noida,Uttar Pradesh,India,"Noida, Ghaziabad",0,full_time,unspecified,2025-11-20 00:58:27,2025-11-20,2025,11,20,Thursday,,,,,1,350000.0,3.5,1,28.56579,77.3225,https://www.adzuna.in/details/5503837996?utm_medium=api&utm_source=f46203c2
5879141314,Digital Marketing Officer,Thyrocare,Digital Marketing,"PR, Advertising & Marketing Jobs",Mid-Level,2,Navi Mumbai,Maharashtra,India,"Navi Mumbai, Maharashtra",0,unspecified,unspecified,2026-09-11 07:38:40,2026-09-11,2026,9,11,Friday,,,,,1,350000.0,3.5,1,19.02,73.02,https://www.adzuna.in/details/5879141314?utm_medium=api&utm_source=f46203c2
5845820196,Digital Marketing Manager,PROPMENT REALTY,Digital Marketing,"PR, Advertising & Marketing Jobs",Manager,4,Thane,Maharashtra,India,"Thane, Maharashtra",0,unspecified,unspecified,2026-08-18 07:15:43,2026-08-18,2026,8,18,Tuesday,,,,,1,775000.0,7.75,1,19.17335,73.04845,https://www.adzuna.in/details/5845820196?utm_medium=api&utm_source=f46203c2
4801492106,Digital Marketing Manager,Yumpys,Digital Marketing,"PR, Advertising & Marketing Jobs",Manager,4,Mumbai,Maharashtra,India,"Mumbai, Maharashtra",0,full_time,unspecified,2024-07-31 03:09:57,2024-07-31,2024,7,31,Wednesday,,,,,1,775000.0,7.75,1,19.00821,72.84415,https://www.adzuna.in/details/4801492106?utm_medium=api&utm_source=f46203c2
5503838348,Digital Marketing Executive,Hind adsoft pvt ltd,Digital Marketing,"PR, Advertising & Marketing Jobs",Mid-Level,2,Noida,Uttar Pradesh,India,"Noida, Ghaziabad",0,full_time,unspecified,2025-11-20 00:58:31,2025-11-20,2025,11,20,Thursday,,,,,1,350000.0,3.5,1,28.56579,77.3225,https://www.adzuna.in/details/5503838348?utm_medium=api&utm_source=f46203c2
5815241059,Digital Marketing Faculty,jk,Digital Marketing,Teaching Jobs,Mid-Level,2,Palakkad,Kerala,India,"Palakkad, Kerala",0,full_time,unspecified,2026-07-25 15:56:46,2026-07-25,2026,7,25,Saturday,300000.0,420000.0,360000.0,3.6,0,360000.0,3.6,0,10.76035,76.6654,https://www.adzuna.in/details/5815241059?utm_medium=api&utm_source=f46203c2
5503836368,Digital Marketing Intern,Truelymarry,Digital Marketing,"PR, Advertising & Marketing Jobs",Entry / Junior,1,Kanpur Dehat,Uttar Pradesh,India,"Kanpur Dehat, Uttar Pradesh",0,full_time,contract,2025-11-20 00:58:06,2025-11-20,2025,11,20,Thursday,,,,,1,150000.0,1.5,1,26.37574,80.10093,https://www.adzuna.in/details/5503836368?utm_medium=api&utm_source=f46203c2
5434906264,Digital Marketing Executive,Blockwoods Marketing Management OPC Pvt Ltd,Digital Marketing,"PR, Advertising & Marketing Jobs",Mid-Level,2,Bengaluru,Karnataka,India,"Bangalore, Karnataka",0,full_time,unspecified,2025-10-07 09:19:27,2025-10-07,2025,10,7,Tuesday,180000.0,250000.0,215000.0,2.15,0,215000.0,2.15,0,,,https://www.adzuna.in/details/5434906264?utm_medium=api&utm_source=f46203c2
5727283481,Digital Marketing Specialist,Mantras2Success,Digital Marketing,"PR, Advertising & Marketing Jobs",Mid-Level,2,Ahmedabad,Gujarat,India,"Ahmedabad, Gujarat",0,full_time,unspecified,2026-05-13 02:19:36,2026-05-13,2026,5,13,Wednesday,3600000.0,4320000.0,3960000.0,39.6,0,3960000.0,39.6,0,23.042,72.59465,https://www.adzuna.in/details/5727283481?utm_medium=api&utm_source=f46203c2
4639665210,Digital Marketing Specialist,COD Trees,Digital Marketing,"PR, Advertising & Marketing Jobs",Mid-Level,2,Unspecified / Pan-India,Unspecified,India,India,0,full_time,unspecified,2024-04-07 16:11:39,2024-04-07,2024,4,7,Sunday,120000.0,300000.0,210000.0,2.1,0,210000.0,2.1,0,,,https://www.adzuna.in/details/4639665210?utm_medium=api&utm_source=f46203c2
4499290651,Digital marketing Intern,URBANROOF PRIVATE LIMITED,Digital Marketing,"PR, Advertising & Marketing Jobs",Entry / Junior,1,Pune,Maharashtra,India,"Pune, Maharashtra",0,full_time,contract,2023-12-28 15:13:53,2023-12-28,2023,12,28,Thursday,120000.0,120000.0,120000.0,1.2,0,120000.0,1.2,0,18.5062,73.84735,https://www.adzuna.in/details/4499290651?utm_medium=api&utm_source=f46203c2
5893605603,Digital Marketing Executive,PRYDAN CONSULTANCY SERVICES PRIVATE LIMITED,Digital Marketing,"PR, Advertising & Marketing Jobs",Mid-Level,2,Ahmedabad,Gujarat,India,"Ahmedabad, Gujarat",0,unspecified,unspecified,2026-09-22 10:51:41,2026-09-22,2026,9,22,Tuesday,30000.0,35000.0,32500.0,0.325,0,32500.0,0.325,0,23.042,72.59465,https://www.adzuna.in/details/5893605603?utm_medium=api&utm_source=f46203c2
3032212555,Digital Marketing - Head,Unnati,Digital Marketing,"PR, Advertising & Marketing Jobs",Mid-Level,2,Bengaluru,Karnataka,India,"Bangalore, Karnataka",0,full_time,unspecified,2022-04-07 05:25:47,2022-04-07,2022,4,7,Thursday,3000000.0,4000000.0,3500000.0,35.0,0,3500000.0,35.0,0,,,https://www.adzuna.in/details/3032212555?utm_medium=api&utm_source=f46203c2
5616947392,Digital Marketing Executive,Hunarstreet Technologies Pvt Ltd,Digital Marketing,"PR, Advertising & Marketing Jobs",Mid-Level,2,Mumbai,Maharashtra,India,"Mumbai, Maharashtra",0,full_time,unspecified,2026-02-06 11:32:26,2026-02-06,2026,2,6,Friday,300000.0,350000.0,325000.0,3.25,0,325000.0,3.25,0,19.00821,72.84415,https://www.adzuna.in/details/5616947392?utm_medium=api&utm_source=f46203c2
5036061760,Digital Marketing Intern,Quartz Technologies,Digital Marketing,"PR, Advertising & Marketing Jobs",Entry / Junior,1,Unspecified / Pan-India,Unspecified,India,India,0,full_time,contract,2025-02-04 12:19:43,2025-02-04,2025,2,4,Tuesday,100000.0,200000.0,150000.0,1.5,0,150000.0,1.5,0,,,https://www.adzuna.in/details/5036061760?utm_medium=api&utm_source=f46203c2
5727283411,Junior digital marketing,RECEX,Digital Marketing,"PR, Advertising & Marketing Jobs",Entry / Junior,1,Kolkata,West Bengal,India,"Kolkata, West Bengal",0,full_time,unspecified,2026-05-13 02:19:35,2026-05-13,2026,5,13,Wednesday,3600000.0,4320000.0,3960000.0,39.6,0,3960000.0,39.6,0,22.57285,88.34373,https://www.adzuna.in/details/5727283411?utm_medium=api&utm_source=f46203c2
5443730485,Digital Marketing Executive,NeoGenCode Technologies Pvt Ltd,Digital Marketing,"PR, Advertising & Marketing Jobs",Mid-Level,2,Delhi NCR,Delhi,India,"Delhi, India",0,full_time,unspecified,2025-10-12 06:41:13,2025-10-12,2025,10,12,Sunday,50000.0,300000.0,175000.0,1.75,0,175000.0,1.75,0,28.62523,77.224601,https://www.adzuna.in/details/5443730485?utm_medium=api&utm_source=f46203c2
5713764640,Digital Marketing Manager,Edjobster Pvt. Ltd,Digital Marketing,"PR, Advertising & Marketing Jobs",Manager,4,Mumbai,Maharashtra,India,"Mumbai, Maharashtra",0,full_time,unspecified,2026-04-29 22:30:12,2026-04-29,2026,4,29,Wednesday,2500000.0,3000000.0,2750000.0,27.5,0,2750000.0,27.5,0,19.00821,72.84415,https://www.adzuna.in/details/5713764640?utm_medium=api&utm_source=f46203c2
4686704423,Digital Marketing Executive,Unknown,Digital Marketing,"PR, Advertising & Marketing Jobs",Mid-Level,2,Thane,Maharashtra,India,"Thane, Maharashtra",0,unspecified,unspecified,2024-05-10 07:38:47,2024-05-10,2024,5,10,Friday,,,,,1,350000.0,3.5,1,19.17335,73.04845,https://www.adzuna.in/details/4686704423?utm_medium=api&utm_source=f46203c2
4686701215,Digital Marketing Executive,Unknown,Digital Marketing,"PR, Advertising & Marketing Jobs",Mid-Level,2,Bengaluru,Karnataka,India,"Bangalore, Karnataka",0,unspecified,unspecified,2024-05-10 07:38:24,2024-05-10,2024,5,10,Friday,,,,,1,350000.0,3.5,1,12.95703,77.59837,https://www.adzuna.in/details/4686701215?utm_medium=api&utm_source=f46203c2
5879146721,Head Digital Marketing,Rama Medicare,Digital Marketing,"PR, Advertising & Marketing Jobs",Mid-Level,2,Noida,Uttar Pradesh,India,"Noida, Ghaziabad",0,unspecified,unspecified,2026-09-11 07:40:59,2026-09-11,2026,9,11,Friday,,,,,1,350000.0,3.5,1,28.56579,77.3225,https://www.adzuna.in/details/5879146721?utm_medium=api&utm_source=f46203c2
5411469525,Digital marketing trainer,KGISL MICROCOLLEGE,Digital Marketing,Teaching Jobs,Mid-Level,2,Unspecified / Pan-India,Unspecified,India,India,0,full_time,contract,2025-09-23 07:13:39,2025-09-23,2025,9,23,Tuesday,300000.0,400000.0,350000.0,3.5,0,350000.0,3.5,0,,,https://www.adzuna.in/details/5411469525?utm_medium=api&utm_source=f46203c2
5851958304,Digital Marketing Executive,TalentMark Academy Placement Department,Digital Marketing,"PR, Advertising & Marketing Jobs",Mid-Level,2,Indore,Madhya Pradesh,India,"Depalpur, Indore",0,full_time,unspecified,2026-08-22 08:58:18,2026-08-22,2026,8,22,Saturday,,,,,1,350000.0,3.5,1,22.69365,75.80425,https://www.adzuna.in/details/5851958304?utm_medium=api&utm_source=f46203c2
5877943307,Digital Marketing Executive,TalentMark Academy Placement Department,Digital Marketing,"PR, Advertising & Marketing Jobs",Mid-Level,2,Indore,Madhya Pradesh,India,"Sanwer, Indore",0,full_time,unspecified,2026-09-10 09:21:52,2026-09-10,2026,9,10,Thursday,,,,,1,350000.0,3.5,1,22.72825,75.8453,https://www.adzuna.in/details/5877943307?utm_medium=api&utm_source=f46203c2
4559411227,Digital Marketing Fresher,Scremer,Digital Marketing,"PR, Advertising & Marketing Jobs",Entry / Junior,1,Hyderabad,Telangana,India,"Hyderabad, Telangana",0,full_time,unspecified,2024-02-06 16:17:38,2024-02-06,2024,2,6,Tuesday,150000.0,250000.0,200000.0,2.0,0,200000.0,2.0,0,17.40275,78.50806,https://www.adzuna.in/details/4559411227?utm_medium=api&utm_source=f46203c2
5028076741,Digital Marketing Specialist,Budventure Technologies Pvt Ltd,Digital Marketing,"PR, Advertising & Marketing Jobs",Mid-Level,2,Ahmedabad,Gujarat,India,"Ahmedabad, Gujarat",0,full_time,unspecified,2025-01-29 13:48:28,2025-01-29,2025,1,29,Wednesday,100000.0,300000.0,200000.0,2.0,0,200000.0,2.0,0,23.042,72.59465,https://www.adzuna.in/details/5028076741?utm_medium=api&utm_source=f46203c2
5503837949,Digital Marketing Internship,Ginger Media Group,Digital Marketing,"PR, Advertising & Marketing Jobs",Entry / Junior,1,Bengaluru,Karnataka,India,"Bangalore, Karnataka",0,unspecified,contract,2025-11-20 00:58:26,2025-11-20,2025,11,20,Thursday,,,,,1,150000.0,1.5,1,,,https://www.adzuna.in/details/5503837949?utm_medium=api&utm_source=f46203c2
5727161049,Digital Marketing Specialist,Green Apple HR Solutions,Digital Marketing,"PR, Advertising & Marketing Jobs",Mid-Level,2,Coimbatore,Tamil Nadu,India,"Coimbatore, Tamil Nadu",0,full_time,unspecified,2026-05-13 02:06:16,2026-05-13,2026,5,13,Wednesday,300000.0,500000.0,400000.0,4.0,0,400000.0,4.0,0,11.017171,77.100203,https://www.adzuna.in/details/5727161049?utm_medium=api&utm_source=f46203c2
5691797799,Digital Marketing Intern,Vikgol,Digital Marketing,"PR, Advertising & Marketing Jobs",Entry / Junior,1,Bengaluru,Karnataka,India,"Bangalore, Karnataka",0,full_time,contract,2026-04-07 11:35:03,2026-04-07,2026,4,7,Tuesday,400000.0,9600000.0,5000000.0,50.0,0,5000000.0,50.0,0,,,https://www.adzuna.in/details/5691797799?utm_medium=api&utm_source=f46203c2
5838750323,Digital Marketing Manager,Happiest Resume,Digital Marketing,"PR, Advertising & Marketing Jobs",Manager,4,Gurugram,Haryana,India,"Gurgaon, Haryana",0,full_time,unspecified,2026-08-13 02:55:55,2026-08-13,2026,8,13,Thursday,600000.0,1000000.0,800000.0,8.0,0,800000.0,8.0,0,28.323996,76.983738,https://www.adzuna.in/details/5838750323?utm_medium=api&utm_source=f46203c2
4686703458,Digital Marketing Executive,Unknown,Digital Marketing,"PR, Advertising & Marketing Jobs",Mid-Level,2,Bengaluru,Karnataka,India,"Bangalore, Karnataka",0,unspecified,unspecified,2024-05-10 07:38:40,2024-05-10,2024,5,10,Friday,,,,,1,350000.0,3.5,1,12.95703,77.59837,https://www.adzuna.in/details/4686703458?utm_medium=api&utm_source=f46203c2
5727140858,Digital Marketing Executive,RECEX,Digital Marketing,"PR, Advertising & Marketing Jobs",Mid-Level,2,Ahmedabad,Gujarat,India,"Ahmedabad, Gujarat",0,full_time,unspecified,2026-05-13 02:04:31,2026-05-13,2026,5,13,Wednesday,3600000.0,4320000.0,3960000.0,39.6,0,3960000.0,39.6,0,23.042,72.59465,https://www.adzuna.in/details/5727140858?utm_medium=api&utm_source=f46203c2
5047749717,Digital Marketing Manager,Quartz Technologies,Digital Marketing,"PR, Advertising & Marketing Jobs",Manager,4,Unspecified / Pan-India,Unspecified,India,India,0,full_time,unspecified,2025-02-13 06:05:22,2025-02-13,2025,2,13,Thursday,180000.0,240000.0,210000.0,2.1,0,210000.0,2.1,0,,,https://www.adzuna.in/details/5047749717?utm_medium=api&utm_source=f46203c2
5703355159,Digital Marketing Executive,Urbanvenue,Digital Marketing,"PR, Advertising & Marketing Jobs",Mid-Level,2,Delhi NCR,Delhi,India,"Delhi, India",0,full_time,unspecified,2026-04-18 11:39:15,2026-04-18,2026,4,18,Saturday,240000.0,420000.0,330000.0,3.3,0,330000.0,3.3,0,28.62523,77.224601,https://www.adzuna.in/details/5703355159?utm_medium=api&utm_source=f46203c2
5824125466,Digital marketing executive,MM Staffing & Career Consultants,Digital Marketing,"PR, Advertising & Marketing Jobs",Mid-Level,2,Chennai,Tamil Nadu,India,"Chennai, Tamil Nadu",0,full_time,unspecified,2026-08-01 20:48:06,2026-08-01,2026,8,1,Saturday,100000.0,600000.0,350000.0,3.5,0,350000.0,3.5,0,13.06041,80.24963,https://www.adzuna.in/details/5824125466?utm_medium=api&utm_source=f46203c2
4316768802,Digital Marketing Intern,AJACKUS,Digital Marketing,"PR, Advertising & Marketing Jobs",Entry / Junior,1,Unspecified / Pan-India,Unspecified,India,India,0,full_time,contract,2023-09-16 13:11:17,2023-09-16,2023,9,16,Saturday,400000.0,8400000.0,4400000.0,44.0,0,4400000.0,44.0,0,,,https://www.adzuna.in/details/4316768802?utm_medium=api&utm_source=f46203c2
5727278961,Digital Marketing Manager,Parth Globus Infotech,Digital Marketing,"PR, Advertising & Marketing Jobs",Manager,4,Mumbai,Maharashtra,India,"Mumbai, Maharashtra",0,full_time,unspecified,2026-05-13 02:18:28,2026-05-13,2026,5,13,Wednesday,400000.0,800000.0,600000.0,6.0,0,600000.0,6.0,0,19.00821,72.84415,https://www.adzuna.in/details/5727278961?utm_medium=api&utm_source=f46203c2
4801513995,Digital Marketing Analyst,Yumpys,Digital Marketing,"PR, Advertising & Marketing Jobs",Mid-Level,2,Mumbai,Maharashtra,India,"Mumbai, Maharashtra",0,full_time,unspecified,2024-07-31 03:12:05,2024-07-31,2024,7,31,Wednesday,,,,,1,350000.0,3.5,1,19.00821,72.84415,https://www.adzuna.in/details/4801513995?utm_medium=api&utm_source=f46203c2
5678913925,Digital Marketing Intern,thecodershub,Digital Marketing,"PR, Advertising & Marketing Jobs",Entry / Junior,1,Mumbai,Maharashtra,India,"Mumbai, Maharashtra",0,full_time,contract,2026-03-26 11:35:48,2026-03-26,2026,3,26,Thursday,,,,,1,150000.0,1.5,1,19.00821,72.84415,https://www.adzuna.in/details/5678913925?utm_medium=api&utm_source=f46203c2
5503836419,Digital Marketing Executive,Yoho Technologies Pvt Ltd,Digital Marketing,"PR, Advertising & Marketing Jobs",Mid-Level,2,Chennai,Tamil Nadu,India,"Chennai, Tamil Nadu",0,full_time,unspecified,2025-11-20 00:58:07,2025-11-20,2025,11,20,Thursday,,,,,1,350000.0,3.5,1,13.06041,80.24963,https://www.adzuna.in/details/5503836419?utm_medium=api&utm_source=f46203c2
5856139604,Digital Marketing executive,South Cotton Fabs,Digital Marketing,"PR, Advertising & Marketing Jobs",Mid-Level,2,Unspecified / Pan-India,Unspecified,India,India,0,full_time,unspecified,2026-08-26 06:34:22,2026-08-26,2026,8,26,Wednesday,,,,,1,350000.0,3.5,1,,,https://www.adzuna.in/details/5856139604?utm_medium=api&utm_source=f46203c2
4344577732,Digital Marketing Manager,Jobdost,Digital Marketing,"PR, Advertising & Marketing Jobs",Manager,4,Noida,Uttar Pradesh,India,"Noida, Ghaziabad",0,full_time,unspecified,2023-10-02 13:22:25,2023-10-02,2023,10,2,Monday,200000.0,500000.0,350000.0,3.5,0,350000.0,3.5,0,28.56579,77.3225,https://www.adzuna.in/details/4344577732?utm_medium=api&utm_source=f46203c2
3775847574,Digital Marketing Manager,Woliba,Digital Marketing,"PR, Advertising & Marketing Jobs",Manager,4,Unspecified / Pan-India,Unspecified,India,India,0,full_time,unspecified,2022-12-15 06:13:55,2022-12-15,2022,12,15,Thursday,1200000.0,2500000.0,1850000.0,18.5,0,1850000.0,18.5,0,,,https://www.adzuna.in/details/3775847574?utm_medium=api&utm_source=f46203c2
5211778988,Digital Marketing Intern,Web Farm House,Digital Marketing,"PR, Advertising & Marketing Jobs",Entry / Junior,1,Jodhpur,Rajasthan,India,"Jodhpur, Rajasthan",0,full_time,contract,2025-05-23 06:51:51,2025-05-23,2025,5,23,Friday,120000.0,200000.0,160000.0,1.6,0,160000.0,1.6,0,26.3379,73.0305,https://www.adzuna.in/details/5211778988?utm_medium=api&utm_source=f46203c2
5219293021,Digital Marketing Internship,Gmware Pvt Ltd,Digital Marketing,"PR, Advertising & Marketing Jobs",Entry / Junior,1,Unspecified / Pan-India,Unspecified,India,India,0,full_time,contract,2025-05-28 06:56:15,2025-05-28,2025,5,28,Wednesday,,,,,1,150000.0,1.5,1,,,https://www.adzuna.in/details/5219293021?utm_medium=api&utm_source=f46203c2
1923135540,Digital Marketing Internship,zillionsbuyer,Digital Marketing,"PR, Advertising & Marketing Jobs",Entry / Junior,1,Unspecified / Pan-India,Unspecified,India,India,0,full_time,contract,2021-01-08 03:40:34,2021-01-08,2021,1,8,Friday,100000.0,150000.0,125000.0,1.25,0,125000.0,1.25,0,,,https://www.adzuna.in/details/1923135540?utm_medium=api&utm_source=f46203c2
5568966944,Intern | Digital Marketing,fabiano appliances pvt ltd,Digital Marketing,"PR, Advertising & Marketing Jobs",Entry / Junior,1,Delhi NCR,Delhi,India,"New Delhi, Delhi",0,part_time,contract,2026-01-06 03:13:45,2026-01-06,2026,1,6,Tuesday,,,,,1,150000.0,1.5,1,28.62623,77.21808,https://www.adzuna.in/details/5568966944?utm_medium=api&utm_source=f46203c2
5045703861,Digital Marketing Executive,The Unique Culture,Digital Marketing,"PR, Advertising & Marketing Jobs",Mid-Level,2,Bhubaneswar,Orissa,India,"Bhubaneswar, Khordha",0,full_time,unspecified,2025-02-11 12:32:01,2025-02-11,2025,2,11,Tuesday,120000.0,200000.0,160000.0,1.6,0,160000.0,1.6,0,20.2697,85.85055,https://www.adzuna.in/details/5045703861?utm_medium=api&utm_source=f46203c2
5808699082,Digital Marketing Executive,Scribbify,Digital Marketing,"PR, Advertising & Marketing Jobs",Mid-Level,2,Ghaziabad,Uttar Pradesh,India,"Ghaziabad, Uttar Pradesh",0,unspecified,unspecified,2026-07-21 06:40:27,2026-07-21,2026,7,21,Tuesday,,,,,1,350000.0,3.5,1,28.6735,77.4199,https://www.adzuna.in/details/5808699082?utm_medium=api&utm_source=f46203c2
4863401690,Digital Marketing Intern,Scremer,Digital Marketing,"PR, Advertising & Marketing Jobs",Entry / Junior,1,Hyderabad,Telangana,India,"Hyderabad, Telangana",0,full_time,contract,2024-09-14 11:27:14,2024-09-14,2024,9,14,Saturday,120000.0,120000.0,120000.0,1.2,0,120000.0,1.2,0,17.40275,78.50806,https://www.adzuna.in/details/4863401690?utm_medium=api&utm_source=f46203c2
2221675999,Digital Marketing Manager,DotC United Groups,Digital Marketing,"PR, Advertising & Marketing Jobs",Manager,4,Delhi NCR,Delhi,India,"Delhi, India",0,full_time,unspecified,2021-06-01 12:18:07,2021-06-01,2021,6,1,Tuesday,0.0,800000.0,800000.0,8.0,0,800000.0,8.0,0,,,https://www.adzuna.in/details/2221675999?utm_medium=api&utm_source=f46203c2
5779364645,Digital Marketing Executive,Ipd Placements,Digital Marketing,"PR, Advertising & Marketing Jobs",Mid-Level,2,Aurangabad,Maharashtra,India,"Aurangabad, Maharashtra",0,full_time,unspecified,2026-06-28 02:25:03,2026-06-28,2026,6,28,Sunday,1440000.0,2160000.0,1800000.0,18.0,0,1800000.0,18.0,0,19.62413,76.46121,https://www.adzuna.in/details/5779364645?utm_medium=api&utm_source=f46203c2
5027859572,Digital Marketing Intern,Rishitya Technologies LLP,Digital Marketing,"PR, Advertising & Marketing Jobs",Entry / Junior,1,Unspecified / Pan-India,Unspecified,India,India,0,full_time,contract,2025-01-29 12:10:51,2025-01-29,2025,1,29,Wednesday,120000.0,240000.0,180000.0,1.8,0,180000.0,1.8,0,,,https://www.adzuna.in/details/5027859572?utm_medium=api&utm_source=f46203c2
5871276691,Digital Marketing Executive,Zivanta Analytics,Digital Marketing,"PR, Advertising & Marketing Jobs",Mid-Level,2,Kolkata,West Bengal,India,"Kolkata, West Bengal",0,unspecified,unspecified,2026-09-05 07:37:49,2026-09-05,2026,9,5,Saturday,,,,,1,350000.0,3.5,1,22.57285,88.34373,https://www.adzuna.in/details/5871276691?utm_medium=api&utm_source=f46203c2
5871276675,Digital Marketing Specialist,Zivanta Analytics,Digital Marketing,"PR, Advertising & Marketing Jobs",Mid-Level,2,Kolkata,West Bengal,India,"Kolkata, West Bengal",0,unspecified,unspecified,2026-09-05 07:37:49,2026-09-05,2026,9,5,Saturday,,,,,1,350000.0,3.5,1,22.57285,88.34373,https://www.adzuna.in/details/5871276675?utm_medium=api&utm_source=f46203c2
4156644450,Digital Marketing Manager,Promilo,Digital Marketing,"PR, Advertising & Marketing Jobs",Manager,4,Bengaluru,Karnataka,India,"Bangalore, Karnataka",0,full_time,unspecified,2023-06-17 16:36:28,2023-06-17,2023,6,17,Saturday,400000.0,600000.0,500000.0,5.0,0,500000.0,5.0,0,,,https://www.adzuna.in/details/4156644450?utm_medium=api&utm_source=f46203c2
5333342194,Digital Marketing Trainer,EDU TECH,Digital Marketing,"PR, Advertising & Marketing Jobs",Mid-Level,2,Unspecified / Pan-India,Kerala,India,"Kerala, India",0,full_time,unspecified,2025-08-02 05:31:53,2025-08-02,2025,8,2,Saturday,200000.0,300000.0,250000.0,2.5,0,250000.0,2.5,0,10.368486,76.272999,https://www.adzuna.in/details/5333342194?utm_medium=api&utm_source=f46203c2
4995176147,Digital Marketing Expert,TIGI HR Solution Pvt. Ltd.,Digital Marketing,"PR, Advertising & Marketing Jobs",Senior,3,Ahmedabad,Gujarat,India,"Ahmedabad, Gujarat",0,full_time,unspecified,2025-01-02 13:18:04,2025-01-02,2025,1,2,Thursday,300000.0,500000.0,400000.0,4.0,0,400000.0,4.0,0,23.042,72.59465,https://www.adzuna.in/details/4995176147?utm_medium=api&utm_source=f46203c2
5838750381,Digital Marketing Manager,Happiest Resume,Digital Marketing,"PR, Advertising & Marketing Jobs",Manager,4,Gurugram,Haryana,India,"Gurgaon, Haryana",0,full_time,unspecified,2026-08-13 02:55:56,2026-08-13,2026,8,13,Thursday,300000.0,800000.0,550000.0,5.5,0,550000.0,5.5,0,28.323996,76.983738,https://www.adzuna.in/details/5838750381?utm_medium=api&utm_source=f46203c2
5407959721,DIGITAL MARKETING HEAD,KGISL MICROCOLLEGE,Digital Marketing,"PR, Advertising & Marketing Jobs",Mid-Level,2,Coimbatore,Tamil Nadu,India,"Coimbatore, Tamil Nadu",0,full_time,unspecified,2025-09-20 07:08:47,2025-09-20,2025,9,20,Saturday,400000.0,800000.0,600000.0,6.0,0,600000.0,6.0,0,11.017171,77.100203,https://www.adzuna.in/details/5407959721?utm_medium=api&utm_source=f46203c2
5867679378,Digital Marketing Manager,Happiest Resume,Digital Marketing,"PR, Advertising & Marketing Jobs",Manager,4,Jabalpur,Madhya Pradesh,India,"Jabalpur, Madhya Pradesh",0,full_time,unspecified,2026-09-03 04:22:23,2026-09-03,2026,9,3,Thursday,200000.0,400000.0,300000.0,3.0,0,300000.0,3.0,0,23.1308,79.90535,https://www.adzuna.in/details/5867679378?utm_medium=api&utm_source=f46203c2
1401788540,Digital Marketing Specialist,JellyBean,Digital Marketing,"PR, Advertising & Marketing Jobs",Mid-Level,2,Delhi NCR,Delhi,India,"Delhi, India",0,full_time,unspecified,2020-01-09 10:38:14,2020-01-09,2020,1,9,Thursday,400000.0,800000.0,600000.0,6.0,0,600000.0,6.0,0,,,https://www.adzuna.in/details/1401788540?utm_medium=api&utm_source=f46203c2
5889534298,Trainee- Digital marketing,Akrivia Industries,Digital Marketing,"PR, Advertising & Marketing Jobs",Entry / Junior,1,Unspecified / Pan-India,Unspecified,India,India,0,unspecified,contract,2026-09-18 21:43:36,2026-09-18,2026,9,18,Friday,,,,,1,150000.0,1.5,1,,,https://www.adzuna.in/details/5889534298?utm_medium=api&utm_source=f46203c2
5839221839,Digital Marketing Executive,Sun Dew Solutions Private Limited,Digital Marketing,"PR, Advertising & Marketing Jobs",Mid-Level,2,Kolkata,West Bengal,India,"Kolkata, West Bengal",0,unspecified,unspecified,2026-08-13 07:32:17,2026-08-13,2026,8,13,Thursday,,,,,1,350000.0,3.5,1,22.57285,88.34373,https://www.adzuna.in/details/5839221839?utm_medium=api&utm_source=f46203c2
4643453507,digital marketing executive,Scalelot Technologies,Digital Marketing,"PR, Advertising & Marketing Jobs",Mid-Level,2,Surat,Gujarat,India,"Surat, Gujarat",0,full_time,contract,2024-04-10 18:19:45,2024-04-10,2024,4,10,Wednesday,50000.0,300000.0,175000.0,1.75,0,175000.0,1.75,0,21.18955,72.8318,https://www.adzuna.in/details/4643453507?utm_medium=api&utm_source=f46203c2
4316768845,Digital Marketing Executive,AJACKUS,Digital Marketing,"PR, Advertising & Marketing Jobs",Mid-Level,2,Unspecified / Pan-India,Unspecified,India,India,0,full_time,unspecified,2023-09-16 13:11:22,2023-09-16,2023,9,16,Saturday,100000.0,300000.0,200000.0,2.0,0,200000.0,2.0,0,,,https://www.adzuna.in/details/4316768845?utm_medium=api&utm_source=f46203c2
5889555544,Digital Marketing intern,Quartz Technologies,Digital Marketing,"PR, Advertising & Marketing Jobs",Entry / Junior,1,Kanpur,Uttar Pradesh,India,"Kanpur, Kanpur Dehat",0,full_time,contract,2026-09-18 21:50:13,2026-09-18,2026,9,18,Friday,48000.0,60000.0,54000.0,0.54,0,54000.0,0.54,0,26.4645,80.32165,https://www.adzuna.in/details/5889555544?utm_medium=api&utm_source=f46203c2
5598428047,Digital Marketing executive,Pentabay Softwares,Digital Marketing,"PR, Advertising & Marketing Jobs",Mid-Level,2,Chennai,Tamil Nadu,India,"Chennai, Tamil Nadu",0,full_time,unspecified,2026-01-24 10:53:53,2026-01-24,2026,1,24,Saturday,200000.0,600000.0,400000.0,4.0,0,400000.0,4.0,0,13.06041,80.24963,https://www.adzuna.in/details/5598428047?utm_medium=api&utm_source=f46203c2
5854877438,Digital Marketing Manager,Purview India Consulting And Services Llp,Digital Marketing,"PR, Advertising & Marketing Jobs",Manager,4,Hyderabad,Telangana,India,"Hyderabad, Telangana",0,unspecified,unspecified,2026-08-25 07:40:46,2026-08-25,2026,8,25,Tuesday,,,,,1,775000.0,7.75,1,17.40275,78.50806,https://www.adzuna.in/details/5854877438?utm_medium=api&utm_source=f46203c2
5114699174,Digital Marketing Executive,Eliteevince technologies,Digital Marketing,"PR, Advertising & Marketing Jobs",Mid-Level,2,Ahmedabad,Gujarat,India,"Ahmedabad, Gujarat",0,full_time,unspecified,2025-03-28 06:23:51,2025-03-28,2025,3,28,Friday,100000.0,200000.0,150000.0,1.5,0,150000.0,1.5,0,23.042,72.59465,https://www.adzuna.in/details/5114699174?utm_medium=api&utm_source=f46203c2
4686705567,Digital Marketing Executive,Unknown,Digital Marketing,"PR, Advertising & Marketing Jobs",Mid-Level,2,Jaipur,Rajasthan,India,"Jaipur, Rajasthan",0,unspecified,unspecified,2024-05-10 07:38:55,2024-05-10,2024,5,10,Friday,,,,,1,350000.0,3.5,1,26.7441,75.9469,https://www.adzuna.in/details/4686705567?utm_medium=api&utm_source=f46203c2
5668956720,Digital Marketing Executive,Lighthouse Properties Pvt Ltd,Digital Marketing,"PR, Advertising & Marketing Jobs",Mid-Level,2,Hyderabad,Telangana,India,"Hyderabad, Telangana",0,full_time,unspecified,2026-03-17 04:53:47,2026-03-17,2026,3,17,Tuesday,,,,,1,350000.0,3.5,1,17.40275,78.50806,https://www.adzuna.in/details/5668956720?utm_medium=api&utm_source=f46203c2
5720783273,Digital Marketing Executive,Gururo,Digital Marketing,Creative & Design Jobs,Mid-Level,2,Remote,Remote,India,India,1,part_time,unspecified,2026-05-07 02:03:54,2026-05-07,2026,5,7,Thursday,,,,,1,350000.0,3.5,1,,,https://www.adzuna.in/details/5720783273?utm_medium=api&utm_source=f46203c2
5845239911,Digital Marketing Manager,Financial Services,Digital Marketing,IT Jobs,Manager,4,Unspecified / Pan-India,Unspecified,India,India,0,full_time,unspecified,2026-08-17 20:40:01,2026-08-17,2026,8,17,Monday,100000.0,900000.0,500000.0,5.0,0,500000.0,5.0,0,,,https://www.adzuna.in/details/5845239911?utm_medium=api&utm_source=f46203c2
3759720284,Digital Marketing Executive,Quantum BSO and Tech Pvt Ltd,Digital Marketing,"PR, Advertising & Marketing Jobs",Mid-Level,2,Bengaluru,Karnataka,India,"Bangalore, Karnataka",0,full_time,unspecified,2022-12-09 06:11:46,2022-12-09,2022,12,9,Friday,800000.0,1000000.0,900000.0,9.0,0,900000.0,9.0,0,,,https://www.adzuna.in/details/3759720284?utm_medium=api&utm_source=f46203c2
2933962300,Digital Marketing Manager,Unnati,Digital Marketing,"PR, Advertising & Marketing Jobs",Manager,4,Chandigarh / Mohali,Punjab,India,"Mohali, Punjab",0,full_time,unspecified,2022-03-01 04:54:05,2022-03-01,2022,3,1,Tuesday,0.0,800000.0,800000.0,8.0,0,800000.0,8.0,0,30.7545,76.6406,https://www.adzuna.in/details/2933962300?utm_medium=api&utm_source=f46203c2
5900529917,Digital Marketing Manager,Weekday AI,Digital Marketing,"PR, Advertising & Marketing Jobs",Manager,4,Bengaluru,Karnataka,India,"Bangalore, Karnataka",0,full_time,unspecified,2026-09-27 16:17:26,2026-09-27,2026,9,27,Sunday,,,,,1,775000.0,7.75,1,,,https://www.adzuna.in/details/5900529917?utm_medium=api&utm_source=f46203c2
3767515367,Digital Marketing Executive,Sridix Technology,Digital Marketing,"PR, Advertising & Marketing Jobs",Mid-Level,2,Surat,Gujarat,India,"Surat, Gujarat",0,full_time,unspecified,2022-12-12 08:41:07,2022-12-12,2022,12,12,Monday,100000.0,200000.0,150000.0,1.5,0,150000.0,1.5,0,21.18955,72.8318,https://www.adzuna.in/details/3767515367?utm_medium=api&utm_source=f46203c2
3337906571,Digital Marketing Executive,Ncoresoft,Digital Marketing,"PR, Advertising & Marketing Jobs",Mid-Level,2,Ahmedabad,Gujarat,India,"Ahmedabad, Gujarat",0,full_time,unspecified,2022-07-22 06:48:39,2022-07-22,2022,7,22,Friday,120000.0,300000.0,210000.0,2.1,0,210000.0,2.1,0,23.042,72.59465,https://www.adzuna.in/details/3337906571?utm_medium=api&utm_source=f46203c2
3183166622,Digital Marketing Executive,BFC SOFTTECH PVTLTD,Digital Marketing,"PR, Advertising & Marketing Jobs",Mid-Level,2,Lucknow,Uttar Pradesh,India,"Lucknow, Uttar Pradesh",0,full_time,unspecified,2022-05-31 06:11:50,2022-05-31,2022,5,31,Tuesday,180000.0,240000.0,210000.0,2.1,0,210000.0,2.1,0,26.8677,80.8897,https://www.adzuna.in/details/3183166622?utm_medium=api&utm_source=f46203c2
2126904823,Digital Marketing Strategist,Multi Recruit,Digital Marketing,"PR, Advertising & Marketing Jobs",Mid-Level,2,Bengaluru,Karnataka,India,"Bangalore, Karnataka",0,full_time,unspecified,2021-04-19 12:32:58,2021-04-19,2021,4,19,Monday,600000.0,1500000.0,1050000.0,10.5,0,1050000.0,10.5,0,,,https://www.adzuna.in/details/2126904823?utm_medium=api&utm_source=f46203c2
3827529612,Digital Marketing Executive,Sigma Consultants,Digital Marketing,"PR, Advertising & Marketing Jobs",Mid-Level,2,Lucknow,Uttar Pradesh,India,"Lucknow, Uttar Pradesh",0,full_time,unspecified,2023-01-06 06:19:07,2023-01-06,2023,1,6,Friday,200000.0,300000.0,250000.0,2.5,0,250000.0,2.5,0,26.8677,80.8897,https://www.adzuna.in/details/3827529612?utm_medium=api&utm_source=f46203c2
5885979334,Digital Marketing Manager,SRV IT HUB PRIVATE LIMITED,Digital Marketing,"PR, Advertising & Marketing Jobs",Manager,4,Unspecified / Pan-India,Maharashtra,India,"Maharashtra, India",0,unspecified,unspecified,2026-09-16 16:16:06,2026-09-16,2026,9,16,Wednesday,,,,,1,775000.0,7.75,1,19.439563,75.949555,https://www.adzuna.in/details/5885979334?utm_medium=api&utm_source=f46203c2
2861256158,Digital Marketing Executive,Bikayi,Digital Marketing,"PR, Advertising & Marketing Jobs",Mid-Level,2,Unspecified / Pan-India,Unspecified,India,India,0,full_time,unspecified,2022-02-02 04:56:59,2022-02-02,2022,2,2,Wednesday,250000.0,500000.0,375000.0,3.75,0,375000.0,3.75,0,,,https://www.adzuna.in/details/2861256158?utm_medium=api&utm_source=f46203c2
1171507558,SEO & Digital Marketing,LaunchMyDrug,Digital Marketing,"PR, Advertising & Marketing Jobs",Mid-Level,2,Mumbai,Maharashtra,India,"Mumbai, Maharashtra",0,full_time,unspecified,2019-06-05 21:12:09,2019-06-05,2019,6,5,Wednesday,200000.0,300000.0,250000.0,2.5,0,250000.0,2.5,0,19.00821,72.84415,https://www.adzuna.in/details/1171507558?utm_medium=api&utm_source=f46203c2
5850379289,Manager - Digital Marketing,Ketto,Digital Marketing,"PR, Advertising & Marketing Jobs",Manager,4,Mumbai,Maharashtra,India,"Mumbai, Maharashtra",0,unspecified,unspecified,2026-08-21 07:39:40,2026-08-21,2026,8,21,Friday,,,,,1,775000.0,7.75,1,19.00821,72.84415,https://www.adzuna.in/details/5850379289?utm_medium=api&utm_source=f46203c2
4143227977,Digital Marketing Manager,Maple Mind Metrics,Digital Marketing,"PR, Advertising & Marketing Jobs",Manager,4,Indore,Madhya Pradesh,India,"Indore, Madhya Pradesh",0,full_time,unspecified,2023-06-09 16:43:36,2023-06-09,2023,6,9,Friday,250000.0,500000.0,375000.0,3.75,0,375000.0,3.75,0,22.66215,75.9035,https://www.adzuna.in/details/4143227977?utm_medium=api&utm_source=f46203c2
5329721029,Digital Marketing Expert,The Syndicate Tech,Digital Marketing,"PR, Advertising & Marketing Jobs",Senior,3,Bengaluru,Karnataka,India,"Bangalore, Karnataka",0,full_time,unspecified,2025-07-31 17:15:45,2025-07-31,2025,7,31,Thursday,,,,,1,550000.0,5.5,1,12.95703,77.59837,https://www.adzuna.in/details/5329721029?utm_medium=api&utm_source=f46203c2
5839221881,Digital Marketing Lead,Sun Dew Solutions Private Limited,Digital Marketing,"PR, Advertising & Marketing Jobs",Lead / Architect,5,Kolkata,West Bengal,India,"Kolkata, West Bengal",0,unspecified,unspecified,2026-08-13 07:32:18,2026-08-13,2026,8,13,Thursday,,,,,1,600000.0,6.0,1,22.57285,88.34373,https://www.adzuna.in/details/5839221881?utm_medium=api&utm_source=f46203c2
5146516870,Digital Marketing Manager,Infibusiness Solution,Digital Marketing,"PR, Advertising & Marketing Jobs",Manager,4,Vadodara,Gujarat,India,"Vadodara, Gujarat",0,full_time,unspecified,2025-04-16 01:52:15,2025-04-16,2025,4,16,Wednesday,,,,,1,775000.0,7.75,1,22.2891,73.1924,https://www.adzuna.in/details/5146516870?utm_medium=api&utm_source=f46203c2
4871896904,Digital Marketing Executive,Strideck,Digital Marketing,"PR, Advertising & Marketing Jobs",Mid-Level,2,Gandhinagar,Gujarat,India,"Gandhinagar, Gujarat",0,full_time,unspecified,2024-09-21 17:47:19,2024-09-21,2024,9,21,Saturday,,,,,1,350000.0,3.5,1,23.4896,72.645,https://www.adzuna.in/details/4871896904?utm_medium=api&utm_source=f46203c2
5727133038,Digital Marketing Executive,Career Creed HR Services,Digital Marketing,"PR, Advertising & Marketing Jobs",Mid-Level,2,Delhi NCR,Delhi,India,"Delhi, India",0,full_time,unspecified,2026-05-13 02:03:54,2026-05-13,2026,5,13,Wednesday,336000.0,480000.0,408000.0,4.08,0,408000.0,4.08,0,28.62523,77.224601,https://www.adzuna.in/details/5727133038?utm_medium=api&utm_source=f46203c2
4267640099,Digital Marketing Executive,Exzellenz Career Shapers Pvt Ltd,Digital Marketing,"PR, Advertising & Marketing Jobs",Mid-Level,2,Unspecified / Pan-India,Unspecified,India,India,0,full_time,unspecified,2023-08-19 14:45:40,2023-08-19,2023,8,19,Saturday,300000.0,400000.0,350000.0,3.5,0,350000.0,3.5,0,,,https://www.adzuna.in/details/4267640099?utm_medium=api&utm_source=f46203c2
4267640093,Digital Marketing Executive,Exzellenz Career Shapers Pvt Ltd,Digital Marketing,"PR, Advertising & Marketing Jobs",Mid-Level,2,Unspecified / Pan-India,Unspecified,India,India,0,full_time,unspecified,2023-08-19 14:45:39,2023-08-19,2023,8,19,Saturday,300000.0,400000.0,350000.0,3.5,0,350000.0,3.5,0,,,https://www.adzuna.in/details/4267640093?utm_medium=api&utm_source=f46203c2
2792650861,Digital Marketing Manager,TransformHub,Digital Marketing,"PR, Advertising & Marketing Jobs",Manager,4,Mumbai,Maharashtra,India,"Mumbai, Maharashtra",0,full_time,unspecified,2022-01-06 04:26:11,2022-01-06,2022,1,6,Thursday,300000.0,1500000.0,900000.0,9.0,0,900000.0,9.0,0,19.00821,72.84415,https://www.adzuna.in/details/2792650861?utm_medium=api&utm_source=f46203c2
5596934843,Digital Marketing Executive,Hunarstreet Technologies Pvt Ltd,Digital Marketing,"PR, Advertising & Marketing Jobs",Mid-Level,2,Navi Mumbai,Maharashtra,India,"Navi Mumbai, Maharashtra",0,full_time,permanent,2026-01-23 11:22:11,2026-01-23,2026,1,23,Friday,100000.0,400000.0,250000.0,2.5,0,250000.0,2.5,0,19.02,73.02,https://www.adzuna.in/details/5596934843?utm_medium=api&utm_source=f46203c2
3196831910,Digital Marketing Manager,Billeasy,Digital Marketing,"PR, Advertising & Marketing Jobs",Manager,4,Mumbai,Maharashtra,India,"Mumbai, Maharashtra",0,full_time,unspecified,2022-06-04 06:15:53,2022-06-04,2022,6,4,Saturday,600000.0,1000000.0,800000.0,8.0,0,800000.0,8.0,0,19.00821,72.84415,https://www.adzuna.in/details/3196831910?utm_medium=api&utm_source=f46203c2
5623864230,Digital Marketing Executive,Alliance Global Services,Digital Marketing,"PR, Advertising & Marketing Jobs",Mid-Level,2,Ahmedabad,Gujarat,India,"Ahmedabad, Gujarat",0,full_time,unspecified,2026-02-11 10:56:20,2026-02-11,2026,2,11,Wednesday,300000.0,550000.0,425000.0,4.25,0,425000.0,4.25,0,23.042,72.59465,https://www.adzuna.in/details/5623864230?utm_medium=api&utm_source=f46203c2
5880854475,Digital Marketing Associate,Weekday AI,Digital Marketing,"PR, Advertising & Marketing Jobs",Entry / Junior,1,Bengaluru,Karnataka,India,"Bangalore, Karnataka",0,full_time,unspecified,2026-09-12 16:13:37,2026-09-12,2026,9,12,Saturday,,,,,1,150000.0,1.5,1,,,https://www.adzuna.in/details/5880854475?utm_medium=api&utm_source=f46203c2
5727265409,Digital Marketing Analyst,Mantras2Success,Digital Marketing,"PR, Advertising & Marketing Jobs",Mid-Level,2,Mumbai,Maharashtra,India,"Mumbai, Maharashtra",0,full_time,unspecified,2026-05-13 02:15:49,2026-05-13,2026,5,13,Wednesday,600000.0,600000.0,600000.0,6.0,0,600000.0,6.0,0,19.00821,72.84415,https://www.adzuna.in/details/5727265409?utm_medium=api&utm_source=f46203c2
3025809729,Digital Marketing Manager,Better invest club,Digital Marketing,"PR, Advertising & Marketing Jobs",Manager,4,Chennai,Tamil Nadu,India,"Chennai, Tamil Nadu",0,full_time,unspecified,2022-04-05 05:16:01,2022-04-05,2022,4,5,Tuesday,400000.0,600000.0,500000.0,5.0,0,500000.0,5.0,0,13.06041,80.24963,https://www.adzuna.in/details/3025809729?utm_medium=api&utm_source=f46203c2
5727269214,Digital Marketing Manager,Jobadda,Digital Marketing,"PR, Advertising & Marketing Jobs",Manager,4,Bengaluru,Karnataka,India,"Bangalore, Karnataka",0,full_time,unspecified,2026-05-13 02:16:21,2026-05-13,2026,5,13,Wednesday,600000.0,600000.0,600000.0,6.0,0,600000.0,6.0,0,,,https://www.adzuna.in/details/5727269214?utm_medium=api&utm_source=f46203c2
1206824415,Associate Digital Marketing,Paix Technology,Digital Marketing,"PR, Advertising & Marketing Jobs",Entry / Junior,1,Mumbai,Maharashtra,India,"Mumbai, Maharashtra",0,full_time,unspecified,2019-07-13 00:49:25,2019-07-13,2019,7,13,Saturday,1000000.0,1500000.0,1250000.0,12.5,0,1250000.0,12.5,0,19.00821,72.84415,https://www.adzuna.in/details/1206824415?utm_medium=api&utm_source=f46203c2
5680610492,Digital Marketing Specialist,ConglomerateIT Services,Digital Marketing,"PR, Advertising & Marketing Jobs",Mid-Level,2,Srinagar,Jammu and Kashmir,India,"Srinagar, Jammu and Kashmir",0,part_time,unspecified,2026-03-28 02:04:16,2026-03-28,2026,3,28,Saturday,,,,,1,350000.0,3.5,1,34.08783,74.95627,https://www.adzuna.in/details/5680610492?utm_medium=api&utm_source=f46203c2
3522932832,Digital Marketing Specialist,Everhome Stores Private Limited,Digital Marketing,"PR, Advertising & Marketing Jobs",Mid-Level,2,Jaipur,Rajasthan,India,"Jaipur, Rajasthan",0,full_time,unspecified,2022-09-26 06:56:28,2022-09-26,2022,9,26,Monday,200000.0,400000.0,300000.0,3.0,0,300000.0,3.0,0,26.7441,75.9469,https://www.adzuna.in/details/3522932832?utm_medium=api&utm_source=f46203c2
5880854223,Digital Marketing Executive,Buzypro,Digital Marketing,"PR, Advertising & Marketing Jobs",Mid-Level,2,Chennai,Tamil Nadu,India,"Chennai, Tamil Nadu",0,full_time,unspecified,2026-09-12 16:13:35,2026-09-12,2026,9,12,Saturday,,,,,1,350000.0,3.5,1,13.06041,80.24963,https://www.adzuna.in/details/5880854223?utm_medium=api&utm_source=f46203c2
5836852218,Digital Marketing Executive,Aarna Systems,Digital Marketing,IT Jobs,Mid-Level,2,Pune,Maharashtra,India,"Pune, Maharashtra",0,full_time,unspecified,2026-08-11 21:02:37,2026-08-11,2026,8,11,Tuesday,,,,,1,350000.0,3.5,1,18.5062,73.84735,https://www.adzuna.in/details/5836852218?utm_medium=api&utm_source=f46203c2
4872452916,Digital Marketing Executive,Plastic Granules,Digital Marketing,"PR, Advertising & Marketing Jobs",Mid-Level,2,Ahmedabad,Gujarat,India,"Ahmedabad, Gujarat",0,full_time,unspecified,2024-09-22 11:06:28,2024-09-22,2024,9,22,Sunday,500000.0,800000.0,650000.0,6.5,0,650000.0,6.5,0,23.042,72.59465,https://www.adzuna.in/details/4872452916?utm_medium=api&utm_source=f46203c2
5729683938,Digital Marketing Executive,Career Creed HR Services,Digital Marketing,"PR, Advertising & Marketing Jobs",Mid-Level,2,Faridabad,Haryana,India,"Faridabad, Haryana",0,full_time,unspecified,2026-05-15 02:14:26,2026-05-15,2026,5,15,Friday,2400000.0,3600000.0,3000000.0,30.0,0,3000000.0,30.0,0,28.38221,77.30309,https://www.adzuna.in/details/5729683938?utm_medium=api&utm_source=f46203c2
5727273537,Digital Marketing Executive,Real Placements,Digital Marketing,"PR, Advertising & Marketing Jobs",Mid-Level,2,Ahmedabad,Gujarat,India,"Ahmedabad, Gujarat",0,full_time,unspecified,2026-05-13 02:17:25,2026-05-13,2026,5,13,Wednesday,1200000.0,3600000.0,2400000.0,24.0,0,2400000.0,24.0,0,23.042,72.59465,https://www.adzuna.in/details/5727273537?utm_medium=api&utm_source=f46203c2
4686701484,Digital Marketing Executive,Unknown,Digital Marketing,"PR, Advertising & Marketing Jobs",Mid-Level,2,Noida,Uttar Pradesh,India,"Noida, Ghaziabad",0,unspecified,unspecified,2024-05-10 07:38:26,2024-05-10,2024,5,10,Friday,,,,,1,350000.0,3.5,1,28.56579,77.3225,https://www.adzuna.in/details/4686701484?utm_medium=api&utm_source=f46203c2
5575477616,Digital marketing executive,Redfoxa Careerlink Pvt Ltd,Digital Marketing,"PR, Advertising & Marketing Jobs",Mid-Level,2,Mumbai,Maharashtra,India,"Mumbai, Maharashtra",0,full_time,unspecified,2026-01-09 11:09:15,2026-01-09,2026,1,9,Friday,500000.0,700000.0,600000.0,6.0,0,600000.0,6.0,0,,,https://www.adzuna.in/details/5575477616?utm_medium=api&utm_source=f46203c2
5889085767,Digital Marketing Manager,"Munim - Accounting, Billing & GST Software",Digital Marketing,"PR, Advertising & Marketing Jobs",Manager,4,Surat,Gujarat,India,"Surat, Gujarat",0,full_time,unspecified,2026-09-18 16:13:41,2026-09-18,2026,9,18,Friday,,,,,1,775000.0,7.75,1,21.18955,72.8318,https://www.adzuna.in/details/5889085767?utm_medium=api&utm_source=f46203c2
4661401054,Digital Marketing Executive,YOHO TECHNOLOGIES PVT LTD,Digital Marketing,"PR, Advertising & Marketing Jobs",Mid-Level,2,Chennai,Tamil Nadu,India,"Chennai, Tamil Nadu",0,full_time,unspecified,2024-04-23 18:16:45,2024-04-23,2024,4,23,Tuesday,300000.0,450000.0,375000.0,3.75,0,375000.0,3.75,0,13.06041,80.24963,https://www.adzuna.in/details/4661401054?utm_medium=api&utm_source=f46203c2
4592990522,Digital Marketing Manager,Gtech Web Solutions Private Limited,Digital Marketing,"PR, Advertising & Marketing Jobs",Manager,4,Kolkata,West Bengal,India,"Kolkata, West Bengal",0,full_time,unspecified,2024-03-05 15:32:14,2024-03-05,2024,3,5,Tuesday,250000.0,400000.0,325000.0,3.25,0,325000.0,3.25,0,22.57285,88.34373,https://www.adzuna.in/details/4592990522?utm_medium=api&utm_source=f46203c2
4801381459,Digital Marketing Manager,Braveston,Digital Marketing,"PR, Advertising & Marketing Jobs",Manager,4,Chandigarh / Mohali,Punjab,India,"Chandigarh, India",0,full_time,unspecified,2024-07-31 03:01:20,2024-07-31,2024,7,31,Wednesday,,,,,1,775000.0,7.75,1,30.75395,76.76094,https://www.adzuna.in/details/4801381459?utm_medium=api&utm_source=f46203c2
5895065744,Digital Marketing Intern,Gujarat Internship,Digital Marketing,"PR, Advertising & Marketing Jobs",Entry / Junior,1,Ahmedabad,Gujarat,India,"Ahmedabad, Gujarat",0,full_time,contract,2026-09-23 16:15:31,2026-09-23,2026,9,23,Wednesday,,,,,1,150000.0,1.5,1,23.042,72.59465,https://www.adzuna.in/details/5895065744?utm_medium=api&utm_source=f46203c2
4686705719,Digital Marketing Executive,Unknown,Digital Marketing,"PR, Advertising & Marketing Jobs",Mid-Level,2,Chennai,Tamil Nadu,India,"Chennai, Tamil Nadu",0,unspecified,unspecified,2024-05-10 07:38:56,2024-05-10,2024,5,10,Friday,,,,,1,350000.0,3.5,1,13.06041,80.24963,https://www.adzuna.in/details/4686705719?utm_medium=api&utm_source=f46203c2
3262154184,Digital Marketing Executive,Madman Technologies,Digital Marketing,"PR, Advertising & Marketing Jobs",Mid-Level,2,Noida,Uttar Pradesh,India,"Noida, Ghaziabad",0,full_time,unspecified,2022-06-26 06:20:45,2022-06-26,2022,6,26,Sunday,400000.0,600000.0,500000.0,5.0,0,500000.0,5.0,0,28.56579,77.3225,https://www.adzuna.in/details/3262154184?utm_medium=api&utm_source=f46203c2
4686705612,Digital Marketing Manager,Unknown,Digital Marketing,"PR, Advertising & Marketing Jobs",Manager,4,Mumbai,Maharashtra,India,"Mumbai, Maharashtra",0,unspecified,unspecified,2024-05-10 07:38:56,2024-05-10,2024,5,10,Friday,,,,,1,775000.0,7.75,1,19.00821,72.84415,https://www.adzuna.in/details/4686705612?utm_medium=api&utm_source=f46203c2
5363133309,Digital Marketing Executive,Bonoboz Marketing Services Private Limited,Digital Marketing,"PR, Advertising & Marketing Jobs",Mid-Level,2,Ahmedabad,Gujarat,India,"Ahmedabad, Gujarat",0,full_time,unspecified,2025-08-22 07:51:27,2025-08-22,2025,8,22,Friday,,,,,1,350000.0,3.5,1,23.042,72.59465,https://www.adzuna.in/details/5363133309?utm_medium=api&utm_source=f46203c2
3582947410,Digital Marketing Internship,L H Technocom Pvt Ltd,Digital Marketing,Customer Services Jobs,Entry / Junior,1,Udaipur,Rajasthan,India,"Udaipur, Rajasthan",0,full_time,contract,2022-10-13 07:28:37,2022-10-13,2022,10,13,Thursday,100000.0,200000.0,150000.0,1.5,0,150000.0,1.5,0,24.462262,73.697442,https://www.adzuna.in/details/3582947410?utm_medium=api&utm_source=f46203c2
5736145305,digital marketing executive,lyncotek venture pvt ltd,Digital Marketing,"PR, Advertising & Marketing Jobs",Mid-Level,2,Bengaluru,Karnataka,India,"Bangalore, Karnataka",0,full_time,contract,2026-05-21 12:41:16,2026-05-21,2026,5,21,Thursday,220000.0,300000.0,260000.0,2.6,0,260000.0,2.6,0,,,https://www.adzuna.in/details/5736145305?utm_medium=api&utm_source=f46203c2
5840384357,Digital Marketing Specialist,Equitas Small Finance Bank,Digital Marketing,"PR, Advertising & Marketing Jobs",Mid-Level,2,Unspecified / Pan-India,Unspecified,India,India,0,full_time,unspecified,2026-08-13 20:51:13,2026-08-13,2026,8,13,Thursday,,,,,1,350000.0,3.5,1,,,https://www.adzuna.in/details/5840384357?utm_medium=api&utm_source=f46203c2
2638894355,Digital Marketing Executive,Promotup HR Solutions,Digital Marketing,"PR, Advertising & Marketing Jobs",Mid-Level,2,Ahmedabad,Gujarat,India,"Ahmedabad, Gujarat",0,full_time,unspecified,2021-11-13 04:21:17,2021-11-13,2021,11,13,Saturday,0.0,300000.0,300000.0,3.0,0,300000.0,3.0,0,23.042,72.59465,https://www.adzuna.in/details/2638894355?utm_medium=api&utm_source=f46203c2
5869962361,Digital Marketing Executive,Fireblaze,Digital Marketing,"PR, Advertising & Marketing Jobs",Mid-Level,2,Kalmeshwar,Maharashtra,India,"Kalmeshwar, Nagpur",0,full_time,contract,2026-09-04 09:27:28,2026-09-04,2026,9,4,Friday,,,,,1,350000.0,3.5,1,21.18675,79.13105,https://www.adzuna.in/details/5869962361?utm_medium=api&utm_source=f46203c2
5496729213,Digital Marketing Manager,BFC SOFTTECH PVTLTD,Digital Marketing,"PR, Advertising & Marketing Jobs",Manager,4,Lucknow,Uttar Pradesh,India,"Lucknow, Uttar Pradesh",0,full_time,unspecified,2025-11-15 02:28:44,2025-11-15,2025,11,15,Saturday,300000.0,500000.0,400000.0,4.0,0,400000.0,4.0,0,26.8677,80.8897,https://www.adzuna.in/details/5496729213?utm_medium=api&utm_source=f46203c2
4426501727,Digital Marketing Executive,Quantum BSO and Tech Pvt Ltd,Digital Marketing,"PR, Advertising & Marketing Jobs",Mid-Level,2,Unspecified / Pan-India,Unspecified,India,India,0,full_time,unspecified,2023-11-11 15:02:09,2023-11-11,2023,11,11,Saturday,100000.0,600000.0,350000.0,3.5,0,350000.0,3.5,0,,,https://www.adzuna.in/details/4426501727?utm_medium=api&utm_source=f46203c2
5329695672,Digital Marketing Executive,The Syndicate Tech,Digital Marketing,"PR, Advertising & Marketing Jobs",Mid-Level,2,Bengaluru,Karnataka,India,"Bangalore, Karnataka",0,full_time,unspecified,2025-07-31 16:59:24,2025-07-31,2025,7,31,Thursday,,,,,1,350000.0,3.5,1,12.95703,77.59837,https://www.adzuna.in/details/5329695672?utm_medium=api&utm_source=f46203c2
4686702776,Digital Marketing Manager,Unknown,Digital Marketing,"PR, Advertising & Marketing Jobs",Manager,4,Pune,Maharashtra,India,"Pune, Maharashtra",0,unspecified,unspecified,2024-05-10 07:38:34,2024-05-10,2024,5,10,Friday,,,,,1,775000.0,7.75,1,18.5062,73.84735,https://www.adzuna.in/details/4686702776?utm_medium=api&utm_source=f46203c2
1712438298,Digital marketing interns,Digitalakki Pvt ltd,Digital Marketing,"PR, Advertising & Marketing Jobs",Mid-Level,2,Noida,Uttar Pradesh,India,"Noida, Ghaziabad",0,full_time,unspecified,2020-09-19 01:49:09,2020-09-19,2020,9,19,Saturday,500000.0,1500000.0,1000000.0,10.0,0,1000000.0,10.0,0,28.56579,77.3225,https://www.adzuna.in/details/1712438298?utm_medium=api&utm_source=f46203c2
1993881971,Digital Marketing Expert,SveltetechTechnologies Pvt Ltd,Digital Marketing,"PR, Advertising & Marketing Jobs",Senior,3,Delhi NCR,Delhi,India,"Delhi, India",0,full_time,unspecified,2021-02-15 04:27:42,2021-02-15,2021,2,15,Monday,0.0,700000.0,700000.0,7.0,0,700000.0,7.0,0,,,https://www.adzuna.in/details/1993881971?utm_medium=api&utm_source=f46203c2
3032214622,Digital Marketing Manager,Unnati,Digital Marketing,"PR, Advertising & Marketing Jobs",Manager,4,Delhi NCR,Delhi,India,"Delhi, India",0,full_time,unspecified,2022-04-07 05:26:07,2022-04-07,2022,4,7,Thursday,600000.0,800000.0,700000.0,7.0,0,700000.0,7.0,0,,,https://www.adzuna.in/details/3032214622?utm_medium=api&utm_source=f46203c2
1155089085,Digital marketing trainer,engigyan technology pvt Ltd,Digital Marketing,"PR, Advertising & Marketing Jobs",Mid-Level,2,Unspecified / Pan-India,Unspecified,India,India,0,full_time,unspecified,2019-05-17 21:02:43,2019-05-17,2019,5,17,Friday,100000.0,200000.0,150000.0,1.5,0,150000.0,1.5,0,,,https://www.adzuna.in/details/1155089085?utm_medium=api&utm_source=f46203c2
5720179439,Digital Marketing Executive,Property First Realty,Digital Marketing,"PR, Advertising & Marketing Jobs",Mid-Level,2,Bengaluru,Karnataka,India,"Bangalore, Karnataka",0,full_time,unspecified,2026-05-06 12:08:12,2026-05-06,2026,5,6,Wednesday,400000.0,600000.0,500000.0,5.0,0,500000.0,5.0,0,,,https://www.adzuna.in/details/5720179439?utm_medium=api&utm_source=f46203c2
5869605100,Digital Marketing Manager,Happiest Resume,Digital Marketing,"PR, Advertising & Marketing Jobs",Manager,4,Gurugram,Haryana,India,"Gurgaon, Haryana",0,full_time,unspecified,2026-09-04 03:58:11,2026-09-04,2026,9,4,Friday,300000.0,700000.0,500000.0,5.0,0,500000.0,5.0,0,28.323996,76.983738,https://www.adzuna.in/details/5869605100?utm_medium=api&utm_source=f46203c2
3433222133,Digital Marketing Trainer,DGmark Institute,Digital Marketing,"PR, Advertising & Marketing Jobs",Mid-Level,2,Mumbai,Maharashtra,India,"Mumbai, Maharashtra",0,full_time,unspecified,2022-08-26 06:41:25,2022-08-26,2022,8,26,Friday,500000.0,1000000.0,750000.0,7.5,0,750000.0,7.5,0,19.00821,72.84415,https://www.adzuna.in/details/3433222133?utm_medium=api&utm_source=f46203c2
2933962267,Digital Marketing Manager,Unnati,Digital Marketing,"PR, Advertising & Marketing Jobs",Manager,4,Mumbai,Maharashtra,India,"Mumbai, Maharashtra",0,full_time,unspecified,2022-03-01 04:53:58,2022-03-01,2022,3,1,Tuesday,0.0,900000.0,900000.0,9.0,0,900000.0,9.0,0,19.00821,72.84415,https://www.adzuna.in/details/2933962267?utm_medium=api&utm_source=f46203c2
5895065556,Digital Marketing Executive,Qloron Pvt Ltd,Digital Marketing,"PR, Advertising & Marketing Jobs",Mid-Level,2,Hyderabad,Telangana,India,"Hyderabad, Telangana",0,full_time,unspecified,2026-09-23 16:15:30,2026-09-23,2026,9,23,Wednesday,,,,,1,350000.0,3.5,1,17.40275,78.50806,https://www.adzuna.in/details/5895065556?utm_medium=api&utm_source=f46203c2
5727243973,Digital Marketing Executive,Dhruv Corporate HR Solutions,Digital Marketing,"PR, Advertising & Marketing Jobs",Mid-Level,2,Gandhinagar,Gujarat,India,"Gandhinagar, Gujarat",0,full_time,unspecified,2026-05-13 02:13:58,2026-05-13,2026,5,13,Wednesday,400000.0,600000.0,500000.0,5.0,0,500000.0,5.0,0,23.4896,72.645,https://www.adzuna.in/details/5727243973?utm_medium=api&utm_source=f46203c2
5623893663,Digital Marketing Strategist,Timble Technologies,Digital Marketing,"PR, Advertising & Marketing Jobs",Mid-Level,2,Delhi NCR,Delhi,India,"Delhi, India",0,full_time,unspecified,2026-02-11 11:44:45,2026-02-11,2026,2,11,Wednesday,300000.0,1500000.0,900000.0,9.0,0,900000.0,9.0,0,28.62523,77.224601,https://www.adzuna.in/details/5623893663?utm_medium=api&utm_source=f46203c2
2853927925,Digital Marketing Manager,Aarrrmor Digital,Digital Marketing,"PR, Advertising & Marketing Jobs",Manager,4,Bengaluru,Karnataka,India,"Bangalore, Karnataka",0,full_time,unspecified,2022-01-30 04:34:25,2022-01-30,2022,1,30,Sunday,300000.0,360000.0,330000.0,3.3,0,330000.0,3.3,0,,,https://www.adzuna.in/details/2853927925?utm_medium=api&utm_source=f46203c2
1546574484,Digital Marketing Executive,Dr. Vaidya's,Digital Marketing,"PR, Advertising & Marketing Jobs",Mid-Level,2,Mumbai,Maharashtra,India,"Mumbai, Maharashtra",0,full_time,unspecified,2020-05-16 21:17:26,2020-05-16,2020,5,16,Saturday,400000.0,600000.0,500000.0,5.0,0,500000.0,5.0,0,19.00821,72.84415,https://www.adzuna.in/details/1546574484?utm_medium=api&utm_source=f46203c2
1232325066,Digital Marketing Ninja,Magikle Media,Digital Marketing,IT Jobs,Mid-Level,2,Bengaluru,Karnataka,India,"Bangalore, Karnataka",0,full_time,unspecified,2019-08-11 11:37:25,2019-08-11,2019,8,11,Sunday,200000.0,400000.0,300000.0,3.0,0,300000.0,3.0,0,,,https://www.adzuna.in/details/1232325066?utm_medium=api&utm_source=f46203c2
4801454661,Digital Marketing Intern,PassionMojo,Digital Marketing,"PR, Advertising & Marketing Jobs",Entry / Junior,1,Unspecified / Pan-India,Unspecified,India,India,0,unspecified,contract,2024-07-31 03:06:53,2024-07-31,2024,7,31,Wednesday,,,,,1,150000.0,1.5,1,,,https://www.adzuna.in/details/4801454661?utm_medium=api&utm_source=f46203c2
5845820122,Digital Marketing Executive,CGPEY INTERNATIONAL PRIVATE LIMITED,Digital Marketing,"PR, Advertising & Marketing Jobs",Mid-Level,2,Lucknow,Uttar Pradesh,India,"Lucknow, Uttar Pradesh",0,unspecified,unspecified,2026-08-18 07:15:43,2026-08-18,2026,8,18,Tuesday,,,,,1,350000.0,3.5,1,26.8677,80.8897,https://www.adzuna.in/details/5845820122?utm_medium=api&utm_source=f46203c2
5880590410,Digital Marketing Intern,FyerX,Digital Marketing,"PR, Advertising & Marketing Jobs",Entry / Junior,1,Bengaluru,Karnataka,India,"Kenchanahalli, Bangalore",1,full_time,permanent,2026-09-12 09:23:37,2026-09-12,2026,9,12,Saturday,,,,,1,150000.0,1.5,1,12.94715,77.57888,https://www.adzuna.in/details/5880590410?utm_medium=api&utm_source=f46203c2
4686705495,Digital Marketing Executive,Unknown,Digital Marketing,"PR, Advertising & Marketing Jobs",Mid-Level,2,Bengaluru,Karnataka,India,"Bangalore, Karnataka",0,unspecified,unspecified,2024-05-10 07:38:55,2024-05-10,2024,5,10,Friday,,,,,1,350000.0,3.5,1,12.95703,77.59837,https://www.adzuna.in/details/4686705495?utm_medium=api&utm_source=f46203c2
5329695533,Digital Marketing Executive,HireEazy,Digital Marketing,"PR, Advertising & Marketing Jobs",Mid-Level,2,Bengaluru,Karnataka,India,"Bangalore, Karnataka",0,full_time,unspecified,2025-07-31 16:59:16,2025-07-31,2025,7,31,Thursday,,,,,1,350000.0,3.5,1,,,https://www.adzuna.in/details/5329695533?utm_medium=api&utm_source=f46203c2
4818406056,Digital Marketing Executive,YOHO TECHNOLOGIES PVT LTD,Digital Marketing,"PR, Advertising & Marketing Jobs",Mid-Level,2,Chennai,Tamil Nadu,India,"Chennai, Tamil Nadu",0,full_time,permanent,2024-08-09 10:57:46,2024-08-09,2024,8,9,Friday,170000.0,350000.0,260000.0,2.6,0,260000.0,2.6,0,13.06041,80.24963,https://www.adzuna.in/details/4818406056?utm_medium=api&utm_source=f46203c2
5732118138,Digital Marketing Analyst,Hirestar job Bank,Digital Marketing,"PR, Advertising & Marketing Jobs",Mid-Level,2,Kochi,Kerala,India,"Kochi, Ernakulam",0,unspecified,unspecified,2026-05-17 09:27:26,2026-05-17,2026,5,17,Sunday,40000.0,60000.0,50000.0,0.5,0,50000.0,0.5,0,9.98011,76.24637,https://www.adzuna.in/details/5732118138?utm_medium=api&utm_source=f46203c2
1823583615,Digital Marketing Manager,Proedge,Digital Marketing,"PR, Advertising & Marketing Jobs",Manager,4,Bengaluru,Karnataka,India,"Bangalore, Karnataka",0,full_time,unspecified,2020-11-15 02:58:49,2020-11-15,2020,11,15,Sunday,0.0,1000000.0,1000000.0,10.0,0,1000000.0,10.0,0,,,https://www.adzuna.in/details/1823583615?utm_medium=api&utm_source=f46203c2
2068006882,Digital Marketing Executive,Promotup HR Solutions,Digital Marketing,"PR, Advertising & Marketing Jobs",Mid-Level,2,Ahmedabad,Gujarat,India,"Ahmedabad, Gujarat",0,full_time,unspecified,2021-03-22 04:45:35,2021-03-22,2021,3,22,Monday,200000.0,300000.0,250000.0,2.5,0,250000.0,2.5,0,23.042,72.59465,https://www.adzuna.in/details/2068006882?utm_medium=api&utm_source=f46203c2
5727159344,Digital Marketing Executive,Mantras2Success,Digital Marketing,"PR, Advertising & Marketing Jobs",Mid-Level,2,Ahmedabad,Gujarat,India,"Ahmedabad, Gujarat",0,full_time,unspecified,2026-05-13 02:06:07,2026-05-13,2026,5,13,Wednesday,2160000.0,2592000.0,2376000.0,23.76,0,2376000.0,23.76,0,23.042,72.59465,https://www.adzuna.in/details/5727159344?utm_medium=api&utm_source=f46203c2
4992059396,Digital Marketing Manager,PinnacleU HR,Digital Marketing,"PR, Advertising & Marketing Jobs",Manager,4,Bengaluru,Karnataka,India,"Bangalore, Karnataka",0,full_time,unspecified,2024-12-30 13:16:59,2024-12-30,2024,12,30,Monday,2000000.0,3000000.0,2500000.0,25.0,0,2500000.0,25.0,0,,,https://www.adzuna.in/details/4992059396?utm_medium=api&utm_source=f46203c2
3409850320,Digital Marketing Manager,Neulife,Digital Marketing,"PR, Advertising & Marketing Jobs",Manager,4,Mumbai,Maharashtra,India,"Mumbai, Maharashtra",0,full_time,unspecified,2022-08-17 06:39:04,2022-08-17,2022,8,17,Wednesday,400000.0,800000.0,600000.0,6.0,0,600000.0,6.0,0,19.00821,72.84415,https://www.adzuna.in/details/3409850320?utm_medium=api&utm_source=f46203c2
3873820043,Digital Marketing Specialist,Click400 Technologies Pvt Ltd,Digital Marketing,"PR, Advertising & Marketing Jobs",Mid-Level,2,Unspecified / Pan-India,Unspecified,India,India,0,full_time,unspecified,2023-01-25 09:00:00,2023-01-25,2023,1,25,Wednesday,200000.0,300000.0,250000.0,2.5,0,250000.0,2.5,0,,,https://www.adzuna.in/details/3873820043?utm_medium=api&utm_source=f46203c2
5416883992,Digital Marketing Manager,Magicworks IT Solutions,Digital Marketing,"PR, Advertising & Marketing Jobs",Manager,4,Pune,Maharashtra,India,"Pune, Maharashtra",0,full_time,unspecified,2025-09-27 09:15:35,2025-09-27,2025,9,27,Saturday,300000.0,600000.0,450000.0,4.5,0,450000.0,4.5,0,18.5062,73.84735,https://www.adzuna.in/details/5416883992?utm_medium=api&utm_source=f46203c2
5871788428,Digital Marketing Manager,Building Ventures,Digital Marketing,"PR, Advertising & Marketing Jobs",Manager,4,Rajkot,Gujarat,India,"Rajkot, Gujarat",0,full_time,unspecified,2026-09-05 16:09:18,2026-09-05,2026,9,5,Saturday,,,,,1,775000.0,7.75,1,22.2965,70.77785,https://www.adzuna.in/details/5871788428?utm_medium=api&utm_source=f46203c2
5503836878,Digital Marketing Manager,Trusttech IT Solutions Private Limitedd,Digital Marketing,"PR, Advertising & Marketing Jobs",Manager,4,Kochi,Kerala,India,"Kochi, Ernakulam",0,full_time,unspecified,2025-11-20 00:58:12,2025-11-20,2025,11,20,Thursday,,,,,1,775000.0,7.75,1,9.98011,76.24637,https://www.adzuna.in/details/5503836878?utm_medium=api&utm_source=f46203c2
5541864923,Digital Marketing Executive,Cspar Enterprises Private Limited,Digital Marketing,"PR, Advertising & Marketing Jobs",Mid-Level,2,Bengaluru,Karnataka,India,"Bangalore, Karnataka",0,full_time,permanent,2025-12-14 11:12:09,2025-12-14,2025,12,14,Sunday,300000.0,600000.0,450000.0,4.5,0,450000.0,4.5,0,,,https://www.adzuna.in/details/5541864923?utm_medium=api&utm_source=f46203c2
4686701501,Digital Marketing Executive,Unknown,Digital Marketing,IT Jobs,Mid-Level,2,Jaipur,Rajasthan,India,"Jaipur, Rajasthan",0,unspecified,unspecified,2024-05-10 07:38:26,2024-05-10,2024,5,10,Friday,,,,,1,350000.0,3.5,1,26.7441,75.9469,https://www.adzuna.in/details/4686701501?utm_medium=api&utm_source=f46203c2
4686700258,Digital Marketing Executive,Unknown,Digital Marketing,IT Jobs,Mid-Level,2,Bengaluru,Karnataka,India,"Bangalore, Karnataka",0,unspecified,unspecified,2024-05-10 07:38:17,2024-05-10,2024,5,10,Friday,,,,,1,350000.0,3.5,1,12.95703,77.59837,https://www.adzuna.in/details/4686700258?utm_medium=api&utm_source=f46203c2
1985742136,Digital Marketing Manager,Netway India Pvt Ltd,Digital Marketing,"PR, Advertising & Marketing Jobs",Manager,4,Delhi NCR,Delhi,India,"Delhi, India",0,full_time,unspecified,2021-02-12 04:05:08,2021-02-12,2021,2,12,Friday,600000.0,1800000.0,1200000.0,12.0,0,1200000.0,12.0,0,,,https://www.adzuna.in/details/1985742136?utm_medium=api&utm_source=f46203c2
5593632918,Digital Marketing Specialist,Avalon Solution,Digital Marketing,"PR, Advertising & Marketing Jobs",Mid-Level,2,Indore,Madhya Pradesh,India,"Indore, Madhya Pradesh",0,full_time,unspecified,2026-01-21 11:21:28,2026-01-21,2026,1,21,Wednesday,250000.0,400000.0,325000.0,3.25,0,325000.0,3.25,0,22.66215,75.9035,https://www.adzuna.in/details/5593632918?utm_medium=api&utm_source=f46203c2
5319364655,Digital Marketing Executive,SLBS Marklance,Digital Marketing,"PR, Advertising & Marketing Jobs",Mid-Level,2,Kochi,Kerala,India,"Kochi, Ernakulam",0,full_time,unspecified,2025-07-24 07:41:32,2025-07-24,2025,7,24,Thursday,300000.0,400000.0,350000.0,3.5,0,350000.0,3.5,0,9.98011,76.24637,https://www.adzuna.in/details/5319364655?utm_medium=api&utm_source=f46203c2
5573238415,Digital Marketing Intern,Career College Bhopal,Digital Marketing,"PR, Advertising & Marketing Jobs",Entry / Junior,1,Unspecified / Pan-India,Unspecified,India,India,0,full_time,contract,2026-01-08 11:09:47,2026-01-08,2026,1,8,Thursday,60000.0,60000.0,60000.0,0.6,0,60000.0,0.6,0,,,https://www.adzuna.in/details/5573238415?utm_medium=api&utm_source=f46203c2
5503836172,Digital Marketing Executive,Synergic Links,Digital Marketing,"PR, Advertising & Marketing Jobs",Mid-Level,2,Mumbai,Maharashtra,India,"Mumbai, Maharashtra",1,full_time,unspecified,2025-11-20 00:58:05,2025-11-20,2025,11,20,Thursday,,,,,1,350000.0,3.5,1,19.00821,72.84415,https://www.adzuna.in/details/5503836172?utm_medium=api&utm_source=f46203c2
5880590388,Digital Marketing Associate,FyerX,Digital Marketing,"PR, Advertising & Marketing Jobs",Entry / Junior,1,Bengaluru,Karnataka,India,"Kenchanahalli, Bangalore",1,full_time,permanent,2026-09-12 09:23:36,2026-09-12,2026,9,12,Saturday,,,,,1,150000.0,1.5,1,12.94715,77.57888,https://www.adzuna.in/details/5880590388?utm_medium=api&utm_source=f46203c2
5889562098,Digital marketing Executive,Ediffy Consultancy Services,Digital Marketing,"PR, Advertising & Marketing Jobs",Mid-Level,2,Kolkata,West Bengal,India,"Kolkata, West Bengal",0,full_time,unspecified,2026-09-18 21:53:10,2026-09-18,2026,9,18,Friday,200000.0,500000.0,350000.0,3.5,0,350000.0,3.5,0,22.57285,88.34373,https://www.adzuna.in/details/5889562098?utm_medium=api&utm_source=f46203c2
5861794140,Digital Marketing Manager,WeblineIndia,Digital Marketing,"PR, Advertising & Marketing Jobs",Manager,4,Ahmedabad,Gujarat,India,"Ahmedabad, Gujarat",0,unspecified,unspecified,2026-08-30 07:40:12,2026-08-30,2026,8,30,Sunday,,,,,1,775000.0,7.75,1,23.042,72.59465,https://www.adzuna.in/details/5861794140?utm_medium=api&utm_source=f46203c2
3029274083,Digital Marketing Intern,Ampex Web,Digital Marketing,"PR, Advertising & Marketing Jobs",Entry / Junior,1,Remote,Remote,India,India,1,full_time,contract,2022-04-06 05:15:59,2022-04-06,2022,4,6,Wednesday,200000.0,1200000.0,700000.0,7.0,0,700000.0,7.0,0,,,https://www.adzuna.in/details/3029274083?utm_medium=api&utm_source=f46203c2
4344577788,AVP Digital Marketing,Jobdost,Digital Marketing,"PR, Advertising & Marketing Jobs",Mid-Level,2,Bengaluru,Karnataka,India,"Bangalore, Karnataka",0,full_time,unspecified,2023-10-02 13:22:25,2023-10-02,2023,10,2,Monday,2000000.0,3000000.0,2500000.0,25.0,0,2500000.0,25.0,0,,,https://www.adzuna.in/details/4344577788?utm_medium=api&utm_source=f46203c2
4686703072,Digital Marketing Executive,Unknown,Digital Marketing,"PR, Advertising & Marketing Jobs",Mid-Level,2,Faridabad,Haryana,India,"Faridabad, Haryana",0,unspecified,unspecified,2024-05-10 07:38:37,2024-05-10,2024,5,10,Friday,,,,,1,350000.0,3.5,1,28.38221,77.30309,https://www.adzuna.in/details/4686703072?utm_medium=api&utm_source=f46203c2
5677793881,Digital Marketing Executive,Avalon Solution,Digital Marketing,"PR, Advertising & Marketing Jobs",Mid-Level,2,Indore,Madhya Pradesh,India,"Indore, Madhya Pradesh",0,full_time,unspecified,2026-03-25 11:36:14,2026-03-25,2026,3,25,Wednesday,250000.0,300000.0,275000.0,2.75,0,275000.0,2.75,0,22.66215,75.9035,https://www.adzuna.in/details/5677793881?utm_medium=api&utm_source=f46203c2
4856744627,DIGITAL MARKETING EXECUTIVE,Avalon Solution,Digital Marketing,"PR, Advertising & Marketing Jobs",Mid-Level,2,Indore,Madhya Pradesh,India,"Indore, Madhya Pradesh",0,full_time,unspecified,2024-09-08 11:22:28,2024-09-08,2024,9,8,Sunday,200000.0,360000.0,280000.0,2.8,0,280000.0,2.8,0,22.66215,75.9035,https://www.adzuna.in/details/4856744627?utm_medium=api&utm_source=f46203c2
4145143251,Digital Marketing Intern,NextGen Samvaad Pvt Ltd,Digital Marketing,IT Jobs,Entry / Junior,1,Varanasi,Uttar Pradesh,India,"Varanasi, Uttar Pradesh",0,full_time,contract,2023-06-10 16:45:30,2023-06-10,2023,6,10,Saturday,200000.0,2400000.0,1300000.0,13.0,0,1300000.0,13.0,0,25.354,82.94415,https://www.adzuna.in/details/4145143251?utm_medium=api&utm_source=f46203c2
5816439324,Digital Marketing Manager,UNIABROAD,Digital Marketing,"PR, Advertising & Marketing Jobs",Manager,4,Unspecified / Pan-India,Unspecified,India,India,0,full_time,unspecified,2026-07-26 15:57:17,2026-07-26,2026,7,26,Sunday,900000.0,1200000.0,1050000.0,10.5,0,1050000.0,10.5,0,,,https://www.adzuna.in/details/5816439324?utm_medium=api&utm_source=f46203c2
5829799769,Digital Marketing Internship,SkyRocket,Digital Marketing,HR & Recruitment Jobs,Entry / Junior,1,Bengaluru,Karnataka,India,"Bangalore, Karnataka",1,unspecified,contract,2026-08-06 06:40:17,2026-08-06,2026,8,6,Thursday,,,,,1,150000.0,1.5,1,,,https://www.adzuna.in/details/5829799769?utm_medium=api&utm_source=f46203c2
5729658213,Digital Marketing Executive,Mantras2Success,Digital Marketing,"PR, Advertising & Marketing Jobs",Mid-Level,2,Ahmedabad,Gujarat,India,"Ahmedabad, Gujarat",0,full_time,unspecified,2026-05-15 02:12:27,2026-05-15,2026,5,15,Friday,3000000.0,3600000.0,3300000.0,33.0,0,3300000.0,33.0,0,23.042,72.59465,https://www.adzuna.in/details/5729658213?utm_medium=api&utm_source=f46203c2
4686700126,Digital Marketing Manager,Unknown,Digital Marketing,"PR, Advertising & Marketing Jobs",Manager,4,Delhi NCR,Delhi,India,"Delhi, India",0,unspecified,unspecified,2024-05-10 07:38:16,2024-05-10,2024,5,10,Friday,,,,,1,775000.0,7.75,1,28.62523,77.224601,https://www.adzuna.in/details/4686700126?utm_medium=api&utm_source=f46203c2
3032212346,Digital Marketing Manager,Unnati,Digital Marketing,"PR, Advertising & Marketing Jobs",Manager,4,Delhi NCR,Delhi,India,"Delhi, India",0,full_time,unspecified,2022-04-07 05:25:45,2022-04-07,2022,4,7,Thursday,1000000.0,1500000.0,1250000.0,12.5,0,1250000.0,12.5,0,28.62523,77.224601,https://www.adzuna.in/details/3032212346?utm_medium=api&utm_source=f46203c2
4686703466,Digital Marketing Executive,Unknown,Digital Marketing,"PR, Advertising & Marketing Jobs",Mid-Level,2,Delhi NCR,Delhi,India,"Delhi, India",0,unspecified,unspecified,2024-05-10 07:38:40,2024-05-10,2024,5,10,Friday,,,,,1,350000.0,3.5,1,28.62523,77.224601,https://www.adzuna.in/details/4686703466?utm_medium=api&utm_source=f46203c2
1848099520,Digital Marketing Executive,IndependentConsultant,Digital Marketing,"PR, Advertising & Marketing Jobs",Mid-Level,2,Unspecified / Pan-India,Goa,India,"Goa, India",0,full_time,unspecified,2020-11-28 02:53:57,2020-11-28,2020,11,28,Saturday,200000.0,400000.0,300000.0,3.0,0,300000.0,3.0,0,15.3542,74.014575,https://www.adzuna.in/details/1848099520?utm_medium=api&utm_source=f46203c2
5869824131,Digital Marketing Executive,ZEE Labs,Digital Marketing,"PR, Advertising & Marketing Jobs",Mid-Level,2,Karnal,Haryana,India,"Karnal, Haryana",0,unspecified,unspecified,2026-09-04 07:39:36,2026-09-04,2026,9,4,Friday,,,,,1,350000.0,3.5,1,29.62175,77.06582,https://www.adzuna.in/details/5869824131?utm_medium=api&utm_source=f46203c2
5166122473,Digital Marketing Executive,Memo Apps Private Limited,Digital Marketing,"PR, Advertising & Marketing Jobs",Mid-Level,2,Remote,Remote,India,India,1,full_time,unspecified,2025-04-28 04:47:15,2025-04-28,2025,4,28,Monday,120000.0,240000.0,180000.0,1.8,0,180000.0,1.8,0,,,https://www.adzuna.in/details/5166122473?utm_medium=api&utm_source=f46203c2
5503836606,Digital Marketing Assistant,Siddhani Enterprises,Digital Marketing,"PR, Advertising & Marketing Jobs",Mid-Level,2,Bengaluru,Karnataka,India,"Bangalore, Karnataka",0,full_time,contract,2025-11-20 00:58:09,2025-11-20,2025,11,20,Thursday,,,,,1,350000.0,3.5,1,,,https://www.adzuna.in/details/5503836606?utm_medium=api&utm_source=f46203c2
5832798259,Digital Marketing Specialist,Gowra Bits & Bytes,Digital Marketing,"PR, Advertising & Marketing Jobs",Mid-Level,2,Hyderabad,Telangana,India,"Hyderabad, Telangana",0,unspecified,unspecified,2026-08-08 07:31:12,2026-08-08,2026,8,8,Saturday,,,,,1,350000.0,3.5,1,17.40275,78.50806,https://www.adzuna.in/details/5832798259?utm_medium=api&utm_source=f46203c2
5832798272,Digital Marketing Specialist,Gowra Bits & Bytes,Digital Marketing,"PR, Advertising & Marketing Jobs",Mid-Level,2,Mumbai,Maharashtra,India,"Mumbai, Maharashtra",0,unspecified,unspecified,2026-08-08 07:31:13,2026-08-08,2026,8,8,Saturday,,,,,1,350000.0,3.5,1,19.00821,72.84415,https://www.adzuna.in/details/5832798272?utm_medium=api&utm_source=f46203c2
5692865335,Digital Marketing Executive,Unknown,Digital Marketing,"PR, Advertising & Marketing Jobs",Mid-Level,2,Palakkad,Kerala,India,"Palakkad, Kerala",0,unspecified,unspecified,2026-04-08 11:42:13,2026-04-08,2026,4,8,Wednesday,,,,,1,350000.0,3.5,1,10.76035,76.6654,https://www.adzuna.in/details/5692865335?utm_medium=api&utm_source=f46203c2
5861795981,Digital Marketing Manager,Vantageiq Technologies Opc,Digital Marketing,"PR, Advertising & Marketing Jobs",Manager,4,Gurugram,Haryana,India,"Gurgaon, Haryana",0,unspecified,unspecified,2026-08-30 07:41:22,2026-08-30,2026,8,30,Sunday,,,,,1,775000.0,7.75,1,28.323996,76.983738,https://www.adzuna.in/details/5861795981?utm_medium=api&utm_source=f46203c2
5671170926,Digital Marketing Exec.,Talent Bee,Digital Marketing,"PR, Advertising & Marketing Jobs",Mid-Level,2,Bengaluru,Karnataka,India,"Bangalore, Karnataka",0,full_time,unspecified,2026-03-19 02:02:01,2026-03-19,2026,3,19,Thursday,,,,,1,350000.0,3.5,1,,,https://www.adzuna.in/details/5671170926?utm_medium=api&utm_source=f46203c2
2490176950,Digital Marketing Executive,Gazing Technosoft Private Limited,Digital Marketing,"PR, Advertising & Marketing Jobs",Mid-Level,2,Delhi NCR,Delhi,India,"Delhi, India",0,full_time,unspecified,2021-09-25 04:46:34,2021-09-25,2021,9,25,Saturday,0.0,300000.0,300000.0,3.0,0,300000.0,3.0,0,28.62523,77.224601,https://www.adzuna.in/details/2490176950?utm_medium=api&utm_source=f46203c2
2790561014,AVP- Digital Marketing,Unnati,Digital Marketing,"PR, Advertising & Marketing Jobs",Mid-Level,2,Unspecified / Pan-India,Unspecified,India,India,0,full_time,unspecified,2022-01-05 04:26:42,2022-01-05,2022,1,5,Wednesday,1200000.0,1500000.0,1350000.0,13.5,0,1350000.0,13.5,0,,,https://www.adzuna.in/details/2790561014?utm_medium=api&utm_source=f46203c2
5727193062,Digital Marketing Executive,RECEX,Digital Marketing,"PR, Advertising & Marketing Jobs",Mid-Level,2,Noida,Uttar Pradesh,India,"Noida, Ghaziabad",0,full_time,unspecified,2026-05-13 02:09:18,2026-05-13,2026,5,13,Wednesday,400000.0,500000.0,450000.0,4.5,0,450000.0,4.5,0,28.56579,77.3225,https://www.adzuna.in/details/5727193062?utm_medium=api&utm_source=f46203c2
5067622067,Digital Marketing Trainer,Digitize Brand Hub India Pvt Ltd,Digital Marketing,Teaching Jobs,Mid-Level,2,Pune,Maharashtra,India,"Pune, Maharashtra",0,full_time,unspecified,2025-03-01 06:21:41,2025-03-01,2025,3,1,Saturday,300000.0,500000.0,400000.0,4.0,0,400000.0,4.0,0,18.5062,73.84735,https://www.adzuna.in/details/5067622067?utm_medium=api&utm_source=f46203c2
5727092010,Digital Marketing Manager,Anther Human Resource Solutions,Digital Marketing,"PR, Advertising & Marketing Jobs",Manager,4,Mumbai,Maharashtra,India,"Mumbai, Maharashtra",0,full_time,unspecified,2026-05-13 01:58:16,2026-05-13,2026,5,13,Wednesday,,,,,1,775000.0,7.75,1,19.00821,72.84415,https://www.adzuna.in/details/5727092010?utm_medium=api&utm_source=f46203c2
5868118260,Digital Marketing Executive,Firstventure,Digital Marketing,"PR, Advertising & Marketing Jobs",Mid-Level,2,Mumbai,Maharashtra,India,"Mumbai, Maharashtra",0,unspecified,unspecified,2026-09-03 08:00:58,2026-09-03,2026,9,3,Thursday,,,,,1,350000.0,3.5,1,19.00821,72.84415,https://www.adzuna.in/details/5868118260?utm_medium=api&utm_source=f46203c2
3699747472,Digital Marketing Executive,Unio labs Private Limited,Digital Marketing,"PR, Advertising & Marketing Jobs",Mid-Level,2,Unspecified / Pan-India,Unspecified,India,India,0,full_time,unspecified,2022-11-18 05:53:23,2022-11-18,2022,11,18,Friday,100000.0,200000.0,150000.0,1.5,0,150000.0,1.5,0,,,https://www.adzuna.in/details/3699747472?utm_medium=api&utm_source=f46203c2
1171507944,Digital Marketing lead,Actofit Wearables,Digital Marketing,"PR, Advertising & Marketing Jobs",Lead / Architect,5,Navi Mumbai,Maharashtra,India,"Navi Mumbai, Maharashtra",0,full_time,unspecified,2019-06-05 21:12:13,2019-06-05,2019,6,5,Wednesday,200000.0,200000.0,200000.0,2.0,0,200000.0,2.0,0,19.02,73.02,https://www.adzuna.in/details/1171507944?utm_medium=api&utm_source=f46203c2
5213369907,Digital Marketing Executive,Quantum BSO and Tech Pvt Ltd,Digital Marketing,"PR, Advertising & Marketing Jobs",Mid-Level,2,Bengaluru,Karnataka,India,"Bangalore, Karnataka",0,full_time,unspecified,2025-05-24 04:56:12,2025-05-24,2025,5,24,Saturday,300000.0,700000.0,500000.0,5.0,0,500000.0,5.0,0,,,https://www.adzuna.in/details/5213369907?utm_medium=api&utm_source=f46203c2
2210350198,Digital Marketing Specialist,winnebrands,Digital Marketing,"PR, Advertising & Marketing Jobs",Mid-Level,2,Unspecified / Pan-India,Unspecified,India,India,0,full_time,unspecified,2021-05-26 12:51:50,2021-05-26,2021,5,26,Wednesday,0.0,250000.0,250000.0,2.5,0,250000.0,2.5,0,,,https://www.adzuna.in/details/2210350198?utm_medium=api&utm_source=f46203c2
3491568963,DIGITAL MARKETING (fresher),Fire bee techno services Pvt Ltd,Digital Marketing,IT Jobs,Entry / Junior,1,Madurai,Tamil Nadu,India,"Madurai, Tamil Nadu",0,full_time,unspecified,2022-09-16 06:52:17,2022-09-16,2022,9,16,Friday,100000.0,120000.0,110000.0,1.1,0,110000.0,1.1,0,9.91051,78.1158,https://www.adzuna.in/details/3491568963?utm_medium=api&utm_source=f46203c2
4686701483,Digital Marketing Trainer,Unknown,Digital Marketing,"PR, Advertising & Marketing Jobs",Mid-Level,2,Bengaluru,Karnataka,India,"Bangalore, Karnataka",0,unspecified,unspecified,2024-05-10 07:38:26,2024-05-10,2024,5,10,Friday,,,,,1,350000.0,3.5,1,12.95703,77.59837,https://www.adzuna.in/details/4686701483?utm_medium=api&utm_source=f46203c2
4686701257,Digital Marketing Executive,Unknown,Digital Marketing,"PR, Advertising & Marketing Jobs",Mid-Level,2,Varanasi,Uttar Pradesh,India,"Varanasi, Uttar Pradesh",0,unspecified,unspecified,2024-05-10 07:38:24,2024-05-10,2024,5,10,Friday,,,,,1,350000.0,3.5,1,25.354,82.94415,https://www.adzuna.in/details/4686701257?utm_medium=api&utm_source=f46203c2
4686706519,Digital Marketing Expert,Unknown,Digital Marketing,"PR, Advertising & Marketing Jobs",Senior,3,Pune,Maharashtra,India,"Pune, Maharashtra",0,unspecified,unspecified,2024-05-10 07:39:02,2024-05-10,2024,5,10,Friday,,,,,1,550000.0,5.5,1,18.5062,73.84735,https://www.adzuna.in/details/4686706519?utm_medium=api&utm_source=f46203c2
5708014341,Digital Marketing Executive,ALEA IT SOLUTIONS,Digital Marketing,"PR, Advertising & Marketing Jobs",Mid-Level,2,Jaipur,Rajasthan,India,"Jaipur, Rajasthan",0,full_time,unspecified,2026-04-23 11:42:37,2026-04-23,2026,4,23,Thursday,200000.0,400000.0,300000.0,3.0,0,300000.0,3.0,0,26.7441,75.9469,https://www.adzuna.in/details/5708014341?utm_medium=api&utm_source=f46203c2
5786628857,Digital Marketing Manager,Baxture Technologies,Digital Marketing,"PR, Advertising & Marketing Jobs",Manager,4,Unspecified / Pan-India,Unspecified,India,India,0,full_time,unspecified,2026-07-03 14:59:32,2026-07-03,2026,7,3,Friday,300000.0,1700000.0,1000000.0,10.0,0,1000000.0,10.0,0,,,https://www.adzuna.in/details/5786628857?utm_medium=api&utm_source=f46203c2
5828882410,digital marketing head,Happiest Resume,Digital Marketing,"PR, Advertising & Marketing Jobs",Mid-Level,2,Gurugram,Haryana,India,"Gurgaon, Haryana",0,full_time,unspecified,2026-08-05 14:48:35,2026-08-05,2026,8,5,Wednesday,1000000.0,1500000.0,1250000.0,12.5,0,1250000.0,12.5,0,28.323996,76.983738,https://www.adzuna.in/details/5828882410?utm_medium=api&utm_source=f46203c2
5850890394,Digital Marketing Manager,Baxture Technologies,Digital Marketing,"PR, Advertising & Marketing Jobs",Manager,4,Pune,Maharashtra,India,"Pune, Maharashtra",0,full_time,unspecified,2026-08-21 16:03:18,2026-08-21,2026,8,21,Friday,200000.0,1000000.0,600000.0,6.0,0,600000.0,6.0,0,18.5062,73.84735,https://www.adzuna.in/details/5850890394?utm_medium=api&utm_source=f46203c2
2461074214,Manager- Digital Marketing,Unnati,Digital Marketing,"PR, Advertising & Marketing Jobs",Manager,4,Delhi NCR,Delhi,India,"Delhi, India",0,full_time,unspecified,2021-09-16 01:20:34,2021-09-16,2021,9,16,Thursday,0.0,1000000.0,1000000.0,10.0,0,1000000.0,10.0,0,28.62523,77.224601,https://www.adzuna.in/details/2461074214?utm_medium=api&utm_source=f46203c2
5861795874,Digital Marketing Manager,MoEngage,Digital Marketing,"PR, Advertising & Marketing Jobs",Manager,4,Bengaluru,Karnataka,India,"Bangalore, Karnataka",0,unspecified,unspecified,2026-08-30 07:41:15,2026-08-30,2026,8,30,Sunday,,,,,1,775000.0,7.75,1,,,https://www.adzuna.in/details/5861795874?utm_medium=api&utm_source=f46203c2
5831405366,Digital marketing fresher,Tenacious Techies,Digital Marketing,"PR, Advertising & Marketing Jobs",Entry / Junior,1,Surat,Gujarat,India,"Surat, Gujarat",0,unspecified,unspecified,2026-08-07 07:35:32,2026-08-07,2026,8,7,Friday,,,,,1,150000.0,1.5,1,21.18955,72.8318,https://www.adzuna.in/details/5831405366?utm_medium=api&utm_source=f46203c2
5101880769,Digital Marketing Manager,InstaFinancials,Digital Marketing,"PR, Advertising & Marketing Jobs",Manager,4,Bengaluru,Karnataka,India,"Bangalore, Karnataka",0,full_time,permanent,2025-03-20 06:22:53,2025-03-20,2025,3,20,Thursday,600000.0,900000.0,750000.0,7.5,0,750000.0,7.5,0,,,https://www.adzuna.in/details/5101880769?utm_medium=api&utm_source=f46203c2
5727129324,Digital Marketing- Raipur,Vinayak Outsourcing Works,Digital Marketing,"PR, Advertising & Marketing Jobs",Mid-Level,2,Raipur,Chhattisgarh,India,"Raipur, Chhattisgarh",0,full_time,unspecified,2026-05-13 02:03:34,2026-05-13,2026,5,13,Wednesday,600000.0,840000.0,720000.0,7.2,0,720000.0,7.2,0,21.03681,82.2359,https://www.adzuna.in/details/5727129324?utm_medium=api&utm_source=f46203c2
4686700569,Digital Marketing Trainer,Unknown,Digital Marketing,"PR, Advertising & Marketing Jobs",Mid-Level,2,Tiruchirappalli,Tamil Nadu,India,"Tiruchirappalli, Tamil Nadu",0,unspecified,unspecified,2024-05-10 07:38:19,2024-05-10,2024,5,10,Friday,,,,,1,350000.0,3.5,1,10.8091,78.66775,https://www.adzuna.in/details/4686700569?utm_medium=api&utm_source=f46203c2
5727283228,Digital Marketing Specialist,Career Creed HR Services,Digital Marketing,"PR, Advertising & Marketing Jobs",Mid-Level,2,Gurugram,Haryana,India,"Gurgaon, Haryana",0,full_time,unspecified,2026-05-13 02:19:33,2026-05-13,2026,5,13,Wednesday,300000.0,480000.0,390000.0,3.9,0,390000.0,3.9,0,28.323996,76.983738,https://www.adzuna.in/details/5727283228?utm_medium=api&utm_source=f46203c2
4775723380,Digital Marketing Intern,PICKMYURL,Digital Marketing,"PR, Advertising & Marketing Jobs",Entry / Junior,1,Thane,Maharashtra,India,"Thane, Maharashtra",0,full_time,contract,2024-07-12 10:40:58,2024-07-12,2024,7,12,Friday,50000.0,200000.0,125000.0,1.25,0,125000.0,1.25,0,19.17335,73.04845,https://www.adzuna.in/details/4775723380?utm_medium=api&utm_source=f46203c2
5879948350,"Manager, Digital Marketing",IN CSS Randstad Global Capability Center,Digital Marketing,"PR, Advertising & Marketing Jobs",Manager,4,Unspecified / Pan-India,Unspecified,India,India,0,full_time,unspecified,2026-09-11 21:45:17,2026-09-11,2026,9,11,Friday,,,,,1,775000.0,7.75,1,,,https://www.adzuna.in/details/5879948350?utm_medium=api&utm_source=f46203c2
4686703195,Digital Marketing Executive,Unknown,Digital Marketing,"PR, Advertising & Marketing Jobs",Mid-Level,2,Bhopal,Madhya Pradesh,India,"Bhopal, Madhya Pradesh",0,unspecified,unspecified,2024-05-10 07:38:37,2024-05-10,2024,5,10,Friday,,,,,1,350000.0,3.5,1,23.27495,77.41355,https://www.adzuna.in/details/4686703195?utm_medium=api&utm_source=f46203c2
5885447171,Digital Marketing Executive,Talent Hunt Placements and Consultancy,Digital Marketing,"PR, Advertising & Marketing Jobs",Mid-Level,2,Noida,Uttar Pradesh,India,"Noida, Ghaziabad",0,unspecified,unspecified,2026-09-16 07:04:28,2026-09-16,2026,9,16,Wednesday,,,,,1,350000.0,3.5,1,28.56579,77.3225,https://www.adzuna.in/details/5885447171?utm_medium=api&utm_source=f46203c2
4686705048,Digital Marketing Manager,Unknown,Digital Marketing,"PR, Advertising & Marketing Jobs",Manager,4,Coimbatore,Tamil Nadu,India,"Coimbatore, Tamil Nadu",0,unspecified,unspecified,2024-05-10 07:38:52,2024-05-10,2024,5,10,Friday,,,,,1,775000.0,7.75,1,11.017171,77.100203,https://www.adzuna.in/details/4686705048?utm_medium=api&utm_source=f46203c2
4686707225,Digital Marketing Executive,Unknown,Digital Marketing,"PR, Advertising & Marketing Jobs",Mid-Level,2,Mumbai,Maharashtra,India,"Mumbai, Maharashtra",0,unspecified,unspecified,2024-05-10 07:39:07,2024-05-10,2024,5,10,Friday,,,,,1,350000.0,3.5,1,19.00821,72.84415,https://www.adzuna.in/details/4686707225?utm_medium=api&utm_source=f46203c2
5461968142,Digital Marketing Executive,Guru Goutam Infotech Pvt Ltd,Digital Marketing,"PR, Advertising & Marketing Jobs",Mid-Level,2,Bengaluru,Karnataka,India,"Bangalore, Karnataka",0,full_time,unspecified,2025-10-24 09:28:09,2025-10-24,2025,10,24,Friday,240000.0,300000.0,270000.0,2.7,0,270000.0,2.7,0,,,https://www.adzuna.in/details/5461968142?utm_medium=api&utm_source=f46203c2
2673447776,Digital Marketing - Head,Satcon technologies,Digital Marketing,"PR, Advertising & Marketing Jobs",Mid-Level,2,Unspecified / Pan-India,Unspecified,India,India,0,full_time,unspecified,2021-11-24 07:16:22,2021-11-24,2021,11,24,Wednesday,0.0,900000.0,900000.0,9.0,0,900000.0,9.0,0,,,https://www.adzuna.in/details/2673447776?utm_medium=api&utm_source=f46203c2
5831406317,Digital Marketing Executive,MP Dominic & Co,Digital Marketing,"PR, Advertising & Marketing Jobs",Mid-Level,2,Kochi,Kerala,India,"Ernakulam, Kerala",0,unspecified,unspecified,2026-08-07 07:36:37,2026-08-07,2026,8,7,Friday,,,,,1,350000.0,3.5,1,,,https://www.adzuna.in/details/5831406317?utm_medium=api&utm_source=f46203c2
2430478487,Digital Marketing Internship,Story Digital,Digital Marketing,"PR, Advertising & Marketing Jobs",Entry / Junior,1,Delhi NCR,Delhi,India,"Delhi, India",0,full_time,contract,2021-09-04 02:55:14,2021-09-04,2021,9,4,Saturday,0.0,100000.0,100000.0,1.0,0,100000.0,1.0,0,28.62523,77.224601,https://www.adzuna.in/details/2430478487?utm_medium=api&utm_source=f46203c2
2427499924,Digital Marketing Executive,Unnati,Digital Marketing,"PR, Advertising & Marketing Jobs",Mid-Level,2,Delhi NCR,Delhi,India,"Delhi, India",0,full_time,unspecified,2021-09-03 01:56:10,2021-09-03,2021,9,3,Friday,0.0,600000.0,600000.0,6.0,0,600000.0,6.0,0,,,https://www.adzuna.in/details/2427499924?utm_medium=api&utm_source=f46203c2
5664889550,Digital Marketing Professional,Hunarstreet Technologies Pvt Ltd,Digital Marketing,"PR, Advertising & Marketing Jobs",Mid-Level,2,Unspecified / Pan-India,Gujarat,India,"Gujarat, India",0,full_time,unspecified,2026-03-14 11:34:00,2026-03-14,2026,3,14,Saturday,1300000.0,1500000.0,1400000.0,14.0,0,1400000.0,14.0,0,22.385318,72.365866,https://www.adzuna.in/details/5664889550?utm_medium=api&utm_source=f46203c2
4113685562,Digital Marketing Executive,Bizjunket,Digital Marketing,"PR, Advertising & Marketing Jobs",Mid-Level,2,Noida,Uttar Pradesh,India,"Noida, Ghaziabad",0,full_time,unspecified,2023-05-23 17:23:28,2023-05-23,2023,5,23,Tuesday,180000.0,240000.0,210000.0,2.1,0,210000.0,2.1,0,28.56579,77.3225,https://www.adzuna.in/details/4113685562?utm_medium=api&utm_source=f46203c2
4743161509,Digital Marketing Executive,Adret Software Services Pvt Ltd,Digital Marketing,"PR, Advertising & Marketing Jobs",Mid-Level,2,Unspecified / Pan-India,Unspecified,India,India,0,full_time,unspecified,2024-06-19 10:10:13,2024-06-19,2024,6,19,Wednesday,200000.0,500000.0,350000.0,3.5,0,350000.0,3.5,0,,,https://www.adzuna.in/details/4743161509?utm_medium=api&utm_source=f46203c2
1155088452,Digital Marketing Executive,Horaa Business Solutions LLP,Digital Marketing,"PR, Advertising & Marketing Jobs",Mid-Level,2,Bengaluru,Karnataka,India,"Bangalore, Karnataka",0,full_time,unspecified,2019-05-17 21:02:39,2019-05-17,2019,5,17,Friday,200000.0,600000.0,400000.0,4.0,0,400000.0,4.0,0,,,https://www.adzuna.in/details/1155088452?utm_medium=api&utm_source=f46203c2
5838448552,Digital Marketing Executive,Gururo,Digital Marketing,"PR, Advertising & Marketing Jobs",Mid-Level,2,Vadodara,Gujarat,India,"Vadodara, Gujarat",0,unspecified,contract,2026-08-12 20:46:43,2026-08-12,2026,8,12,Wednesday,,,,,1,350000.0,3.5,1,22.2891,73.1924,https://www.adzuna.in/details/5838448552?utm_medium=api&utm_source=f46203c2
5491760720,Digital Marketing Executive,Gururo,Digital Marketing,"PR, Advertising & Marketing Jobs",Mid-Level,2,Unspecified / Pan-India,Unspecified,India,India,0,full_time,unspecified,2025-11-12 16:20:23,2025-11-12,2025,11,12,Wednesday,,,,,1,350000.0,3.5,1,,,https://www.adzuna.in/details/5491760720?utm_medium=api&utm_source=f46203c2
5876480654,Digital Marketing Specialist,Moss Adams,Digital Marketing,IT Jobs,Mid-Level,2,Bengaluru,Karnataka,India,"Bangalore, Karnataka",0,unspecified,unspecified,2026-09-09 07:37:52,2026-09-09,2026,9,9,Wednesday,,,,,1,350000.0,3.5,1,,,https://www.adzuna.in/details/5876480654?utm_medium=api&utm_source=f46203c2
5885447136,Digital Marketing Executive,H I R E,Digital Marketing,"PR, Advertising & Marketing Jobs",Mid-Level,2,Hyderabad,Telangana,India,"Hyderabad, Telangana",0,unspecified,unspecified,2026-09-16 07:04:28,2026-09-16,2026,9,16,Wednesday,,,,,1,350000.0,3.5,1,17.40275,78.50806,https://www.adzuna.in/details/5885447136?utm_medium=api&utm_source=f46203c2
2559981079,Digital Marketing Executive,Promotup HR Solutions,Digital Marketing,"PR, Advertising & Marketing Jobs",Mid-Level,2,Ahmedabad,Gujarat,India,"Ahmedabad, Gujarat",0,full_time,unspecified,2021-10-20 06:19:51,2021-10-20,2021,10,20,Wednesday,0.0,200000.0,200000.0,2.0,0,200000.0,2.0,0,23.042,72.59465,https://www.adzuna.in/details/2559981079?utm_medium=api&utm_source=f46203c2
4952895042,Digital Marketing Intern,Budventure Technologies Pvt Ltd,Digital Marketing,"PR, Advertising & Marketing Jobs",Entry / Junior,1,Ahmedabad,Gujarat,India,"Ahmedabad, Gujarat",0,full_time,contract,2024-11-27 13:16:16,2024-11-27,2024,11,27,Wednesday,100000.0,200000.0,150000.0,1.5,0,150000.0,1.5,0,23.042,72.59465,https://www.adzuna.in/details/4952895042?utm_medium=api&utm_source=f46203c2
4686703974,Digital Marketing Analyst,Unknown,Digital Marketing,"PR, Advertising & Marketing Jobs",Mid-Level,2,Pune,Maharashtra,India,"Pune, Maharashtra",0,unspecified,unspecified,2024-05-10 07:38:44,2024-05-10,2024,5,10,Friday,,,,,1,350000.0,3.5,1,18.5062,73.84735,https://www.adzuna.in/details/4686703974?utm_medium=api&utm_source=f46203c2
4514376974,Digital Marketing Manager,Qrata,Digital Marketing,"PR, Advertising & Marketing Jobs",Manager,4,Bengaluru,Karnataka,India,"Bangalore, Karnataka",0,full_time,unspecified,2024-01-07 15:08:20,2024-01-07,2024,1,7,Sunday,0.0,1400000.0,1400000.0,14.0,0,1400000.0,14.0,0,,,https://www.adzuna.in/details/4514376974?utm_medium=api&utm_source=f46203c2
5839541079,Digital Marketing Manager,Hirestar job Bank,Digital Marketing,"PR, Advertising & Marketing Jobs",Manager,4,Kochi,Kerala,India,"Kochi, Ernakulam",0,unspecified,unspecified,2026-08-13 10:54:35,2026-08-13,2026,8,13,Thursday,800000.0,900000.0,850000.0,8.5,0,850000.0,8.5,0,9.98011,76.24637,https://www.adzuna.in/details/5839541079?utm_medium=api&utm_source=f46203c2
1814560601,Digital Marketing Manager,DiTech Process Solutions,Digital Marketing,"PR, Advertising & Marketing Jobs",Manager,4,Mumbai,Maharashtra,India,"Mumbai, Maharashtra",0,full_time,unspecified,2020-11-11 02:57:30,2020-11-11,2020,11,11,Wednesday,0.0,500000.0,500000.0,5.0,0,500000.0,5.0,0,19.00821,72.84415,https://www.adzuna.in/details/1814560601?utm_medium=api&utm_source=f46203c2
5851865076,Digital Marketing Executive,Dealsdray Online,Digital Marketing,"PR, Advertising & Marketing Jobs",Mid-Level,2,Gurugram,Haryana,India,"Gurgaon, Haryana",0,unspecified,unspecified,2026-08-22 07:34:55,2026-08-22,2026,8,22,Saturday,,,,,1,350000.0,3.5,1,28.323996,76.983738,https://www.adzuna.in/details/5851865076?utm_medium=api&utm_source=f46203c2
1193159602,Digital Marketing Guru,Camp K12,Digital Marketing,IT Jobs,Mid-Level,2,Gurugram,Haryana,India,"Gurgaon, Haryana",0,full_time,unspecified,2019-06-28 21:38:56,2019-06-28,2019,6,28,Friday,500000.0,1400000.0,950000.0,9.5,0,950000.0,9.5,0,28.323996,76.983738,https://www.adzuna.in/details/1193159602?utm_medium=api&utm_source=f46203c2
5831405045,Digital Marketing Expert,Integra Global Solutions,Digital Marketing,"PR, Advertising & Marketing Jobs",Senior,3,Coimbatore,Tamil Nadu,India,"Coimbatore, Tamil Nadu",0,unspecified,unspecified,2026-08-07 07:35:14,2026-08-07,2026,8,7,Friday,,,,,1,550000.0,5.5,1,11.017171,77.100203,https://www.adzuna.in/details/5831405045?utm_medium=api&utm_source=f46203c2
5850380160,Digital Marketing Manager,Silent Infotech,Digital Marketing,"PR, Advertising & Marketing Jobs",Manager,4,Ahmedabad,Gujarat,India,"Ahmedabad, Gujarat",0,unspecified,unspecified,2026-08-21 07:40:03,2026-08-21,2026,8,21,Friday,,,,,1,775000.0,7.75,1,23.042,72.59465,https://www.adzuna.in/details/5850380160?utm_medium=api&utm_source=f46203c2
2126904821,Digital Marketing Manager,Multi Recruit,Digital Marketing,"PR, Advertising & Marketing Jobs",Manager,4,Mumbai,Maharashtra,India,"Mumbai, Maharashtra",0,full_time,unspecified,2021-04-19 12:32:58,2021-04-19,2021,4,19,Monday,600000.0,1500000.0,1050000.0,10.5,0,1050000.0,10.5,0,19.00821,72.84415,https://www.adzuna.in/details/2126904821?utm_medium=api&utm_source=f46203c2
5544905723,Digital Marketing Manager,HTIC Global,Digital Marketing,"PR, Advertising & Marketing Jobs",Manager,4,Kochi,Kerala,India,"Kochi, Ernakulam",0,full_time,unspecified,2025-12-17 02:53:41,2025-12-17,2025,12,17,Wednesday,,,,,1,775000.0,7.75,1,9.98011,76.24637,https://www.adzuna.in/details/5544905723?utm_medium=api&utm_source=f46203c2
5220974840,Digital Marketing executive,Urban Standz,Digital Marketing,"PR, Advertising & Marketing Jobs",Mid-Level,2,Bengaluru,Karnataka,India,"Bangalore, Karnataka",0,full_time,unspecified,2025-05-29 06:54:53,2025-05-29,2025,5,29,Thursday,100000.0,300000.0,200000.0,2.0,0,200000.0,2.0,0,,,https://www.adzuna.in/details/5220974840?utm_medium=api&utm_source=f46203c2
3549925698,Digital Marketing Executive,Brand and Beyond,Digital Marketing,"PR, Advertising & Marketing Jobs",Mid-Level,2,Mumbai,Maharashtra,India,"Mumbai, Maharashtra",0,full_time,unspecified,2022-10-03 07:04:11,2022-10-03,2022,10,3,Monday,200000.0,300000.0,250000.0,2.5,0,250000.0,2.5,0,19.00821,72.84415,https://www.adzuna.in/details/3549925698?utm_medium=api&utm_source=f46203c2
5889554240,Digital Marketing Specialist,Designial,Digital Marketing,"PR, Advertising & Marketing Jobs",Mid-Level,2,Pune,Maharashtra,India,"Pune, Maharashtra",0,full_time,permanent,2026-09-18 21:49:32,2026-09-18,2026,9,18,Friday,100000.0,600000.0,350000.0,3.5,0,350000.0,3.5,0,,,https://www.adzuna.in/details/5889554240?utm_medium=api&utm_source=f46203c2
5607604794,Digital Marketing Intern,Gururo,Digital Marketing,"PR, Advertising & Marketing Jobs",Entry / Junior,1,Vadodara,Gujarat,India,"Vadodara, Gujarat",0,full_time,contract,2026-02-01 00:57:56,2026-02-01,2026,2,1,Sunday,,,,,1,150000.0,1.5,1,22.2891,73.1924,https://www.adzuna.in/details/5607604794?utm_medium=api&utm_source=f46203c2
5728328568,Digital Marketing Executive,RECEX,Digital Marketing,Creative & Design Jobs,Mid-Level,2,Raipur,Chhattisgarh,India,"Raipur, Chhattisgarh",0,full_time,unspecified,2026-05-14 02:17:19,2026-05-14,2026,5,14,Thursday,3600000.0,4800000.0,4200000.0,42.0,0,4200000.0,42.0,0,21.03681,82.2359,https://www.adzuna.in/details/5728328568?utm_medium=api&utm_source=f46203c2
5616903500,Digital Marketing Executive,Xelentor Technologies,Digital Marketing,"PR, Advertising & Marketing Jobs",Mid-Level,2,Ahmedabad,Gujarat,India,"Ahmedabad, Gujarat",0,full_time,unspecified,2026-02-06 11:06:57,2026-02-06,2026,2,6,Friday,300000.0,400000.0,350000.0,3.5,0,350000.0,3.5,0,23.042,72.59465,https://www.adzuna.in/details/5616903500?utm_medium=api&utm_source=f46203c2
5499858349,Digital Marketing Executive,Sportiqo FItness,Digital Marketing,"PR, Advertising & Marketing Jobs",Mid-Level,2,Kolkata,West Bengal,India,"Kolkata, West Bengal",0,full_time,unspecified,2025-11-17 06:34:33,2025-11-17,2025,11,17,Monday,200000.0,250000.0,225000.0,2.25,0,225000.0,2.25,0,22.57285,88.34373,https://www.adzuna.in/details/5499858349?utm_medium=api&utm_source=f46203c2
4237820310,Digital Marketing Associate,Saviom Software,Digital Marketing,"PR, Advertising & Marketing Jobs",Entry / Junior,1,Unspecified / Pan-India,Unspecified,India,India,0,full_time,unspecified,2023-08-02 14:38:51,2023-08-02,2023,8,2,Wednesday,300000.0,600000.0,450000.0,4.5,0,450000.0,4.5,0,,,https://www.adzuna.in/details/4237820310?utm_medium=api&utm_source=f46203c2
5404406482,Digital Marketing Specialist,Pivelabs pvt ltd,Digital Marketing,"PR, Advertising & Marketing Jobs",Mid-Level,2,Unspecified / Pan-India,Unspecified,India,India,0,full_time,contract,2025-09-18 09:11:35,2025-09-18,2025,9,18,Thursday,300000.0,400000.0,350000.0,3.5,0,350000.0,3.5,0,,,https://www.adzuna.in/details/5404406482?utm_medium=api&utm_source=f46203c2
4686707397,Digital Marketing Executive,Unknown,Digital Marketing,IT Jobs,Mid-Level,2,Bengaluru,Karnataka,India,"Bangalore, Karnataka",0,unspecified,unspecified,2024-05-10 07:39:09,2024-05-10,2024,5,10,Friday,,,,,1,350000.0,3.5,1,12.95703,77.59837,https://www.adzuna.in/details/4686707397?utm_medium=api&utm_source=f46203c2
4686707241,Digital Marketing Manager,Unknown,Digital Marketing,"PR, Advertising & Marketing Jobs",Manager,4,Delhi NCR,Delhi,India,"Delhi, India",0,unspecified,unspecified,2024-05-10 07:39:07,2024-05-10,2024,5,10,Friday,,,,,1,775000.0,7.75,1,28.62523,77.224601,https://www.adzuna.in/details/4686707241?utm_medium=api&utm_source=f46203c2
5861792748,Digital Marketing Manager,People tech,Digital Marketing,"PR, Advertising & Marketing Jobs",Manager,4,Hyderabad,Telangana,India,"Hyderabad, Telangana",0,unspecified,unspecified,2026-08-30 07:39:03,2026-08-30,2026,8,30,Sunday,,,,,1,775000.0,7.75,1,17.40275,78.50806,https://www.adzuna.in/details/5861792748?utm_medium=api&utm_source=f46203c2
5618649178,Digital Marketing Professional,Hunarstreet Technologies Pvt Ltd,Digital Marketing,"PR, Advertising & Marketing Jobs",Mid-Level,2,Vadodara,Gujarat,India,"Vadodara, Gujarat",0,full_time,unspecified,2026-02-07 11:42:06,2026-02-07,2026,2,7,Saturday,1000000.0,1500000.0,1250000.0,12.5,0,1250000.0,12.5,0,22.2891,73.1924,https://www.adzuna.in/details/5618649178?utm_medium=api&utm_source=f46203c2
4686705872,Digital Marketing Executive,Unknown,Digital Marketing,"PR, Advertising & Marketing Jobs",Mid-Level,2,Bengaluru,Karnataka,India,"Bangalore, Karnataka",0,unspecified,unspecified,2024-05-10 07:38:57,2024-05-10,2024,5,10,Friday,,,,,1,350000.0,3.5,1,12.95703,77.59837,https://www.adzuna.in/details/4686705872?utm_medium=api&utm_source=f46203c2
5859123263,Digital Marketing role,Nirmal Industrial Controls,Digital Marketing,"PR, Advertising & Marketing Jobs",Mid-Level,2,Navi Mumbai,Maharashtra,India,"Navi Mumbai, Maharashtra",0,unspecified,unspecified,2026-08-28 07:37:48,2026-08-28,2026,8,28,Friday,,,,,1,350000.0,3.5,1,19.02,73.02,https://www.adzuna.in/details/5859123263?utm_medium=api&utm_source=f46203c2
2109435936,Digital Marketing Manager,Spiceblue online private services,Digital Marketing,"PR, Advertising & Marketing Jobs",Manager,4,Chennai,Tamil Nadu,India,"Chennai, Tamil Nadu",0,full_time,unspecified,2021-04-10 05:17:27,2021-04-10,2021,4,10,Saturday,0.0,1400000.0,1400000.0,14.0,0,1400000.0,14.0,0,13.06041,80.24963,https://www.adzuna.in/details/2109435936?utm_medium=api&utm_source=f46203c2
2126904996,Digital Marketing Executive,Multi Recruit,Digital Marketing,"PR, Advertising & Marketing Jobs",Mid-Level,2,Bengaluru,Karnataka,India,"Bangalore, Karnataka",0,full_time,unspecified,2021-04-19 12:33:14,2021-04-19,2021,4,19,Monday,0.0,500000.0,500000.0,5.0,0,500000.0,5.0,0,,,https://www.adzuna.in/details/2126904996?utm_medium=api&utm_source=f46203c2
5122987566,Digital Marketing Specialist,TIGI HR Solution Pvt. Ltd.,Digital Marketing,"PR, Advertising & Marketing Jobs",Mid-Level,2,Surat,Gujarat,India,"Surat, Gujarat",0,full_time,unspecified,2025-04-02 04:37:41,2025-04-02,2025,4,2,Wednesday,1000000.0,1200000.0,1100000.0,11.0,0,1100000.0,11.0,0,21.18955,72.8318,https://www.adzuna.in/details/5122987566?utm_medium=api&utm_source=f46203c2
1723488389,Digital Marketing Specialist,Shadenine,Digital Marketing,"PR, Advertising & Marketing Jobs",Mid-Level,2,Bengaluru,Karnataka,India,"Bangalore, Karnataka",0,full_time,unspecified,2020-09-25 02:39:48,2020-09-25,2020,9,25,Friday,0.0,400000.0,400000.0,4.0,0,400000.0,4.0,0,,,https://www.adzuna.in/details/1723488389?utm_medium=api&utm_source=f46203c2
3323537273,Head of Digital Marketing,Dukaan,Digital Marketing,"PR, Advertising & Marketing Jobs",Executive / Director,6,Bengaluru,Karnataka,India,"Bangalore, Karnataka",0,full_time,unspecified,2022-07-16 06:30:04,2022-07-16,2022,7,16,Saturday,2000000.0,4000000.0,3000000.0,30.0,0,3000000.0,30.0,0,,,https://www.adzuna.in/details/3323537273?utm_medium=api&utm_source=f46203c2
5777469055,Digital Marketing Manager,Enbraun Technologies,Digital Marketing,"PR, Advertising & Marketing Jobs",Manager,4,Jaipur,Rajasthan,India,"Jaipur, Rajasthan",0,full_time,unspecified,2026-06-26 14:51:33,2026-06-26,2026,6,26,Friday,600000.0,1200000.0,900000.0,9.0,0,900000.0,9.0,0,26.7441,75.9469,https://www.adzuna.in/details/5777469055?utm_medium=api&utm_source=f46203c2
4288685297,Digital Marketing Executive,Pinnacle Seven Technologies,Digital Marketing,"PR, Advertising & Marketing Jobs",Mid-Level,2,Coimbatore,Tamil Nadu,India,"Coimbatore, Tamil Nadu",0,full_time,unspecified,2023-09-01 14:42:50,2023-09-01,2023,9,1,Friday,300000.0,400000.0,350000.0,3.5,0,350000.0,3.5,0,11.017171,77.100203,https://www.adzuna.in/details/4288685297?utm_medium=api&utm_source=f46203c2
5743761803,Digital Marketing Executive,Mantras2Success,Digital Marketing,"PR, Advertising & Marketing Jobs",Mid-Level,2,Ahmedabad,Gujarat,India,"Ahmedabad, Gujarat",0,full_time,unspecified,2026-05-29 02:05:20,2026-05-29,2026,5,29,Friday,400000.0,500000.0,450000.0,4.5,0,450000.0,4.5,0,23.042,72.59465,https://www.adzuna.in/details/5743761803?utm_medium=api&utm_source=f46203c2
3655637977,Digital Marketing Intern,TIKAJ,Digital Marketing,"PR, Advertising & Marketing Jobs",Entry / Junior,1,Unspecified / Pan-India,Unspecified,India,India,0,full_time,contract,2022-11-04 05:53:25,2022-11-04,2022,11,4,Friday,120000.0,9600000.0,4860000.0,48.6,0,4860000.0,48.6,0,,,https://www.adzuna.in/details/3655637977?utm_medium=api&utm_source=f46203c2
2933962269,Digital Marketing Head,Unnati,Digital Marketing,"PR, Advertising & Marketing Jobs",Mid-Level,2,Delhi NCR,Delhi,India,"Delhi, India",0,full_time,unspecified,2022-03-01 04:53:58,2022-03-01,2022,3,1,Tuesday,900000.0,2500000.0,1700000.0,17.0,0,1700000.0,17.0,0,28.62523,77.224601,https://www.adzuna.in/details/2933962269?utm_medium=api&utm_source=f46203c2
3262154137,Digital Marketing Executive,INSTABIDS INDIA Pvt Ltd,Digital Marketing,"PR, Advertising & Marketing Jobs",Mid-Level,2,Chennai,Tamil Nadu,India,"Chennai, Tamil Nadu",0,full_time,unspecified,2022-06-26 06:20:44,2022-06-26,2022,6,26,Sunday,100000.0,300000.0,200000.0,2.0,0,200000.0,2.0,0,13.06041,80.24963,https://www.adzuna.in/details/3262154137?utm_medium=api&utm_source=f46203c2
3793257011,Digital Marketing Lead,GC Media Pvt Ltd,Digital Marketing,"PR, Advertising & Marketing Jobs",Lead / Architect,5,Noida,Uttar Pradesh,India,"Noida, Ghaziabad",0,full_time,unspecified,2022-12-22 06:18:16,2022-12-22,2022,12,22,Thursday,500000.0,700000.0,600000.0,6.0,0,600000.0,6.0,0,28.56579,77.3225,https://www.adzuna.in/details/3793257011?utm_medium=api&utm_source=f46203c2
5871279431,Digital Marketing Executive,People Group,Digital Marketing,"PR, Advertising & Marketing Jobs",Mid-Level,2,Panaji,Goa,India,"Panaji, North Goa",0,unspecified,unspecified,2026-09-05 07:38:52,2026-09-05,2026,9,5,Saturday,,,,,1,350000.0,3.5,1,,,https://www.adzuna.in/details/5871279431?utm_medium=api&utm_source=f46203c2
5718442072,Digital Marketing Executive,Unknown,Digital Marketing,IT Jobs,Mid-Level,2,Bengaluru,Karnataka,India,"Bangalore, Karnataka",0,unspecified,unspecified,2026-05-04 12:22:25,2026-05-04,2026,5,4,Monday,,,,,1,350000.0,3.5,1,12.95703,77.59837,https://www.adzuna.in/details/5718442072?utm_medium=api&utm_source=f46203c2
4686700616,Digital Marketing Executive,Unknown,Digital Marketing,"PR, Advertising & Marketing Jobs",Mid-Level,2,Rajkot,Gujarat,India,"Rajkot, Gujarat",0,unspecified,unspecified,2024-05-10 07:38:20,2024-05-10,2024,5,10,Friday,,,,,1,350000.0,3.5,1,22.2965,70.77785,https://www.adzuna.in/details/4686700616?utm_medium=api&utm_source=f46203c2
4686704501,Digital Marketing Executive,Unknown,Digital Marketing,"PR, Advertising & Marketing Jobs",Mid-Level,2,Unspecified / Pan-India,Karnataka,India,"Karnataka, India",0,unspecified,unspecified,2024-05-10 07:38:48,2024-05-10,2024,5,10,Friday,,,,,1,350000.0,3.5,1,14.325172,76.227524,https://www.adzuna.in/details/4686704501?utm_medium=api&utm_source=f46203c2
5728263874,Digital Marketing Specialist,Highrise Solutions LLP,Digital Marketing,Creative & Design Jobs,Mid-Level,2,Pune,Maharashtra,India,"Pune, Maharashtra",0,full_time,unspecified,2026-05-14 02:04:11,2026-05-14,2026,5,14,Thursday,,,,,1,350000.0,3.5,1,18.5062,73.84735,https://www.adzuna.in/details/5728263874?utm_medium=api&utm_source=f46203c2
5851865325,Digital Marketing Specialist,MyClassboard Educational Solutions Private Limited,Digital Marketing,"PR, Advertising & Marketing Jobs",Mid-Level,2,Hyderabad,Telangana,India,"Hyderabad, Telangana",0,unspecified,unspecified,2026-08-22 07:34:59,2026-08-22,2026,8,22,Saturday,,,,,1,350000.0,3.5,1,17.40275,78.50806,https://www.adzuna.in/details/5851865325?utm_medium=api&utm_source=f46203c2
5727200865,Digital Marketing Specialist,Mantras2Success,Digital Marketing,Creative & Design Jobs,Mid-Level,2,Mumbai,Maharashtra,India,"Mumbai, Maharashtra",0,full_time,unspecified,2026-05-13 02:09:59,2026-05-13,2026,5,13,Wednesday,600000.0,600000.0,600000.0,6.0,0,600000.0,6.0,0,19.00821,72.84415,https://www.adzuna.in/details/5727200865?utm_medium=api&utm_source=f46203c2
5831404571,Digital Marketing Evangelist,Budli In,Digital Marketing,"PR, Advertising & Marketing Jobs",Mid-Level,2,Bengaluru,Karnataka,India,"Bangalore, Karnataka",1,unspecified,unspecified,2026-08-07 07:34:56,2026-08-07,2026,8,7,Friday,,,,,1,350000.0,3.5,1,,,https://www.adzuna.in/details/5831404571?utm_medium=api&utm_source=f46203c2
5737919311,Digital Marketing Position,Ascon Realty,Digital Marketing,"PR, Advertising & Marketing Jobs",Mid-Level,2,Surat,Gujarat,India,"Surat, Gujarat",0,full_time,unspecified,2026-05-23 02:05:00,2026-05-23,2026,5,23,Saturday,360000.0,600000.0,480000.0,4.8,0,480000.0,4.8,0,21.18955,72.8318,https://www.adzuna.in/details/5737919311?utm_medium=api&utm_source=f46203c2
5728383690,Digital Marketing Specialist,Highrise Solutions LLP,Digital Marketing,"PR, Advertising & Marketing Jobs",Mid-Level,2,Pune,Maharashtra,India,"Pune, Maharashtra",0,full_time,unspecified,2026-05-14 02:22:50,2026-05-14,2026,5,14,Thursday,,,,,1,350000.0,3.5,1,18.5062,73.84735,https://www.adzuna.in/details/5728383690?utm_medium=api&utm_source=f46203c2
4801524033,Digital Marketing Executive,Vplak India,Digital Marketing,"PR, Advertising & Marketing Jobs",Mid-Level,2,Unspecified / Pan-India,Unspecified,India,India,0,full_time,unspecified,2024-07-31 03:12:50,2024-07-31,2024,7,31,Wednesday,,,,,1,350000.0,3.5,1,,,https://www.adzuna.in/details/4801524033?utm_medium=api&utm_source=f46203c2
4336895832,Digital Marketing - SEO,B3 NET Technologies Private Limited,Digital Marketing,IT Jobs,Mid-Level,2,Unspecified / Pan-India,Unspecified,India,India,0,full_time,unspecified,2023-09-28 13:17:18,2023-09-28,2023,9,28,Thursday,100000.0,300000.0,200000.0,2.0,0,200000.0,2.0,0,,,https://www.adzuna.in/details/4336895832?utm_medium=api&utm_source=f46203c2
3491573797,Digital Marketing Executive,ecosmob,Digital Marketing,"PR, Advertising & Marketing Jobs",Mid-Level,2,Ahmedabad,Gujarat,India,"Ahmedabad, Gujarat",0,full_time,unspecified,2022-09-16 06:52:36,2022-09-16,2022,9,16,Friday,200000.0,360000.0,280000.0,2.8,0,280000.0,2.8,0,23.042,72.59465,https://www.adzuna.in/details/3491573797?utm_medium=api&utm_source=f46203c2
5879146447,Digital Marketing Trainer,Finprov Business Services,Digital Marketing,"PR, Advertising & Marketing Jobs",Mid-Level,2,Kozhikode,Kerala,India,"Kozhikode, Kerala",0,unspecified,unspecified,2026-09-11 07:40:52,2026-09-11,2026,9,11,Friday,,,,,1,350000.0,3.5,1,11.16223,75.81366,https://www.adzuna.in/details/5879146447?utm_medium=api&utm_source=f46203c2
5880855408,Digital Marketing Specialist,Indexai Finance,Digital Marketing,"PR, Advertising & Marketing Jobs",Mid-Level,2,Delhi NCR,Delhi,India,"Delhi, India",0,unspecified,unspecified,2026-09-12 16:13:44,2026-09-12,2026,9,12,Saturday,,,,,1,350000.0,3.5,1,28.62523,77.224601,https://www.adzuna.in/details/5880855408?utm_medium=api&utm_source=f46203c2
5900709958,Digital Marketing Manager,Jobgether,Digital Marketing,"PR, Advertising & Marketing Jobs",Manager,4,Unspecified / Pan-India,Unspecified,India,India,0,full_time,unspecified,2026-09-27 21:04:12,2026-09-27,2026,9,27,Sunday,,,,,1,775000.0,7.75,1,,,https://www.adzuna.in/details/5900709958?utm_medium=api&utm_source=f46203c2
5777469051,Digital Marketing Manager,Hiraya Digital,Digital Marketing,"PR, Advertising & Marketing Jobs",Manager,4,Unspecified / Pan-India,Unspecified,India,India,0,full_time,unspecified,2026-06-26 14:51:33,2026-06-26,2026,6,26,Friday,100000.0,600000.0,350000.0,3.5,0,350000.0,3.5,0,,,https://www.adzuna.in/details/5777469051?utm_medium=api&utm_source=f46203c2
5885447150,Digital Marketing Expert,Vashisthya Research and Education Foundation,Digital Marketing,"PR, Advertising & Marketing Jobs",Senior,3,Raipur,Chhattisgarh,India,"Raipur, Chhattisgarh",0,unspecified,unspecified,2026-09-16 07:04:28,2026-09-16,2026,9,16,Wednesday,,,,,1,550000.0,5.5,1,21.03681,82.2359,https://www.adzuna.in/details/5885447150?utm_medium=api&utm_source=f46203c2
5447911634,Digital Marketing Executive,IdeaLaunch Tech Solution,Digital Marketing,"PR, Advertising & Marketing Jobs",Mid-Level,2,Madurai,Tamil Nadu,India,"Madurai, Tamil Nadu",0,full_time,unspecified,2025-10-15 09:24:43,2025-10-15,2025,10,15,Wednesday,150000.0,300000.0,225000.0,2.25,0,225000.0,2.25,0,9.91051,78.1158,https://www.adzuna.in/details/5447911634?utm_medium=api&utm_source=f46203c2
4932259566,Digital Marketing Specialist,AMBIQ Health Services Private Limited,Digital Marketing,"PR, Advertising & Marketing Jobs",Mid-Level,2,Kolkata,West Bengal,India,"Kolkata, West Bengal",0,full_time,unspecified,2024-11-09 11:37:53,2024-11-09,2024,11,9,Saturday,200000.0,300000.0,250000.0,2.5,0,250000.0,2.5,0,22.57285,88.34373,https://www.adzuna.in/details/4932259566?utm_medium=api&utm_source=f46203c2
5857268114,Digital Marketing Executive,Happiest Resume,Digital Marketing,IT Jobs,Mid-Level,2,Bengaluru,Karnataka,India,"Bangalore, Karnataka",0,full_time,unspecified,2026-08-27 03:15:28,2026-08-27,2026,8,27,Thursday,200000.0,300000.0,250000.0,2.5,0,250000.0,2.5,0,,,https://www.adzuna.in/details/5857268114?utm_medium=api&utm_source=f46203c2
5768619668,Digital Marketing Intern,Wishtree Technologies,Digital Marketing,"PR, Advertising & Marketing Jobs",Entry / Junior,1,Ahmedabad,Gujarat,India,"Ahmedabad, Gujarat",0,unspecified,contract,2026-06-19 02:44:52,2026-06-19,2026,6,19,Friday,,,,,1,150000.0,1.5,1,23.042,72.59465,https://www.adzuna.in/details/5768619668?utm_medium=api&utm_source=f46203c2
5422954027,Digital Marketing Intern,AXS Solutions and Consulting Pvt.Ltd.,Digital Marketing,"PR, Advertising & Marketing Jobs",Entry / Junior,1,Mumbai,Maharashtra,India,"Mumbai, Maharashtra",0,full_time,contract,2025-10-01 06:55:36,2025-10-01,2025,10,1,Wednesday,100000.0,150000.0,125000.0,1.25,0,125000.0,1.25,0,19.00821,72.84415,https://www.adzuna.in/details/5422954027?utm_medium=api&utm_source=f46203c2
