role,adzuna_id,employer,title,reason,kept_id,query_variant
Data Analyst,5899843917,JPMorganChase,"Data Analyst - Tableau, Power BI - Associate",exact_id_duplicate,5899843917,bi analyst
Data Analyst,5887958374,Hitachi,Power BI Specialist/Data analyst,exact_id_duplicate,5887958374,bi analyst
Data Analyst,5887521034,Unison Group,"Senior Data Analyst - SQL, BI Reporting & SAP BW",exact_id_duplicate,5887521034,bi analyst
Data Analyst,5887521051,Unison Group,"Senior Data Analyst - SQL, BI Reporting & SAP BW",exact_id_duplicate,5887521051,bi analyst
Data Analyst,5860533633,Binary Semantics Limited,Binary Semantics - Senior Data Analyst - Tableau/Power BI,exact_id_duplicate,5860533633,bi analyst
Data Analyst,5860533594,Binary Semantics Limited,Binary Semantics - Senior Data Analyst - Tableau/Power BI,exact_id_duplicate,5860533594,bi analyst
Data Analyst,5832798139,Milestone Online Technology,Data Analyst/BI Developer,exact_id_duplicate,5832798139,bi analyst
Data Analyst,5796078089,Kidde-Fenwal,Power BI Developer / Data Analyst,exact_id_duplicate,5796078089,bi analyst
Data Analyst,5902729265,FairMoney,BI - Business Intelligence Analyst,exact_id_duplicate,5902729265,business intelligence analyst
Data Analyst,5901777130,FairMoney,BI - Business Intelligence Analyst,exact_id_duplicate,5901777130,business intelligence analyst
Data Analyst,5890494495,Aanet Talent Global Solutions,Business Intelligence and Data Analyst,exact_id_duplicate,5890494495,business intelligence analyst
Data Analyst,5840391122,Amex,Business Intelligence Analyst (Hotel Revenue Data),exact_id_duplicate,5840391122,business intelligence analyst
Data Analyst,5832078489,Trelleborg Group,Business Intelligence and Data Analyst,exact_id_duplicate,5832078489,business intelligence analyst
Data Analyst,5899868943,Brillio,Lead Data Analyst (US Regulatory Reporting) - R01571259,exact_id_duplicate,5899868943,reporting analyst
Data Analyst,5899536745,Kraken,"Data Analyst, Regulatory Analytics and Reporting",exact_id_duplicate,5899536745,reporting analyst
Data Analyst,5887521034,Unison Group,"Senior Data Analyst - SQL, BI Reporting & SAP BW",exact_id_duplicate,5887521034,reporting analyst
Data Analyst,5887521051,Unison Group,"Senior Data Analyst - SQL, BI Reporting & SAP BW",exact_id_duplicate,5887521051,reporting analyst
Data Analyst,5852577088,Capco,Liquidity Reporting- data analyst,exact_id_duplicate,5852577088,reporting analyst
Data Analyst,5851860943,Franklin Templeton,Reporting and Data Analyst,exact_id_duplicate,5851860943,reporting analyst
Data Analyst,5898167951,Stripe,"Financial Data Analyst Intern, Technical Operations",exact_id_duplicate,5898167951,financial analyst
Data Analyst,5894807447,Hirestar job Bank,Group Finance Business Intelligence Analyst,exact_id_duplicate,5894807447,financial analyst
Data Analyst,5879541006,Coinhako,Data Analyst Intern (Finance) - January to May 2027,exact_id_duplicate,5879541006,financial analyst
Data Analyst,5876944778,WhiteBIT,Middle Financial BI Analyst,exact_id_duplicate,5876944778,financial analyst
Data Analyst,5874261915,Handshake,"Data Analyst, Finance and Payments",exact_id_duplicate,5874261915,financial analyst
Data Analyst,5869224495,Ares Operations,"Associate, Finance Technology Data Analyst",exact_id_duplicate,5869224495,financial analyst
Data Analyst,5844301375,SimCorp,Financial Data Analyst (Reference Data/Financial Instruments),exact_id_duplicate,5844301375,financial analyst
Data Analyst,5898167951,Stripe,"Financial Data Analyst Intern, Technical Operations",exact_id_duplicate,5898167951,finance analyst
Data Analyst,5894807447,Hirestar job Bank,Group Finance Business Intelligence Analyst,exact_id_duplicate,5894807447,finance analyst
Data Analyst,5879541006,Coinhako,Data Analyst Intern (Finance) - January to May 2027,exact_id_duplicate,5879541006,finance analyst
Data Analyst,5876944778,WhiteBIT,Middle Financial BI Analyst,exact_id_duplicate,5876944778,finance analyst
Data Analyst,5874261915,Handshake,"Data Analyst, Finance and Payments",exact_id_duplicate,5874261915,finance analyst
Data Analyst,5869224495,Ares Operations,"Associate, Finance Technology Data Analyst",exact_id_duplicate,5869224495,finance analyst
Data Analyst,5844301375,SimCorp,Financial Data Analyst (Reference Data/Financial Instruments),exact_id_duplicate,5844301375,finance analyst
Data Analyst,5891897081,Genpact,Data Analyst 5B,near_duplicate(title+company+desc_prefix),5892976847,data analyst
Data Analyst,5891404249,GE Vernova,Data Analyst,near_duplicate(title+company+desc_prefix),5891876431,data analyst
Data Analyst,5890793026,Nike,"Lead Cyber Defense Data Analyst, ITC",near_duplicate(title+company+desc_prefix),5891404710,data analyst
Data Analyst,5887521051,Unison Group,"Senior Data Analyst - SQL, BI Reporting & SAP BW",near_duplicate(title+company+desc_prefix),5887521034,data analyst
Data Analyst,5881161261,The Hartford,IND Senior Business Data Analyst,near_duplicate(title+company+desc_prefix),5883279308,data analyst
Data Analyst,5876718084,Cornerstone onDemand,Data Analyst,near_duplicate(title+company+desc_prefix),5876718085,data analyst
Data Analyst,5875288726,Epsilon,Senior Data Analyst Data Analytics,near_duplicate(title+company+desc_prefix),5876949177,data analyst
Data Analyst,5875235773,Unison Group,"Senior Data Analyst - SAP BW/ECC, Databricks & BI",near_duplicate(title+company+desc_prefix),5876949340,data analyst
Data Analyst,5872786182,Kyndryl,Data Analyst / Engineer,near_duplicate(title+company+desc_prefix),5872786172,data analyst
Data Analyst,5870122609,S&P Global,Lead Data Analyst - Data Operations,near_duplicate(title+company+desc_prefix),5870122610,data analyst
Data Analyst,5859122647,Robosoft Technologies,Data Analyst,near_duplicate(title+company+desc_prefix),5859122688,data analyst
Data Analyst,5859122632,Robosoft Technologies,Lead Data Analyst,near_duplicate(title+company+desc_prefix),5859122691,data analyst
Data Analyst,5859122596,Robosoft Technologies,Senior Data Analyst,near_duplicate(title+company+desc_prefix),5859122633,data analyst
Data Analyst,5859122606,Robosoft Technologies,Senior Data Analyst,near_duplicate(title+company+desc_prefix),5859122619,data analyst
Data Analyst,5859120210,GSPANN,Senior Data Analyst,near_duplicate(title+company+desc_prefix),5859120231,data analyst
Data Analyst,5859120187,GSPANN,Senior Data Analyst,near_duplicate(title+company+desc_prefix),5859120231,data analyst
Data Analyst,5856447374,Kyndryl,Data Analyst / Engineer,near_duplicate(title+company+desc_prefix),5856447389,data analyst
Data Analyst,5855478601,Kyndryl,Data Analyst / Engineer,near_duplicate(title+company+desc_prefix),5873196845,data analyst
Data Analyst,5843994207,RELX INC,Senior Data Analyst I,near_duplicate(title+company+desc_prefix),5843994203,data analyst
Data Analyst,5841930714,Guidehouse,Assistant Manager - Data Analyst,near_duplicate(title+company+desc_prefix),5895353519,data analyst
Data Analyst,5838750293,Happiest Resume,Junior Data Analyst,near_duplicate(title+company+desc_prefix),5838750295,data analyst
Data Analyst,5832798180,Milestone Online Technology,Data Analyst,near_duplicate(title+company+desc_prefix),5832798187,data analyst
Data Analyst,5832798167,Milestone Online Technology,Data Analyst,near_duplicate(title+company+desc_prefix),5832798187,data analyst
Data Analyst,5832798181,Milestone Online Technology,Data Analyst,near_duplicate(title+company+desc_prefix),5832798187,data analyst
Data Analyst,5832798159,Milestone Online Technology,Data Analyst,near_duplicate(title+company+desc_prefix),5832798187,data analyst
Data Analyst,5832798158,Milestone Online Technology,Data Analyst,near_duplicate(title+company+desc_prefix),5832798187,data analyst
Data Analyst,5832798136,Milestone Online Technology,Operational Data Analyst,near_duplicate(title+company+desc_prefix),5832798151,data analyst
Data Analyst,5832798138,Milestone Online Technology,Operational Data Analyst,near_duplicate(title+company+desc_prefix),5832798151,data analyst
Data Analyst,5828882971,Happiest Resume,Data Analyst / Data Operator / MIS Executive,near_duplicate(title+company+desc_prefix),5828883550,data analyst
Data Analyst,5796209691,EXL,Business Data Analyst,near_duplicate(title+company+desc_prefix),5867249928,data analyst
Data Analyst,5901777130,FairMoney,BI - Business Intelligence Analyst,near_duplicate(title+company+desc_prefix),5902729265,bi analyst
Data Analyst,5877386679,Workplace Options,Business Intelligence Analyst,near_duplicate(title+company+desc_prefix),5889535164,business intelligence analyst
Data Analyst,5825361230,Applied Materials,Business Intelligence Analyst,near_duplicate(title+company+desc_prefix),5826674517,business intelligence analyst
Data Analyst,5785803419,Eastman,Business Intelligence Analyst II,near_duplicate(title+company+desc_prefix),5877582847,business intelligence analyst
Security Engineer,5900808819,CGI,Senior Cloud Security Engineer,near_duplicate(title+company+desc_prefix),5901693413,security engineer
Security Engineer,5900529881,Vultr,"Security Engineer, GIOC",near_duplicate(title+company+desc_prefix),5900738722,security engineer
Security Engineer,5900357030,UnitedHealth Group,Senior Manager Info Security Engineer - Cryptography & Certification Management,near_duplicate(title+company+desc_prefix),5900357037,security engineer
Security Engineer,5898501787,Rubrik,Security Engineer - Identity and Access,near_duplicate(title+company+desc_prefix),5899328575,security engineer
Security Engineer,5895371846,Palo Alto Networks,Senior Staff Cloud Security Engineer,near_duplicate(title+company+desc_prefix),5896367712,security engineer
Security Engineer,5893733499,DeepSource Technologies,"Senior Network Security Engineer - Jeddah, KSA",near_duplicate(title+company+desc_prefix),5895065964,security engineer
Security Engineer,5891893266,Vultr,"Senior Security Engineer,GIOC",near_duplicate(title+company+desc_prefix),5892690201,security engineer
Security Engineer,5889219959,LTM,Network Security Engineer,near_duplicate(title+company+desc_prefix),5890074008,security engineer
Security Engineer,5879142440,Toast,Senior Product Security Engineer,near_duplicate(title+company+desc_prefix),5879142456,security engineer
Security Engineer,5873184745,Gruve,Senior Infrastructure Security Engineer-L3 (Palo Alto & NGFW),near_duplicate(title+company+desc_prefix),5898178921,security engineer
Security Engineer,5868418721,The Hartford,Security Engineer I - Palo Alto Technologies,near_duplicate(title+company+desc_prefix),5889517097,security engineer
Security Engineer,5868418722,The Hartford,Senior Security Engineer - Palo Alto Technologies,near_duplicate(title+company+desc_prefix),5869159662,security engineer
Security Engineer,5868418717,The Hartford,Security Engineer - Directory Services,near_duplicate(title+company+desc_prefix),5869219147,security engineer
Security Engineer,5864353195,Weekday AI,DevSecOps & Product Security Engineer,near_duplicate(title+company+desc_prefix),5893913383,security engineer
Security Engineer,5861793827,Happiest Minds Technologies,Application Security Engineer,near_duplicate(title+company+desc_prefix),5861793841,security engineer
Security Engineer,5861793826,Happiest Minds Technologies,Security Engineer,near_duplicate(title+company+desc_prefix),5861793822,security engineer
Security Engineer,5860543840,Microstrategy,Application Security Engineer,near_duplicate(title+company+desc_prefix),5860543797,security engineer
Security Engineer,5838444736,GE HealthCare,Staff Product Security Engineer,near_duplicate(title+company+desc_prefix),5839586526,security engineer
Security Engineer,5833589790,Tekion,Senior Security Engineer,near_duplicate(title+company+desc_prefix),5834763829,security engineer
Security Engineer,5833580419,Tekion,Senior Security Engineer,near_duplicate(title+company+desc_prefix),5834763829,security engineer
Security Engineer,5831398844,Barry Wehmiller,Network Security Engineer,near_duplicate(title+company+desc_prefix),5831398845,security engineer
Security Engineer,5828762124,Autodesk,Principal Network Security Engineer,near_duplicate(title+company+desc_prefix),5829183267,security engineer
Security Engineer,5828163405,CrossBoundary,Systems and Security Engineer,near_duplicate(title+company+desc_prefix),5830619628,security engineer
Security Engineer,5827925853,Amazon,"Security Engineer, AWS Security Incident Response",near_duplicate(title+company+desc_prefix),5878695857,security engineer
Security Engineer,5806901558,"NTT America, Inc.",Security Engineer WAF and SSLO (L2),near_duplicate(title+company+desc_prefix),5835316603,security engineer
Security Engineer,5806518252,Amazon,"Security Engineer, AWS Security Incident Response",near_duplicate(title+company+desc_prefix),5878695857,security engineer
Security Engineer,5802316698,Amazon,"Security Engineer, AWS Security Incident Response",near_duplicate(title+company+desc_prefix),5828759869,security engineer
Security Engineer,5802316677,Amazon,"Security Engineer, AWS Security Incident Response",near_duplicate(title+company+desc_prefix),5828759869,security engineer
Security Engineer,5801027906,AWS India - Karnataka,"Security Engineer, AWS Security Incident Response",near_duplicate(title+company+desc_prefix),5819668535,security engineer
Security Engineer,5793209213,GE Vernova,Lead Embedded Security Engineer,near_duplicate(title+company+desc_prefix),5793785801,security engineer
Financial Analyst,5897060955,HP,Financial Analyst-Record to Report,exact_id_duplicate,5897060955,financial analyst
Financial Analyst,5897049581,Shell,Reporting/Finance Analyst,exact_id_duplicate,5897049581,financial analyst
Financial Analyst,5878653083,Amazon,"Senior Financial Analyst, Data Center Finance",exact_id_duplicate,5878653083,financial analyst
Financial Analyst,5877266734,HP,Financial Analyst-Record to Report,exact_id_duplicate,5877266734,financial analyst
Financial Analyst,5813413954,Amazon,"Senior Financial Analyst, Data Center Finance",exact_id_duplicate,5813413954,financial analyst
Financial Analyst,5812184807,ADSIPL - Telangana,"Senior Financial Analyst, Data Center Finance",exact_id_duplicate,5812184807,financial analyst
Financial Analyst,5902914434,Jobgether,Financial Analyst,exact_id_duplicate,5902914434,finance analyst
Financial Analyst,5902912081,American Express,Financial Analyst,exact_id_duplicate,5902912081,finance analyst
Financial Analyst,5902911813,JLL,Senior Finance Analyst - General Accounting,exact_id_duplicate,5902911813,finance analyst
Financial Analyst,5902910102,MMS,Business and Finance Analyst (Finance/FP&A) India (1 PM–10 PM Shift),exact_id_duplicate,5902910102,finance analyst
Financial Analyst,5902909401,HP,Financial Analyst 3,exact_id_duplicate,5902909401,finance analyst
Financial Analyst,5902729954,HP,Financial Analyst 3,exact_id_duplicate,5902729954,finance analyst
Financial Analyst,5902582328,Visy India,Senior Financial Analyst,exact_id_duplicate,5902582328,finance analyst
Financial Analyst,5902581776,Visy India,Senior Financial Analyst,exact_id_duplicate,5902581776,finance analyst
Financial Analyst,5902535297,FOLKS,Production Financial Analyst,exact_id_duplicate,5902535297,finance analyst
Financial Analyst,5901480918,Intuitive,Financial Analyst,exact_id_duplicate,5901480918,finance analyst
Financial Analyst,5901425138,MMS,Business and Finance Analyst (Finance/FP&A) India (1 PM–10 PM Shift),exact_id_duplicate,5901425138,finance analyst
Financial Analyst,5901252847,Amazon,"Financial Analyst, GFS FP&A",exact_id_duplicate,5901252847,finance analyst
Financial Analyst,5901252809,Amazon,"Financial Analyst II, FOAA Leo",exact_id_duplicate,5901252809,finance analyst
Financial Analyst,5900727856,JLL,Senior Finance Analyst - Accounts Payable,exact_id_duplicate,5900727856,finance analyst
Financial Analyst,5900355747,ICON Clinical Research,Financial Analyst II,exact_id_duplicate,5900355747,finance analyst
Financial Analyst,5900355217,GE HealthCare,Lead Service Finance Analyst,exact_id_duplicate,5900355217,finance analyst
Financial Analyst,5900355130,Eaton Corporation,Senior Financial Analyst,exact_id_duplicate,5900355130,finance analyst
Financial Analyst,5900355031,Citigroup,Project Finance Analyst - Infrastructure Finance / Clean Energy Finance - Officer,exact_id_duplicate,5900355031,finance analyst
Financial Analyst,5899864615,Amazon,"Financial Analyst II, FOAA Leo",exact_id_duplicate,5899864615,finance analyst
Financial Analyst,5899862245,American Express,Financial Analyst,exact_id_duplicate,5899862245,finance analyst
Financial Analyst,5899856607,JLL,Senior Finance Analyst - Accounts Payable,exact_id_duplicate,5899856607,finance analyst
Financial Analyst,5899852813,American Express,Financial Analyst,exact_id_duplicate,5899852813,finance analyst
Financial Analyst,5899851593,HP,Financial Analyst-Services Deliver,exact_id_duplicate,5899851593,finance analyst
Financial Analyst,5899837121,JLL,Finance Analyst - Accounts Payable,exact_id_duplicate,5899837121,finance analyst
Financial Analyst,5899550093,Desun Hospitals,Finance & Accounts Executive / Financial Analyst-CA/CA Inter,exact_id_duplicate,5899550093,finance analyst
Financial Analyst,5899329266,American Express,Financial Analyst,exact_id_duplicate,5899329266,finance analyst
Financial Analyst,5899329263,American Express,Financial Analyst,exact_id_duplicate,5899329263,finance analyst
Financial Analyst,5899301268,EaseBiz FinTech Solutions LLP,Assistant Finance Analyst,exact_id_duplicate,5899301268,finance analyst
Financial Analyst,5898504232,GE HealthCare,Lead Service Finance Analyst,exact_id_duplicate,5898504232,finance analyst
Financial Analyst,5898500360,PricewaterhouseCoopers,IN_Specialist 3_ Finance Analyst _GCC_Advisory_Bangalore,exact_id_duplicate,5898500360,finance analyst
Financial Analyst,5898480875,Legion,Senior Financial Analyst,exact_id_duplicate,5898480875,finance analyst
Financial Analyst,5898476341,Kraft Heinz,Financial Analyst - II,exact_id_duplicate,5898476341,finance analyst
Financial Analyst,5898473718,Hewlett Packard Enterprise,Senior Financial Analyst,exact_id_duplicate,5898473718,finance analyst
Financial Analyst,5898469475,American Express,Financial Analyst,exact_id_duplicate,5898469475,finance analyst
Financial Analyst,5898469201,IRE,Financial Analyst II,exact_id_duplicate,5898469201,finance analyst
Financial Analyst,5898468528,HP,Financial Analyst-Lease Enablement,exact_id_duplicate,5898468528,finance analyst
Financial Analyst,5898466391,American Express,Financial Analyst,exact_id_duplicate,5898466391,finance analyst
Financial Analyst,5898197919,ADCI - Maharashtra,"Financial Analyst II, FOAA Leo",exact_id_duplicate,5898197919,finance analyst
Financial Analyst,5898164862,NAM Info Pvt Ltd,Financial Analyst,exact_id_duplicate,5898164862,finance analyst
Financial Analyst,5897954740,American Express,Financial Analyst,exact_id_duplicate,5897954740,finance analyst
Financial Analyst,5897954730,American Express,Financial Analyst,exact_id_duplicate,5897954730,finance analyst
Financial Analyst,5897954666,American Express,Financial Analyst,exact_id_duplicate,5897954666,finance analyst
Financial Analyst,5897953163,Parexel,Financial Analyst I,exact_id_duplicate,5897953163,finance analyst
Financial Analyst,5897335939,PrimeVigilance,Project Finance Analyst,exact_id_duplicate,5897335939,finance analyst
Financial Analyst,5897176714,Flex,Financial Analyst - Cost Accounting Solutions,exact_id_duplicate,5897176714,finance analyst
Financial Analyst,5897060955,HP,Financial Analyst-Record to Report,exact_id_duplicate,5897060955,finance analyst
Financial Analyst,5897054331,HP,Financial Analyst 4,exact_id_duplicate,5897054331,finance analyst
Financial Analyst,5897050846,Parexel,Financial Analyst I,exact_id_duplicate,5897050846,finance analyst
Financial Analyst,5897049581,Shell,Reporting/Finance Analyst,exact_id_duplicate,5897049581,finance analyst
Financial Analyst,5897049160,Amazon,"Financial Analyst I, FOAA Leases",exact_id_duplicate,5897049160,finance analyst
Financial Analyst,5897041316,Clarivate,Lead Financial Analyst,exact_id_duplicate,5897041316,finance analyst
Financial Analyst,5897039300,Jobgether,Finance Analyst,exact_id_duplicate,5897039300,finance analyst
Financial Analyst,5896660039,Ascend Performance Materials,Business Financial Analyst,exact_id_duplicate,5896660039,finance analyst
Financial Analyst,5896366313,Amazon,"Sr. Financial Analyst, Sr. Finance Analyst, RBS, Stores Tech Finance (STF)",exact_id_duplicate,5896366313,finance analyst
Financial Analyst,5896366223,Amazon,"Financial Analyst I, FOAA Leases",exact_id_duplicate,5896366223,finance analyst
Financial Analyst,5896110823,Johnson and Johnson,"Senior Financial Analyst, Consolidations",exact_id_duplicate,5896110823,finance analyst
Financial Analyst,5895470005,CBTS,Business & Financial Analyst,exact_id_duplicate,5895470005,finance analyst
Financial Analyst,5895394462,Amazon,"Sr. Financial Analyst, Sr. Finance Analyst, RBS, Stores Tech Finance (STF)",exact_id_duplicate,5895394462,finance analyst
Financial Analyst,5895377104,Mitsubishi UFJ Financial Group,Trade Finance Analyst,exact_id_duplicate,5895377104,finance analyst
Financial Analyst,5895085477,ADCI - Karnataka,"Financial Analyst I, FOAA Leases",exact_id_duplicate,5895085477,finance analyst
Financial Analyst,5895065540,Circles,"Senior Financial Analyst (Consumer, Jetpac, Services)",exact_id_duplicate,5895065540,finance analyst
Financial Analyst,5894905673,Mercor,Financial Analyst - AI Collaboration,exact_id_duplicate,5894905673,finance analyst
Financial Analyst,5894840669,J&J Family of Companies,"Senior Financial Analyst, Consolidations",exact_id_duplicate,5894840669,finance analyst
Financial Analyst,5894828857,Amazon,"Financial Analyst II, FOAA GST",exact_id_duplicate,5894828857,finance analyst
Financial Analyst,5894230908,Tekwissen India,Financial Analyst I,exact_id_duplicate,5894230908,finance analyst
Financial Analyst,5894179527,Amazon,"Sr. Financial Analyst, Sr. Finance Analyst, RBS, Stores Tech Finance (STF)",exact_id_duplicate,5894179527,finance analyst
Financial Analyst,5894078730,Ecolab,Sr Financial Analyst II,exact_id_duplicate,5894078730,finance analyst
Financial Analyst,5893849111,ADCI - BLR 14 SEZ,"Sr. Financial Analyst, Sr. Finance Analyst, RBS, Stores Tech Finance (STF)",exact_id_duplicate,5893849111,finance analyst
Financial Analyst,5892990977,Finance,Senior Financial Analyst,exact_id_duplicate,5892990977,finance analyst
Financial Analyst,5892989295,FP&A,Senior Financial Analyst,exact_id_duplicate,5892989295,finance analyst
Financial Analyst,5892547521,Mercor,Financial Analyst - Fully Remote,exact_id_duplicate,5892547521,finance analyst
Financial Analyst,5892382837,Amazon,"Finance Analyst II, APAC ITX team",exact_id_duplicate,5892382837,finance analyst
Financial Analyst,5892382802,Amazon,"Finance Analyst II, APAC ITX team",exact_id_duplicate,5892382802,finance analyst
Financial Analyst,5891912506,Amazon,"Financial Analyst II, FOAA Accounting",exact_id_duplicate,5891912506,finance analyst
Financial Analyst,5891875181,Amazon,"Finance Analyst II, APAC ITX team",exact_id_duplicate,5891875181,finance analyst
Financial Analyst,5891404280,Google,Business Finance Analyst,exact_id_duplicate,5891404280,finance analyst
Financial Analyst,5891403482,Amazon,"Financial Analyst II, FOAA Accounting",exact_id_duplicate,5891403482,finance analyst
Financial Analyst,5890510082,ADCI - Karnataka,"Finance Analyst II, APAC ITX team",exact_id_duplicate,5890510082,finance analyst
Financial Analyst,5890487002,W3Global,Senior Accountant / Financial Analyst,exact_id_duplicate,5890487002,finance analyst
Financial Analyst,5890032229,Wonder Worth Solutions Pvt Ltd,L3 - Senior Finance Analyst / Payroll Specialist,exact_id_duplicate,5890032229,finance analyst
Financial Analyst,5889565155,LiveRamp,"Sr. Financial Analyst, Cloud Infrastructure",exact_id_duplicate,5889565155,finance analyst
Financial Analyst,5889554665,IRE,Financial Analyst II,exact_id_duplicate,5889554665,finance analyst
Financial Analyst,5889552884,Marmon Holdings,Lead Finance Analyst,exact_id_duplicate,5889552884,finance analyst
Financial Analyst,5889531647,MedTourEasy,Financial Analyst,exact_id_duplicate,5889531647,finance analyst
Financial Analyst,5888772658,LiveRamp,"Sr. Financial Analyst, Cloud Infrastructure",exact_id_duplicate,5888772658,finance analyst
Financial Analyst,5888772522,ICON Clinical Research,Financial Analyst II,exact_id_duplicate,5888772522,finance analyst
Financial Analyst,5888771990,Honeywell Technologies,Sr Finance Analyst,exact_id_duplicate,5888771990,finance analyst
Financial Analyst,5888771558,Danaher Corporation,Senior Financial Analyst,exact_id_duplicate,5888771558,finance analyst
Financial Analyst,5888612055,Eurofins GSC IT DC,Finance Analyst - IT,exact_id_duplicate,5888612055,finance analyst
Financial Analyst,5888551620,Emerson,Financial Analyst,exact_id_duplicate,5888551620,finance analyst
Financial Analyst,5888551515,ascendion,Senior Financial Analyst,exact_id_duplicate,5888551515,finance analyst
Financial Analyst,5887954198,Danaher,Senior Financial Analyst,exact_id_duplicate,5887954198,finance analyst
Financial Analyst,5887908228,Honeywell,Sr Finance Analyst,exact_id_duplicate,5887908228,finance analyst
Financial Analyst,5887896668,Convera,Financial Analyst - Accounting,exact_id_duplicate,5887896668,finance analyst
Financial Analyst,5887520655,Electronic Arts ,Financial Analyst,exact_id_duplicate,5887520655,finance analyst
Financial Analyst,5887225769,Honeywell Aerospace,Sr. Finance Analyst,exact_id_duplicate,5887225769,finance analyst
Financial Analyst,5887225763,Honeywell Aerospace,Sr. Finance Analyst,exact_id_duplicate,5887225763,finance analyst
Financial Analyst,5887004397,Aditi Tech Consulting Private Limited,Senior Technology Finance Analyst,exact_id_duplicate,5887004397,finance analyst
Financial Analyst,5886403024,Hitachi,FP&A Financial Analyst - CP&O,exact_id_duplicate,5886403024,finance analyst
Financial Analyst,5886400652,Gainwell Technologies LLC,Senior Financial Analyst,exact_id_duplicate,5886400652,finance analyst
Financial Analyst,5886391794,Honeywell Aerospace,Sr. Finance Analyst,exact_id_duplicate,5886391794,finance analyst
Financial Analyst,5886369584,HP,Senior Financial Analyst,exact_id_duplicate,5886369584,finance analyst
Financial Analyst,5885975311,Blackbaud India,Senior Financial Analyst,exact_id_duplicate,5885975311,finance analyst
Financial Analyst,5884512399,Turium Ai,Finance Analyst (Chartered Accountant),exact_id_duplicate,5884512399,finance analyst
Financial Analyst,5884512386,Autodesk,"Senior Financial Analyst, IME Finance",exact_id_duplicate,5884512386,finance analyst
Financial Analyst,5884376967,J&J Family of Companies,"Sr. Financial Analyst, FP&A Intl, APAC Region",exact_id_duplicate,5884376967,finance analyst
Financial Analyst,5883377936,Mercor,Financial Analyst - Fully Remote,exact_id_duplicate,5883377936,finance analyst
Financial Analyst,5882764442,HP,Financial Analyst,exact_id_duplicate,5882764442,finance analyst
Financial Analyst,5882728626,HP,Principal Financial Analyst,exact_id_duplicate,5882728626,finance analyst
Financial Analyst,5882272387,Amazon,"Senior Financial Analyst, IN FC Finance",exact_id_duplicate,5882272387,finance analyst
Financial Analyst,5881119359,HP,Financial Analyst-Controllership and Tax,exact_id_duplicate,5881119359,finance analyst
Financial Analyst,5880842860,CertiK,Financial Analyst (Entry-Level),exact_id_duplicate,5880842860,finance analyst
Financial Analyst,5880673242,"Sensata Technologies, Inc.",Senior Financial Analyst - Site Operations,exact_id_duplicate,5880673242,finance analyst
Financial Analyst,5880670802,ICON Clinical Research,Financial Analyst I/ II,exact_id_duplicate,5880670802,finance analyst
Financial Analyst,5880644760,Herbalife,"Financial Analyst, FP&A - India",exact_id_duplicate,5880644760,finance analyst
Financial Analyst,5880629173,Hirestar job Bank,Freight & Logistics Finance Analyst,exact_id_duplicate,5880629173,finance analyst
Financial Analyst,5879947520,Sensata,Senior Financial Analyst – Site Operations,exact_id_duplicate,5879947520,finance analyst
Financial Analyst,5879947002,Goldman Sachs,AWM Management-CSG Finance-Analyst-Bengaluru,exact_id_duplicate,5879947002,finance analyst
Financial Analyst,5879945694,Amazon,"Senior Financial Analyst, IN FC Finance",exact_id_duplicate,5879945694,finance analyst
Financial Analyst,5879933711,IRE,Financial Analyst II,exact_id_duplicate,5879933711,finance analyst
Financial Analyst,5879569721,ASSPL - Karnataka,"Senior Financial Analyst, IN FC Finance",exact_id_duplicate,5879569721,finance analyst
Financial Analyst,5879148833,Aditi Tech Consulting Private Limited,Financial Analyst I,exact_id_duplicate,5879148833,finance analyst
Financial Analyst,5879141383,ICON plc,Financial Analyst (Project Finance),exact_id_duplicate,5879141383,finance analyst
Financial Analyst,5879141373,ICON plc,Financial Analyst II - FBP,exact_id_duplicate,5879141373,finance analyst
Financial Analyst,5878712963,Amazon,"Financial Analyst II, ASSPL Finance Team",exact_id_duplicate,5878712963,finance analyst
Financial Analyst,5878709851,Johnson & Johnson,GSF LEA Senior Finance Analyst,exact_id_duplicate,5878709851,finance analyst
Financial Analyst,5878708372,Amazon,"Financial Analyst I, FOAA",exact_id_duplicate,5878708372,finance analyst
Financial Analyst,5878707009,Amazon,Financial Analyst Trainee,exact_id_duplicate,5878707009,finance analyst
Financial Analyst,5878700636,Amazon,"Senior Financial Analyst, WW Ops Finance",exact_id_duplicate,5878700636,finance analyst
Financial Analyst,5878685387,"Amazon.com, Inc.",Financial Analyst Intern,exact_id_duplicate,5878685387,finance analyst
Financial Analyst,5878684646,Amazon,"Senior Financial Analyst, FOAA",exact_id_duplicate,5878684646,finance analyst
Financial Analyst,5878684404,Hewlett Packard Enterprise,Financial Analyst,exact_id_duplicate,5878684404,finance analyst
Financial Analyst,5878680543,Kenvue,Lead Finance Analyst: APAC GCC FP&A,exact_id_duplicate,5878680543,finance analyst
Financial Analyst,5878653083,Amazon,"Senior Financial Analyst, Data Center Finance",exact_id_duplicate,5878653083,finance analyst
Financial Analyst,5878635408,Amazon,"Financial Analyst II, GREF FP&A",exact_id_duplicate,5878635408,finance analyst
Financial Analyst,5878628822,Amazon,"Financial Analyst I, FOAA Leases",exact_id_duplicate,5878628822,finance analyst
Financial Analyst,5878284677,ICON plc,Financial Analyst II,exact_id_duplicate,5878284677,finance analyst
Financial Analyst,5878060307,J&J Family of Companies,GSF LEA Senior Finance Analyst,exact_id_duplicate,5878060307,finance analyst
Financial Analyst,5877296714,Ascend Performance Materials,Corporate Accounting Financial Analyst,exact_id_duplicate,5877296714,finance analyst
Financial Analyst,5877281368,American Express,Financial Analyst,exact_id_duplicate,5877281368,finance analyst
Financial Analyst,5877266734,HP,Financial Analyst-Record to Report,exact_id_duplicate,5877266734,finance analyst
Financial Analyst,5877265576,HP,Financial Analyst 1,exact_id_duplicate,5877265576,finance analyst
Financial Analyst,5877263206,Hewlett Packard Enterprise,SOX Senior Financial Analyst,exact_id_duplicate,5877263206,finance analyst
Financial Analyst,5877239094,Amazon,"Financial Analyst II, FOAA GST",exact_id_duplicate,5877239094,finance analyst
Financial Analyst,5876947882,Tangem,Financial Analyst,exact_id_duplicate,5876947882,finance analyst
Financial Analyst,5876698514,"RealPage, Inc.",Financial Analyst IV / TL,exact_id_duplicate,5876698514,finance analyst
Financial Analyst,5876482797,American Express Global Business Travel,Financial Analyst,exact_id_duplicate,5876482797,finance analyst
Financial Analyst,5876482817,American Express Global Business Travel,"Financial Analyst, Customer Revenue",exact_id_duplicate,5876482817,finance analyst
Financial Analyst,5876478889,Caterpillar Inc,Accountant(Financial Analyst),exact_id_duplicate,5876478889,finance analyst
Financial Analyst,5875454767,ADCI - Karnataka,"Financial Analyst II, FOAA GST",exact_id_duplicate,5875454767,finance analyst
Financial Analyst,5875448339,Flexiple,Corporate Financial Analyst,exact_id_duplicate,5875448339,finance analyst
Financial Analyst,5875137792,NEC Software Solutions ,Associate/Sr. Associte Financial Analyst,exact_id_duplicate,5875137792,finance analyst
Financial Analyst,5873769653,Amazon,"Senior Financial Analyst, DEX Finance",exact_id_duplicate,5873769653,finance analyst
Financial Analyst,5873769650,Amazon,"Finance Analyst, IN Amazon Now Finance",exact_id_duplicate,5873769650,finance analyst
Financial Analyst,5873209179,Amazon,"Finance Analyst, IN Amazon Now Finance",exact_id_duplicate,5873209179,finance analyst
Financial Analyst,5873205196,Genl Mills India Priv,"Sr. Finance Analyst, Global Internal Audit",exact_id_duplicate,5873205196,finance analyst
Financial Analyst,5873192685,ABB,Finance Analyst - Generalaccoun,exact_id_duplicate,5873192685,finance analyst
Financial Analyst,5873180819,HP,Senior Financial Analyst-Supply Chain Finance,exact_id_duplicate,5873180819,finance analyst
Financial Analyst,5873173112,Amazon,"Senior Financial Analyst, DEX Finance",exact_id_duplicate,5873173112,finance analyst
Financial Analyst,5872132659,Amazon,"Financial Analyst I, FOAA Accounts Payable",exact_id_duplicate,5872132659,finance analyst
Financial Analyst,5872132571,Agilent Technologies,Finance Analyst,exact_id_duplicate,5872132571,finance analyst
Financial Analyst,5872126478,Amazon,"Financial Analyst, FOAA - Payroll",exact_id_duplicate,5872126478,finance analyst
Financial Analyst,5872124341,Zinnia,Financial Analyst I - AP,exact_id_duplicate,5872124341,finance analyst
Financial Analyst,5872086265,Amazon,"Financial Analyst III, FOAA Accounts Payable",exact_id_duplicate,5872086265,finance analyst
Financial Analyst,5872080209,Amazon,"Financial Analyst I, GFS Services FP&A",exact_id_duplicate,5872080209,finance analyst
Financial Analyst,5871806336,ASSPL - Maharashtra,"Finance Analyst, IN Amazon Now Finance",exact_id_duplicate,5871806336,finance analyst
Financial Analyst,5871530052,Amazon,"Financial Analyst III, FOAA Accounts Payable",exact_id_duplicate,5871530052,finance analyst
Financial Analyst,5871530003,Amazon,"Financial Analyst Intern, NL/RE&E Finance team",exact_id_duplicate,5871530003,finance analyst
Financial Analyst,5871529981,Amazon,"Financial Analyst I, GFS Services FP&A",exact_id_duplicate,5871529981,finance analyst
Financial Analyst,5871530038,Amazon,"Financial Analyst I, FOAA Accounts Payable",exact_id_duplicate,5871530038,finance analyst
Financial Analyst,5871530044,Amazon,"Financial Analyst, FOAA - Payroll",exact_id_duplicate,5871530044,finance analyst
Financial Analyst,5871529945,Amazon,"Financial Analyst, FOAA - Payroll",exact_id_duplicate,5871529945,finance analyst
Financial Analyst,5871529816,Amazon,"Financial Analyst Intern, Accounting",exact_id_duplicate,5871529816,finance analyst
Financial Analyst,5871276864,Jones Lang Lasalle Property Consultants,Senior Finance Analyst,exact_id_duplicate,5871276864,finance analyst
Financial Analyst,5871276668,Zivanta Analytics,Senior Quantitative Finance Analyst (Financial Engineer),exact_id_duplicate,5871276668,finance analyst
Financial Analyst,5871275797,Applause,Financial Analyst,exact_id_duplicate,5871275797,finance analyst
Financial Analyst,5871275739,Applause,Senior Financial Analyst,exact_id_duplicate,5871275739,finance analyst
Financial Analyst,5871275717,Applause,Sales Compensation Financial Analyst,exact_id_duplicate,5871275717,finance analyst
Financial Analyst,5870857165,Zensar Technologies,Oracle Finance Analyst,exact_id_duplicate,5870857165,finance analyst
Financial Analyst,5870784118,Amazon,"Financial Analyst Intern, NL/RE&E Finance team",exact_id_duplicate,5870784118,finance analyst
Financial Analyst,5870780342,Agilent Technologies,Finance Analyst,exact_id_duplicate,5870780342,finance analyst
Financial Analyst,5870778974,Fortrea,Project Financial Analyst 1,exact_id_duplicate,5870778974,finance analyst
Financial Analyst,5870777947,Ascensus,"Financial Analyst, Defined Contribution - India",exact_id_duplicate,5870777947,finance analyst
Financial Analyst,5870776973,Agilent Technologies,Finance Analyst,exact_id_duplicate,5870776973,finance analyst
Financial Analyst,5870465034,ADCI - Karnataka,"Financial Analyst I, FOAA Accounts Payable",exact_id_duplicate,5870465034,finance analyst
Financial Analyst,5870465035,ADCI - Karnataka,"Financial Analyst III, FOAA Accounts Payable",exact_id_duplicate,5870465035,finance analyst
Financial Analyst,5870464845,ASSPL - Karnataka,"Senior Financial Analyst, DEX Finance",exact_id_duplicate,5870464845,finance analyst
Financial Analyst,5870445884,Amazon,"Financial Analyst I, GFS Services FP&A",exact_id_duplicate,5870445884,finance analyst
Financial Analyst,5870445772,Amazon,"Sr. Financial Analyst, GFS FP&A, GFS FP&A",exact_id_duplicate,5870445772,finance analyst
Financial Analyst,5870445716,CGI,Financial Analyst,exact_id_duplicate,5870445716,finance analyst
Financial Analyst,5870121150,NetApp,Financial Analyst,exact_id_duplicate,5870121150,finance analyst
Financial Analyst,5869825977,Heinz,Finance Analyst-2,exact_id_duplicate,5869825977,finance analyst
Financial Analyst,5869814792,EXL,Finance Analyst - Senior Executive,exact_id_duplicate,5869814792,finance analyst
Financial Analyst,5869814099,Talent Ahead India Private Limited,Finance Analyst - FP&A,exact_id_duplicate,5869814099,finance analyst
Financial Analyst,5869814102,Talent Ahead India Private Limited,Finance Analyst,exact_id_duplicate,5869814102,finance analyst
Financial Analyst,5869202890,Amazon,"Finance Analyst, India AMZL Finance",exact_id_duplicate,5869202890,finance analyst
Financial Analyst,5869165734,Amazon,"Financial Analyst, FOAA - Payroll",exact_id_duplicate,5869165734,finance analyst
Financial Analyst,5869156667,HP,Financial Analyst 1,exact_id_duplicate,5869156667,finance analyst
Financial Analyst,5868709948,ASSPL - Karnataka - B56,"Financial Analyst Intern, NL/RE&E Finance team",exact_id_duplicate,5868709948,finance analyst
Financial Analyst,5868709956,ADCI HYD 13 SEZ,"Financial Analyst I, GFS Services FP&A",exact_id_duplicate,5868709956,finance analyst
Financial Analyst,5868702387,Enfinity Global,"Financial Analyst, Renewable Energy",exact_id_duplicate,5868702387,finance analyst
Financial Analyst,5868702292,HP,Financial Analyst,exact_id_duplicate,5868702292,finance analyst
Financial Analyst,5868418033,Amazon,"Finance Analyst, India AMZL Finance",exact_id_duplicate,5868418033,finance analyst
Financial Analyst,5868123352,Gallagher Service Center LLP,Financial Analyst Investor Relations,exact_id_duplicate,5868123352,finance analyst
Financial Analyst,5868115942,AIS business solution,Financial Analyst-Voice,exact_id_duplicate,5868115942,finance analyst
Financial Analyst,5867248321,Hitachi,Financial Analyst - Controlling Planning & Operations,exact_id_duplicate,5867248321,finance analyst
Financial Analyst,5867245953,Honeywell,Sr Finance Analyst,exact_id_duplicate,5867245953,finance analyst
Financial Analyst,5866936901,ADCI - Karnataka,"Financial Analyst, FOAA - Payroll",exact_id_duplicate,5866936901,finance analyst
Financial Analyst,5866606103,Honeywell Technologies,Sr Finance Analyst,exact_id_duplicate,5866606103,finance analyst
Financial Analyst,5866606059,Honeywell Technologies,Sr Finance Analyst,exact_id_duplicate,5866606059,finance analyst
Financial Analyst,5864368837,ASSPL - Karnataka,"Finance Analyst, India AMZL Finance",exact_id_duplicate,5864368837,finance analyst
Financial Analyst,5863702581,Emerson,Financial Analyst,exact_id_duplicate,5863702581,finance analyst
Financial Analyst,5863702549,Emerson,Financial Analyst,exact_id_duplicate,5863702549,finance analyst
Financial Analyst,5862272507,Quorum Software,Senior Financial Analyst - 2nd Shift OR 3rd shift,exact_id_duplicate,5862272507,finance analyst
Financial Analyst,5862120755,ADCI - Karnataka,"Financial Analyst I, FOAA Leases",exact_id_duplicate,5862120755,finance analyst
Financial Analyst,5861796365,Agilent Technologies,Financial Analyst,exact_id_duplicate,5861796365,finance analyst
Financial Analyst,5861794543,Zscaler Softech,"Senior Financial Analyst, FP&A",exact_id_duplicate,5861794543,finance analyst
Financial Analyst,5861794213,Goodyear,Financial Analyst,exact_id_duplicate,5861794213,finance analyst
Financial Analyst,5861793030,Netpace,Financial Analyst,exact_id_duplicate,5861793030,finance analyst
Financial Analyst,5861792881,transunion,Senior Finance Analyst,exact_id_duplicate,5861792881,finance analyst
Financial Analyst,5861224952,Fortive,Senior Financial Analyst,exact_id_duplicate,5861224952,finance analyst
Financial Analyst,5860800981,Fortive Corporation,Senior Financial Analyst,exact_id_duplicate,5860800981,finance analyst
Financial Analyst,5860543804,Havas Media,Finance Analyst,exact_id_duplicate,5860543804,finance analyst
Financial Analyst,5859754273,Amazon,"Financial Analyst Intern, AMZL",exact_id_duplicate,5859754273,finance analyst
Financial Analyst,5859419653,Amazon,"Financial Analyst Intern, AMZL",exact_id_duplicate,5859419653,finance analyst
Financial Analyst,5859124134,Claight Corporation Expert Market Research,Financial Analyst,exact_id_duplicate,5859124134,finance analyst
Financial Analyst,5859124023,Algoshack Technologies,Finance Analyst,exact_id_duplicate,5859124023,finance analyst
Financial Analyst,5859121483,Toppan Merrill,"XBRL Financial Analyst, Associate",exact_id_duplicate,5859121483,finance analyst
Financial Analyst,5859120802,Syngenta,Finance Analyst - Seeds FC Finance AMEA,exact_id_duplicate,5859120802,finance analyst
Financial Analyst,5858385038,Financial Services,Financial Analyst,exact_id_duplicate,5858385038,finance analyst
Financial Analyst,5858363739,Emerson,Financial Analyst,exact_id_duplicate,5858363739,finance analyst
Financial Analyst,5858360458,Emerson,Financial Analyst,exact_id_duplicate,5858360458,finance analyst
Financial Analyst,5858138403,ASSPL - Karnataka - B56,"Financial Analyst Intern, AMZL",exact_id_duplicate,5858138403,finance analyst
Financial Analyst,5857952088,Emerson,Financial Analyst,exact_id_duplicate,5857952088,finance analyst
Financial Analyst,5857952067,Emerson,Financial Analyst,exact_id_duplicate,5857952067,finance analyst
Financial Analyst,5857748027,Techolution India Private Limited,Financial Analyst MIS,exact_id_duplicate,5857748027,finance analyst
Financial Analyst,5857748022,Techolution India Private Limited,Financial Analyst-Accounts Payable,exact_id_duplicate,5857748022,finance analyst
Financial Analyst,5857744723,Altisource,Financial Analyst,exact_id_duplicate,5857744723,finance analyst
Financial Analyst,5857744717,Altisource,Financial Analyst,exact_id_duplicate,5857744717,finance analyst
Financial Analyst,5854210054,Honeywell,Sr. Finance Analyst,exact_id_duplicate,5854210054,finance analyst
Financial Analyst,5853419591,Mercor,Financial Analyst - AI Collaboration,exact_id_duplicate,5853419591,finance analyst
Financial Analyst,5852589353,KFC,Finance Analyst III,exact_id_duplicate,5852589353,finance analyst
Financial Analyst,5852578710,Ecolab,Associate Financial Analyst,exact_id_duplicate,5852578710,finance analyst
Financial Analyst,5852573951,Amazon,"Financial Analyst Intern, Accounting",exact_id_duplicate,5852573951,finance analyst
Financial Analyst,5852566221,Precision Medicine Group,Financial Analyst,exact_id_duplicate,5852566221,finance analyst
Financial Analyst,5852181686,Mercor,Financial Analyst - Fully Remote,exact_id_duplicate,5852181686,finance analyst
Financial Analyst,5851837002,Headsup Corporation,Finance Analyst,exact_id_duplicate,5851837002,finance analyst
Financial Analyst,5850376716,Mondelez,Plant Finance Analyst,exact_id_duplicate,5850376716,finance analyst
Financial Analyst,5850376624,Mondelez,Plant Finance Analyst,exact_id_duplicate,5850376624,finance analyst
Financial Analyst,5849704076,Lummus Technology,Project Finance Analyst,exact_id_duplicate,5849704076,finance analyst
Financial Analyst,5848722901,Happiest Resume,Business Financial Analyst,exact_id_duplicate,5848722901,finance analyst
Financial Analyst,5846919084,MillerKnoll,Financial Analyst – Sr Associate,exact_id_duplicate,5846919084,finance analyst
Financial Analyst,5846916475,NCR Atleos,Finance Analyst,exact_id_duplicate,5846916475,finance analyst
Financial Analyst,5846142931,Guidant Global India,Finance Analyst,exact_id_duplicate,5846142931,finance analyst
Financial Analyst,5844291801,BSI Group,Financial Analyst,exact_id_duplicate,5844291801,finance analyst
Financial Analyst,5843972681,Amazon,"Financial Analyst I, FOAA Leases",exact_id_duplicate,5843972681,finance analyst
Financial Analyst,5842589918,Anblicks Solutions,Sr Finance Analyst,exact_id_duplicate,5842589918,finance analyst
Financial Analyst,5841966281,Amazon,"Financial Analyst , Selling Partner Risk Management",exact_id_duplicate,5841966281,finance analyst
Financial Analyst,5841420719,Honeywell,Sr Finance Analyst (PS),exact_id_duplicate,5841420719,finance analyst
Financial Analyst,5840380650,Amazon,"Financial Analyst II, Financial Operations Accounting Analysis",exact_id_duplicate,5840380650,finance analyst
Financial Analyst,5839871091,Mercor,Corporate Finance Analyst - Fully Remote,exact_id_duplicate,5839871091,finance analyst
Financial Analyst,5839578939,Amazon,Financial Analyst Intern,exact_id_duplicate,5839578939,finance analyst
Financial Analyst,5839578926,Amazon,"Financial Analyst II, Financial Operations Accounting Analysis",exact_id_duplicate,5839578926,finance analyst
Financial Analyst,5838495249,Novotech,Senior Project Finance Analyst - India,exact_id_duplicate,5838495249,finance analyst
Financial Analyst,5838452950,HP,Supply Chain Financial Analyst,exact_id_duplicate,5838452950,finance analyst
Financial Analyst,5838098566,ADCI - Karnataka,Financial Analyst Intern,exact_id_duplicate,5838098566,finance analyst
Financial Analyst,5837855088,Mercor,Financial Analyst - Fully Remote,exact_id_duplicate,5837855088,finance analyst
Financial Analyst,5837855090,Mercor,Financial Analyst - Fully Remote,exact_id_duplicate,5837855090,finance analyst
Financial Analyst,5837796355,Amazon,"Senior Financial Analyst, FOAA",exact_id_duplicate,5837796355,finance analyst
Financial Analyst,5836594124,ADCI - Karnataka,"Senior Financial Analyst, FOAA",exact_id_duplicate,5836594124,finance analyst
Financial Analyst,5836594035,ADCI - Karnataka,"Financial Analyst II, Financial Operations Accounting Analysis",exact_id_duplicate,5836594035,finance analyst
Financial Analyst,5836443771,Mercor,Financial Analyst - Fully Remote,exact_id_duplicate,5836443771,finance analyst
Financial Analyst,5836374407,Hirestar job Bank,Finance Analyst,exact_id_duplicate,5836374407,finance analyst
Financial Analyst,5835720155,Stellaspire,Finance Analyst,exact_id_duplicate,5835720155,finance analyst
Financial Analyst,5835715551,Genl Mills India Priv,Sr Financial Analyst,exact_id_duplicate,5835715551,finance analyst
Financial Analyst,5834762888,Kraft Heinz,Financial Analyst-II,exact_id_duplicate,5834762888,finance analyst
Financial Analyst,5834759863,Vendavo,Senior Financial Analyst (Workday Adaptive Developer),exact_id_duplicate,5834759863,finance analyst
Financial Analyst,5834757833,Syneos Health,Financial Analyst,exact_id_duplicate,5834757833,finance analyst
Financial Analyst,5834748779,Honeywell,Sr. Finance Analyst,exact_id_duplicate,5834748779,finance analyst
Financial Analyst,5834747469,Okta,"Senior Financial Analyst, FP&A",exact_id_duplicate,5834747469,finance analyst
Financial Analyst,5834741724,IND Versigent India Private,Asst Finance Analyst,exact_id_duplicate,5834741724,finance analyst
Financial Analyst,5834740879,HP,Financial Analyst 2,exact_id_duplicate,5834740879,finance analyst
Financial Analyst,5834392478,TTEC,Senior Financial Analyst,exact_id_duplicate,5834392478,finance analyst
Financial Analyst,5833604983,Amazon,"Financial Analyst, GREF FP&A",exact_id_duplicate,5833604983,finance analyst
Financial Analyst,5833599514,Viavi Solutions,Finance Analyst 2,exact_id_duplicate,5833599514,finance analyst
Financial Analyst,5833014593,Amazon,"Financial Analyst I, FOAA",exact_id_duplicate,5833014593,finance analyst
Financial Analyst,5833014652,Amazon,"Financial Analyst, GREF FP&A",exact_id_duplicate,5833014652,finance analyst
Financial Analyst,5832798184,Milestone Online Technology,Financial Analyst,exact_id_duplicate,5832798184,finance analyst
Financial Analyst,5832798183,Milestone Online Technology,Financial Analyst,exact_id_duplicate,5832798183,finance analyst
Financial Analyst,5832798173,Milestone Online Technology,Financial Analyst,exact_id_duplicate,5832798173,finance analyst
Financial Analyst,5832798152,Milestone Online Technology,Financial Analyst,exact_id_duplicate,5832798152,finance analyst
Financial Analyst,5832798153,Milestone Online Technology,Financial Analyst,exact_id_duplicate,5832798153,finance analyst
Financial Analyst,5832798149,Milestone Online Technology,Financial Analyst,exact_id_duplicate,5832798149,finance analyst
Financial Analyst,5832798145,Milestone Online Technology,Financial Analyst,exact_id_duplicate,5832798145,finance analyst
Financial Analyst,5832796590,Ather Energy,Sr. Financial Analyst,exact_id_duplicate,5832796590,finance analyst
Financial Analyst,5832795889,SWISS RE,Associate Financial Analyst,exact_id_duplicate,5832795889,finance analyst
Financial Analyst,5832795895,SWISS RE,Senior Financial Analyst I,exact_id_duplicate,5832795895,finance analyst
Financial Analyst,5832795342,Personiv,Financial Analyst,exact_id_duplicate,5832795342,finance analyst
Financial Analyst,5831867253,ADCI - Karnataka,"Financial Analyst I, FOAA",exact_id_duplicate,5831867253,finance analyst
Financial Analyst,5831867243,ADCI - Karnataka,"Financial Analyst, GREF FP&A",exact_id_duplicate,5831867243,finance analyst
Financial Analyst,5831695434,BreachLock,Sr. Finance Analyst / Manager - Finance,exact_id_duplicate,5831695434,finance analyst
Financial Analyst,5831602055,Emerson,Financial Analyst,exact_id_duplicate,5831602055,finance analyst
Financial Analyst,5831403209,IT By Design,Financial Analyst,exact_id_duplicate,5831403209,finance analyst
Financial Analyst,5831400595,Valeo,Finance Analyst,exact_id_duplicate,5831400595,finance analyst
Financial Analyst,5830611747,Emerson,Financial Analyst,exact_id_duplicate,5830611747,finance analyst
Financial Analyst,5830602785,Deutsche Bank,Financial Analyst,exact_id_duplicate,5830602785,finance analyst
Financial Analyst,5829886504,Tecqubes Technologies,Senior Financial Analyst,exact_id_duplicate,5829886504,finance analyst
Financial Analyst,5829196144,Hitachi,BU FP&A - Financial Analyst - CP&O,exact_id_duplicate,5829196144,finance analyst
Financial Analyst,5828761446,Amazon,"Financial Analyst II, ASSPL Finance Team",exact_id_duplicate,5828761446,finance analyst
Financial Analyst,5827928983,HP,Financial Analyst-Contra Revenue,exact_id_duplicate,5827928983,finance analyst
Financial Analyst,5827925278,Medline,Financial Analyst,exact_id_duplicate,5827925278,finance analyst
Financial Analyst,5827640240,ASSPL - Karnataka - B56,"Financial Analyst II, ASSPL Finance Team",exact_id_duplicate,5827640240,finance analyst
Financial Analyst,5827450572,Amazon,"Financial Analyst , Selling Partner Risk Management",exact_id_duplicate,5827450572,finance analyst
Financial Analyst,5826343979,Eaton Corporation,Financial Analyst,exact_id_duplicate,5826343979,finance analyst
Financial Analyst,5825766697,Ascensus,"Financial Analyst, Defined Contribution - India",exact_id_duplicate,5825766697,finance analyst
Financial Analyst,5825362763,J&J Family of Companies,Role Title Sr. Finance Analyst - IMFT VMB,exact_id_duplicate,5825362763,finance analyst
Financial Analyst,5824126945,Johnson & Johnson,Role Title Sr. Finance Analyst – IMFT VMB,exact_id_duplicate,5824126945,finance analyst
Financial Analyst,5824123817,Blackbaud,Senior Financial Analyst,exact_id_duplicate,5824123817,finance analyst
Financial Analyst,5819884423,In Touch,Senior Financial Analyst,exact_id_duplicate,5819884423,finance analyst
Financial Analyst,5816829474,Viavi Solutions,Sr. Financial Analyst,exact_id_duplicate,5816829474,finance analyst
Financial Analyst,5814520961,Cambium Networks,Financial Analyst(Qualified/Semi Qualified CA),exact_id_duplicate,5814520961,finance analyst
Financial Analyst,5814520075,Cohere Health,Sr. Financial Analyst – Operations & Commercial,exact_id_duplicate,5814520075,finance analyst
Financial Analyst,5813413954,Amazon,"Senior Financial Analyst, Data Center Finance",exact_id_duplicate,5813413954,finance analyst
Financial Analyst,5812184807,ADSIPL - Telangana,"Senior Financial Analyst, Data Center Finance",exact_id_duplicate,5812184807,finance analyst
Financial Analyst,5811424458,Amazon,"Senior Financial Analyst - Amazon Logistics, AMZL Finance",exact_id_duplicate,5811424458,finance analyst
Financial Analyst,5811395637,Aleph,Finance Analyst,exact_id_duplicate,5811395637,finance analyst
Financial Analyst,5810418830,Amazon,"Senior Financial Analyst - Amazon Logistics, AMZL Finance",exact_id_duplicate,5810418830,finance analyst
Financial Analyst,5809197135,ASSPL - Karnataka - B56,"Senior Financial Analyst - Amazon Logistics, AMZL Finance",exact_id_duplicate,5809197135,finance analyst
Financial Analyst,5807475821,HP,Financial Analyst 3,exact_id_duplicate,5807475821,finance analyst
Financial Analyst,5805395665,Stripe,"Financial Analyst, Business F&S",exact_id_duplicate,5805395665,finance analyst
Financial Analyst,5801742223,Momentive Software,Financial Analyst,exact_id_duplicate,5801742223,finance analyst
Financial Analyst,5801734520,Turium,Finance Analyst (Chartered Accountant),exact_id_duplicate,5801734520,finance analyst
Financial Analyst,5801721732,Armstrong Fluid Technology,Senior ERP LN Finance Analyst,exact_id_duplicate,5801721732,finance analyst
Financial Analyst,5799340369,MEGMA SERVICES,Investment and Financial analyst CFAWealth Mgt,exact_id_duplicate,5799340369,finance analyst
Financial Analyst,5799340330,SHM ENTERPRISES,Senior Financial Analyst,exact_id_duplicate,5799340330,finance analyst
Financial Analyst,5798278479,o9 Solutions,"Financial Analyst, Senior",exact_id_duplicate,5798278479,finance analyst
Financial Analyst,5796137118,Honeywell,Sr Finance Analyst (PS),exact_id_duplicate,5796137118,finance analyst
Financial Analyst,5795125385,Honeywell Technologies,Sr Finance Analyst (PS),exact_id_duplicate,5795125385,finance analyst
Financial Analyst,5790504769,Pavago,Financial Analyst - FP&A,exact_id_duplicate,5790504769,finance analyst
Financial Analyst,5787826684,ADCI HYD 13 SEZ,"Financial Analyst , Selling Partner Risk Management",exact_id_duplicate,5787826684,finance analyst
Financial Analyst,5784321057,Honeywell,Sr Finance Analyst (PS),exact_id_duplicate,5784321057,finance analyst
Financial Analyst,5782539500,Agilent Technologies,Finance Analyst Advanced,exact_id_duplicate,5782539500,finance analyst
Financial Analyst,5782478624,Talisman HR Solutions,We are hiring for Financial Analyst for Pharma Industry,exact_id_duplicate,5782478624,finance analyst
Financial Analyst,5902910102,MMS,Business and Finance Analyst (Finance/FP&A) India (1 PM–10 PM Shift),exact_id_duplicate,5902910102,fp&a analyst
Financial Analyst,5901425138,MMS,Business and Finance Analyst (Finance/FP&A) India (1 PM–10 PM Shift),exact_id_duplicate,5901425138,fp&a analyst
Financial Analyst,5901252847,Amazon,"Financial Analyst, GFS FP&A",exact_id_duplicate,5901252847,fp&a analyst
Financial Analyst,5886403024,Hitachi,FP&A Financial Analyst - CP&O,exact_id_duplicate,5886403024,fp&a analyst
Financial Analyst,5884376967,J&J Family of Companies,"Sr. Financial Analyst, FP&A Intl, APAC Region",exact_id_duplicate,5884376967,fp&a analyst
Financial Analyst,5880644760,Herbalife,"Financial Analyst, FP&A - India",exact_id_duplicate,5880644760,fp&a analyst
Financial Analyst,5878680543,Kenvue,Lead Finance Analyst: APAC GCC FP&A,exact_id_duplicate,5878680543,fp&a analyst
Financial Analyst,5878635408,Amazon,"Financial Analyst II, GREF FP&A",exact_id_duplicate,5878635408,fp&a analyst
Financial Analyst,5870445772,Amazon,"Sr. Financial Analyst, GFS FP&A, GFS FP&A",exact_id_duplicate,5870445772,fp&a analyst
Financial Analyst,5869814099,Talent Ahead India Private Limited,Finance Analyst - FP&A,exact_id_duplicate,5869814099,fp&a analyst
Financial Analyst,5861794543,Zscaler Softech,"Senior Financial Analyst, FP&A",exact_id_duplicate,5861794543,fp&a analyst
Financial Analyst,5834747469,Okta,"Senior Financial Analyst, FP&A",exact_id_duplicate,5834747469,fp&a analyst
Financial Analyst,5833604983,Amazon,"Financial Analyst, GREF FP&A",exact_id_duplicate,5833604983,fp&a analyst
Financial Analyst,5833014652,Amazon,"Financial Analyst, GREF FP&A",exact_id_duplicate,5833014652,fp&a analyst
Financial Analyst,5831867243,ADCI - Karnataka,"Financial Analyst, GREF FP&A",exact_id_duplicate,5831867243,fp&a analyst
Financial Analyst,5829196144,Hitachi,BU FP&A - Financial Analyst - CP&O,exact_id_duplicate,5829196144,fp&a analyst
Financial Analyst,5790504769,Pavago,Financial Analyst - FP&A,exact_id_duplicate,5790504769,fp&a analyst
Financial Analyst,5799340369,MEGMA SERVICES,Investment and Financial analyst CFAWealth Mgt,exact_id_duplicate,5799340369,investment analyst
Financial Analyst,5901425138,MMS,Business and Finance Analyst (Finance/FP&A) India (1 PM–10 PM Shift),near_duplicate(title+company+desc_prefix),5902910102,financial analyst
Financial Analyst,5899856607,JLL,Senior Finance Analyst - Accounts Payable,near_duplicate(title+company+desc_prefix),5900727856,financial analyst
Financial Analyst,5898504232,GE HealthCare,Lead Service Finance Analyst,near_duplicate(title+company+desc_prefix),5900355217,financial analyst
Financial Analyst,5894179527,Amazon,"Sr. Financial Analyst, Sr. Finance Analyst, RBS, Stores Tech Finance (STF)",near_duplicate(title+company+desc_prefix),5896366313,financial analyst
Financial Analyst,5892382802,Amazon,"Finance Analyst II, APAC ITX team",near_duplicate(title+company+desc_prefix),5892382837,financial analyst
Financial Analyst,5889554665,IRE,Financial Analyst II,near_duplicate(title+company+desc_prefix),5898469201,financial analyst
Financial Analyst,5887225763,Honeywell Aerospace,Sr. Finance Analyst,near_duplicate(title+company+desc_prefix),5887225769,financial analyst
Financial Analyst,5883377936,Mercor,Financial Analyst - Fully Remote,near_duplicate(title+company+desc_prefix),5892547521,financial analyst
Financial Analyst,5879933711,IRE,Financial Analyst II,near_duplicate(title+company+desc_prefix),5898469201,financial analyst
Financial Analyst,5878628822,Amazon,"Financial Analyst I, FOAA Leases",near_duplicate(title+company+desc_prefix),5897049160,financial analyst
Financial Analyst,5871529945,Amazon,"Financial Analyst, FOAA - Payroll",near_duplicate(title+company+desc_prefix),5871530044,financial analyst
Financial Analyst,5870445884,Amazon,"Financial Analyst I, GFS Services FP&A",near_duplicate(title+company+desc_prefix),5871529981,financial analyst
Financial Analyst,5869165734,Amazon,"Financial Analyst, FOAA - Payroll",near_duplicate(title+company+desc_prefix),5872126478,financial analyst
Financial Analyst,5866606059,Honeywell Technologies,Sr Finance Analyst,near_duplicate(title+company+desc_prefix),5866606103,financial analyst
Financial Analyst,5863702549,Emerson,Financial Analyst,near_duplicate(title+company+desc_prefix),5863702581,financial analyst
Financial Analyst,5862120755,ADCI - Karnataka,"Financial Analyst I, FOAA Leases",near_duplicate(title+company+desc_prefix),5895085477,financial analyst
Financial Analyst,5858360458,Emerson,Financial Analyst,near_duplicate(title+company+desc_prefix),5858363739,financial analyst
Financial Analyst,5857952067,Emerson,Financial Analyst,near_duplicate(title+company+desc_prefix),5857952088,financial analyst
Financial Analyst,5857744717,Altisource,Financial Analyst,near_duplicate(title+company+desc_prefix),5857744723,financial analyst
Financial Analyst,5853419591,Mercor,Financial Analyst - AI Collaboration,near_duplicate(title+company+desc_prefix),5894905673,financial analyst
Financial Analyst,5852181686,Mercor,Financial Analyst - Fully Remote,near_duplicate(title+company+desc_prefix),5892547521,financial analyst
Financial Analyst,5850376624,Mondelez,Plant Finance Analyst,near_duplicate(title+company+desc_prefix),5850376716,financial analyst
Financial Analyst,5843972681,Amazon,"Financial Analyst I, FOAA Leases",near_duplicate(title+company+desc_prefix),5896366223,financial analyst
Financial Analyst,5837855088,Mercor,Financial Analyst - Fully Remote,near_duplicate(title+company+desc_prefix),5892547521,financial analyst
Financial Analyst,5837855090,Mercor,Financial Analyst - Fully Remote,near_duplicate(title+company+desc_prefix),5892547521,financial analyst
Financial Analyst,5836443771,Mercor,Financial Analyst - Fully Remote,near_duplicate(title+company+desc_prefix),5892547521,financial analyst
Financial Analyst,5832798183,Milestone Online Technology,Financial Analyst,near_duplicate(title+company+desc_prefix),5832798184,financial analyst
Financial Analyst,5832798173,Milestone Online Technology,Financial Analyst,near_duplicate(title+company+desc_prefix),5832798184,financial analyst
Financial Analyst,5832798152,Milestone Online Technology,Financial Analyst,near_duplicate(title+company+desc_prefix),5832798184,financial analyst
Financial Analyst,5832798153,Milestone Online Technology,Financial Analyst,near_duplicate(title+company+desc_prefix),5832798184,financial analyst
Financial Analyst,5832798149,Milestone Online Technology,Financial Analyst,near_duplicate(title+company+desc_prefix),5832798184,financial analyst
Financial Analyst,5832798145,Milestone Online Technology,Financial Analyst,near_duplicate(title+company+desc_prefix),5832798184,financial analyst
Financial Analyst,5825766697,Ascensus,"Financial Analyst, Defined Contribution - India",near_duplicate(title+company+desc_prefix),5870777947,financial analyst
Financial Analyst,5844972704,Mercor,Investment Analyst - Valuation Expert,near_duplicate(title+company+desc_prefix),5850701061,investment analyst
Financial Analyst,5835340748,Mercor,Investment Analyst - Valuation Expert,near_duplicate(title+company+desc_prefix),5850701061,investment analyst
Financial Analyst,5878653083,Amazon,"Senior Financial Analyst, Data Center Finance",employer_cap(>16 per employer),,data analyst
Financial Analyst,5813413954,Amazon,"Senior Financial Analyst, Data Center Finance",employer_cap(>16 per employer),,data analyst
Financial Analyst,5878707009,Amazon,Financial Analyst Trainee,employer_cap(>16 per employer),,financial analyst
Financial Analyst,5878700636,Amazon,"Senior Financial Analyst, WW Ops Finance",employer_cap(>16 per employer),,financial analyst
Financial Analyst,5878684646,Amazon,"Senior Financial Analyst, FOAA",employer_cap(>16 per employer),,financial analyst
Financial Analyst,5878635408,Amazon,"Financial Analyst II, GREF FP&A",employer_cap(>16 per employer),,financial analyst
Financial Analyst,5877239094,Amazon,"Financial Analyst II, FOAA GST",employer_cap(>16 per employer),,financial analyst
Financial Analyst,5873769653,Amazon,"Senior Financial Analyst, DEX Finance",employer_cap(>16 per employer),,financial analyst
Financial Analyst,5873769650,Amazon,"Finance Analyst, IN Amazon Now Finance",employer_cap(>16 per employer),,financial analyst
Financial Analyst,5873209179,Amazon,"Finance Analyst, IN Amazon Now Finance",employer_cap(>16 per employer),,financial analyst
Financial Analyst,5873173112,Amazon,"Senior Financial Analyst, DEX Finance",employer_cap(>16 per employer),,financial analyst
Financial Analyst,5872132659,Amazon,"Financial Analyst I, FOAA Accounts Payable",employer_cap(>16 per employer),,financial analyst
Financial Analyst,5872126478,Amazon,"Financial Analyst, FOAA - Payroll",employer_cap(>16 per employer),,financial analyst
Financial Analyst,5872086265,Amazon,"Financial Analyst III, FOAA Accounts Payable",employer_cap(>16 per employer),,financial analyst
Financial Analyst,5872080209,Amazon,"Financial Analyst I, GFS Services FP&A",employer_cap(>16 per employer),,financial analyst
Financial Analyst,5871530052,Amazon,"Financial Analyst III, FOAA Accounts Payable",employer_cap(>16 per employer),,financial analyst
Financial Analyst,5871530003,Amazon,"Financial Analyst Intern, NL/RE&E Finance team",employer_cap(>16 per employer),,financial analyst
Financial Analyst,5871529981,Amazon,"Financial Analyst I, GFS Services FP&A",employer_cap(>16 per employer),,financial analyst
Financial Analyst,5871530038,Amazon,"Financial Analyst I, FOAA Accounts Payable",employer_cap(>16 per employer),,financial analyst
Financial Analyst,5871530044,Amazon,"Financial Analyst, FOAA - Payroll",employer_cap(>16 per employer),,financial analyst
Financial Analyst,5871529816,Amazon,"Financial Analyst Intern, Accounting",employer_cap(>16 per employer),,financial analyst
Financial Analyst,5870784118,Amazon,"Financial Analyst Intern, NL/RE&E Finance team",employer_cap(>16 per employer),,financial analyst
Financial Analyst,5870445772,Amazon,"Sr. Financial Analyst, GFS FP&A, GFS FP&A",employer_cap(>16 per employer),,financial analyst
Financial Analyst,5869202890,Amazon,"Finance Analyst, India AMZL Finance",employer_cap(>16 per employer),,financial analyst
Financial Analyst,5868418033,Amazon,"Finance Analyst, India AMZL Finance",employer_cap(>16 per employer),,financial analyst
Financial Analyst,5859754273,Amazon,"Financial Analyst Intern, AMZL",employer_cap(>16 per employer),,financial analyst
Financial Analyst,5859419653,Amazon,"Financial Analyst Intern, AMZL",employer_cap(>16 per employer),,financial analyst
Financial Analyst,5852573951,Amazon,"Financial Analyst Intern, Accounting",employer_cap(>16 per employer),,financial analyst
Financial Analyst,5841966281,Amazon,"Financial Analyst , Selling Partner Risk Management",employer_cap(>16 per employer),,financial analyst
Financial Analyst,5840380650,Amazon,"Financial Analyst II, Financial Operations Accounting Analysis",employer_cap(>16 per employer),,financial analyst
Financial Analyst,5839578939,Amazon,Financial Analyst Intern,employer_cap(>16 per employer),,financial analyst
Financial Analyst,5839578926,Amazon,"Financial Analyst II, Financial Operations Accounting Analysis",employer_cap(>16 per employer),,financial analyst
Financial Analyst,5837796355,Amazon,"Senior Financial Analyst, FOAA",employer_cap(>16 per employer),,financial analyst
Financial Analyst,5833604983,Amazon,"Financial Analyst, GREF FP&A",employer_cap(>16 per employer),,financial analyst
Financial Analyst,5833014593,Amazon,"Financial Analyst I, FOAA",employer_cap(>16 per employer),,financial analyst
Financial Analyst,5833014652,Amazon,"Financial Analyst, GREF FP&A",employer_cap(>16 per employer),,financial analyst
Financial Analyst,5828761446,Amazon,"Financial Analyst II, ASSPL Finance Team",employer_cap(>16 per employer),,financial analyst
Financial Analyst,5827450572,Amazon,"Financial Analyst , Selling Partner Risk Management",employer_cap(>16 per employer),,financial analyst
Financial Analyst,5811424458,Amazon,"Senior Financial Analyst - Amazon Logistics, AMZL Finance",employer_cap(>16 per employer),,financial analyst
Financial Analyst,5810418830,Amazon,"Senior Financial Analyst - Amazon Logistics, AMZL Finance",employer_cap(>16 per employer),,financial analyst
Financial Analyst,5834740879,HP,Financial Analyst 2,employer_cap(>16 per employer),,financial analyst
Financial Analyst,5827928983,HP,Financial Analyst-Contra Revenue,employer_cap(>16 per employer),,financial analyst
Financial Analyst,5807475821,HP,Financial Analyst 3,employer_cap(>16 per employer),,financial analyst
Mechanical Engineer,5902920829,Hitachi,Mechanical Design Engineer,exact_id_duplicate,5902920829,mechanical design engineer
Mechanical Engineer,5900875630,HCLTech,"Mechanical Design Engineer (Jigs and Fixtures, SPM, Static Structural Ansys)",exact_id_duplicate,5900875630,mechanical design engineer
Mechanical Engineer,5900354521,Applied Materials,Mechanical Design Engineer II,exact_id_duplicate,5900354521,mechanical design engineer
Mechanical Engineer,5899871593,Conax Technologies,Mechanical Design Engineer - IND,exact_id_duplicate,5899871593,mechanical design engineer
Mechanical Engineer,5899329321,Xylem,MECHANICAL DESIGN ENGINEER,exact_id_duplicate,5899329321,mechanical design engineer
Mechanical Engineer,5899083091,Deerns Groep BV,Mechanical Design Engineer - Data Center,exact_id_duplicate,5899083091,mechanical design engineer
Mechanical Engineer,5898599451,Hummingbird Scientific,Senior Mechanical Engineer - Precision Design,exact_id_duplicate,5898599451,mechanical design engineer
Mechanical Engineer,5898484563,Opalforce,Mechanical Design Engineer,exact_id_duplicate,5898484563,mechanical design engineer
Mechanical Engineer,5897785755,Deerns Groep BV,Lead Mechanical Design Engineer - Data Center,exact_id_duplicate,5897785755,mechanical design engineer
Mechanical Engineer,5897067533,Xylem,Mechanical Design Engineer,exact_id_duplicate,5897067533,mechanical design engineer
Mechanical Engineer,5897066246,Applied Materials,Mechanical Design Engineer II,exact_id_duplicate,5897066246,mechanical design engineer
Mechanical Engineer,5897039296,Xylem,Mechanical Design Engineer,exact_id_duplicate,5897039296,mechanical design engineer
Mechanical Engineer,5896368691,Xylem,Mechanical Design Engineer,exact_id_duplicate,5896368691,mechanical design engineer
Mechanical Engineer,5896030141,Capgemini Engineering,Mechanical Design Engineer,exact_id_duplicate,5896030141,mechanical design engineer
Mechanical Engineer,5895661981,Bosch Group,Mechanical Design Engineer (Specialist) - Design of a Servo Motor for Industrial application,exact_id_duplicate,5895661981,mechanical design engineer
Mechanical Engineer,5894627705,Schneider Electric,Mechanical Engineer-Systems Design,exact_id_duplicate,5894627705,mechanical design engineer
Mechanical Engineer,5894590300,Pall Corporation,Mechanical Design Engineer I (Pressure vessel),exact_id_duplicate,5894590300,mechanical design engineer
Mechanical Engineer,5891867540,Flowserve Corporation,Senior Mechanical Engineer - Pump Design,exact_id_duplicate,5891867540,mechanical design engineer
Mechanical Engineer,5891403723,Amazon,"Sr. Mechanical Design Engineer, APAC Mech DE",exact_id_duplicate,5891403723,mechanical design engineer
Mechanical Engineer,5891226463,Umanist Staffing LLC,Sr. Mechanical Design Engineer – STP,exact_id_duplicate,5891226463,mechanical design engineer
Mechanical Engineer,5890812500,Xylem,Mechanical Design Engineer,exact_id_duplicate,5890812500,mechanical design engineer
Mechanical Engineer,5889560059,Amazon,"Sr. Mechanical Design Engineer, APAC Mech DE",exact_id_duplicate,5889560059,mechanical design engineer
Mechanical Engineer,5889545975,Agility Robotics,Senior Application Mechanical Engineer / Designer,exact_id_duplicate,5889545975,mechanical design engineer
Mechanical Engineer,5889535655,LT-Larsen & Toubro,R&D Mechanical Design Engineer,exact_id_duplicate,5889535655,mechanical design engineer
Mechanical Engineer,5889518989,Paarvision Autonomy,Mechanical Design Engineer,exact_id_duplicate,5889518989,mechanical design engineer
Mechanical Engineer,5889409702,SYNTEGON,Mechanical Design Engineer (Managed by Klenzaids Contamination Controls Pvt. Ltd.),exact_id_duplicate,5889409702,mechanical design engineer
Mechanical Engineer,5887959966,Vanderlande Industries,Mechanical Design Engineer,exact_id_duplicate,5887959966,mechanical design engineer
Mechanical Engineer,5887546560,ADSIPL - Maharashtra - E22,"Sr. Mechanical Design Engineer, APAC Mech DE",exact_id_duplicate,5887546560,mechanical design engineer
Mechanical Engineer,5883489738,SEGULA Technologies,Mechanical Design Engineer,exact_id_duplicate,5883489738,mechanical design engineer
Mechanical Engineer,5883283370,Xylem,Mechanical Design Engineer,exact_id_duplicate,5883283370,mechanical design engineer
Mechanical Engineer,5883283372,Xylem,Mechanical Design Engineer,exact_id_duplicate,5883283372,mechanical design engineer
Mechanical Engineer,5881135057,Fluence Energy,Lead Mechanical Design Engineer – CAD,exact_id_duplicate,5881135057,mechanical design engineer
Mechanical Engineer,5881109288,Xylem,Mechanical Design Engineer,exact_id_duplicate,5881109288,mechanical design engineer
Mechanical Engineer,5880855421,one75mbhrm pvt ltd,SPM Mechanical Design Engineer,exact_id_duplicate,5880855421,mechanical design engineer
Mechanical Engineer,5880669030,Applied Materials,Mechanical Design Engineer,exact_id_duplicate,5880669030,mechanical design engineer
Mechanical Engineer,5879903812,Applied Materials,Mechanical Design Engineer,exact_id_duplicate,5879903812,mechanical design engineer
Mechanical Engineer,5877829044,Genrobotic Innovations Private Limited,Senior Mechanical Design Engineer (4 -8 Years),exact_id_duplicate,5877829044,mechanical design engineer
Mechanical Engineer,5875084300,atkinsrealis,Mechanical Engineer design - Hydropower,exact_id_duplicate,5875084300,mechanical design engineer
Mechanical Engineer,5875071640,Kuche7,Mechanical Engineer - QC/ Production/ Design,exact_id_duplicate,5875071640,mechanical design engineer
Mechanical Engineer,5875067960,SWASTIK PLACEMENT AGENCY,Mechanical Design Engineer,exact_id_duplicate,5875067960,mechanical design engineer
Mechanical Engineer,5873987768,Infosys,Mechanical Design Engineer,exact_id_duplicate,5873987768,mechanical design engineer
Mechanical Engineer,5873201634,AtkinsRéalis,Mechanical Engineer design - Hydropower,exact_id_duplicate,5873201634,mechanical design engineer
Mechanical Engineer,5872136831,Hitachi,Mechanical Design Engineer,exact_id_duplicate,5872136831,mechanical design engineer
Mechanical Engineer,5871788419,Origin,Senior Mechanical Design Engineer,exact_id_duplicate,5871788419,mechanical design engineer
Mechanical Engineer,5871530210,Applied Materials,Mechanical Engineer (E3) - Design for Manufacturing (DFM),exact_id_duplicate,5871530210,mechanical design engineer
Mechanical Engineer,5871530214,Applied Materials,Mechanical Engineer (E3) - Design for Cost (DFC),exact_id_duplicate,5871530214,mechanical design engineer
Mechanical Engineer,5871260170,ThinkMetal,Mechanical Design Engineer,exact_id_duplicate,5871260170,mechanical design engineer
Mechanical Engineer,5870790222,Applied Materials,Mechanical Engineer (E3) – Design for Cost (DFC),exact_id_duplicate,5870790222,mechanical design engineer
Mechanical Engineer,5870758261,Applied Materials,Mechanical Engineer (E3) – Design for Manufacturing (DFM),exact_id_duplicate,5870758261,mechanical design engineer
Mechanical Engineer,5869147004,Kaapro Management Solutions,Mechanical Design Engineer / CAD Engineer,exact_id_duplicate,5869147004,mechanical design engineer
Mechanical Engineer,5868702037,Weekday AI,Mechanical Design Engineer,exact_id_duplicate,5868702037,mechanical design engineer
Mechanical Engineer,5867231037,Hitachi,Mechanical Design Engineer,exact_id_duplicate,5867231037,mechanical design engineer
Mechanical Engineer,5862786267,Safran,Mechanical Engineer - Product Design,exact_id_duplicate,5862786267,mechanical design engineer
Mechanical Engineer,5861793275,3G HR Services,Mechanical Design Engineer,exact_id_duplicate,5861793275,mechanical design engineer
Mechanical Engineer,5856963032,Xylem,Mechanical Design Engineer,exact_id_duplicate,5856963032,mechanical design engineer
Mechanical Engineer,5856317450,Naukripay,Mechanical design engineer ( Rajkot),exact_id_duplicate,5856317450,mechanical design engineer
Mechanical Engineer,5856197353,Infosys Limited,Mechanical Design Engineer,exact_id_duplicate,5856197353,mechanical design engineer
Mechanical Engineer,5855494716,Xylem,Mechanical Design Engineer,exact_id_duplicate,5855494716,mechanical design engineer
Mechanical Engineer,5851860347,Ametek Instruments India,Mechanical Design Engineer,exact_id_duplicate,5851860347,mechanical design engineer
Mechanical Engineer,5843888359,Smart Work Consultants,HVAC Mechanical Design Engineer,exact_id_duplicate,5843888359,mechanical design engineer
Mechanical Engineer,5841921691,Hytorc,Mechanical Design Engineer,exact_id_duplicate,5841921691,mechanical design engineer
Mechanical Engineer,5841388191,Nikkiso Clean Energy & Industrial Gases,Mechanical Design Engineer,exact_id_duplicate,5841388191,mechanical design engineer
Mechanical Engineer,5840370807,Danaher,Mechanical Design Engineer I (Pressure vessel),exact_id_duplicate,5840370807,mechanical design engineer
Mechanical Engineer,5837799125,Danaher Corporation,Mechanical Design Engineer I (Pressure vessel),exact_id_duplicate,5837799125,mechanical design engineer
Mechanical Engineer,5836842958,Hitachi,R&D Mechanical Design Engineer (Edge Solutions) - IDC,exact_id_duplicate,5836842958,mechanical design engineer
Mechanical Engineer,5834391438,Xylem,Mechanical Design Engineer,exact_id_duplicate,5834391438,mechanical design engineer
Mechanical Engineer,5832795782,Netradyne,Mechanical Design Engineer,exact_id_duplicate,5832795782,mechanical design engineer
Mechanical Engineer,5831399013,Barry Wehmiller,Process Mechanical Design Engineer,exact_id_duplicate,5831399013,mechanical design engineer
Mechanical Engineer,5822422119,Atomionics PTE.,Mechanical Design Engineer (Field Deployment),exact_id_duplicate,5822422119,mechanical design engineer
Mechanical Engineer,5822060693,Xylem,Mechanical Design Engineer,exact_id_duplicate,5822060693,mechanical design engineer
Mechanical Engineer,5819909316,Hitachi,Mechanical Design Engineer,exact_id_duplicate,5819909316,mechanical design engineer
Mechanical Engineer,5815846184,LT-Larsen & Toubro,BESS Mechanical Design Engineer,exact_id_duplicate,5815846184,mechanical design engineer
Mechanical Engineer,5811661968,NAVINYAA SOLUTIONS PRIVATE LIMITED,Senior Mechanical Design Engineer,exact_id_duplicate,5811661968,mechanical design engineer
Mechanical Engineer,5811416265,Kaapro Management Solutions,Mechanical Design Engineer at Navsari,exact_id_duplicate,5811416265,mechanical design engineer
Mechanical Engineer,5811356959,Ceragon,Mechanical Design Engineer,exact_id_duplicate,5811356959,mechanical design engineer
Mechanical Engineer,5809881234,Hitachi,R&D Mechanical Design engineer (High Voltage) - IDC,exact_id_duplicate,5809881234,mechanical design engineer
Mechanical Engineer,5809837752,NOV,Mechanical Design Engineer,exact_id_duplicate,5809837752,mechanical design engineer
Mechanical Engineer,5807873455,Amazon,"Sr Mechanical Design Engineer - CFD, Mechanical DE",exact_id_duplicate,5807873455,mechanical design engineer
Mechanical Engineer,5807475619,Amazon,"Sr Mechanical Design Engineer - CFD, Mechanical DE",exact_id_duplicate,5807475619,mechanical design engineer
Mechanical Engineer,5806010015,ADSIPL - Maharashtra,"Sr Mechanical Design Engineer - CFD, Mechanical DE",exact_id_duplicate,5806010015,mechanical design engineer
Mechanical Engineer,5805829842,Medtronic,Senior Principal Mechanical Design Engineer,exact_id_duplicate,5805829842,mechanical design engineer
Mechanical Engineer,5805396338,Medtronic,Senior Principal Mechanical Design Engineer,exact_id_duplicate,5805396338,mechanical design engineer
Mechanical Engineer,5801782421,Armstrong Fluid Technology,"Mechanical Design Engineer, Industrial and Mining",exact_id_duplicate,5801782421,mechanical design engineer
Mechanical Engineer,5800930558,SolarEdge,Mechanical Design Engineer,exact_id_duplicate,5800930558,mechanical design engineer
Mechanical Engineer,5799340639,NEWAGE TECH SOLUTION PRIVATE LIMITED,Mechanical Design Engineer,exact_id_duplicate,5799340639,mechanical design engineer
Mechanical Engineer,5900727635,Kaapro Management Solutions,Urgent Opening For CAD Engineer – Mechanical - Ahmedabad,exact_id_duplicate,5900727635,cad engineer
Mechanical Engineer,5881135057,Fluence Energy,Lead Mechanical Design Engineer – CAD,exact_id_duplicate,5881135057,cad engineer
Mechanical Engineer,5869147004,Kaapro Management Solutions,Mechanical Design Engineer / CAD Engineer,exact_id_duplicate,5869147004,cad engineer
Mechanical Engineer,5890809784,Fluence Energy,Electrical CAD Engineer,exact_id_duplicate,5890809784,electrical engineer
Mechanical Engineer,5866922860,Pharvinex Group,Electrical & Mechanical Engineer,exact_id_duplicate,5866922860,electrical engineer
Mechanical Engineer,5899861851,Generac,Mechanical Engineer III (Senior),near_duplicate(title+company+desc_prefix),5899869638,mechanical engineer
Mechanical Engineer,5897066246,Applied Materials,Mechanical Design Engineer II,near_duplicate(title+company+desc_prefix),5900354521,mechanical engineer
Mechanical Engineer,5897039296,Xylem,Mechanical Design Engineer,near_duplicate(title+company+desc_prefix),5897067533,mechanical engineer
Mechanical Engineer,5895403410,Worley,Mechanical Engineer Level I,near_duplicate(title+company+desc_prefix),5896658003,mechanical engineer
Mechanical Engineer,5890812500,Xylem,Mechanical Design Engineer,near_duplicate(title+company+desc_prefix),5897067533,mechanical engineer
Mechanical Engineer,5888775107,ThermoFisher Scientific,Mechanical Engineer III,near_duplicate(title+company+desc_prefix),5888775106,mechanical engineer
Mechanical Engineer,5887878892,Thermo Fisher Scientific,Mechanical Engineer III,near_duplicate(title+company+desc_prefix),5887953871,mechanical engineer
Mechanical Engineer,5883283372,Xylem,Mechanical Design Engineer,near_duplicate(title+company+desc_prefix),5883283370,mechanical engineer
Mechanical Engineer,5881162432,Applied Materials,"Mechanical Engineer – Enclosures, Frames & Sheet Metal",near_duplicate(title+company+desc_prefix),5882272824,mechanical engineer
Mechanical Engineer,5881159145,Applied Materials,Mechanical Engineer,near_duplicate(title+company+desc_prefix),5882272818,mechanical engineer
Mechanical Engineer,5881109288,Xylem,Mechanical Design Engineer,near_duplicate(title+company+desc_prefix),5897067533,mechanical engineer
Mechanical Engineer,5880669028,Applied Materials,Mechanical Engineer,near_duplicate(title+company+desc_prefix),5882272818,mechanical engineer
Mechanical Engineer,5879948051,Applied Materials,Mechanical Engineer,near_duplicate(title+company+desc_prefix),5882272818,mechanical engineer
Mechanical Engineer,5879903812,Applied Materials,Mechanical Design Engineer,near_duplicate(title+company+desc_prefix),5880669030,mechanical engineer
Mechanical Engineer,5878037701,SSOE Group,Mechanical Engineer,near_duplicate(title+company+desc_prefix),5880644790,mechanical engineer
Mechanical Engineer,5877229419,KBR,Mechanical Engineer- Packages,near_duplicate(title+company+desc_prefix),5879365398,mechanical engineer
Mechanical Engineer,5873191026,KBR,Mechanical Engineer- Static Equipment,near_duplicate(title+company+desc_prefix),5873770204,mechanical engineer
Mechanical Engineer,5870790222,Applied Materials,Mechanical Engineer (E3) – Design for Cost (DFC),near_duplicate(title+company+desc_prefix),5871530214,mechanical engineer
Mechanical Engineer,5870758261,Applied Materials,Mechanical Engineer (E3) – Design for Manufacturing (DFM),near_duplicate(title+company+desc_prefix),5871530210,mechanical engineer
Mechanical Engineer,5866590005,Applied Materials,Mechanical Engineer,near_duplicate(title+company+desc_prefix),5882272818,mechanical engineer
Mechanical Engineer,5864843664,Applied Materials,Mechanical Engineer,near_duplicate(title+company+desc_prefix),5882272818,mechanical engineer
Mechanical Engineer,5861951928,Black & Veatch,Staff Engineer - Mechanical Engineer - Data Center HVAC & Plumbing Design Job Details | Black & Veatch Family of Companies,near_duplicate(title+company+desc_prefix),5861951934,mechanical engineer
Mechanical Engineer,5856963032,Xylem,Mechanical Design Engineer,near_duplicate(title+company+desc_prefix),5897067533,mechanical engineer
Mechanical Engineer,5855494716,Xylem,Mechanical Design Engineer,near_duplicate(title+company+desc_prefix),5897067533,mechanical engineer
Mechanical Engineer,5853693646,Applied Materials,Mechanical Engineer,near_duplicate(title+company+desc_prefix),5882272818,mechanical engineer
Mechanical Engineer,5853357369,Applied Materials,Mechanical Engineer,near_duplicate(title+company+desc_prefix),5882272818,mechanical engineer
Mechanical Engineer,5853357388,Applied Materials,"Manager, Mechanical Engineer",near_duplicate(title+company+desc_prefix),5854446765,mechanical engineer
Mechanical Engineer,5851503550,Lapmaster Wolters,Sr. Mechanical Engineer,near_duplicate(title+company+desc_prefix),5853711462,mechanical engineer
Mechanical Engineer,5850637051,WSP USA,Senior Mechanical Engineer - Water,near_duplicate(title+company+desc_prefix),5850637041,mechanical engineer
Mechanical Engineer,5850636994,WSP USA,Senior Mechanical Engineer - Water,near_duplicate(title+company+desc_prefix),5850637041,mechanical engineer
Mechanical Engineer,5847844730,Applied Materials,Mechanical Engineer,near_duplicate(title+company+desc_prefix),5882272818,mechanical engineer
Mechanical Engineer,5846921663,Applied Materials,Mechanical Engineer,near_duplicate(title+company+desc_prefix),5882272818,mechanical engineer
Mechanical Engineer,5837855089,Mercor,Mechanical Engineer - Fully Remote,near_duplicate(title+company+desc_prefix),5839871069,mechanical engineer
Mechanical Engineer,5833581865,Flowserve Corporation,Mechanical Engineer,near_duplicate(title+company+desc_prefix),5862271534,mechanical engineer
Mechanical Engineer,5823360385,Applied Materials,Mechanical Engineer,near_duplicate(title+company+desc_prefix),5823360382,mechanical engineer
Mechanical Engineer,5822432623,Applied Materials,Mechanical Engineer,near_duplicate(title+company+desc_prefix),5823360382,mechanical engineer
Mechanical Engineer,5822429577,Applied Materials,Mechanical Engineer,near_duplicate(title+company+desc_prefix),5823360382,mechanical engineer
Mechanical Engineer,5822058494,Flowserve Corporation,Mechanical Engineer,near_duplicate(title+company+desc_prefix),5843987054,mechanical engineer
Mechanical Engineer,5816839343,Worley,Mechanical Engineer/Senior Mechanical Engineer,near_duplicate(title+company+desc_prefix),5900808829,mechanical engineer
Mechanical Engineer,5808859130,headsquestcom,Sr Mechanical Engineer (Erection),near_duplicate(title+company+desc_prefix),5808859139,mechanical engineer
Mechanical Engineer,5793762372,SSOE Group,Mechanical Engineer,near_duplicate(title+company+desc_prefix),5793762920,mechanical engineer
Mechanical Engineer,5793762391,SSOE Group,Mechanical Engineer,near_duplicate(title+company+desc_prefix),5793762920,mechanical engineer
Mechanical Engineer,5787618143,Applied Materials,Principal Mechanical Engineer,near_duplicate(title+company+desc_prefix),5793321015,mechanical engineer
Mechanical Engineer,5885975159,TYLsemi,Senior CAD Engineer,near_duplicate(title+company+desc_prefix),5886378786,cad engineer
Mechanical Engineer,5871277726,Leica Biosystems,CAD Engineer,near_duplicate(title+company+desc_prefix),5871277739,cad engineer
Mechanical Engineer,5850373125,NVIDIA,CAD Engineer,near_duplicate(title+company+desc_prefix),5850373144,cad engineer
Electrical Engineer,5877847521,Sgs Infratech,Mechanical & Electrical Engineer,exact_id_duplicate,5877847521,electrical engineer
Electrical Engineer,5902942212,ASSYSTEM,Electrical Design Engineer,exact_id_duplicate,5902942212,electrical design engineer
Electrical Engineer,5897785780,Hudson Manpower,Electrical Design Engineer(Substation) | Mumbai,exact_id_duplicate,5897785780,electrical design engineer
Electrical Engineer,5897335597,ASSYSTEM,Electrical Design Engineer,exact_id_duplicate,5897335597,electrical design engineer
Electrical Engineer,5897335621,ASSYSTEM,Electrical Design Engineer,exact_id_duplicate,5897335621,electrical design engineer
Electrical Engineer,5897038613,Amazon,"Sr. Electrical Design Engineer, APAC Data Center Design Engineering",exact_id_duplicate,5897038613,electrical design engineer
Electrical Engineer,5896366183,Amazon,"Sr. Electrical Design Engineer, APAC Data Center Design Engineering",exact_id_duplicate,5896366183,electrical design engineer
Electrical Engineer,5892944239,GE Vernova,Lead Electrical Design Engineer,exact_id_duplicate,5892944239,electrical design engineer
Electrical Engineer,5891404248,GE Vernova,Lead Electrical Design Engineer,exact_id_duplicate,5891404248,electrical design engineer
Electrical Engineer,5890783001,Hitachi,Electrical Design Engineer,exact_id_duplicate,5890783001,electrical design engineer
Electrical Engineer,5887004460,IPS Vantage Tech Services Private Limited,Electrical Design Engineer,exact_id_duplicate,5887004460,electrical design engineer
Electrical Engineer,5886132886,NAVINYAA SOLUTIONS PRIVATE LIMITED,Senior Electrical Design Engineer,exact_id_duplicate,5886132886,electrical design engineer
Electrical Engineer,5885451260,Jobsplan Dot Com,Electrical Design Engineer,exact_id_duplicate,5885451260,electrical design engineer
Electrical Engineer,5882766666,LT-Larsen & Toubro,Edrc Electrical Design Engineer,exact_id_duplicate,5882766666,electrical design engineer
Electrical Engineer,5880854399,Uppteam,Electrical Design Engineer,exact_id_duplicate,5880854399,electrical design engineer
Electrical Engineer,5880853891,Uppteam,Electrical Design Engineer,exact_id_duplicate,5880853891,electrical design engineer
Electrical Engineer,5878641226,Amazon,"Sr. Electrical Design Engineer, APAC Data Center Design Engineering",exact_id_duplicate,5878641226,electrical design engineer
Electrical Engineer,5877297057,Hitachi,Electrical Design Engineer,exact_id_duplicate,5877297057,electrical design engineer
Electrical Engineer,5875071126,United HR Solutions Pvt Ltd,Electrical Design Engineer,exact_id_duplicate,5875071126,electrical design engineer
Electrical Engineer,5874265205,Real Placements,Electrical Design Engineer (Solar),exact_id_duplicate,5874265205,electrical design engineer
Electrical Engineer,5873193288,Talisman HR Solutions,We are hiring Assistant Senior Electrical Design Engineer for an MNC Pharmaceutical in Mumbai,exact_id_duplicate,5873193288,electrical design engineer
Electrical Engineer,5873171748,Aptiv,Hardware Electrical Design Engineer - Automotive,exact_id_duplicate,5873171748,electrical design engineer
Electrical Engineer,5872123649,Hitachi,Electrical Design Engineer,exact_id_duplicate,5872123649,electrical design engineer
Electrical Engineer,5860539977,Isgec Heavy Engineering,Electrical Design Engineer,exact_id_duplicate,5860539977,electrical design engineer
Electrical Engineer,5854446727,Miracle HR Solution,Electrical Design Engineer - Vadodara (POR),exact_id_duplicate,5854446727,electrical design engineer
Electrical Engineer,5851146933,LT-Larsen & Toubro,Electrical Design Engineer,exact_id_duplicate,5851146933,electrical design engineer
Electrical Engineer,5851140922,LT-Larsen & Toubro,BESS Electrical Design Engineer Lead,exact_id_duplicate,5851140922,electrical design engineer
Electrical Engineer,5850370632,Utkarsh Placement Private Limited,Electrical Engineer (Design),exact_id_duplicate,5850370632,electrical design engineer
Electrical Engineer,5848352248,Vertiv Group,Sr. Electrical Design Engineer,exact_id_duplicate,5848352248,electrical design engineer
Electrical Engineer,5843888360,Smart Work Consultants,Electrical Design Engineer MEP,exact_id_duplicate,5843888360,electrical design engineer
Electrical Engineer,5843155326,Ashita Business Solutions,Electrical Design Engineer – Power Transformer,exact_id_duplicate,5843155326,electrical design engineer
Electrical Engineer,5842616993,Executive Softway Guild India Private Limited,Electrical Design Engineer,exact_id_duplicate,5842616993,electrical design engineer
Electrical Engineer,5842548076,HR JOBS CONSULTANCY,Sr Electrical Design Engineer EPC Thermal Power Plant,exact_id_duplicate,5842548076,electrical design engineer
Electrical Engineer,5840385976,Hitachi,Electrical Design Engineer,exact_id_duplicate,5840385976,electrical design engineer
Electrical Engineer,5834761128,Hitachi,Electrical Design Engineer,exact_id_duplicate,5834761128,electrical design engineer
Electrical Engineer,5832799420,Ebizon Net Info,Electrical Design Engineer,exact_id_duplicate,5832799420,electrical design engineer
Electrical Engineer,5831399004,Barry Wehmiller,Electrical Design Engineer (LV Control Panel),exact_id_duplicate,5831399004,electrical design engineer
Electrical Engineer,5822436799,LT-Larsen & Toubro,Electrical Design Engineer,exact_id_duplicate,5822436799,electrical design engineer
Electrical Engineer,5819863040,LT-Larsen & Toubro,Sr.Electrical Design Engineer,exact_id_duplicate,5819863040,electrical design engineer
Electrical Engineer,5819856131,Hitachi,Electrical Design Engineer,exact_id_duplicate,5819856131,electrical design engineer
Electrical Engineer,5811668063,Right Advisors Private Limited,Electrical Design Engineer,exact_id_duplicate,5811668063,electrical design engineer
Electrical Engineer,5808699109,Millicon Consultant Engineers Pvt Ltd,Electrical Design Engineer,exact_id_duplicate,5808699109,electrical design engineer
Electrical Engineer,5808485379,Hitachi,Electrical Design Engineer,exact_id_duplicate,5808485379,electrical design engineer
Electrical Engineer,5806900720,Amazon,"Sr. Electrical Design Engineer, APAC Data Center Design Engineering",exact_id_duplicate,5806900720,electrical design engineer
Electrical Engineer,5804687014,ADSIPL - Maharashtra,"Sr. Electrical Design Engineer, APAC Data Center Design Engineering",exact_id_duplicate,5804687014,electrical design engineer
Electrical Engineer,5799340249,NEWAGE TECH SOLUTION PRIVATE LIMITED,Electrical Design Engineer,exact_id_duplicate,5799340249,electrical design engineer
Electrical Engineer,5796097956,Applied Materials,Servo Drives development - Electrical Design Engineer,exact_id_duplicate,5796097956,electrical design engineer
Electrical Engineer,5789591361,Applied Materials,Servo Drives development - Electrical Design Engineer,exact_id_duplicate,5789591361,electrical design engineer
Electrical Engineer,5829884868,Megha Engineering and Infrastructure,Quality Electrical Engineer - Solar,exact_id_duplicate,5829884868,quality engineer
Electrical Engineer,5899835038,GE Vernova,Lead Electrical Engineer,near_duplicate(title+company+desc_prefix),5900355288,electrical engineer
Electrical Engineer,5897335597,ASSYSTEM,Electrical Design Engineer,near_duplicate(title+company+desc_prefix),5902942212,electrical engineer
Electrical Engineer,5891455303,Mercor,Electrical Engineer - Fully Remote,near_duplicate(title+company+desc_prefix),5902631728,electrical engineer
Electrical Engineer,5891404248,GE Vernova,Lead Electrical Design Engineer,near_duplicate(title+company+desc_prefix),5892944239,electrical engineer
Electrical Engineer,5889593371,Applied Materials,Electrical Engineer,near_duplicate(title+company+desc_prefix),5891403787,electrical engineer
Electrical Engineer,5888770952,Applied Materials,Electrical Engineer,near_duplicate(title+company+desc_prefix),5891403787,electrical engineer
Electrical Engineer,5887934628,Applied Materials,Electrical Engineer,near_duplicate(title+company+desc_prefix),5891403787,electrical engineer
Electrical Engineer,5882767868,KBR,Senior Electrical Engineer,near_duplicate(title+company+desc_prefix),5883281066,electrical engineer
Electrical Engineer,5880669044,Applied Materials,Electrical Engineer,near_duplicate(title+company+desc_prefix),5891403787,electrical engineer
Electrical Engineer,5879885063,Applied Materials,Electrical Engineer,near_duplicate(title+company+desc_prefix),5891403787,electrical engineer
Electrical Engineer,5879144001,Vehant Technologies,Electrical Engineer,near_duplicate(title+company+desc_prefix),5879144036,electrical engineer
Electrical Engineer,5878641226,Amazon,"Sr. Electrical Design Engineer, APAC Data Center Design Engineering",near_duplicate(title+company+desc_prefix),5897038613,electrical engineer
Electrical Engineer,5864028072,Mercor,Electrical Engineer - Fully Remote,near_duplicate(title+company+desc_prefix),5902631728,electrical engineer
Electrical Engineer,5862286503,Applied Materials,Deputy Director - Electrical Engineer,near_duplicate(title+company+desc_prefix),5862780791,electrical engineer
Electrical Engineer,5861959694,GE Vernova,Electrical Engineer,near_duplicate(title+company+desc_prefix),5862283323,electrical engineer
Electrical Engineer,5861959686,GE Vernova,Lead Electrical Engineer,near_duplicate(title+company+desc_prefix),5862272272,electrical engineer
Electrical Engineer,5861856252,2coms,Electrical Engineer,near_duplicate(title+company+desc_prefix),5899280894,electrical engineer
Electrical Engineer,5853700247,Magna International,Electrical Engineer,near_duplicate(title+company+desc_prefix),5901480953,electrical engineer
Electrical Engineer,5853357386,Applied Materials,Manager - Electrical Engineer,near_duplicate(title+company+desc_prefix),5854444759,electrical engineer
Electrical Engineer,5852181696,Mercor,Electrical Engineer - Fully Remote,near_duplicate(title+company+desc_prefix),5902631728,electrical engineer
Electrical Engineer,5842826146,Mercor,Electrical Engineer - Fully Remote,near_duplicate(title+company+desc_prefix),5902631728,electrical engineer
Electrical Engineer,5839871079,Mercor,Electrical Engineer - Fully Remote,near_duplicate(title+company+desc_prefix),5902631728,electrical engineer
Electrical Engineer,5835340747,Mercor,Electrical Engineer - Fully Remote,near_duplicate(title+company+desc_prefix),5902631728,electrical engineer
Electrical Engineer,5830606735,Danaher,Senior Electrical Engineer,near_duplicate(title+company+desc_prefix),5891869618,electrical engineer
Electrical Engineer,5830099031,Danaher Corporation,Senior Electrical Engineer,near_duplicate(title+company+desc_prefix),5897949655,electrical engineer
Electrical Engineer,5816232439,CDM Smith,Electrical Engineer 3,near_duplicate(title+company+desc_prefix),5816232440,electrical engineer
Electrical Engineer,5816232441,CDM Smith,Electrical Engineer 3,near_duplicate(title+company+desc_prefix),5816232440,electrical engineer
Electrical Engineer,5814412456,Worley,Electrical Engineer/Senior Electrical Engineer,near_duplicate(title+company+desc_prefix),5899549904,electrical engineer
Electrical Engineer,5808859116,headsquestcom,Sr Electrical Engineer (Erection),near_duplicate(title+company+desc_prefix),5808859128,electrical engineer
Electrical Engineer,5806900720,Amazon,"Sr. Electrical Design Engineer, APAC Data Center Design Engineering",near_duplicate(title+company+desc_prefix),5896366183,electrical engineer
Electrical Engineer,5805829315,Cisco,Electrical Engineer,near_duplicate(title+company+desc_prefix),5843167367,electrical engineer
Electrical Engineer,5802316794,Applied Materials,Electrical Engineer,near_duplicate(title+company+desc_prefix),5803788200,electrical engineer
Electrical Engineer,5796097011,GE Vernova,Electrical Engineer,near_duplicate(title+company+desc_prefix),5796582360,electrical engineer
Electrical Engineer,5789591361,Applied Materials,Servo Drives development - Electrical Design Engineer,near_duplicate(title+company+desc_prefix),5796097956,electrical engineer
Electrical Engineer,5797635660,AECOM,Electrical Engineer - Solar PMC,employer_cap(>10 per employer),,electrical engineer
Quality Engineer,5858390322,LT-Larsen & Toubro,Supplier Quality Engineer - Electrical,exact_id_duplicate,5858390322,quality engineer
Quality Engineer,5834756161,Kinet,In-Process Quality Engineer (Mechanical),exact_id_duplicate,5834756161,quality engineer
Quality Engineer,5834743277,Kinet,Incoming Quality Engineer (Electrical),exact_id_duplicate,5834743277,quality engineer
Quality Engineer,5899328592,Safran,Quality engineer M/F,near_duplicate(title+company+desc_prefix),5900356272,quality engineer
Quality Engineer,5897803924,Delta Capita,Performance Quality Engineer (Senior Analyst),near_duplicate(title+company+desc_prefix),5897803922,quality engineer
Quality Engineer,5897066082,Accenture,Quality Engineer,near_duplicate(title+company+desc_prefix),5898496289,quality engineer
Quality Engineer,5897064856,NCR Voyix,Senior Quality Engineer,near_duplicate(title+company+desc_prefix),5897067597,quality engineer
Quality Engineer,5897037287,Accenture,Quality Engineer,near_duplicate(title+company+desc_prefix),5898496289,quality engineer
Quality Engineer,5897028115,Medtronic,Senior Quality Engineer,near_duplicate(title+company+desc_prefix),5902729759,quality engineer
Quality Engineer,5892603490,Babcock Power APAC Pvt. Ltd.,Quality Engineer - VPI,near_duplicate(title+company+desc_prefix),5893831981,quality engineer
Quality Engineer,5890788752,Accenture,Quality Engineer,near_duplicate(title+company+desc_prefix),5898496289,quality engineer
Quality Engineer,5889085464,Capgemini Engineering,Quality Engineer,near_duplicate(title+company+desc_prefix),5889085688,quality engineer
Quality Engineer,5887220611,CIBC India,Quality Engineer,near_duplicate(title+company+desc_prefix),5899323074,quality engineer
Quality Engineer,5879947583,Roche,Fullstack AI Quality Engineer – Applied & Agentic AI Systems,near_duplicate(title+company+desc_prefix),5880672506,quality engineer
Quality Engineer,5879911093,Roche,Fullstack AI Quality Engineer – Applied & Agentic AI Systems,near_duplicate(title+company+desc_prefix),5880672506,quality engineer
Quality Engineer,5873192794,Accenture,Quality Engineer,near_duplicate(title+company+desc_prefix),5898496289,quality engineer
Quality Engineer,5871530782,GE Vernova,Lead Supplier Quality Engineer,near_duplicate(title+company+desc_prefix),5872114111,quality engineer
Quality Engineer,5871525632,CIBC India,Quality Engineer,near_duplicate(title+company+desc_prefix),5899323074,quality engineer
Quality Engineer,5870760556,Accenture,Quality Engineer,near_duplicate(title+company+desc_prefix),5898496289,quality engineer
Quality Engineer,5861966196,Zimmer Biomet,Quality Engineer I,near_duplicate(title+company+desc_prefix),5891406562,quality engineer
Quality Engineer,5861795136,Houghton Mifflin Harcourt,Sr Quality Engineer,near_duplicate(title+company+desc_prefix),5861795129,quality engineer
Quality Engineer,5861795133,Houghton Mifflin Harcourt,Sr Quality Engineer,near_duplicate(title+company+desc_prefix),5861795129,quality engineer
Quality Engineer,5861795091,Houghton Mifflin Harcourt,Quality Engineer,near_duplicate(title+company+desc_prefix),5861795089,quality engineer
Quality Engineer,5861795092,Houghton Mifflin Harcourt,Quality Engineer,near_duplicate(title+company+desc_prefix),5861795089,quality engineer
Quality Engineer,5861795062,Houghton Mifflin Harcourt,Quality Engineer,near_duplicate(title+company+desc_prefix),5861795089,quality engineer
Quality Engineer,5856970762,Accenture,Quality Engineer,near_duplicate(title+company+desc_prefix),5898496289,quality engineer
Quality Engineer,5852580202,Accenture,Quality Engineer,near_duplicate(title+company+desc_prefix),5898496289,quality engineer
Quality Engineer,5850610125,Marriott Tech Accelerator,Senior Quality Engineer I,near_duplicate(title+company+desc_prefix),5899323073,quality engineer
Quality Engineer,5847837531,Marriott Tech Accelerator,Senior Quality Engineer I,near_duplicate(title+company+desc_prefix),5899323073,quality engineer
Quality Engineer,5846922623,AGCO,Supplier Quality Engineer: EME (Castings & Castings Machining),near_duplicate(title+company+desc_prefix),5869269198,quality engineer
Quality Engineer,5842589838,Anblicks Solutions,Data Quality Engineer,near_duplicate(title+company+desc_prefix),5842589899,quality engineer
Quality Engineer,5840383340,Accenture,Quality Engineer,near_duplicate(title+company+desc_prefix),5898496289,quality engineer
Quality Engineer,5839221817,MongoDB,Salesforce Quality Engineer 3,near_duplicate(title+company+desc_prefix),5839221823,quality engineer
Quality Engineer,5837789499,CIBC India,Quality engineer,near_duplicate(title+company+desc_prefix),5899323074,quality engineer
Quality Engineer,5833021649,Curtiss-Wright Corporation,Supplier Quality Engineer,near_duplicate(title+company+desc_prefix),5834377213,quality engineer
Quality Engineer,5831402025,Orbit Skyline,Quality Engineer,near_duplicate(title+company+desc_prefix),5831403232,quality engineer
Quality Engineer,5830624074,Rockwell Automation,Quality Engineer - Manufacturing process,near_duplicate(title+company+desc_prefix),5889085768,quality engineer
Quality Engineer,5830105306,Vontier,Supplier Quality Engineer,near_duplicate(title+company+desc_prefix),5889085466,quality engineer
Quality Engineer,5825769410,Accenture,Quality Engineer,near_duplicate(title+company+desc_prefix),5898496289,quality engineer
Quality Engineer,5825363121,Zimmer Biomet,Quality Engineer I,near_duplicate(title+company+desc_prefix),5891406562,quality engineer
Quality Engineer,5824131820,Accenture,Quality Engineer,near_duplicate(title+company+desc_prefix),5898496289,quality engineer
Quality Engineer,5824113396,Adani,Quality Engineer,near_duplicate(title+company+desc_prefix),5902920867,quality engineer
Quality Engineer,5822058224,Cisco,Quality Engineer | NPI(New Product Introduction) exp,near_duplicate(title+company+desc_prefix),5859754517,quality engineer
Quality Engineer,5821046313,Two95 International Inc.,"Quality Engineer, CAT 2",near_duplicate(title+company+desc_prefix),5821046314,quality engineer
Quality Engineer,5815798426,Accenture,Quality Engineer,near_duplicate(title+company+desc_prefix),5898496289,quality engineer
Quality Engineer,5815730450,Accenture,Quality Engineer,near_duplicate(title+company+desc_prefix),5898496289,quality engineer
Quality Engineer,5814983828,symplr,Senior quality Engineer,near_duplicate(title+company+desc_prefix),5902729548,quality engineer
Quality Engineer,5812886481,Accenture,Quality Engineer,near_duplicate(title+company+desc_prefix),5898496289,quality engineer
Quality Engineer,5808885374,Marriott Tech Accelerator,Quality Engineer,near_duplicate(title+company+desc_prefix),5819374058,quality engineer
Quality Engineer,5807460687,Accenture,Quality Engineer,near_duplicate(title+company+desc_prefix),5898496289,quality engineer
Quality Engineer,5806556883,Cisco,Quality Engineer,near_duplicate(title+company+desc_prefix),5806900873,quality engineer
Quality Engineer,5805403973,Accenture,Quality Engineer,near_duplicate(title+company+desc_prefix),5898496289,quality engineer
Quality Engineer,5805392268,Accenture,Quality Engineer,near_duplicate(title+company+desc_prefix),5898496289,quality engineer
Quality Engineer,5794762566,Accenture,Quality Engineer,near_duplicate(title+company+desc_prefix),5898496289,quality engineer
GROUP:security,5902912989,Nike,"Lead Information Security Engineer, ITC",near_duplicate(title+company+desc_prefix),5902917997,security engineer
GROUP:security,5900808819,CGI,Senior Cloud Security Engineer,near_duplicate(title+company+desc_prefix),5901693413,security engineer
GROUP:security,5900529881,Vultr,"Security Engineer, GIOC",near_duplicate(title+company+desc_prefix),5900738722,security engineer
GROUP:security,5900357030,UnitedHealth Group,Senior Manager Info Security Engineer - Cryptography & Certification Management,near_duplicate(title+company+desc_prefix),5900357037,security engineer
GROUP:security,5898501787,Rubrik,Security Engineer - Identity and Access,near_duplicate(title+company+desc_prefix),5899328575,security engineer
GROUP:security,5897952312,Nike,"Principal Information Security Engineer, ITC",near_duplicate(title+company+desc_prefix),5898488941,security engineer
GROUP:security,5897049450,Unisys,SOC Detection and Response - Engineer Cyber Security Engineer,near_duplicate(title+company+desc_prefix),5897062123,security engineer
GROUP:security,5897039269,Unisys,SOC Detection and Response - Engineer Cyber Security Engineer,near_duplicate(title+company+desc_prefix),5897062123,security engineer
GROUP:security,5895371846,Palo Alto Networks,Senior Staff Cloud Security Engineer,near_duplicate(title+company+desc_prefix),5896367712,security engineer
GROUP:security,5893733499,DeepSource Technologies,"Senior Network Security Engineer - Jeddah, KSA",near_duplicate(title+company+desc_prefix),5895065964,security engineer
GROUP:security,5891893266,Vultr,"Senior Security Engineer,GIOC",near_duplicate(title+company+desc_prefix),5892690201,security engineer
GROUP:security,5891404242,GE Vernova,Cyber Security Engineer,near_duplicate(title+company+desc_prefix),5891404240,security engineer
GROUP:security,5891404238,GE Vernova,Cyber Security Engineer,near_duplicate(title+company+desc_prefix),5891404240,security engineer
GROUP:security,5890805487,GE Vernova,Cyber Security Engineer,near_duplicate(title+company+desc_prefix),5891404240,security engineer
GROUP:security,5889560759,GE HealthCare,Sr. Cyber Security Engineer,near_duplicate(title+company+desc_prefix),5890240752,security engineer
GROUP:security,5889219959,LTM,Network Security Engineer,near_duplicate(title+company+desc_prefix),5890074008,security engineer
GROUP:security,5881161584,Nike,"Lead Information Security Engineer, ITC",near_duplicate(title+company+desc_prefix),5882275715,security engineer
GROUP:security,5881146971,Nike,"Principal Information Security Engineer, ITC",near_duplicate(title+company+desc_prefix),5882275709,security engineer
GROUP:security,5880842857,MoonPay,"Information Security Engineer, DLP & Insider Risk",near_duplicate(title+company+desc_prefix),5882781105,security engineer
GROUP:security,5879142440,Toast,Senior Product Security Engineer,near_duplicate(title+company+desc_prefix),5879142456,security engineer
GROUP:security,5873184745,Gruve,Senior Infrastructure Security Engineer-L3 (Palo Alto & NGFW),near_duplicate(title+company+desc_prefix),5898178921,security engineer
GROUP:security,5870120012,GE Vernova,Lead OT Cyber Security Engineer,near_duplicate(title+company+desc_prefix),5889504323,security engineer
GROUP:security,5868418721,The Hartford,Security Engineer I - Palo Alto Technologies,near_duplicate(title+company+desc_prefix),5889517097,security engineer
GROUP:security,5868418722,The Hartford,Senior Security Engineer - Palo Alto Technologies,near_duplicate(title+company+desc_prefix),5869159662,security engineer
GROUP:security,5868418717,The Hartford,Security Engineer - Directory Services,near_duplicate(title+company+desc_prefix),5869219147,security engineer
GROUP:security,5866609085,Mastercard,Information Security Engineer II,near_duplicate(title+company+desc_prefix),5882275615,security engineer
GROUP:security,5864353195,Weekday AI,DevSecOps & Product Security Engineer,near_duplicate(title+company+desc_prefix),5893913383,security engineer
GROUP:security,5862787108,Wells Fargo,Senior Information Security Engineer,near_duplicate(title+company+desc_prefix),5866610678,security engineer
GROUP:security,5861793827,Happiest Minds Technologies,Application Security Engineer,near_duplicate(title+company+desc_prefix),5861793841,security engineer
GROUP:security,5861793826,Happiest Minds Technologies,Security Engineer,near_duplicate(title+company+desc_prefix),5861793822,security engineer
GROUP:security,5860801438,GE Vernova,Sr Cyber Security Engineer,near_duplicate(title+company+desc_prefix),5861227542,security engineer
GROUP:security,5860543840,Microstrategy,Application Security Engineer,near_duplicate(title+company+desc_prefix),5860543797,security engineer
GROUP:security,5855480385,Magna International,Cyber Security Engineer,near_duplicate(title+company+desc_prefix),5885974667,security engineer
GROUP:security,5838444736,GE HealthCare,Staff Product Security Engineer,near_duplicate(title+company+desc_prefix),5839586526,security engineer
GROUP:security,5835718304,Wells Fargo Bank,Senior Information Security Engineer,near_duplicate(title+company+desc_prefix),5882770935,security engineer
GROUP:security,5833589790,Tekion,Senior Security Engineer,near_duplicate(title+company+desc_prefix),5834763829,security engineer
GROUP:security,5833580419,Tekion,Senior Security Engineer,near_duplicate(title+company+desc_prefix),5834763829,security engineer
GROUP:security,5832798300,Gowra Bits & Bytes,Sr. Information Security Engineer,near_duplicate(title+company+desc_prefix),5832798310,security engineer
GROUP:security,5832798287,Gowra Bits & Bytes,Sr. Information Security Engineer,near_duplicate(title+company+desc_prefix),5832798310,security engineer
GROUP:security,5831398844,Barry Wehmiller,Network Security Engineer,near_duplicate(title+company+desc_prefix),5831398845,security engineer
GROUP:security,5828762124,Autodesk,Principal Network Security Engineer,near_duplicate(title+company+desc_prefix),5829183267,security engineer
GROUP:security,5828163405,CrossBoundary,Systems and Security Engineer,near_duplicate(title+company+desc_prefix),5830619628,security engineer
GROUP:security,5827925853,Amazon,"Security Engineer, AWS Security Incident Response",near_duplicate(title+company+desc_prefix),5878695857,security engineer
GROUP:security,5806901558,"NTT America, Inc.",Security Engineer WAF and SSLO (L2),near_duplicate(title+company+desc_prefix),5835316603,security engineer
GROUP:security,5806518252,Amazon,"Security Engineer, AWS Security Incident Response",near_duplicate(title+company+desc_prefix),5878695857,security engineer
GROUP:security,5802316698,Amazon,"Security Engineer, AWS Security Incident Response",near_duplicate(title+company+desc_prefix),5828759869,security engineer
GROUP:security,5802316677,Amazon,"Security Engineer, AWS Security Incident Response",near_duplicate(title+company+desc_prefix),5828759869,security engineer
GROUP:security,5801027906,AWS India - Karnataka,"Security Engineer, AWS Security Incident Response",near_duplicate(title+company+desc_prefix),5819668535,security engineer
GROUP:security,5794152993,SolarEdge,Senior Cyber Security Engineer,near_duplicate(title+company+desc_prefix),5811351306,security engineer
GROUP:security,5793209213,GE Vernova,Lead Embedded Security Engineer,near_duplicate(title+company+desc_prefix),5793785801,security engineer
