role,query_variant,status,title,n
Software Engineer,software engineer,matched,Custom Software Engineer,53
Software Engineer,software engineer,matched,Senior Software Engineer,27
Software Engineer,software engineer,matched,Software Engineer,17
Software Engineer,software engineer,matched,Principal Software Engineer,12
Software Engineer,software engineer,matched,Software Engineer II,10
Software Engineer,software engineer,matched,Staff Software Engineer,8
Software Engineer,software engineer,matched,Software Engineer III,8
Software Engineer,software engineer,matched,Software Development Engineer II,6
Software Engineer,software engineer,matched,Lead Software Engineer,5
Software Engineer,software engineer,matched,Staff Software Development Engineer,5
Software Engineer,software engineer,unmatched,Senior Manager - Software Engineering,4
Software Engineer,software engineer,matched,Sr Software Engineer,4
Software Engineer,software engineer,matched,Software Development Engineer,4
Software Engineer,software engineer,matched,Software Engineer - AI Hub,4
Software Engineer,software engineer,matched,Senior Software Engineer I,3
Software Engineer,software engineer,matched,Ab Initio Software Engineer,3
Software Engineer,software engineer,matched,Senior Staff Software Engineer,3
Software Engineer,software engineer,unmatched,Custom Software Engineering Lead,3
Software Engineer,software engineer,matched,"Software Development Engineer II, Timehub Experience",3
Software Engineer,software engineer,matched,"Software Development Engineer, Time & Pay Innovation",3
Software Engineer,software engineer,unmatched,"Senior Manager, Software Engineering, Missionforce",2
Software Engineer,software engineer,unmatched,Software Quality Assurance Engineer - Manual QA,2
Software Engineer,software engineer,unmatched,"Director, Software Engineering",2
Software Engineer,software engineer,matched,"Software Engineer - C#, .Net Developer",2
Software Engineer,software engineer,matched,Senior Software Development Engineer ( Labs),2
Software Engineer,software engineer,ambiguous_multi,Staff Software Engineer/ Solution Architect,2
Software Engineer,software engineer,matched,Software Engineer - Back-End & Agentic AI,2
Software Engineer,software engineer,unmatched,Software Engineering Manager,2
Software Engineer,software engineer,excluded_by_rule,Senior Test Software Engineer,2
Software Engineer,software engineer,matched,Custom Software Engineer - Python (Programming Language),2
Software Engineer,software engineer,matched,Software Engineer (III) - Core Engineer II,2
Software Engineer,software engineer,matched,Software Engineer (Frontend),2
Software Engineer,software engineer,unmatched,"Software Engineering Manager, AI/ML Infrastructure and Performance Engineering",2
Software Engineer,software engineer,matched,"Software Engineer, AVP",2
Software Engineer,software engineer,matched,Software Engineer 2,2
Software Engineer,software engineer,matched,Senior Software Engineer - C#  Azure,2
Software Engineer,software engineer,matched,"Software Engineer Manager, Commerce Infrastructure, Health and Home",2
Software Engineer,software engineer,matched,Software Engineer - Data Platform,2
Software Engineer,software engineer,unmatched,"Engineer II, Embedded Software Design",2
Software Engineer,software engineer,matched,Software Engineer I,2
Software Engineer,software engineer,unmatched,"Graduate Engineer, Software",2
Software Engineer,software engineer,unmatched,Software Engineering Senior Manager_Electronic Trading_Java and/or C++_AI,2
Software Engineer,software engineer,unmatched,"Senior Manager, Software Engineering",2
Software Engineer,software engineer,unmatched,Senior Manager Software Engineering,2
Software Engineer,software engineer,matched,"Principal, Software Engineer",2
Software Engineer,software engineer,matched,Engineer 1 - Software Engineer,2
Software Engineer,software engineer,matched,Senior Software Engineer - Java Full Stack,2
Software Engineer,software engineer,matched,Senior Software Engineer II,2
Software Engineer,software engineer,matched,Sr Staff Software Engineer,2
Software Engineer,software engineer,matched,Software Engineer 3,2
Software Engineer,software engineer,matched,Software Engineer III - GBS IND,2
Software Engineer,software engineer,matched,"Software Development Engineer, Seller and AM GenAI Tools",2
Software Engineer,software engineer,matched,"Software Development Engineer II, Seller Partner Services Tech",2
Software Engineer,software engineer,matched,"Software Development Engineer II, FBA Capacity and Inventory Health Management",2
Software Engineer,software engineer,matched,"Sr Software Engineer, Tax Engine",2
Software Engineer,software engineer,matched,Software Engineer - Scala Developer_103936,1
Software Engineer,software engineer,matched,"Software Development Engineer II, Enterprise Engineering",1
Software Engineer,software engineer,matched,Senior Software Engineer / Associate Technical Lead - Oracle Apex,1
Software Engineer,software engineer,unmatched,"Sr Mgr, Software Engineering",1
Software Engineer,software engineer,unmatched,Global Software Support Engineer,1
Software Engineer,software engineer,matched,"Software Engineer III - Java Backend, AWS, Kafka",1
Software Engineer,software engineer,matched,Enterprise Software Engineer (Python Developer  AI),1
Software Engineer,software engineer,matched,Software Engineer II - Java,1
Software Engineer,software engineer,unmatched,Engineer (Software Solutions),1
Software Engineer,software engineer,unmatched,Software & Firmware Engineering Experts,1
Software Engineer,software engineer,matched,"Software Engineer III - Java, Kafka",1
Software Engineer,software engineer,ambiguous_multi,Lead Software Engineer - SRE & AIOps,1
Software Engineer,software engineer,matched,Principal Software Engineer - Backend,1
Software Engineer,software engineer,unmatched,Software Development Test Engineer II,1
Software Engineer,software engineer,matched,Senior Software Engineer - Back-End & Agentic AI,1
Software Engineer,software engineer,matched,Senior Software Engineer - AI I,1
Software Engineer,software engineer,excluded_by_rule,Software Developer Engineer in Test 2-Digital Banking Kotak 811-Regional Sales,1
Software Engineer,software engineer,matched,Senior Software Engineer - ServiceNow IRM,1
Software Engineer,software engineer,matched,Software Engineer II - Amazon Connect & AWS Contact Center Solutions,1
Software Engineer,software engineer,unmatched,Manager of Software Engineering,1
Software Engineer,software engineer,matched,Staff Java Software Engineer,1
Software Engineer,software engineer,matched,Senior System Software Engineer - GPU Power Management,1
Software Engineer,software engineer,unmatched,Senior Engineer - Software Test,1
Software Engineer,software engineer,matched,"Senior Software Dev Engineer (SDE-III), Amazon Business",1
Software Engineer,software engineer,unmatched,Engineer II Software - Product Ops,1
Software Engineer,software engineer,matched,Lead Software Engineer - Java AWS,1
Software Engineer,software engineer,unmatched,"Director of Software Engineering - Java/Python, AI",1
Software Engineer,software engineer,matched,Sr. Software Engineer (Java),1
Software Engineer,software engineer,matched,BXTI - VP – Axiom Data Technology - Senior Software Engineer,1
Software Engineer,software engineer,ambiguous_multi,Enterprise Software Engineer (AppOps Security Engineer),1
Software Engineer,software engineer,unmatched,Analyst II Software Engineering,1
Software Engineer,software engineer,matched,Associate Software Engineer Intern,1
Software Engineer,software engineer,matched,Staff Software Engineer- Frontend (ReactJS),1
Software Engineer,software engineer,matched,"Software Engineer I, ServiceNow",1
Software Engineer,software engineer,matched,Sr Software Engineer - Gen AI,1
Software Engineer,software engineer,matched,Lead Software Engineer Java AWS Kafka,1
Software Engineer,software engineer,unmatched,Senior Software Development Test Engineer,1
Software Engineer,software engineer,matched,Sr. Software Engineer,1
Software Engineer,software engineer,matched,Sr. Software Engineer- DevSecOps,1
Software Engineer,software engineer,unmatched,"Director, Software Engineering - Big Data Platform & Storage",1
Software Engineer,software engineer,matched,Software Engineer III (IND),1
Software Engineer,software engineer,unmatched,QA Engineer Software,1
Software Engineer,software engineer,matched,Senior Software Engineer Backend,1
Software Engineer,software engineer,unmatched,Senior Software Engineering Manager,1
Software Engineer,software engineer,matched,Consulting/Principal Software Engineer,1
Software Engineer,software engineer,matched,"Senior Software Engineer, AI Research",1
Software Engineer,software engineer,ambiguous_multi,Data Engineer-Senior Software Engineer,1
Software Engineer,software engineer,matched,System Software Engineer II,1
Software Engineer,software engineer,unmatched,Associate Manager Software Engineering,1
Software Engineer,software engineer,matched,"Analyst - Software Engineer I - AI/ML, Java/Python, REACT",1
Software Engineer,software engineer,matched,Sr. Software Engineer- C++,1
Software Engineer,software engineer,matched,Junior Software Engineer,1
Software Engineer,software engineer,matched,Senior Embedded Software Engineer,1
Software Engineer,software engineer,matched,Senior Software Engineer II - Data Engineering & Platform,1
Software Engineer,software engineer,matched,Software Engineer (Flutter),1
Software Engineer,software engineer,matched,Software Engineer(Unity),1
Software Engineer,software engineer,unmatched,"Software Dev Engineer II, Emerging Device Software",1
Software Engineer,software engineer,matched,"Software Development Engineer II, Timehub Pay Extract",1
Software Engineer,software engineer,matched,Software Engineer - Python Developer_104070,1
Software Engineer,software engineer,matched,Senior Software Engineer (Chorus Dev) - PA26ITOFFQ3059,1
Software Engineer,software engineer,matched,Lead Software Development Engineer,1
Software Engineer,software engineer,matched,"Software Engineer, Web (Frontend)",1
Software Engineer,software engineer,matched,SENIOR SOFTWARE ENGINEER - Embedded C++,1
Software Engineer,software engineer,unmatched,"Lead Associate, Software Engineering",1
Software Engineer,software engineer,matched,"Senior Staff Software Engineer, Payments",1
Software Engineer,software engineer,matched,Senior Software Engineer-AI,1
Software Engineer,software engineer,matched,Senior Software Engineer - Agent Systems,1
Software Engineer,software engineer,matched,Software Engineer - Intern (Frontend),1
Software Engineer,software engineer,unmatched,Tech Lead (Go) - Software Engineering,1
Software Engineer,software engineer,matched,"Senior Staff Software Engineer, Search & Recommendation",1
Software Engineer,software engineer,matched,"Senior Software Engineer, Backend - Overseer (Platform)",1
Software Engineer,software engineer,matched,Senior Software Engineer - Rust - Consumer,1
Software Engineer,software engineer,unmatched,Senior Software Dev. Engineer,1
Software Engineer,software engineer,matched,"Software Development Engineer, Inventory Authority Platform (IAP)",1
Software Engineer,software engineer,matched,"Staff Software Engineer (GoLang, Kubernetes Operators, CRD)",1
Software Engineer,software engineer,matched,"Software Engineer, Principal",1
Software Engineer,software engineer,unmatched,Specialist - Software Engineering,1
Software Engineer,software engineer,matched,Software Development Engineer Intern – Backend,1
Software Engineer,software engineer,matched,MERN Stack Software Engineer,1
Software Engineer,software engineer,matched,Associate Software Engineer Intern - YMS,1
Software Engineer,software engineer,matched,Senior Software Engineer - Kinaxis,1
Software Engineer,software engineer,matched,Software Engineer 3 - Enterprise Architecture,1
Software Engineer,software engineer,matched,Software Engineer - Backend (4 to 8 Yrs),1
Software Engineer,software engineer,matched,Lead Software Engineer - Java,1
Software Engineer,software engineer,matched,Senior Software Developer (Senior Java Engineer)_8 yrs_Hyderabad (Hybrid),1
Software Engineer,software engineer,matched,RFH/07289 Software Engineer,1
Software Engineer,software engineer,unmatched,Custom Software Engineering Lead - Python Developer,1
Software Engineer,software engineer,unmatched,Custom Software Engineering Lead - Microsoft Azure DevOps,1
Software Engineer,software engineer,mapped:DevOps / Cloud Engineer,Software Engineering - DevOps Engineer,1
Software Engineer,software engineer,matched,Software Engineer (III) - Core Engineer III,1
Software Engineer,software engineer,unmatched,"Software Dev Engineer, Paragon",1
Software Engineer,software engineer,matched,Lead Software Engineer - Financial Wellness,1
Software Engineer,software engineer,matched,Lead Software Engineer (Back-End Engineer),1
Software Engineer,software engineer,matched,Sr Software Engineer - Coding Agents,1
Software Engineer,software engineer,matched,Lead Full Stack Software Engineer (807),1
Software Engineer,software engineer,matched,Lead Software Engineer (AI & .Net),1
Software Engineer,software engineer,matched,Principal Software Engineer – AI and C# with Azure,1
Software Engineer,software engineer,matched,Software Engineer Frontend (React / TypeScript)_104088,1
Software Engineer,software engineer,matched,"Software Engineer, Senior",1
Software Engineer,software engineer,matched,Lead Software Engineer (AI and DevOps),1
Software Engineer,software engineer,matched,Software Engineer - 3 (Voice Platform),1
Software Engineer,software engineer,matched,Software Engineer-Java Full Stack,1
Software Engineer,software engineer,matched,Software Engineer (C++),1
Software Engineer,software engineer,matched,(IND) Software Engineer III,1
Software Engineer,software engineer,matched,Senior Software Engineer - Video Platform,1
Software Engineer,software engineer,matched,Senior Software Engineer - AI Garage - HYD,1
Software Engineer,software engineer,excluded_by_rule,SDET (Software Development Engineer in Test),1
Software Engineer,software engineer,unmatched,"Software Dev Engineer II , Selection Management - Subscribe & Save",1
Software Engineer,software engineer,unmatched,"Senior QA Engineer , Software",1
Software Engineer,software engineer,unmatched,Engineering-L2-Hyderabad-Associate-Software Engineering,1
Software Engineer,software engineer,matched,Full Stack Software Engineer- Networking exp is a must,1
Software Engineer,software engineer,matched,Software Engineer (MERN),1
Software Engineer,software engineer,matched,Staff Software Engineer - Benefits,1
Software Engineer,software engineer,matched,Principal Software Engineer - Cloud Services,1
Software Engineer,software engineer,matched,AI Software Engineer,1
Software Engineer,software engineer,unmatched,Senior Software Test Engineer,1
Software Engineer,software engineer,matched,Principal Staff Software Engineer,1
Software Engineer,software engineer,unmatched,Software Engineering Manager - Java Full Stack,1
Software Engineer,software engineer,unmatched,"Specialist, Software Development Engineering",1
Software Engineer,software engineer,matched,"Director, Software Engineer",1
Software Engineer,software engineer,unmatched,Senior Software Engineering,1
Software Engineer,software engineer,matched,Software Engineer 2 - Backend,1
Software Engineer,software engineer,matched,Senior Software Engineer (Database Developer),1
Software Engineer,software engineer,matched,Senior Software Engineer - Data Platform (Tech Lead),1
Software Engineer,software engineer,matched,Oracle APEX Senior Software Engineer,1
Software Engineer,software engineer,matched,"Software Development Engineer II - FinTech, FinTech",1
Software Engineer,software engineer,unmatched,"Manager Software Engineering, ITC",1
Software Engineer,software engineer,excluded_by_rule,Senior Software Engineer (Quality) - CONSUMER EXPERIENCE ENGINEERING,1
Software Engineer,software engineer,matched,Software Engineer II - Core Commerce Platform,1
Software Engineer,software engineer,matched,"Software Engineer, Senior - Java ( 7-10 years )",1
Software Engineer,software engineer,matched,Graduate Software Engineer,1
Software Engineer,software engineer,unmatched,"Sr. Manager, Software Engineering (10 to 14 years, GenAI)",1
Software Engineer,software engineer,excluded_by_rule,Senior Staff Software Development Engineer in Test,1
Software Engineer,software engineer,unmatched,Senior Software -AI Automation Engineer,1
Software Engineer,software engineer,matched,DCS Software Engineer,1
Software Engineer,software engineer,matched,Software Engineer (Java with Snowflake),1
Software Engineer,software engineer,matched,"Lead Software Engineer, Real Time Index Engineering(Java)",1
Software Engineer,software engineer,matched,Senior Software Engineer Salesforce,1
Software Engineer,software engineer,matched,Staff Software Engineer - RnD Enablement.,1
Software Engineer,software engineer,matched,"Staff, Software Engineer",1
Software Engineer,software engineer,matched,Historian System and Software Engineer,1
Software Engineer,software engineer,matched,"(Idc) Staff, Software Engineer",1
Software Engineer,software engineer,unmatched,Project Engineer(Software),1
Software Engineer,software engineer,matched,Software Engineer - Python and K8s,1
Software Engineer,software engineer,matched,"Software Engineer II, ITC",1
Software Engineer,software engineer,matched,Software Engineer - Senior Associate,1
Software Engineer,software engineer,matched,Security Software Engineer,1
Software Engineer,software engineer,matched,Software Development Engineer 3,1
Software Engineer,software engineer,matched,Software Engineer II (Python  AWS),1
Software Engineer,software engineer,matched,Software Engineer III - FullStack,1
Software Engineer,software engineer,matched,Software Engineer 3 - Full Stack,1
Software Engineer,software engineer,matched,Software Engineer - ENDUR,1
Software Engineer,software engineer,matched,Principal Software Engineer - Data Engineering,1
Software Engineer,software engineer,matched,Software Engineer - AI Platform,1
Software Engineer,software engineer,excluded_by_rule,Senior Software Development Engineer in Test,1
Software Engineer,software engineer,excluded_by_rule,Staff Software Development Engineer in Test,1
Software Engineer,software engineer,matched,Software Engineer-Java Angular,1
Software Engineer,software engineer,matched,Software Engineer: Backend,1
Software Engineer,software engineer,matched,Senior Software Engineer (Onboarding & Activation),1
Software Engineer,software engineer,unmatched,Staff Engineer I - Software Development Insight,1
Software Engineer,software engineer,mapped:Data Engineer,Data Engineer Software Engineering - AI Hub,1
Software Engineer,software engineer,matched,"(Ind) Staff, Software Engineer",1
Software Engineer,software engineer,unmatched,Software Engineering Senior Analyst - Cigna Healthcare,1
Software Engineer,software engineer,matched,"Software Engineer 1 , Applied AI",1
Software Engineer,software engineer,matched,Senior Software Engineer – C or C++ | SSL/TLS experience,1
Software Engineer,software engineer,matched,Software Engineer I/II,1
Software Engineer,software engineer,unmatched,"Senior Engineer I, Software Development - Insight",1
Software Engineer,software engineer,matched,R&D Software Engineer II,1
Software Engineer,software engineer,matched,Senior Staff Software Engineer- Ai Governance,1
Software Engineer,software engineer,unmatched,"Sr Engineer II, Software Development - Switch",1
Software Engineer,software engineer,matched,"Principal Software Engineer- NLP, Gen AI, ML",1
Software Engineer,software engineer,unmatched,"Engineer III, Software Development - Insight",1
Software Engineer,software engineer,matched,Senior Software Engineer - End-to-End Python Microservices for Large-Scale ML Data,1
Software Engineer,software engineer,matched,AI/ML Compiler & Runtime Software Engineer,1
Software Engineer,software engineer,matched,Expert Software Engineer II,1
Software Engineer,software engineer,matched,Senior Network Software Engineer,1
Software Engineer,software engineer,matched,"Software Development Engineer II, Amazon Now",1
Software Engineer,software engineer,matched,"Senior, Software Engineer",1
Software Engineer,software engineer,ambiguous_multi,Senior Software Engineer- Azure Data Engineer,1
Software Engineer,software engineer,unmatched,Manager - Software Engineering - .Net Programming,1
Software Engineer,software engineer,matched,"Software Engineer III - AWS, Python, Snowflake",1
Software Engineer,software engineer,matched,"Software Engineer, Internal Platforms",1
Software Engineer,software engineer,matched,"Software Engineer, Data Platforms",1
Software Engineer,software engineer,matched,"Software Engineer, New Grad",1
Software Engineer,software engineer,matched,"Software Engineer, Professional I",1
Software Engineer,software engineer,matched,Senior Software Engineer I - Full stack Java React,1
Software Engineer,software engineer,unmatched,Software Engineering Lead-salesforce FSL,1
Software Engineer,software engineer,matched,Associate Software Engineer Manager - CC,1
Software Engineer,software engineer,matched,"Senior Software Engineer - Fullstack - Java and Angular, React",1
Software Engineer,software engineer,matched,Software Engineer - Java Fullstack,1
Software Engineer,software engineer,unmatched,"Software Engineering Lead (GO & Python, AWS)",1
Software Engineer,software engineer,matched,Software Engineer Lead,1
Software Engineer,software engineer,matched,Senior Software Engineer - Dot Net Fullstack,1
Software Engineer,software engineer,unmatched,"Engineer III, Software",1
Software Engineer,software engineer,unmatched,"Staff Engineer, Software (FDE)",1
Software Engineer,software engineer,unmatched,"Staff Engineer, Software",1
Software Engineer,software engineer,unmatched,"Engineer II, Software",1
Software Engineer,software engineer,matched,AVP - Software Engineer III (L10),1
Software Engineer,software engineer,matched,Principal Software Engineer - AI Native UX,1
Software Engineer,software engineer,matched,Software Engineer III- .Net Fullstack,1
Software Engineer,software engineer,matched,Staff Software Engineer- Eng,1
Software Engineer,software engineer,matched,Senior Software Engineer - Senior AI Engineer,1
Software Engineer,software engineer,matched,Senior Software Engineer - Gen AI,1
Software Engineer,software engineer,unmatched,Software Engineering Senior Manager,1
Software Engineer,software engineer,matched,Senior Software Engineer - CoreAI | Bangalore,1
Software Engineer,software engineer,unmatched,Software Engineering Technical Specialist - Workday Integrations,1
Software Engineer,software engineer,unmatched,"Director 1, Software Development & Engineering",1
Software Engineer,software engineer,matched,Software Engineer - Digital Twin & React Web Development,1
Software Engineer,software engineer,matched,Experienced Software Engineer-AI Application,1
Software Engineer,software engineer,matched,Software Engineer I A - GBS IND,1
Software Engineer,software engineer,matched,Software Engineer II A - GBS IND,1
Software Engineer,software engineer,unmatched,Software Tech Support Engineer,1
Software Engineer,software engineer,matched,Sr Associate Software Engineer,1
Software Engineer,software engineer,matched,"Software Development Engineer, Alexa for Shopping",1
Software Engineer,software engineer,unmatched,"Senior Software Dev Engineer, Core Services",1
Software Engineer,software engineer,unmatched,"Sr. Software Quality Assurance Engineer - Audio, Edge Technology",1
Software Engineer,software engineer,unmatched,"Software Dev Engineer II, HST Health Foundation",1
Software Engineer,software engineer,matched,"Software Development Engineer, Ads Campaign Management",1
Software Engineer,software engineer,matched,"Software Development Engineer, Amazon Time & Pay Innovation",1
Software Engineer,software engineer,matched,Sr Software Engineer (Tableau),1
Software Engineer,software engineer,unmatched,Software Testing QE Lead Engineer,1
Software Engineer,software engineer,matched,Software engineer - Senior,1
Software Engineer,software engineer,matched,Senior Software Engineer (Backend Developer),1
Software Engineer,software engineer,matched,Senior UI Software Engineer,1
Software Engineer,software engineer,matched,SAP SD / SAP S4 Hana(software engineer),1
Software Engineer,software engineer,matched,Custom Software Engineer - Microsoft ASP.NET,1
Software Engineer,software engineer,matched,"(IND) STAFF, SOFTWARE ENGINEER",1
Software Engineer,software engineer,matched,"Software Engineer II, Full Stack",1
Software Engineer,software engineer,matched,"(IND) PRINCIPAL, SOFTWARE ENGINEER",1
Software Engineer,software engineer,unmatched,"Senior Director, Software Engineering - Data and AI Platforms",1
Software Engineer,software engineer,unmatched,"DIRECTOR, SOFTWARE ENGINEERING",1
Software Engineer,software engineer,matched,Product Software Engineer II,1
Software Engineer,software engineer,matched,Lead Software Engineer - Eqlipse Digital,1
Software Engineer,software engineer,matched,Engineer - Software Developer,1
Software Engineer,software engineer,matched,Software Development Engineer II - Frontend,1
Software Engineer,software engineer,matched,Software Engineer - Android HMI,1
Software Engineer,software engineer,unmatched,"Spcialist, Software Engineering",1
Software Engineer,software engineer,matched,Software Development Engineer 2,1
Software Engineer,software engineer,matched,"Software Engineer (Core Java , Microservices)",1
Software Engineer,software engineer,matched,"Staff Software Engineer, macOS",1
Software Engineer,software engineer,unmatched,"Staff Engineer, Product Software",1
Software Engineer,software engineer,unmatched,Software Engineering Technical Specialist – Workday Integrations,1
Software Engineer,software engineer,matched,Senior Software Engineer (Machine Learning),1
Software Engineer,software engineer,matched,"Lead Software Engineer, ITC",1
Software Engineer,software engineer,matched,Associate Software Engineer,1
Software Engineer,software developer,matched,Software Development Engineer II,27
Software Engineer,software developer,matched,Software Developer,14
Software Engineer,software developer,matched,Staff Software Development Engineer,12
Software Engineer,software developer,matched,Software Development Engineer,11
Software Engineer,software developer,matched,"Software Development Engineer II, FBA Capacity and Inventory Health Management",10
Software Engineer,software developer,matched,"Software Development Engineer, Seller and AM GenAI Tools",8
Software Engineer,software developer,matched,Software Engineer - Full Stack Development,8
Software Engineer,software developer,excluded_by_rule,Senior Software Development Engineer in Test,7
Software Engineer,software developer,matched,Senior Software Developer,5
Software Engineer,software developer,matched,Software Development Engineer III,5
Software Engineer,software developer,unmatched,"Software Development Manager, AWS FinTech",4
Software Engineer,software developer,unmatched,"Software Development Manager, WWGST, Store Acceleration Tech",4
Software Engineer,software developer,unmatched,"Manager, Software Development, PV Commerce",4
Software Engineer,software developer,matched,Software Development Engineer 3,4
Software Engineer,software developer,unmatched,"Software Development Manager, 3P Seller Tools and Gen AI Solutions, ISS",4
Software Engineer,software developer,unmatched,Software Development Specialist,4
Software Engineer,software developer,unmatched,"Manager III, Software Development, Emerging Device Software",4
Software Engineer,software developer,matched,Sr. Software Development Engineer,4
Software Engineer,software developer,matched,"Software Development Engineer, Prime Video Live Events - Sports Data Platform",4
Software Engineer,software developer,unmatched,"Manager III, Software Development, Amazon Business Operations",4
Software Engineer,software developer,matched,"Software Development Engineer, RBS Tech",4
Software Engineer,software developer,matched,"Software Development Engineer, Amazon",4
Software Engineer,software developer,matched,"Software Development Engineer, AI Business Automation, AI Business Automation, Prime Video",4
Software Engineer,software developer,matched,Senior Software Engineer - Full Stack Development,4
Software Engineer,software developer,matched,Lead Software Development Engineer,3
Software Engineer,software developer,matched,"Software Development Engineer II, Timehub Experience",3
Software Engineer,software developer,matched,"Software Development Engineer, Time & Pay Innovation",3
Software Engineer,software developer,matched,"Software Development Engineer, Alexa for Shopping",3
Software Engineer,software developer,matched,"Software Development Engineer II, Seller Partner Services Tech",3
Software Engineer,software developer,matched,"Software Development Engineer, Ads Campaign Management",3
Software Engineer,software developer,matched,"Software Development Engineer, Amazon Time & Pay Innovation",3
Software Engineer,software developer,unmatched,Software Development Manager,3
Software Engineer,software developer,matched,"Software Development Engineer, WW Services Tech",3
Software Engineer,software developer,matched,"Software Development Engineer, Customer Experience and Business Trends",3
Software Engineer,software developer,matched,"Software Development Engineer, Tax Engine Services",3
Software Engineer,software developer,unmatched,"Amazon Fulfilment Tech - Software Development Manager, Inventory",3
Software Engineer,software developer,matched,"Software Development Engineer II, Alexa Connected Devices",3
Software Engineer,software developer,matched,"Software Development Engineer, AI Runtime",3
Software Engineer,software developer,matched,"Software Development Engineer III, Seller and AM GenAI Tools",3
Software Engineer,software developer,matched,Senior Software Development Engineer,3
Software Engineer,software developer,matched,"Software Development Engineer II, Alexa Smart Home Cameras",3
Software Engineer,software developer,matched,"Software Development Engineer II, Amazon Pharmacy",3
Software Engineer,software developer,matched,"Software Development Engineer, Buyer Fraud Prevention",3
Software Engineer,software developer,unmatched,"Software Development Manager, FinTech General Ledger",3
Software Engineer,software developer,matched,"Software Development Engineer II, AWS OpenSearch",3
Software Engineer,software developer,matched,"Software Development Engineer II, WW Returns and ReCommerce",3
Software Engineer,software developer,unmatched,"Director of Software Development India, Alexa Ambient Computing Technologies",3
Software Engineer,software developer,matched,Senior Software Developer - D365 CE,3
Software Engineer,software developer,matched,"Software Engineer - C#, .Net Developer",2
Software Engineer,software developer,matched,Senior Software Development Engineer ( Labs),2
Software Engineer,software developer,matched,Software Developer II,2
Software Engineer,software developer,unmatched,Software Development Lead,2
Software Engineer,software developer,unmatched,"Director 1, Software Development & Engineering",2
Software Engineer,software developer,matched,Software Engineer - Digital Twin & React Web Development,2
Software Engineer,software developer,matched,Software Development Engineer 2,2
Software Engineer,software developer,unmatched,"Software Development Manager, FBA Inventory Planning",2
Software Engineer,software developer,matched,"Software Development Engineer, AFT External Fulfillment",2
Software Engineer,software developer,matched,"Software Development Engineer, AI Trust & Innovation",2
Software Engineer,software developer,matched,Sr Software Development Engineer,2
Software Engineer,software developer,matched,"WiFi Software Development Engineer, eero",2
Software Engineer,software developer,matched,"Senior Software Developer, C#",2
Software Engineer,software developer,matched,Senior Software Engineer_Golang Developer,2
Software Engineer,software developer,matched,Senior Lead Software Developer (Salesforce),2
Software Engineer,software developer,matched,"Lead Software Developer(C++, Simulink&Matlab,3-6 years,Bangalore)",2
Software Engineer,software developer,matched,"Software Development Engineer II, Amazon Payment Services",2
Software Engineer,software developer,matched,Software Development Engineer II (Mobile),2
Software Engineer,software developer,matched,Software Development Engineer II - Agency Success,2
Software Engineer,software developer,matched,"Software Development Engineer II, FinTech",2
Software Engineer,software developer,matched,Senior Staff Software Development Engineer,2
Software Engineer,software developer,matched,Software Engineer III (C++ Development),2
Software Engineer,software developer,unmatched,"Senior Manager, Software Development, TimeHub",2
Software Engineer,software developer,matched,Senior Software Engineer- Android Application Developer,2
Software Engineer,software developer,matched,Software Development Engineer - II (Integrator),2
Software Engineer,software developer,unmatched,"Senior Manager, Software Development, Accessibility",2
Software Engineer,software developer,matched,Senior Software Engineer - ServiceNow Development,2
Software Engineer,software developer,unmatched,Principal Engineer-Software Development,2
Software Engineer,software developer,unmatched,"Lead II, Software Engineering - Development",2
Software Engineer,software developer,matched,"Sr Software Engineer, Application Development",2
Software Engineer,software developer,matched,Software Engineer(Senior .NET Developer),2
Software Engineer,software developer,matched,Senior Software Engineer - Java full stack Developer - 6 to 9 years exp,2
Software Engineer,software developer,matched,Principal Software Development Engineer - Agentic Systems,2
Software Engineer,software developer,matched,Software Development Engineer - I (Integrations),2
Software Engineer,software developer,matched,Sr./Software Developer,2
Software Engineer,software developer,matched,"Software Development Engineer II, India HealthCare",2
Software Engineer,software developer,matched,Software Engineer - Scala Developer_103936,1
Software Engineer,software developer,matched,"Software Development Engineer II, Enterprise Engineering",1
Software Engineer,software developer,matched,Enterprise Software Engineer (Python Developer  AI),1
Software Engineer,software developer,unmatched,Software Development Test Engineer II,1
Software Engineer,software developer,excluded_by_rule,Software Developer Engineer in Test 2-Digital Banking Kotak 811-Regional Sales,1
Software Engineer,software developer,unmatched,Senior Software Development Test Engineer,1
Software Engineer,software developer,unmatched,Senior Software Development Lead - R01571999,1
Software Engineer,software developer,matched,"Software Development Engineer II, Timehub Pay Extract",1
Software Engineer,software developer,matched,Software Engineer - Python Developer_104070,1
Software Engineer,software developer,matched,Staff Software Developer - AI Products,1
Software Engineer,software developer,matched,"Software Development Engineer, Inventory Authority Platform (IAP)",1
Software Engineer,software developer,matched,Software Development Engineer Intern – Backend,1
Software Engineer,software developer,matched,Senior Software Developer (Senior Java Engineer)_8 yrs_Hyderabad (Hybrid),1
Software Engineer,software developer,unmatched,Custom Software Engineering Lead - Python Developer,1
Software Engineer,software developer,unmatched,"Software Development, Sr Associate – Informatica MDM",1
Software Engineer,software developer,excluded_by_rule,SDET (Software Development Engineer in Test),1
Software Engineer,software developer,matched,Senior Software Developer (Backend) - .Net with Microservices/Cloud,1
Software Engineer,software developer,unmatched,Business Development/Sales - Software Development Domain,1
Software Engineer,software developer,unmatched,"Specialist, Software Development Engineering",1
Software Engineer,software developer,matched,Senior Software Engineer (Database Developer),1
Software Engineer,software developer,matched,"Software Development Engineer II - FinTech, FinTech",1
Software Engineer,software developer,excluded_by_rule,Senior Staff Software Development Engineer in Test,1
Software Engineer,software developer,unmatched,Software Download OTA Developer,1
Software Engineer,software developer,excluded_by_rule,Staff Software Development Engineer in Test,1
Software Engineer,software developer,unmatched,Staff Engineer I - Software Development Insight,1
Software Engineer,software developer,matched,Software Developer for AI Products,1
Software Engineer,software developer,unmatched,"Senior Engineer I, Software Development - Insight",1
Software Engineer,software developer,unmatched,"Sr Engineer II, Software Development - Switch",1
Software Engineer,software developer,unmatched,"Engineer III, Software Development - Insight",1
Software Engineer,software developer,matched,"Software Development Engineer II, Amazon Now",1
Software Engineer,software developer,matched,Software Developer 3,1
Software Engineer,software developer,unmatched,Software Development Senior Analyst,1
Software Engineer,software developer,matched,Senior Software Developer – Data Science / Machine Learning,1
Software Engineer,software developer,matched,"Senior Software Developer, C++",1
Software Engineer,software developer,matched,Senior Software Engineer (Backend Developer),1
Software Engineer,software developer,matched,Lead Software Developer (Full Stack) - Java,1
Software Engineer,software developer,unmatched,Software Development Lead - R01570982,1
Software Engineer,software developer,matched,Engineer - Software Developer,1
Software Engineer,software developer,matched,Software Development Engineer II - Frontend,1
Software Engineer,software developer,unmatched,Senior Software Development Lead - R01571334,1
Software Engineer,software developer,matched,Software Developer 1,1
Software Engineer,software developer,matched,Software Engineer - Snowflake Developer,1
Software Engineer,software developer,matched,"Software Developer, Product",1
Software Engineer,software developer,matched,Java Software Developer,1
Software Engineer,software developer,matched,Software Development Engineer III - Platform,1
Software Engineer,software developer,matched,Cybersecurity Software Developer (Automotive Embedded Systems),1
Software Engineer,software developer,unmatched,Software Developers & Founders - Earn from Your Unused Code Repositories,1
Software Engineer,software developer,matched,"Software Development Engineer, Alexa Customers & Technology",1
Software Engineer,software developer,unmatched,"Software Development Manager , Prime Video Live Streaming",1
Software Engineer,software developer,matched,Software Engineer - Java Developer,1
Software Engineer,software developer,unmatched,Software Development Advisor,1
Software Engineer,software developer,unmatched,Software Development Analyst,1
Software Engineer,software developer,matched,Lead Software Development Engineer - Embedded,1
Software Engineer,software developer,unmatched,Technical Leader - Embedded Software Development,1
Software Engineer,software developer,matched,"Software Development Engineer II, EU INTech - Prime and Marketing Tech",1
Software Engineer,software developer,matched,R U Software Developer in Hyderabad,1
Software Engineer,software developer,unmatched,Custom Software Engineering Lead - Java Full Stack Development,1
Software Engineer,software developer,unmatched,"Software Development Manager, AWS DynamoDB",1
Software Engineer,software developer,matched,"Software Development Engineer, Digital Acceleration",1
Software Engineer,software developer,matched,Senior Software Engineer- Azure Databricks Developer,1
Software Engineer,software developer,matched,Functional Safety Software Developer – Adas,1
Software Engineer,software developer,unmatched,Technical Leader – Embedded Software Development,1
Software Engineer,software developer,ambiguous_multi,Senior Software Engineer-Data Engineer-Python Spark Developer,1
Software Engineer,software developer,matched,"Senior Software Engineer, Development",1
Software Engineer,software developer,matched,Functional Safety Software Developer – Cockpit / Display / UX,1
Software Engineer,software developer,matched,Software Development Engineer - III (Backend  AI),1
Software Engineer,software developer,matched,Software Developer (Java),1
Software Engineer,software developer,unmatched,"Engineer 3, Software Development & Engineering",1
Software Engineer,software developer,matched,ServiceNow Developer (Software Engineer),1
Software Engineer,software developer,matched,"Software Development Engineer,III (Backend) - Fiat Payments",1
Software Engineer,software developer,matched,Software Development Engineer â Intern / Fresher,1
Software Engineer,software developer,matched,"Software Development Engineer II, Account Compliance Tech",1
Software Engineer,software developer,matched,Fresher Software Developer Charges involved in Hyderabad,1
Software Engineer,software developer,matched,Senior Software Developer (.NET),1
Software Engineer,software developer,unmatched,Software Tool developer_ECT,1
Software Engineer,software developer,matched,Software Engineer - (Teamcenter Developer),1
Software Engineer,software developer,matched,Custom Software Engineer - Java Full Stack Development,1
Software Engineer,software developer,matched,"Software Development Engineer -I, IESP Merchant Tech",1
Software Engineer,software developer,matched,Lead Software Developer,1
Software Engineer,software developer,matched,Software Developer SAP HANA,1
Software Engineer,software developer,matched,Software Development Engineer II (SDE II) - Full Stack,1
Software Engineer,software developer,matched,Software Developer I,1
Software Engineer,software developer,matched,ServiceNow Development - Software Engineer II- BF - 21598-30871-2- JR206306,1
Software Engineer,software developer,matched,Senior Full-Stack Software Developer - AI Voice and Communications Platform,1
Software Engineer,software developer,matched,Staff Software Engineer - React Native developer,1
Software Engineer,software developer,matched,Software Developer(MERN Stack),1
Software Engineer,software developer,unmatched,Senior Engineer - Software Development,1
Software Engineer,software developer,matched,Software Developer AI - AIGent,1
Software Engineer,software developer,matched,Research Software Development Engineer-MSR,1
Software Engineer,software developer,unmatched,Senior Software Development Lead - R01569919,1
Software Engineer,software developer,excluded_by_rule,Software Development Engineer in Test (SDET),1
Software Engineer,software developer,matched,"Staff Software Developer, Salesforce",1
Software Engineer,software developer,unmatched,"Manager, Software Development",1
Software Engineer,software developer,matched,"Software Development Engineer, Backend",1
Software Engineer,software developer,matched,"Software Development Engineer III, Fiat Payments (Backend)",1
Software Engineer,software developer,matched,Junior Software Developer - Python,1
Software Engineer,software developer,unmatched,Software Development Manager - Fullstack,1
Software Engineer,software developer,unmatched,"Engineer 4, Software Development & Engineering",1
Software Engineer,software developer,matched,Software Developer Intern,1
Software Engineer,software developer,matched,Full Stack Software Developer,1
Software Engineer,software developer,matched,Senior Software Developer - Backend,1
Software Engineer,software developer,unmatched,Back-end Software Development Engineering Engineer II,1
Software Engineer,software developer,matched,"Senior, Software Engineer (Android & iPhone Native App Developer)",1
Software Engineer,software developer,matched,Software Development Engineer II (SDE II) - Full Stack - India,1
Software Engineer,software developer,unmatched,Java Developer - Vice President - Software Engineering,1
Software Engineer,software developer,unmatched,Developer Software,1
Software Engineer,software developer,unmatched,Software Application Development Engineer,1
Software Engineer,software developer,excluded_by_rule,Senior Software Development Engineer in Test (SDET),1
Software Engineer,software developer,unmatched,Manager Software Development,1
Software Engineer,software developer,matched,"Software Developer IV, SASE Platform",1
Software Engineer,software developer,matched,Software Engineer - Zoho Developer - On the Job Trainee,1
Software Engineer,software developer,matched,Senior Software Development Engineer - Backend,1
Software Engineer,software developer,matched,Staff Software Development Engineer (Backend),1
Software Engineer,software developer,unmatched,"Associate / Technical Lead, Software Development",1
Software Engineer,software developer,unmatched,Software Development Manager - MS D365 CRM/CE,1
Software Engineer,software developer,matched,Sr.Software Developer (Mulesoft),1
Software Engineer,software developer,unmatched,Senior Software Development Manager - Confluent,1
Software Engineer,software developer,matched,Senior Software Development Engineer II,1
Software Engineer,software developer,excluded_by_rule,Senior Software Development Engineer Test (Pune/ Bangalore),1
Software Engineer,software developer,matched,ServiceNow Software Developer,1
Software Engineer,software developer,unmatched,Software Development Intern - Full Stack / Backend Focus,1
Software Engineer,software developer,matched,Software Developer - .Net & Web Technologies,1
Software Engineer,software developer,unmatched,"Technical Lead, Software Development",1
Software Engineer,software developer,matched,Software Developer Engineer 2-Digital Banking Kotak 811-Regional Sales,1
Software Engineer,software developer,matched,.Net Software Developer,1
Software Engineer,software developer,unmatched,Staff Software Development Test Engineer - AI Evaluation,1
Software Engineer,software developer,matched,Associate Software Development Engineer (SDE),1
Software Engineer,software developer,matched,Software Engineer -Snowflake Development,1
Software Engineer,software developer,unmatched,Senior Software Development Test Engineer - AI,1
Software Engineer,software developer,matched,"Lead Software Engineer- Python Full Stack Development (Python, Django & React)",1
Software Engineer,software developer,matched,Backend Software Development Engineer,1
Software Engineer,software developer,unmatched,Front end Software Development Engineering Engineer III,1
Software Engineer,software developer,unmatched,Front end Software Development Engineering Engineer II,1
Software Engineer,software developer,matched,"Specialist, Software Engineer - Angular Developer, India",1
Software Engineer,software developer,matched,Principal Software Developer,1
Software Engineer,software developer,matched,IN_Bosch Rexroth India_Engineer / Executive_Embedded Software Developer for Application Software Development and Customer Support,1
Software Engineer,software developer,matched,Software Developer - Coupa,1
Software Engineer,software developer,unmatched,"Manager, Software Development - 149",1
Software Engineer,software developer,matched,"Staff Software Developer, Back End",1
Software Engineer,software developer,unmatched,"Software Development Manager, Builder Foundations GRID",1
Software Engineer,software developer,matched,"Software Development Engineer II, Amazon Finance Technology",1
Software Engineer,software developer,unmatched,Java Developer / Software Trainee (Freshers) - Anvvayya Services,1
Software Engineer,software developer,matched,Software Developer Hyderabad Freshers,1
Software Engineer,software developer,unmatched,Software Technologist I - Java Full Stack Developer,1
Software Engineer,software developer,matched,C Software Developer - Fully Remote,1
Software Engineer,software developer,matched,Sr Software Engineer - Cloud Platform-Kubernetes Development,1
Software Engineer,software developer,matched,Quantexa Software Developer AML Monitoring,1
Software Engineer,software developer,unmatched,Salesforce Specialist Engineer - Software Development,1
Software Engineer,software developer,matched,Software Developer - Core Applications,1
Software Engineer,software developer,matched,Software Development Engineer II (Frontend) - Opportunities,1
Software Engineer,software developer,matched,Senior Software Development Engineer (Agency Success),1
Software Engineer,software developer,unmatched,Software Development Lead - R01567293,1
Software Engineer,software developer,matched,Software Development Engineer II - Conversations,1
Software Engineer,software developer,matched,Senior Software Development Engineer (Social Listing),1
Software Engineer,software developer,unmatched,Software Cloud Developer,1
Software Engineer,software developer,matched,Software Development Engineer III (CRM - Opportunities - AI),1
Software Engineer,software developer,excluded_by_rule,Software Development Engineer in Test,1
Software Engineer,software developer,matched,"Software Development Engineer I, IESP Merchant Tech",1
Software Engineer,software developer,unmatched,Software Engineering Manager — Funded Development,1
Software Engineer,software developer,matched,QNX- Senior Systems Software Developer -Wifi/Networking,1
Software Engineer,software developer,matched,Senior Avionics Software Developer,1
Software Engineer,software developer,matched,Software Development Engineer 3 - Microsoft Dynamics Developer,1
Software Engineer,software developer,unmatched,Software Development Lead - R01571192,1
Software Engineer,software developer,matched,Sr. Staff Software Development Engineer,1
Software Engineer,software developer,matched,IT Software Engineer (Service Now Developer),1
Software Engineer,software developer,matched,Sr Software Engineer - Cloud Platform—Kubernetes Development,1
Software Engineer,software developer,matched,L1 - Junior Software Developer,1
Software Engineer,software developer,matched,L4 - Team Lead - Software Developer,1
Software Engineer,software developer,matched,Sr. Software Developer- MERN,1
Software Engineer,software developer,matched,"Sr. Software Engineer, Developer Experience and Productivity Engineering -10451",1
Software Engineer,software developer,matched,Software Development Engineer Staff,1
Software Engineer,software developer,matched,"Senior Software Engineer, Developer Experience",1
Software Engineer,software developer,unmatched,Senior Software Development Lead - R01571191,1
Software Engineer,software developer,matched,Software Development Engineer - Mainframe Batch Support-1,1
Software Engineer,software developer,unmatched,[BLR] Network Platform Software Development – Technical Lead,1
Software Engineer,software developer,matched,Software Development Engineer I-2,1
Software Engineer,software developer,matched,"Sr. Software Engineer, Developer Experience and Productivity Engineering",1
Software Engineer,software developer,matched,Software Development Engineer (SD1/SD2),1
Software Engineer,software developer,unmatched,Staff Software Development Engineerin in Test,1
Software Engineer,software developer,matched,Software Developer (UI/UX),1
Software Engineer,software developer,matched,Systems/Software Engineer II (Platform diagnostics software development),1
Software Engineer,software developer,matched,Senior Software Engineer – Java Backend Developer,1
Software Engineer,software developer,matched,Software Engineer - Java Development,1
Software Engineer,software developer,matched,"Software Development Engineer, Amazon International Seller Services",1
Software Engineer,software developer,matched,Staff Software Development Engineer - Java  Distributed Systems,1
Software Engineer,software developer,matched,"Senior Software Engineer (C++, Parser /Compiler Development)",1
Software Engineer,software developer,unmatched,Experienced Software Application Development - QA and Test Automation Engineer,1
Software Engineer,software developer,unmatched,"Software Development II, Core Services OTF Team",1
Software Engineer,software developer,matched,"Software Development Engineer, Sidewalk Cloud",1
Software Engineer,software developer,matched,"Software Development Engineer, Amazon OpenSearch Service - Plugins and Security",1
Software Engineer,software developer,matched,"Software Development Engineer II , Risk and Compliance Solutions (RCS)",1
Software Engineer,software developer,matched,Senior Fullstack Software Developer (IAM),1
Software Engineer,software developer,matched,Software Development Engineer II-Mainframe developer with Assembler,1
Software Engineer,software development engineer,matched,Software Development Engineer II,11
Software Engineer,software development engineer,matched,Staff Software Development Engineer,10
Software Engineer,software development engineer,matched,Software Development Engineer,6
Software Engineer,software development engineer,matched,"Software Development Engineer II, FBA Capacity and Inventory Health Management",6
Software Engineer,software development engineer,excluded_by_rule,Senior Software Development Engineer in Test,5
Software Engineer,software development engineer,matched,"Software Development Engineer, Seller and AM GenAI Tools",4
Software Engineer,software development engineer,matched,"Software Development Engineer II, Timehub Experience",3
Software Engineer,software development engineer,matched,"Software Development Engineer, Time & Pay Innovation",3
Software Engineer,software development engineer,matched,"Software Development Engineer, Alexa for Shopping",3
Software Engineer,software development engineer,matched,"Software Development Engineer II, Seller Partner Services Tech",3
Software Engineer,software development engineer,matched,"Software Development Engineer, Ads Campaign Management",3
Software Engineer,software development engineer,matched,"Software Development Engineer, Amazon Time & Pay Innovation",3
Software Engineer,software development engineer,matched,"Software Development Engineer, WW Services Tech",3
Software Engineer,software development engineer,matched,"Software Development Engineer, Customer Experience and Business Trends",3
Software Engineer,software development engineer,matched,"Software Development Engineer, Tax Engine Services",3
Software Engineer,software development engineer,matched,"Software Engineer - C#, .Net Developer",2
Software Engineer,software development engineer,matched,Senior Software Development Engineer ( Labs),2
Software Engineer,software development engineer,matched,Lead Software Development Engineer,2
Software Engineer,software development engineer,matched,Software Development Engineer 3,2
Software Engineer,software development engineer,unmatched,"Director 1, Software Development & Engineering",2
Software Engineer,software development engineer,matched,"Software Development Engineer, AFT External Fulfillment",2
Software Engineer,software development engineer,matched,"Software Development Engineer, AI Trust & Innovation",2
Software Engineer,software development engineer,matched,"WiFi Software Development Engineer, eero",2
Software Engineer,software development engineer,matched,Senior Software Engineer_Golang Developer,2
Software Engineer,software development engineer,matched,"Software Development Engineer, Prime Video Live Events - Sports Data Platform",2
Software Engineer,software development engineer,matched,Software Development Engineer II (Mobile),2
Software Engineer,software development engineer,matched,Software Engineer - Scala Developer_103936,1
Software Engineer,software development engineer,matched,"Software Development Engineer II, Enterprise Engineering",1
Software Engineer,software development engineer,matched,Enterprise Software Engineer (Python Developer  AI),1
Software Engineer,software development engineer,unmatched,Software Development Test Engineer II,1
Software Engineer,software development engineer,excluded_by_rule,Software Developer Engineer in Test 2-Digital Banking Kotak 811-Regional Sales,1
Software Engineer,software development engineer,unmatched,Senior Software Development Test Engineer,1
Software Engineer,software development engineer,matched,"Software Development Engineer II, Timehub Pay Extract",1
Software Engineer,software development engineer,matched,Software Engineer - Python Developer_104070,1
Software Engineer,software development engineer,matched,"Software Development Engineer, Inventory Authority Platform (IAP)",1
Software Engineer,software development engineer,matched,Software Development Engineer Intern – Backend,1
Software Engineer,software development engineer,matched,Senior Software Developer (Senior Java Engineer)_8 yrs_Hyderabad (Hybrid),1
Software Engineer,software development engineer,unmatched,Custom Software Engineering Lead - Python Developer,1
Software Engineer,software development engineer,excluded_by_rule,SDET (Software Development Engineer in Test),1
Software Engineer,software development engineer,unmatched,"Specialist, Software Development Engineering",1
Software Engineer,software development engineer,matched,Senior Software Engineer (Database Developer),1
Software Engineer,software development engineer,matched,"Software Development Engineer II - FinTech, FinTech",1
Software Engineer,software development engineer,excluded_by_rule,Senior Staff Software Development Engineer in Test,1
Software Engineer,software development engineer,excluded_by_rule,Staff Software Development Engineer in Test,1
Software Engineer,software development engineer,unmatched,Staff Engineer I - Software Development Insight,1
Software Engineer,software development engineer,unmatched,"Senior Engineer I, Software Development - Insight",1
Software Engineer,software development engineer,unmatched,"Sr Engineer II, Software Development - Switch",1
Software Engineer,software development engineer,unmatched,"Engineer III, Software Development - Insight",1
Software Engineer,software development engineer,matched,"Software Development Engineer II, Amazon Now",1
Software Engineer,software development engineer,matched,Senior Software Engineer (Backend Developer),1
Software Engineer,software development engineer,matched,Engineer - Software Developer,1
Software Engineer,software development engineer,matched,Software Development Engineer II - Frontend,1
Software Engineer,software development engineer,matched,Software Development Engineer 2,1
Software Engineer,software development engineer,matched,Software Engineer - Snowflake Developer,1
Software Engineer,software development engineer,matched,Software Development Engineer III - Platform,1
Software Engineer,software development engineer,matched,"Software Development Engineer, Alexa Customers & Technology",1
Software Engineer,software development engineer,matched,Software Engineer - Java Developer,1
Software Engineer,software development engineer,matched,Lead Software Development Engineer - Embedded,1
Software Engineer,software development engineer,matched,"Software Development Engineer II, EU INTech - Prime and Marketing Tech",1
Software Engineer,software development engineer,matched,Sr Software Development Engineer,1
Software Engineer,software development engineer,matched,"Software Development Engineer, Digital Acceleration",1
Software Engineer,software development engineer,matched,Senior Software Engineer- Azure Databricks Developer,1
Software Engineer,software development engineer,ambiguous_multi,Senior Software Engineer-Data Engineer-Python Spark Developer,1
Software Engineer,software development engineer,matched,Software Engineer - Full Stack Development,1
Software Engineer,software development engineer,matched,"Senior Software Engineer, Development",1
Software Engineer,software development engineer,matched,Software Development Engineer - III (Backend  AI),1
Software Engineer,software development engineer,unmatched,"Engineer 3, Software Development & Engineering",1
Software Engineer,software development engineer,matched,ServiceNow Developer (Software Engineer),1
Software Engineer,software development engineer,matched,Sr. Software Development Engineer,1
Software Engineer,software development engineer,matched,"Software Development Engineer,III (Backend) - Fiat Payments",1
Software Engineer,software development engineer,matched,Software Development Engineer â Intern / Fresher,1
Software Engineer,software development engineer,matched,"Software Development Engineer II, Account Compliance Tech",1
Software Engineer,software development engineer,matched,Software Engineer - (Teamcenter Developer),1
Software Engineer,software development engineer,matched,Custom Software Engineer - Java Full Stack Development,1
Software Engineer,software development engineer,matched,"Software Development Engineer -I, IESP Merchant Tech",1
Software Engineer,software development engineer,matched,"Software Development Engineer II, Alexa Connected Devices",1
Software Engineer,software development engineer,matched,Software Development Engineer III,1
Software Engineer,software development engineer,matched,"Software Development Engineer II, Amazon Payment Services",1
Software Engineer,software development engineer,matched,Software Development Engineer II (SDE II) - Full Stack,1
Software Engineer,software development engineer,matched,ServiceNow Development - Software Engineer II- BF - 21598-30871-2- JR206306,1
Software Engineer,software development engineer,matched,Staff Software Engineer - React Native developer,1
Software Engineer,software development engineer,unmatched,Senior Engineer - Software Development,1
Software Engineer,software development engineer,matched,Research Software Development Engineer-MSR,1
Software Engineer,software development engineer,excluded_by_rule,Software Development Engineer in Test (SDET),1
Software Engineer,software development engineer,matched,"Software Development Engineer, Backend",1
Software Engineer,application developer,matched,Application Developer,50
Software Engineer,application developer,matched,Application Developer-AWS Cloud FullStack,13
Software Engineer,application developer,unmatched,Application Development & Support Specialist,12
Software Engineer,application developer,unmatched,Application Development & Support Senior Analyst,8
Software Engineer,application developer,unmatched,Tech Lead - Application Development JAVA N 4C,7
Software Engineer,application developer,matched,Mainframe Application Developer,7
Software Engineer,application developer,matched,Application Developer-Cloud FullStack,6
Software Engineer,application developer,matched,Senior Application Developer,6
Software Engineer,application developer,unmatched,Tech Lead - Application Development N 4C,5
Software Engineer,application developer,matched,Lead Application Developer,5
Software Engineer,application developer,unmatched,Sr. Developer - Enterprise Application Salesforce P 4B,4
Software Engineer,application developer,unmatched,Tech Lead - Application Development Microsoft N 4C,4
Software Engineer,application developer,matched,Mobile Application Developer,4
Software Engineer,application developer,unmatched,Developer - Application Development JAVA N 4A,4
Software Engineer,application developer,unmatched,Intermediate Applications Developer - Chennai,4
Software Engineer,application developer,unmatched,Principal Consultant - Application Development,4
Software Engineer,application developer,unmatched,Sr. Developer - Application Development N 4B,3
Software Engineer,application developer,unmatched,Application Development Group Manager - Senior Vice President,3
Software Engineer,application developer,unmatched,"Senior Manager, Application Development",3
Software Engineer,application developer,unmatched,Sr. Tech Lead - Application Development Microsoft N 4D,3
Software Engineer,application developer,unmatched,Senior Firmware Developer - Thermal Application,3
Software Engineer,application developer,matched,Application Developer-Real Estate & Facilities,3
Software Engineer,application developer,unmatched,"Senior Specialist, Applications Development",3
Software Engineer,application developer,unmatched,Sr. Developer - Application Development Microsoft N 4B,3
Software Engineer,application developer,excluded_by_rule,Intermediate Application Developer - QA,3
Software Engineer,application developer,unmatched,"Intermediate Applications Developer - Java, SQL, Springboot",3
Software Engineer,application developer,unmatched,Sr. Developer - Application Development JAVA N 4B,3
Software Engineer,application developer,unmatched,Application Development Engineer - Electronics,3
Software Engineer,application developer,matched,"Intermediate Application Developer - Java, Full Stack",3
Software Engineer,application developer,matched,FBS Application Developer III,3
Software Engineer,application developer,unmatched,"Senior Applications Developer - Full Stack-C#, Dotnet, MVC, Angular, Azure Cloud",3
Software Engineer,application developer,matched,Software Developer  Azure Web Applications,3
Software Engineer,application developer,mapped:Data Scientist,Senior Applications Developer- Data Scientist,3
Software Engineer,application developer,matched,Intermediate Application Developer,3
Software Engineer,application developer,unmatched,Sr. Developer - Enterprise Application ServiceNow N 4B,2
Software Engineer,application developer,matched,Web GIS Application Developer - Senior Associate,2
Software Engineer,application developer,unmatched,Java Applications Development - Assistant Vice President,2
Software Engineer,application developer,unmatched,Sr Specialist Applications Development - Workday HCM Development,2
Software Engineer,application developer,matched,Sr Edge Application Developer,2
Software Engineer,application developer,unmatched,Application Development Associate Director - HIH - Evernorth,2
Software Engineer,application developer,unmatched,"Consultant, Application Development",2
Software Engineer,application developer,matched,APPLICATION DEVELOPER,2
Software Engineer,application developer,unmatched,Application Development Engineer,2
Software Engineer,application developer,unmatched,Head Application Development - IN,2
Software Engineer,application developer,unmatched,Software Application Development Engineer,2
Software Engineer,application developer,matched,Senior Application Developer - .Net Full Stack,2
Software Engineer,application developer,matched,Senior Software Engineer- Android Application Developer,2
Software Engineer,application developer,unmatched,Applications Development Senior Programmer Analyst - Assistant Vice President,2
Software Engineer,application developer,matched,"Sr Software Engineer, Application Development",2
Software Engineer,application developer,matched,Junior Application Developer,2
Software Engineer,application developer,unmatched,Director - Financial Crime Technology Application Development Leader,2
Software Engineer,application developer,matched,Application Developer-II-SUPPORT SERVICES-CTO - In House Engineering,2
Software Engineer,application developer,unmatched,Sr. Applications Developer (Location - Chennai),2
Software Engineer,application developer,unmatched,"Senior Developer CRM Applications (Salesforce , Servicemax)",2
Software Engineer,application developer,unmatched,Application Development & Support Manager,2
Software Engineer,application developer,unmatched,"Senior Manager, IT Application Development",2
Software Engineer,application developer,unmatched,Senior Business Applications Developer,2
Software Engineer,application developer,unmatched,Application Development Senior Analyst - Cigna Healthcare,2
Software Engineer,application developer,unmatched,Applications Development Senior Programmer Analyst,2
Software Engineer,application developer,matched,Senior Windows Application Developer,2
Software Engineer,application developer,mapped:Architect (contamination audit),Architect - Application Development S 4D,2
Software Engineer,application developer,unmatched,Sr. Developer - Application Development JAVA P 4B,2
Software Engineer,application developer,unmatched,"Specialist, Application Development- Backend Python developer with Azure and API development",2
Software Engineer,application developer,unmatched,Intermediate Applications Developer,2
Software Engineer,application developer,unmatched,"Senior Developer, IT Applications",2
Software Engineer,application developer,unmatched,"Developer, IT Applications",2
Software Engineer,application developer,mapped:Architect (contamination audit),Architect - Application Development N 4D,2
Software Engineer,application developer,matched,"Application Developer - Java, Angular, Oracle",2
Software Engineer,application developer,unmatched,Director - Application Development 3,2
Software Engineer,application developer,unmatched,Sr. Tech Lead - Application Development JAVA N 4D,2
Software Engineer,application developer,matched,Intermediate Application Developer- eCommerce (Shopify) Platform Support,2
Software Engineer,application developer,unmatched,Senior Developer Cloud Applications - Oracle CPQ,2
Software Engineer,application developer,matched,Application developer Cloud Fullstack,1
Software Engineer,application developer,unmatched,Sr. Developer - Application Development P 4B,1
Software Engineer,application developer,unmatched,Tech Lead - Application Development JAVA P 4C,1
Software Engineer,application developer,unmatched,Application Development,1
Software Engineer,application developer,matched,Application Developer - BluePrism developer,1
Software Engineer,application developer,unmatched,Technical Associate - Application Development 5A,1
Software Engineer,application developer,unmatched,Senior Application Development Analyst,1
Software Engineer,application developer,matched,Application Developer-I-SUPPORT SERVICES-CTO - In House Engineering,1
Software Engineer,application developer,unmatched,Technical Lead & Sr Developers Web And Blockchain Applications,1
Software Engineer,application developer,unmatched,Business Development – Vendor Mgmt. Application,1
Software Engineer,application developer,unmatched,Application Development Lead - Senior Vice President,1
Software Engineer,application developer,unmatched,Application Development - Vice President,1
Software Engineer,application developer,unmatched,Application Development Technical Lead Analyst - Java Fullstack,1
Software Engineer,application developer,unmatched,Lead Applications Development - Lead - Workday HCM Development,1
Software Engineer,application developer,unmatched,Tech Lead - Application Development Platforms UI/UX_Workflow N 4C,1
Software Engineer,application developer,unmatched,Tech Lead - Application Development P 4C,1
Software Engineer,application developer,unmatched,"Application Development-Team Management, Executive Director,IST",1
Software Engineer,application developer,unmatched,Sr. Developer - Application Development S 4B,1
Software Engineer,application developer,unmatched,Lead Applications Development - Lead – Workday HCM Development,1
Software Engineer,application developer,unmatched,Sr. Developer - Enterprise Application Salesforce N 4B,1
Software Engineer,application developer,unmatched,Java SQL Application Development - Vice President,1
Software Engineer,application developer,matched,AI Application Developer – Python,1
Software Engineer,application developer,unmatched,Full Stack Developer - Java Applications,1
Software Engineer,application developer,unmatched,AI & ML Development Lead-Application Development-Applications Development Engineering,1
Software Engineer,application developer,unmatched,HIH - Application Development Senior Manager,1
Software Engineer,application developer,unmatched,Application Development Advisor - HIH - Evernorth,1
Software Engineer,application developer,unmatched,Tech Lead - Application Development Microsoft S 4C,1
Software Engineer,application developer,matched,Java Lead Application Developer,1
Software Engineer,application developer,unmatched,Application Development Technology Lead Analyst,1
Software Engineer,application developer,unmatched,Application Development Senior Manager - Dot Net,1
Software Engineer,application developer,unmatched,Analyst- Application Development,1
Software Engineer,application developer,matched,"Lead, DCR Application Developer",1
Software Engineer,application developer,unmatched,Software Engineering - Application Support Engineer - RPA-Uipath Developer,1
Software Engineer,application developer,matched,Application Developer – Blue Prism,1
Software Engineer,application developer,unmatched,Team Lead - Application Development,1
Software Engineer,application developer,unmatched,AI Automation Engineer with Python application development,1
Software Engineer,application developer,unmatched,"Senior, IT Applications Development",1
Software Engineer,application developer,unmatched,Developer - Application Development S 4A,1
Software Engineer,application developer,unmatched,Applications Development Module Lead,1
Software Engineer,application developer,unmatched,Vice President - Application Development & Management Services (ADMS),1
Software Engineer,application developer,matched,Sr Siesmic Application Developer,1
Software Engineer,application developer,matched,Application Developer - Salesforce,1
Software Engineer,application developer,matched,SENIOR SEISMIC APPLICATION DEVELOPER,1
Software Engineer,application developer,unmatched,ADA Accessibility Developer – .NET Mobile Applications,1
Software Engineer,application developer,unmatched,Developer - Application Development Programming Language/Scripting Languages/Web Technologies S 4A,1
Software Engineer,application developer,unmatched,"Specialist, Applications Development",1
Software Engineer,application developer,unmatched,Developer - Application Development N 4A,1
Software Engineer,application developer,unmatched,Sr. Developer - Enterprise Application - Oracle P 4B,1
Software Engineer,application developer,unmatched,Java Applications Development Senior Programmer,1
Software Engineer,application developer,unmatched,Application SW Developer (Model-based) for Steering Platform,1
Software Engineer,application developer,matched,IN_Bosch Rexroth India_Engineer / Executive_Embedded Software Developer for Application Software Development and Customer Support,1
Software Engineer,application developer,matched,"Senior Consultant, Application Developer - Finance",1
Software Engineer,application developer,matched,Application Developer-Google Cloud FullStack,1
Software Engineer,application developer,unmatched,Java Applications Development Programmer Analyst,1
Software Engineer,application developer,unmatched,Applications Developer,1
Software Engineer,application developer,matched,Lead Python & SQL Application Developer - Vice President,1
Software Engineer,application developer,unmatched,"Sr. Engineer, Application Development & Maintenance (SAP S/4HANA BRIM Convergent Mediation)",1
Software Engineer,application developer,unmatched,"Advisor, Applications Development",1
Software Engineer,application developer,matched,Software Developer - Core Applications,1
Software Engineer,application developer,matched,Reporting Application Developer,1
Software Engineer,application developer,unmatched,Tech Lead – Production Support & Application Development,1
Software Engineer,application developer,unmatched,"Sr Engineer, Applications Development - SAP Hybris",1
Software Engineer,application developer,unmatched,Java J2EE Applications Development Lead,1
Software Engineer,application developer,unmatched,"Principal II, Application Development",1
Software Engineer,application developer,unmatched,AES - DE - Generative AI Application Developers,1
Software Engineer,application developer,matched,Sr. Mobile Application Developer (React Native) -10423,1
Software Engineer,application developer,unmatched,Experienced Software Application Development - QA and Test Automation Engineer,1
Software Engineer,application developer,matched,Application Developer – Cloud Full Stack,1
Software Engineer,application developer,unmatched,Application Engineer Senior Specialist - Application Engineering - Development & Maintenance,1
Software Engineer,application developer,unmatched,2026_Embedded_Application_SW_Developer_COB_EBG2,1
Software Engineer,application developer,unmatched,2026_Embedded_Application_SW_Developer_SDV_Ethernet_COB_EGM3,1
Software Engineer,application developer,matched,"Application Developer, Veeva Vault, BCCI",1
Software Engineer,application developer,unmatched,Applications Development Intermediate Programmer Analyst,1
Software Engineer,application developer,unmatched,"Senior Vice President, Application Development Manager",1
Software Engineer,application developer,matched,Channel Application Developer| Karaikal,1
Software Engineer,application developer,unmatched,Business Developer- Application (Gujarat),1
Software Engineer,application developer,unmatched,AI Application Development Engineer,1
Software Engineer,application developer,unmatched,Technical Application Consultant - SAP Development,1
Software Engineer,application developer,matched,Principal Application Developer,1
Software Engineer,application developer,unmatched,Java Applications Development Senior Developer,1
Software Engineer,application developer,unmatched,Developer - Application Development Programming Language/Scripting Languages/Web Technologies N 4A,1
Software Engineer,application developer,unmatched,Application Development & Support Analyst,1
Software Engineer,application developer,matched,Applications Software Developer,1
Software Engineer,application developer,unmatched,Applications Development Senior Analyst,1
Software Engineer,application developer,unmatched,Consultant-Application Development and Support,1
Software Engineer,application developer,unmatched,Senior Manager Application Development,1
Software Engineer,application developer,unmatched,SAP BTP CAPM Application Development,1
Software Engineer,application developer,matched,"Application Developer, Data & Analytics",1
Software Engineer,application developer,matched,Application Developer- Java Spring L3 Support,1
Software Engineer,application developer,matched,Senior Python Application Developer - Assistant Vice President,1
Software Engineer,application developer,matched,Application Developer - Cloud FullStack,1
Software Engineer,application developer,unmatched,Application Development- Java,1
Software Engineer,application developer,matched,CCaaS Application Developer,1
Software Engineer,application developer,unmatched,Security Development Specialist Mobile Applications,1
Software Engineer,application developer,unmatched,Application Development Engineer 2,1
Software Engineer,application developer,matched,APPLICATION DEVELOPER – CLOUD FULLSTACK,1
Software Engineer,application developer,unmatched,Application Development Analyst,1
Software Engineer,application developer,mapped:DevOps / Cloud Engineer,IN_Senior Associate_ AWS Devops With SRE Developer_Application Technology_Advisory_Bangalore,1
Software Engineer,application developer,matched,Application Developer -  26-22323,1
Software Engineer,application developer,unmatched,Developer - Application Development 5B,1
Software Engineer,application developer,matched,Application Developer – Commercial Apps,1
Software Engineer,application developer,matched,Application Developer - Commercial Apps,1
Software Engineer,application developer,unmatched,Application Development Lead (Bigdata & Analytics) - Vice President,1
Software Engineer,application developer,matched,"Associate/Senior Associate, Application Developer(Java Backend), Consumer Banking Group Technology.",1
Software Engineer,application developer,unmatched,Sr. Tech Lead - Application Development N 4D,1
Software Engineer,application developer,mapped:DevOps / Cloud Engineer,IT Applications Developer- Netsuite Platform Engineer,1
Software Engineer,application developer,unmatched,Application Development Senior Manager - HIH - Evernorth,1
Software Engineer,application developer,unmatched,Application Stack Support Developer,1
Software Engineer,application developer,matched,Hybrid Mobile Application Developer,1
Software Engineer,application developer,matched,Android Application Developer Native,1
Software Engineer,application developer,matched,.NET Application Developer - SDE II,1
Software Engineer,application developer,matched,.NET Core Application Developer,1
Software Engineer,application developer,unmatched,Application Specialist - ServiceNow Developer,1
Software Engineer,application developer,matched,IT Application Developer - Salesforce,1
Software Engineer,application developer,matched,Embedded Application Developer,1
Software Engineer,application developer,unmatched,Application Development & Support Specialist (Oracle Sales Cloud),1
Software Engineer,application developer,mapped:Architect (contamination audit),Architect - Application Development JAVA N 4D,1
Software Engineer,application developer,matched,Application Developer-Python,1
Software Engineer,application developer,matched,Billing Transformation Application Developer,1
Software Engineer,application developer,matched,Application Developer - .Net - Nordics // Mumbai // 4-6 yrs,1
Software Engineer,application developer,matched,.Net Fullstack Application Developer,1
Software Engineer,application developer,matched,Staff Application Developer - Record to Report (Workday Financials),1
Software Engineer,application developer,matched,SAP BTP APPLICATION DEVELOPER,1
Software Engineer,application developer,unmatched,Applications Development Lead Analyst,1
Software Engineer,application developer,matched,SAP CPI / PI-PO APPLICATION DEVELOPER,1
Software Engineer,application developer,matched,SAP ABAP APPLICATION DEVELOPER WITH GERMAN REMOTE 1 YEAR C2H SEP,1
Software Engineer,application developer,matched,Application Developer Senior Analyst,1
Software Engineer,application developer,unmatched,"Senior Applications Engineer, GenAI Development",1
Software Engineer,application developer,mapped:Architect (contamination audit),"Architect, Applications Development",1
Software Engineer,application developer,unmatched,Sr. Tech Lead - Application Development Microsoft P 4D,1
Software Engineer,application developer,unmatched,Application Engineering Technical Lead -II (Senior Developer - Angular & AWS Cloud),1
Software Engineer,application developer,unmatched,"Director, Application Development",1
Software Engineer,application developer,matched,Engineer - AWS Application Developer,1
Software Engineer,application developer,excluded_by_rule,Sr. Software Developer - Automotive Lighting Applications & Test Automation,1
Software Engineer,application developer,matched,GenAI Python Application Developer - Assistant Vice President,1
Software Engineer,application developer,unmatched,Application Development Senior Manager,1
Software Engineer,application developer,unmatched,Mobile Application Developers,1
Software Engineer,application developer,matched,IT Application Developer Prin,1
Software Engineer,application developer,unmatched,SW Application Development Engineer,1
Software Engineer,application developer,unmatched,Steel Engineer/Applications Developer,1
Software Engineer,application developer,matched,"Senior Associate, Application Developer, Consumer Banking Group Technology",1
Software Engineer,application developer,matched,"Associate, Application Developer, Consumer Banking Group Technology",1
Software Engineer,application developer,unmatched,Developer - Application Development JAVA S 4A,1
Software Engineer,application developer,unmatched,Developer - Application Development Microsoft N 4A,1
Software Engineer,application developer,matched,Software Developer (AI Applications and Platform Engineering),1
Software Engineer,application developer,unmatched,Principal Engineer - Applications Development,1
Software Engineer,application developer,unmatched,Applications Development Analyst,1
Software Engineer,application developer,unmatched,Senior Principal Engineer - Applications Development,1
Software Engineer,application developer,unmatched,Applications Development Programmer Analyst - Assistant Vice President,1
Software Engineer,application developer,matched,Zoho Application Developer,1
Software Engineer,application developer,matched,SAP PI/PO & CPI – Application Developer,1
Software Engineer,application developer,unmatched,"Manager, Web Application Development",1
Software Engineer,application developer,unmatched,Application Development Lead,1
Software Engineer,application developer,unmatched,Manager Application Development- Food Ingredients,1
Software Engineer,application developer,matched,Entry Application Developer,1
Software Engineer,application developer,matched,? HIRING | APPLICATION DEVELOPER – ORACLE EBS ? Location: Gurgaon | Hybrid ? Experience: 7–8 Years ? CTC: ₹15–18 LP,1
Software Engineer,application developer,matched,Application Developer-SAP ABAP HANA,1
Software Engineer,application developer,unmatched,Application Senior Developer_(Open Edge),1
Software Engineer,application developer,mapped:Data Engineer,C501 - BTA::Application Senior Developer_Data Engineer,1
Software Engineer,application developer,unmatched,Application Development Lead (Java) - Senior Vice President,1
Software Engineer,application developer,unmatched,Application Development Senior Analyst,1
Software Engineer,application developer,matched,IT Application Developer Senior Consultant - Mumbai - India,1
Software Engineer,application developer,matched,Mobile Application Developer II,1
Software Engineer,application developer,unmatched,AI Developer – Voice AI Application,1
Software Engineer,application developer,matched,Expert Application Developer - Workday Finance Application Management,1
Software Engineer,application developer,matched,Expert Application Developer – Workday Finance Application Management,1
Software Engineer,application developer,unmatched,Manager - Application Development Microsoft N 4D,1
Software Engineer,application developer,unmatched,C# / SQL Server Developer - Contact Center Applications,1
Software Engineer,application developer,matched,Master Consultant - Application Developer,1
Software Engineer,application developer,unmatched,Senior Application Delivery Consultant (Full Stack Developer),1
Software Engineer,application developer,unmatched,Intermediate Applications Developer - Mainframe,1
Software Engineer,application developer,matched,Hire Ahead-Intermediate Application Developer- Java,1
Software Engineer,application developer,matched,Hire Ahead - Intermediate Application Developer - .Net Full Stack,1
Software Engineer,application developer,matched,Senior Application Developer - Java Full stack,1
Software Engineer,application developer,unmatched,Intermediate Applications Developer - ORACLE PLSQL,1
Software Engineer,application developer,matched,Application developer-Cloud fullstack,1
Software Engineer,application developer,matched,Service Now Application Developer,1
Software Engineer,application developer,unmatched,Applications Development Manager,1
Software Engineer,application developer,unmatched,Intermediate Applications Developer (Location - Chennai),1
Software Engineer,application developer,matched,Senior Application Developer-GIC,1
Software Engineer,application developer,mapped:Data Analyst,"Applications Developer – Data Analyst, Data Science, Python, GCP, ML",1
Software Engineer,application developer,matched,Intermediate Application Developer - Middleware ITX/WTX,1
Software Engineer,application developer,matched,Sr. Application Developer - Swing Shift,1
Software Engineer,application developer,matched,"Senior Application Developer- Java, Spring boot - Chennai",1
Software Engineer,application developer,matched,Senior Application Developer - Java,1
Software Engineer,application developer,unmatched,Application Development Specialist,1
Software Engineer,application developer,unmatched,Lead Applications Developer (Location - Chennai),1
Software Engineer,application developer,unmatched,Senior Applications Developer Chennai,1
Software Engineer,application developer,unmatched,Senior Applications Developer - Chennai,1
Software Engineer,application developer,unmatched,Senior Applications Developer - SQL,1
Software Engineer,application developer,matched,Intermediate Application Developer - Full Stack Dot Net(Angular  .net core),1
Software Engineer,application developer,unmatched,"Application Engineer - III (Java, AWS, API - Development)",1
Software Engineer,application developer,matched,Application Developer – IFS Cloud,1
Software Engineer,application developer,matched,Senior Salesforce Application Developer – Revenue Cloud(CPQ),1
Software Engineer,application developer,unmatched,Enterprise Developer – Enterprise Application Development,1
Software Engineer,application developer,matched,Application Developer - Swing Shift,1
Software Engineer,application developer,unmatched,Sr Developer (Finance Applications),1
Software Engineer,application developer,matched,Software Developer / Application Support Engineer,1
Software Engineer,application developer,unmatched,Nice CXOne IVR application developers- Getronics,1
Software Engineer,application developer,matched,Application developer,1
Software Engineer,application developer,matched,Application Developer - Android Applications,1
Software Engineer,application developer,unmatched,Agentic AI Developer Voice & Text Applications,1
Software Engineer,application developer,matched,Android Application Developer,1
Software Engineer,application developer,unmatched,IT Applications Developer - Salesforce,1
Software Engineer,application developer,unmatched,Assistant Vice President - Application Development,1
Software Engineer,application developer,matched,Mobile Application Developer (Native Android & iOS),1
Software Engineer,application developer,unmatched,Sr. Developer - Application Development (Back-End),1
Software Engineer,application developer,matched,"AI Application Developer & Automation Engineer, Hebbal",1
Software Engineer,application developer,unmatched,Sr. Developer-Application Development (Back-End),1
Software Engineer,application developer,unmatched,Application and Integration Development Lead,1
Software Engineer,application developer,matched,AWS Application Developer lead Engineer,1
Software Engineer,application developer,unmatched,"Development TL – Applications, Web & DevOps",1
Software Engineer,application developer,matched,Staff Mobile Application Developer,1
Software Engineer,application developer,unmatched,Senior Applications Developer,1
Software Engineer,application developer,matched,Mobile Application Developer - AI Neobank App,1
Software Engineer,application developer,unmatched,"Lead Applications Developer – GCP, BigQuery, Pub/Sub, Kafka, GKE, Java/Python/c#",1
Software Engineer,application developer,unmatched,Full Stack Engineer-Application Development-Full Stack Developer,1
Software Engineer,application developer,matched,Mobile Application Developer - AI Finance Agent,1
Software Engineer,application developer,unmatched,Developer - Enterprise Application - Oracle P 4A,1
Software Engineer,application developer,ambiguous_multi,Application Developer - Cloud Data Security Engineer,1
Software Engineer,application developer,matched,Business Application Developer in Mendix,1
Software Engineer,application developer,unmatched,Backend Developer (Python) – GenAI & LLM Applications,1
Software Engineer,application developer,unmatched,Sr. Developer - Application Development JAVA S 4B,1
Software Engineer,application developer,unmatched,Tech Lead - Application Development JAVA S 4C,1
Software Engineer,application developer,matched,FBS Application Developer IV,1
Software Engineer,application developer,matched,Application Developer - JAVA| Chennai,1
Software Engineer,application developer,unmatched,Developer - Application Development JAVA P 4A,1
Data Analyst,data analyst,matched,Data Analyst,62
Data Analyst,data analyst,matched,Senior Data Analyst,26
Data Analyst,data analyst,unmatched,"Sr. Analyst - BI, Reporting and Data Visualization 4A",5
Data Analyst,data analyst,unmatched,Analyst - Data,4
Data Analyst,data analyst,unmatched,Analyst-Data Analytics,3
Data Analyst,data analyst,matched,Lead Data Analyst,3
Data Analyst,data analyst,ambiguous_multi,Data Analyst/Business Analyst,3
Data Analyst,data analyst,unmatched,Analyst - Data Engineering,3
Data Analyst,data analyst,unmatched,Data Governance Analyst,3
Data Analyst,data analyst,matched,End to End Product Data Analyst,3
Data Analyst,data analyst,unmatched,Data Quality Analyst,3
Data Analyst,data analyst,mapped:Business Analyst,Data Product Analyst,3
Data Analyst,data analyst,mapped:Business Analyst,Data Product Analyst Expert,3
Data Analyst,data analyst,unmatched,Sales Data Quality Analyst,3
Data Analyst,data analyst,mapped:Business Analyst,"Business Analyst II, Ops Analytics & Data Engineering",3
Data Analyst,data analyst,matched,Data Analyst / Engineer,3
Data Analyst,data analyst,matched,Sr. Data Analyst,3
Data Analyst,data analyst,unmatched,"Sr. Analyst - BI, Reporting and Data Visualization 4B",2
Data Analyst,data analyst,mapped:Business Analyst,Senior Business Systems Analyst (AI / Data Products),2
Data Analyst,data analyst,matched,Data Analyst Intern,2
Data Analyst,data analyst,matched,Lead - Data Analyst,2
Data Analyst,data analyst,matched,Master Data Analyst,2
Data Analyst,data analyst,matched,"Data Analyst, EDT Data Strategy & Marketing",2
Data Analyst,data analyst,matched,Senior Staff Data Analyst,2
Data Analyst,data analyst,unmatched,Senior Data Management Analyst,2
Data Analyst,data analyst,unmatched,"Analyst, Master Data Management",2
Data Analyst,data analyst,matched,Market Data Analyst,2
Data Analyst,data analyst,unmatched,Data & Analytics Analyst,2
Data Analyst,data analyst,unmatched,Senior Analyst-Data Science,2
Data Analyst,data analyst,unmatched,"Analyst-Data Analytics (Gen AI, Agentic AI)",2
Data Analyst,data analyst,unmatched,"Analyst, Data Interchange and Development",2
Data Analyst,data analyst,unmatched,Senior Analyst – Data & Analytics,2
Data Analyst,data analyst,unmatched,Data Operations Senior Analyst,2
Data Analyst,data analyst,matched,Junior Data Analyst,2
Data Analyst,data analyst,unmatched,"Lead Analyst - BI, Reporting and Data Visualization 4C",2
Data Analyst,data analyst,unmatched,Senior Analyst-Data Analytics,2
Data Analyst,data analyst,matched,Data Analyst - Global Procurement & Planning COE,2
Data Analyst,data analyst,unmatched,Data Visualization Analyst,2
Data Analyst,data analyst,unmatched,"Sr Analyst, Data Engineering",2
Data Analyst,data analyst,unmatched,Sr. Analyst - Business Data Services 4A,2
Data Analyst,data analyst,unmatched,Data Operations Analyst,2
Data Analyst,data analyst,mapped:Business Analyst,"Data Business Analyst - (DataBricks, SAP, Azure)",2
Data Analyst,data analyst,unmatched,Analyst Master Data Management(MDM),2
Data Analyst,data analyst,matched,Data Analyst 5B,2
Data Analyst,data analyst,unmatched,Analyst- Data Engineering,2
Data Analyst,data analyst,unmatched,Associate Data Center Operations Analyst - Mainframe Operations,2
Data Analyst,data analyst,unmatched,Analyst- Data Science and Advanced Analytics,2
Data Analyst,data analyst,matched,"Lead Cyber Defense Data Analyst, ITC",2
Data Analyst,data analyst,matched,Business/Data Analyst - Training & Certification,2
Data Analyst,data analyst,matched,Litigation Data Analyst,2
Data Analyst,data analyst,matched,"Senior Data Analyst - SQL, BI Reporting & SAP BW",2
Data Analyst,data analyst,matched,Data Analyst (Remote),2
Data Analyst,data analyst,unmatched,Data Surveillance Analyst,2
Data Analyst,data analyst,matched,IND Senior Business Data Analyst,2
Data Analyst,data analyst,unmatched,Customer Data Governance Analyst,2
Data Analyst,data analyst,unmatched,Sr Analyst Data Process Management,2
Data Analyst,data analyst,matched,Environmental Data Analyst,2
Data Analyst,data analyst,mapped:Business Analyst,"Business Analyst-Data Insights, Translation Services Operations",2
Data Analyst,data analyst,unmatched,Data Engineering Analyst,2
Data Analyst,data analyst,matched,Data Analyst II,2
Data Analyst,data analyst,matched,"Senior Data Analyst - SAP BW/ECC, Databricks & BI",2
Data Analyst,data analyst,matched,Senior Data Analyst Data Analytics,2
Data Analyst,data analyst,unmatched,Data Migration Analyst,2
Data Analyst,data analyst,unmatched,HR Analyst - Workday Data Administration,2
Data Analyst,data analyst,matched,Lead Data Analyst - Data Operations,2
Data Analyst,data analyst,unmatched,Senior Analyst Data and Process Management,2
Data Analyst,data analyst,unmatched,Analyst Data Process Management,2
Data Analyst,data analyst,unmatched,Data Engineering Senior Analyst - Cigna Healthcare,2
Data Analyst,data analyst,unmatched,Lead Data Insight Analyst,2
Data Analyst,data analyst,matched,GBS Data Operations - Maintenance Data Analyst,1
Data Analyst,data analyst,matched,Senior Master Data Analyst - SCM,1
Data Analyst,data analyst,matched,0926-IND-185 - Lead Data Analyst,1
Data Analyst,data analyst,unmatched,Analyst - Data Solutions,1
Data Analyst,data analyst,unmatched,"Data Eng, Mgmt & Governance Sr Analyst",1
Data Analyst,data analyst,unmatched,"Analyst, Data Management",1
Data Analyst,data analyst,unmatched,Senior Risk Analyst – Data Science & Analytics,1
Data Analyst,data analyst,ambiguous_multi,Data Analyst / Data Scientist – AI & Analytics (Microsoft Fabric),1
Data Analyst,data analyst,unmatched,QA Analyst I (Data/SQL/Python),1
Data Analyst,data analyst,mapped:Business Analyst,Master Data Management Business Analyst-3,1
Data Analyst,data analyst,unmatched,Associate Product Data Optimization Analyst - Data Science/Machine Learning [T500-29709],1
Data Analyst,data analyst,matched,Staff Specialist Business Data Analyst,1
Data Analyst,data analyst,matched,ANT - Sr. Data Analyst,1
Data Analyst,data analyst,unmatched,Quality Analyst (Data Collection) IRC304981,1
Data Analyst,data analyst,unmatched,Data Measurement & Reporting Analyst - Cigna Healthcare,1
Data Analyst,data analyst,unmatched,"Senior Analyst I, Environment Offer Data and Performance",1
Data Analyst,data analyst,matched,"Data Analyst, Digital Thread - India",1
Data Analyst,data analyst,unmatched,Data Research Analyst,1
Data Analyst,data analyst,unmatched,Tech Operations and Support Analyst - USBU OBU Data Reporting Ops,1
Data Analyst,data analyst,matched,Senior MDM Product Data Analyst,1
Data Analyst,data analyst,unmatched,Clinical Data Svs Analyst,1
Data Analyst,data analyst,unmatched,Senior Analyst - Data Analytics,1
Data Analyst,data analyst,unmatched,Clinical Data Svs Sr Analyst,1
Data Analyst,data analyst,matched,Sr Data Analyst,1
Data Analyst,data analyst,unmatched,"Tech Operations and Support, Analyst - USBU OBU Data ML Ops",1
Data Analyst,data analyst,matched,Data Analyst (Python/SQL),1
Data Analyst,data analyst,unmatched,"Senior Analyst, Data Analytics",1
Data Analyst,data analyst,unmatched,Data analysis Analyst,1
Data Analyst,data analyst,matched,Senior EDI Data Analyst,1
Data Analyst,data analyst,matched,Lead Data Analyst (US Regulatory Reporting) - R01571259,1
Data Analyst,data analyst,matched,Reference Data Analyst,1
Data Analyst,data analyst,matched,"Data Analyst - Tableau, Power BI - Associate",1
Data Analyst,data analyst,unmatched,Labeling Data and Quality Analyst,1
Data Analyst,data analyst,unmatched,GIS Analyst - Data Solutions,1
Data Analyst,data analyst,matched,"Senior Data Analyst, Network Analytics & AI",1
Data Analyst,data analyst,unmatched,Index Data Research Analyst,1
Data Analyst,data analyst,unmatched,Senior Structured Data Access Control Process Analyst,1
Data Analyst,data analyst,unmatched,Solution Analyst - Data and Analytics 4B,1
Data Analyst,data analyst,unmatched,Senior Analyst - Clinical Data Abstraction,1
Data Analyst,data analyst,matched,HR Data Analyst,1
Data Analyst,data analyst,matched,"Data Analyst, Global Growth",1
Data Analyst,data analyst,matched,"Data Analyst, Regulatory Analytics and Reporting",1
Data Analyst,data analyst,mapped:Business Analyst,Business Analyst - P&C Insurance Data,1
Data Analyst,data analyst,matched,Data Analyst - Corporate Audit,1
Data Analyst,data analyst,unmatched,Associate Product Data Optimisation Analyst,1
Data Analyst,data analyst,matched,Senior Data Analyst – Analytics,1
Data Analyst,data analyst,unmatched,Buisness Analyst & Data,1
Data Analyst,data analyst,unmatched,Data Insight Analyst [T500-29603],1
Data Analyst,data analyst,matched,Pricing Ops Research & Data Analyst,1
Data Analyst,data analyst,matched,Business Data Analyst - Analytics & AI,1
Data Analyst,data analyst,unmatched,Quality Control Analyst - Data,1
Data Analyst,data analyst,matched,Team Member - Data Analyst,1
Data Analyst,data analyst,ambiguous_multi,Data Architect / Senior Business Analyst/Architect,1
Data Analyst,data analyst,unmatched,Analyst III - RGM Data Science,1
Data Analyst,data analyst,unmatched,Sr Analyst II Data Engineering,1
Data Analyst,data analyst,unmatched,Sr Analyst III Data Engineering,1
Data Analyst,data analyst,matched,Data Analyst - Pricing,1
Data Analyst,data analyst,unmatched,Associate Data Research Analyst-2,1
Data Analyst,data analyst,matched,"Financial Data Analyst Intern, Technical Operations",1
Data Analyst,data analyst,mapped:Data Engineer,Senior Data Engineer/Analyst (India- Remote),1
Data Analyst,data analyst,unmatched,Analyst Tender Data Management,1
Data Analyst,data analyst,matched,Business and Data analyst,1
Data Analyst,data analyst,unmatched,Data Governance Technical Analyst - Assistant Vice President,1
Data Analyst,data analyst,unmatched,Data Analysis Analyst SQL,1
Data Analyst,data analyst,mapped:Business Analyst,Data and Business Analyst,1
Data Analyst,data analyst,unmatched,Data Analytics Analyst,1
Data Analyst,data analyst,unmatched,Data Governance and Quality Analyst,1
Data Analyst,data analyst,unmatched,Senior Data Information management Analyst- Assistant Vice President,1
Data Analyst,data analyst,unmatched,Data Insight Analyst,1
Data Analyst,data analyst,matched,"Data Analyst [Rajkot, India]",1
Data Analyst,data analyst,matched,Sales Data Analyst,1
Data Analyst,data analyst,matched,Sales Operation Analyst (Data Analyst Sales),1
Data Analyst,data analyst,matched,Sales Data Analyst (Revenue Operations) | Bangalore,1
Data Analyst,data analyst,matched,Data Analyst - Senior II,1
Data Analyst,data analyst,unmatched,Analyst - Business Data Services 5B,1
Data Analyst,data analyst,unmatched,Technical Data Implementation Analyst,1
Data Analyst,data analyst,unmatched,"Tech Operations and Support, Analyst - USBU OBU Data Reporting Ops",1
Data Analyst,data analyst,matched,Sr Business Data Analyst - AI & Analytics,1
Data Analyst,data analyst,unmatched,Senior Analyst Data Quality - IDMC,1
Data Analyst,data analyst,matched,GSS Data Analyst,1
Data Analyst,data analyst,matched,Data Analyst Apprentice - 11 Months Contract,1
Data Analyst,data analyst,matched,"Data Analyst, Stewardship",1
Data Analyst,data analyst,matched,"Data Analyst, Exploration",1
Data Analyst,data analyst,mapped:Data Scientist,Analyst - Data Scientist Machine Learning,1
Data Analyst,data analyst,unmatched,Analyst-Data Science,1
Data Analyst,data analyst,unmatched,Senior Analyst - Data & Analytics,1
Data Analyst,data analyst,unmatched,Analyst - Data Governance & Management,1
Data Analyst,data analyst,unmatched,"Analyst, Data Analytics",1
Data Analyst,data analyst,unmatched,Analyst - Master Data Management,1
Data Analyst,data analyst,matched,Executive - MIS & Data Analyst,1
Data Analyst,data analyst,unmatched,Data Annotation Analyst,1
Data Analyst,data analyst,unmatched,"Senior Analyst, Data & Analytics",1
Data Analyst,data analyst,unmatched,Data Management Strategy & Governance Lead Analyst - Cigna Healthcare,1
Data Analyst,data analyst,matched,Assistant Manager - Data Analyst,1
Data Analyst,data analyst,unmatched,Sr Analyst- L1 Support Engineer- Data platform Cloud support,1
Data Analyst,data analyst,matched,Data Analyst/Engineer – SCG India,1
Data Analyst,data analyst,unmatched,Data Solutions & Analytics Senior Analyst,1
Data Analyst,data analyst,matched,Data Analyst – AV Support Data Infrastructure & Analytics,1
Data Analyst,data analyst,unmatched,ANALYST DATA & INSIGHTS II,1
Data Analyst,data analyst,unmatched,ANALYST DATA & INSIGHTS III,1
Data Analyst,data analyst,matched,Sr. Data Analyst - Data Management & Governance Job,1
Data Analyst,data analyst,matched,Global Size Data Analyst - Data Pillar,1
Data Analyst,data analyst,unmatched,Analyst - Data & Analytics PBWM India FO Extn,1
Data Analyst,data analyst,unmatched,Sr Analyst – Data & Governance,1
Data Analyst,data analyst,matched,SAP Data Analyst - 8-Month Cloud Project,1
Data Analyst,data analyst,matched,"Senior Business Data Analyst - (DataBricks, SAP, Azure)",1
Data Analyst,data analyst,unmatched,Operation Analyst - Master Data Management,1
Data Analyst,data analyst,matched,SENIOR DATA ANALYST,1
Data Analyst,data analyst,unmatched,Data Governance Analysts - Collibra & Data Marketplace,1
Data Analyst,data analyst,matched,Online Data Analyst - Urdu (IN),1
Data Analyst,data analyst,unmatched,Quality Analyst (Data Auditor),1
Data Analyst,data analyst,matched,Snowflake Data Analyst,1
Data Analyst,data analyst,unmatched,Junior Legal / Paralegal Analyst – Contract Data Extraction | Fixed Term Contract,1
Data Analyst,data analyst,unmatched,Data Analytics Intermediate Analyst,1
Data Analyst,data analyst,unmatched,Reference Data Services Intmd Analyst,1
Data Analyst,data analyst,unmatched,Senior Analyst-Data Analytics and Reporting-SQL-Python,1
Data Analyst,data analyst,unmatched,Sr. Analyst - Data Governance and Quality 4B,1
Data Analyst,data analyst,matched,Data Analyst I,1
Data Analyst,data analyst,mapped:Data Engineer,Data Engineer - Analyst,1
Data Analyst,data analyst,unmatched,"Senior Data & Analytics Analyst, AVP",1
Data Analyst,data analyst,unmatched,Analyst Data & Insight,1
Data Analyst,data analyst,matched,Marketing Data Analyst,1
Data Analyst,data analyst,unmatched,Analyst - Data & Insights,1
Data Analyst,data analyst,matched,Business Intelligence and Data Analyst,1
Data Analyst,data analyst,matched,DATA ANALYST L4,1
Data Analyst,data analyst,matched,Data Analyst Team Lead,1
Data Analyst,data analyst,matched,Azure AI Data Analyst,1
Data Analyst,data analyst,unmatched,Data Management Analyst,1
Data Analyst,data analyst,matched,Senior Data Modeler & Data Analyst-Data Platform-8 Years-Remote,1
Data Analyst,data analyst,matched,Data Analyst - Senior,1
Data Analyst,data analyst,ambiguous_multi,Business Analyst Data Analyst JobID JC0015828,1
Data Analyst,data analyst,unmatched,"Sr. Research Analyst - BI, Reporting and Data Visualization 4A",1
Data Analyst,data analyst,matched,"Treasury ALM Senior Data Analyst, Assistant Manager",1
Data Analyst,data analyst,unmatched,Data & Reporting Analyst - 10437,1
Data Analyst,data analyst,matched,Intergrated Audit Data Analyst - Officer,1
Data Analyst,data analyst,matched,Big Data Analyst,1
Data Analyst,data analyst,mapped:Business Analyst,Data Product Analyst Specialist,1
Data Analyst,data analyst,unmatched,Senior Analyst - Data Management,1
Data Analyst,data analyst,matched,"Data Analyst (Remote, India)",1
Data Analyst,data analyst,matched,Salesforce Functional Data Analyst JobID JC0015827,1
Data Analyst,data analyst,mapped:Business Analyst,"Business Analyst: Carrier Data, Integrations & Automation (Commercial Insurance)",1
Data Analyst,data analyst,matched,Data Analyst III,1
Data Analyst,data analyst,matched,Data Analyst - Customer Experience,1
Data Analyst,data analyst,matched,Power BI Specialist/Data analyst,1
Data Analyst,data analyst,unmatched,The Core Engineering - NFR & Controls Data Eng - Analyst - Hyderabad,1
Data Analyst,data analyst,matched,Data Analyst Banking,1
Data Analyst,data analyst,unmatched,Analyst I Data Engineering,1
Data Analyst,data analyst,matched,Lead - Data Analyst - GBS CRP Data Analytics,1
Data Analyst,data analyst,unmatched,Knowledge Analyst – Data Curation & Classification,1
Data Analyst,data analyst,unmatched,Data & Governance Senior Analyst,1
Data Analyst,data analyst,mapped:Data Engineer,Data Engineer & Analyst – Data Pipelines & Analytics (Backend),1
Data Analyst,data analyst,unmatched,Associate Data Governance Analyst,1
Data Analyst,data analyst,matched,Senior Data Analyst (Spot),1
Data Analyst,data analyst,matched,Senior Data Analyst – Tableau,1
Data Analyst,data analyst,unmatched,Alts Data Operations Analyst,1
Data Analyst,data analyst,matched,Program Operations Analyst Data Analyst,1
Data Analyst,data analyst,unmatched,Senior Campaign Data and Operations Analyst Immediate Joiner,1
Data Analyst,data analyst,unmatched,Analyst - Data & Analytics,1
Data Analyst,data analyst,matched,Data Analyst - Data Analyst L3 (5.1-7 years),1
Data Analyst,data analyst,matched,EViews Specialist - Data Analyst,1
Data Analyst,data analyst,matched,Stata SE Expert - Data Analyst,1
Data Analyst,data analyst,matched,Jr. Data Analyst,1
Data Analyst,data analyst,matched,Data Analyst (Fully Remote) – Top US MNC (Enterprise Software),1
Data Analyst,data analyst,matched,OriginPro Expert - Data Analyst,1
Data Analyst,data analyst,ambiguous_multi,Senior Digital Marketing Data Analyst - Python and Pyspark,1
Data Analyst,data analyst,ambiguous_multi,Digital Marketing Data Analyst - Python and Pyspark,1
Data Analyst,data analyst,unmatched,Data Privacy Analyst (Remote),1
Data Analyst,data analyst,matched,Turkish Data Analyst (Remote),1
Data Analyst,data analyst,matched,Data Analyst Fintech,1
Data Analyst,data analyst,unmatched,Quality Analyst - Data Review Expert,1
Data Analyst,data analyst,unmatched,ANALYST DATA & INSIGHTS,1
Data Analyst,data analyst,unmatched,Analyst - Data Center Operations,1
Data Analyst,data analyst,matched,Senior Data Analyst – Remote India,1
Data Analyst,data analyst,matched,Manager Data Analyst,1
Data Analyst,data analyst,unmatched,Solution Analyst - Data and Analytics 4A,1
Data Analyst,data analyst,unmatched,"Senior Analyst, Data Engineering",1
Data Analyst,data analyst,unmatched,"Senior Analyst, Risk Data Management",1
Data Analyst,data analyst,unmatched,Product Data Control Analyst,1
Data Analyst,data analyst,matched,Salesforce Data Analyst 2,1
Data Analyst,data analyst,mapped:Data Engineer,Senior Data Engineer (Analyst/Scientist) - Remote,1
Data Analyst,data analyst,unmatched,"Data Solutions Analyst, India",1
Data Analyst,data analyst,matched,Principal Data Analyst,1
Data Analyst,data analyst,matched,CDP-Tech Data Analyst,1
Data Analyst,data analyst,unmatched,GTM Data & AI Analyst - Night Shift,1
Data Analyst,data analyst,matched,Sr. Data Analyst – SDM,1
Data Analyst,data analyst,mapped:Business Analyst,"Business Analyst, Ring Data Engineering Services",1
Data Analyst,data analyst,matched,"Data Analyst, NYC",1
Data Analyst,data analyst,matched,Data Analyst Intern (Finance) - January to May 2027,1
Data Analyst,data analyst,matched,Process and Data Analyst,1
Data Analyst,data analyst,matched,Data Analyst IV,1
Data Analyst,data analyst,unmatched,"Sr. Analyst, Data & Analytics",1
Data Analyst,data analyst,mapped:Business Analyst,"Business Analyst, WHS Data",1
Data Analyst,data analyst,mapped:Business Analyst,SAP Business Analyst Data Migrations,1
Data Analyst,data analyst,mapped:Business Analyst,"Business Analyst - Data Systems - Bengaluru, India",1
Data Analyst,data analyst,unmatched,Senior Analyst- Trade Accruals - Data operations,1
Data Analyst,data analyst,mapped:Financial Analyst,"Senior Financial Analyst, Data Center Finance",1
Data Analyst,data analyst,matched,Binance Accelerator Program - Data Analyst,1
Data Analyst,data analyst,unmatched,Senior Data Engineering Analyst,1
Data Analyst,data analyst,unmatched,"Sr. Analyst, Global Data Science Supply Chain",1
Data Analyst,data analyst,unmatched,Data Engineering Senior Analyst,1
Data Analyst,data analyst,matched,Data Analyst - Credit,1
Data Analyst,data analyst,mapped:Business Analyst,Data/BI/Business Analyst,1
Data Analyst,data analyst,matched,Data Analyst - Technical Data PM,1
Data Analyst,data analyst,matched,Senior Data Analyst 1,1
Data Analyst,data analyst,matched,Transport Economist cum Data Analyst,1
Data Analyst,data analyst,matched,"Staff Data Analyst, People Analytics",1
Data Analyst,data analyst,mapped:Business Analyst,Master Data Management Business Analyst-1,1
Data Analyst,data analyst,matched,Data Analyst Acquisition,1
Data Analyst,data analyst,matched,Business Operations & Data Analyst,1
Data Analyst,data analyst,unmatched,Data & Integration Analyst,1
Data Analyst,data analyst,matched,Senior Data Analyst/Programmer,1
Data Analyst,data analyst,unmatched,Sr. Analyst - Business Data Services 4B,1
Data Analyst,data analyst,matched,Senior Data Analyst- Tableau,1
Data Analyst,data analyst,matched,Quality Data Analyst,1
Data Analyst,data analyst,matched,Data Analyst Internship in Ahmedabad,1
Data Analyst,data analyst,unmatched,"Senior Analyst, Data Privacy",1
Data Analyst,data analyst,matched,"Data Analyst, Finance and Payments",1
Data Analyst,data analyst,matched,Sr. Data Analyst| Mumbai,1
Data Analyst,data analyst,matched,"(IND) Senior, Data Analyst",1
Data Analyst,data analyst,matched,CDP - Data Analyst,1
Data Analyst,data analyst,unmatched,Data Security Analyst Engineer,1
Data Analyst,data analyst,mapped:Business Analyst,Vice President (VP) Data Business Analyst,1
Data Analyst,data analyst,ambiguous_multi,"Associate, Data Analyst / Business Analyst, Data Chapter",1
Data Analyst,data analyst,matched,GCP Data Analyst,1
Data Analyst,data analyst,matched,Data Analyst – Power Platform,1
Data Analyst,data analyst,unmatched,Assistant Analyst - Quality System Data Management,1
Data Analyst,data analyst,unmatched,Payroll Governance & Compliance Data Analytics Analyst,1
Data Analyst,data analyst,matched,Quantitative Data Analyst,1
Data Analyst,data analyst,matched,Online Data Analyst - Odia Language,1
Data Analyst,data analyst,matched,Data Analyst (3-5 YRS)-BLR,1
Data Analyst,data analyst,matched,"Data Analyst II, Incentive Compensation",1
Data Analyst,data analyst,matched,Data analyst - Customer & Pricing,1
Data Analyst,data analyst,matched,Global Employee Data Analyst,1
Data Analyst,data analyst,unmatched,Senior Analyst Data science- Marketing,1
Data Analyst,data analyst,matched,Senior Data Analyst (Advanced Excel with PowerBI) - Gurgaon Location,1
Data Analyst,data analyst,unmatched,"Analyst II, Data Assurance , Finance",1
Data Analyst,data analyst,unmatched,Data and Reporting Analyst – Private Wealth Solutions,1
Data Analyst,data analyst,matched,Sr. Data Analyst (Data Science),1
Data Analyst,data analyst,matched,Data Analyst - Team Lead,1
Data Analyst,data analyst,unmatched,Principal Data Operations Analyst,1
Data Analyst,data analyst,matched,"Associate, Finance Technology Data Analyst",1
Data Analyst,data analyst,unmatched,IDMC Master Data Management Analyst,1
Data Analyst,data analyst,matched,Lead Data Analyst - Cyber Incident Review,1
Data Analyst,data analyst,unmatched,Data Operation Analyst,1
Data Analyst,data analyst,unmatched,Data Loss Prevention Analyst,1
Data Analyst,data analyst,unmatched,PMI Delivery / Technical Analyst / M&A Data Integration Lead,1
Data Analyst,data analyst,unmatched,Data Operation Analyst-English,1
Data Analyst,data analyst,unmatched,Data & Security Analyst,1
Data Analyst,data analyst,unmatched,Data Protection & Responsible AI Analyst,1
Data Analyst,data analyst,matched,Business Data Analyst,1
Data Analyst,data analyst,unmatched,"Manager, Energy Market Analyst (Data)",1
Data Analyst,data analyst,matched,Sr. Data Analyst 4A,1
Data Analyst,data analyst,unmatched,"Lead, Energy Market Analyst (Data)",1
Data Analyst,data analyst,matched,Data Analyst - Bilingual,1
Data Analyst,data analyst,matched,Associate Data Analyst,1
Data Analyst,data analyst,matched,Data Analyst 4,1
Data Analyst,data analyst,unmatched,Analyst - Finance Data Capability,1
Data Analyst,data analyst,matched,Data Analyst - HR,1
Data Analyst,data analyst,matched,Senior Business Data Analyst,1
Data Analyst,data analyst,unmatched,Data & Insights Analyst,1
Data Analyst,bi analyst,unmatched,"Sr. Analyst - BI, Reporting and Data Visualization 4B",8
Data Analyst,bi analyst,unmatched,"Sr. Analyst - BI, Reporting and Data Visualization 4A",6
Data Analyst,bi analyst,matched,BI Analyst,5
Data Analyst,bi analyst,unmatched,"Lead Analyst - BI, Reporting and Data Visualization 4C",4
Data Analyst,bi analyst,matched,Senior BI Analyst,3
Data Analyst,bi analyst,matched,BI - Business Intelligence Analyst,2
Data Analyst,bi analyst,unmatched,Lead Financial Planning & Analysis Analyst - Power BI Development,2
Data Analyst,bi analyst,unmatched,Lead Analyst/ Associate Consultant-Power BI with paginated reports,2
Data Analyst,bi analyst,matched,"Senior Data Analyst - SQL, BI Reporting & SAP BW",2
Data Analyst,bi analyst,mapped:Business Analyst,System Analyst - Power BI/Python/VBA/R,2
Data Analyst,bi analyst,unmatched,BI Reporting Senior Support Analyst,2
Data Analyst,bi analyst,matched,Binary Semantics - Senior Data Analyst - Tableau/Power BI,2
Data Analyst,bi analyst,matched,"Data Analyst - Tableau, Power BI - Associate",1
Data Analyst,bi analyst,matched,GTM BI Analyst,1
Data Analyst,bi analyst,unmatched,RevOps SF Analyst and Power BI,1
Data Analyst,bi analyst,unmatched,BI Reporting Analyst,1
Data Analyst,bi analyst,unmatched,Senior Insights Analyst - Power BI (Italian Speaking),1
Data Analyst,bi analyst,unmatched,BI & MIS ANALYST – POWER BI & SQL EXPERT,1
Data Analyst,bi analyst,unmatched,"Sr. Research Analyst - BI, Reporting and Data Visualization 4A",1
Data Analyst,bi analyst,matched,Power BI Specialist/Data analyst,1
Data Analyst,bi analyst,mapped:Business Analyst,Business Analyst - Power BI with Snowflake,1
Data Analyst,bi analyst,mapped:Business Analyst,Data/BI/Business Analyst,1
Data Analyst,bi analyst,matched,Middle Financial BI Analyst,1
Data Analyst,bi analyst,mapped:Business Analyst,French - Business Analyst with Power BI or HR Functional,1
Data Analyst,bi analyst,matched,Sr BI Analyst,1
Data Analyst,bi analyst,matched,TPM  RGM Process & BI Analyst-Senior Associate-Bangalore,1
Data Analyst,bi analyst,unmatched,S&C Global Network - AI - BI Strategy – Senior Analyst,1
Data Analyst,bi analyst,matched,Sr. BI Analyst,1
Data Analyst,bi analyst,unmatched,"Sr. Research Analyst - BI, Reporting and Data Visualization 4B",1
Data Analyst,bi analyst,matched,Data Analyst/BI Developer,1
Data Analyst,bi analyst,matched,Tableau Developer with Snowflake/ BI Analyst,1
Data Analyst,bi analyst,matched,Senior Power BI Analyst / Developer (Azure Cloud),1
Data Analyst,bi analyst,unmatched,Junior Power BI Developer/Analyst,1
Data Analyst,bi analyst,matched,Power BI Developer / Data Analyst,1
Data Analyst,bi analyst,matched,Senior BI Analyst - Power BI & Commercial Analytics,1
Data Analyst,business intelligence analyst,matched,Business Intelligence Analyst,12
Data Analyst,business intelligence analyst,matched,BI - Business Intelligence Analyst,2
Data Analyst,business intelligence analyst,unmatched,"Analyst, Business & Competitive Intelligence",2
Data Analyst,business intelligence analyst,matched,People Business Intelligence Analyst,2
Data Analyst,business intelligence analyst,matched,Business Intelligence and Data Analyst,2
Data Analyst,business intelligence analyst,unmatched,"Senior Analyst, Business Intelligence",2
Data Analyst,business intelligence analyst,matched,Business Intelligence Analyst II,2
Data Analyst,business intelligence analyst,matched,Senior Business Intelligence Analyst,1
Data Analyst,business intelligence analyst,matched,Business Intelligence Analyst_97046,1
Data Analyst,business intelligence analyst,unmatched,Lead/ Sr. Analyst – Business Research/ Market Intelligence/ Competitive Intelligence,1
Data Analyst,business intelligence analyst,matched,Group Finance Business Intelligence Analyst,1
Data Analyst,business intelligence analyst,matched,"Business Intelligence Analyst, Revenue Operations (India Remote) - Hours 1-9pm IST",1
Data Analyst,business intelligence analyst,unmatched,Analyst Business Intelligence,1
Data Analyst,business intelligence analyst,matched,Business Intelligence Analyst - II,1
Data Analyst,business intelligence analyst,mapped:Business Analyst,Senior Business Analyst – Agentic Enterprise Intelligence (AEI),1
Data Analyst,business intelligence analyst,matched,SR BUSINESS INTELLIGENCE ANALYST,1
Data Analyst,business intelligence analyst,unmatched,Senior Analyst- BUSINESS INTELLIGENCE,1
Data Analyst,business intelligence analyst,unmatched,Sr Analyst Business Intelligence,1
Data Analyst,business intelligence analyst,unmatched,Sr. D&T Analyst – Business Intelligence,1
Data Analyst,business intelligence analyst,matched,Business Intelligence Analyst On Contract / Off-Roll,1
Data Analyst,business intelligence analyst,unmatched,Lead Analyst – Business Intelligence (SQLSemantic),1
Data Analyst,business intelligence analyst,matched,Business Intelligence Analyst (Hotel Revenue Data),1
Data Analyst,business intelligence analyst,matched,WALK IN DRIVE - Business Intelligence Analyst - 13th August,1
Data Analyst,business intelligence analyst,unmatched,"Analyst, Business Intelligence (Operations, Product & Support)",1
Data Analyst,business intelligence analyst,matched,Business Intelligence Analyst - Product,1
Data Analyst,business intelligence analyst,unmatched,AVP Business Intelligence Senior Analyst,1
Data Analyst,business intelligence analyst,matched,PTSI | Business Intelligence Analyst,1
Data Analyst,reporting analyst,unmatched,Record to Report Ops Analyst,42
Data Analyst,reporting analyst,unmatched,Record to Report Ops Senior Analyst,35
Data Analyst,reporting analyst,unmatched,"Sr. Analyst - BI, Reporting and Data Visualization 4B",8
Data Analyst,reporting analyst,unmatched,Reporting Analyst,6
Data Analyst,reporting analyst,unmatched,"Sr. Analyst - BI, Reporting and Data Visualization 4A",6
Data Analyst,reporting analyst,unmatched,"Lead Analyst - BI, Reporting and Data Visualization 4C",4
Data Analyst,reporting analyst,unmatched,"Senior Tax Analyst, Foreign Reporting & Compliance, Withholding Tax",4
Data Analyst,reporting analyst,mapped:Business Analyst,"Business Analyst, RBS ARTS (Automation Reporting and Tech Sciences)",4
Data Analyst,reporting analyst,unmatched,"Analyst, Accounting & Reporting",3
Data Analyst,reporting analyst,unmatched,Analyst - Account to Report,3
Data Analyst,reporting analyst,unmatched,Measurement and Report Senior Analyst,3
Data Analyst,reporting analyst,unmatched,"Tax Analyst I, Foreign Reporting & Compliance",3
Data Analyst,reporting analyst,unmatched,"Senior Tax Analyst, Foreign Tax Reporting and Compliance",3
Data Analyst,reporting analyst,unmatched,Senior Reporting Analyst,3
Data Analyst,reporting analyst,mapped:Business Analyst,"Business Analyst I, Automation, Reporting and Tech sciences (ARTS)",3
Data Analyst,reporting analyst,mapped:Financial Analyst,Financial Analyst-Record to Report,2
Data Analyst,reporting analyst,unmatched,"Financial and Regulatory Reporting Senior Analyst, AVP",2
Data Analyst,reporting analyst,unmatched,Regulatory Reporting Analyst,2
Data Analyst,reporting analyst,unmatched,BSA Administration and Reporting Senior Analyst,2
Data Analyst,reporting analyst,unmatched,Measurement and Report Analyst,2
Data Analyst,reporting analyst,unmatched,Senior Reporting & Insights Analyst,2
Data Analyst,reporting analyst,matched,"Senior Data Analyst - SQL, BI Reporting & SAP BW",2
Data Analyst,reporting analyst,unmatched,Oracle HR Reporting Analyst,2
Data Analyst,reporting analyst,unmatched,Measurement & Report Senior Analyst,2
Data Analyst,reporting analyst,unmatched,Senior Analyst Reporting Solutions,2
Data Analyst,reporting analyst,unmatched,Senior Analyst - Regulatory Reporting,2
Data Analyst,reporting analyst,unmatched,Sr. Analyst - Account to Report,2
Data Analyst,reporting analyst,unmatched,"AVP, Group Reporting Process Analyst",2
Data Analyst,reporting analyst,unmatched,Financial Reporting Analyst,2
Data Analyst,reporting analyst,unmatched,BI Reporting Senior Support Analyst,2
Data Analyst,reporting analyst,unmatched,Regulatory Data & Reporting Analyst,2
Data Analyst,reporting analyst,unmatched,Procurement Data Analytics & Reporting Analyst,2
Data Analyst,reporting analyst,unmatched,WFM Reporting Analyst,2
Data Analyst,reporting analyst,unmatched,Senior Analyst - Account to Report,2
Data Analyst,reporting analyst,unmatched,RCM MIS & Reporting Analyst,2
Data Analyst,reporting analyst,unmatched,Measurement & Report Analyst,1
Data Analyst,reporting analyst,unmatched,GFCC Enablement Reporting Analyst-Compliance,1
Data Analyst,reporting analyst,unmatched,Record to Report ops Senior Analyst,1
Data Analyst,reporting analyst,unmatched,Data Measurement & Reporting Analyst - Cigna Healthcare,1
Data Analyst,reporting analyst,unmatched,Associate Systems & Reporting Analyst [T500-29707],1
Data Analyst,reporting analyst,unmatched,Tech Operations and Support Analyst - USBU OBU Data Reporting Ops,1
Data Analyst,reporting analyst,unmatched,Associate Senior Financial Reporting Analyst,1
Data Analyst,reporting analyst,unmatched,Servicing Reporting Intermediate Analyst,1
Data Analyst,reporting analyst,matched,Lead Data Analyst (US Regulatory Reporting) - R01571259,1
Data Analyst,reporting analyst,unmatched,Workday Reporting Analyst (People Analytics),1
Data Analyst,reporting analyst,matched,"Data Analyst, Regulatory Analytics and Reporting",1
Data Analyst,reporting analyst,unmatched,"Senior Risk Reporting Analyst, Wholesale Credit Risk, AVP (Hybrid)",1
Data Analyst,reporting analyst,unmatched,Associate Systems & Reporting Analyst,1
Data Analyst,reporting analyst,unmatched,Record-to-Report Analyst,1
Data Analyst,reporting analyst,unmatched,Accounting & Reporting Analyst - Accounts Payable_15,1
Data Analyst,reporting analyst,unmatched,BSA Administration and Reporting Junior Analyst,1
Data Analyst,reporting analyst,unmatched,"Tech Operations and Support, Principal Analyst -Reporting & ML Ops",1
Data Analyst,reporting analyst,mapped:Financial Analyst,Reporting/Finance Analyst,1
Data Analyst,reporting analyst,unmatched,Accounting & Financial Reporting Analyst,1
Data Analyst,reporting analyst,unmatched,BI Reporting Analyst,1
Data Analyst,reporting analyst,unmatched,"Tech Operations and Support, Analyst - USBU OBU Data Reporting Ops",1
Data Analyst,reporting analyst,unmatched,GFCC Detect/Report Analyst,1
Data Analyst,reporting analyst,unmatched,Record to report Operations analyst,1
Data Analyst,reporting analyst,unmatched,External Reporting Controller - Analyst,1
Data Analyst,reporting analyst,unmatched,BSA Administration and Reporting Analyst,1
Data Analyst,reporting analyst,unmatched,MIS Reporting Analyst,1
Data Analyst,reporting analyst,unmatched,Senior Accounting Analyst- Closing & Reporting- A2R,1
Data Analyst,reporting analyst,unmatched,Senior Analyst-Data Analytics and Reporting-SQL-Python,1
Data Analyst,reporting analyst,unmatched,"Senior Analyst , Client Reporting",1
Data Analyst,reporting analyst,mapped:Project Manager,Lead Project Manager (Regulatory Reporting Analyst),1
Data Analyst,reporting analyst,unmatched,Workday Analyst – Workday Reporting,1
Data Analyst,reporting analyst,unmatched,Accounting Analyst- Closing & Reporting- A2R,1
Data Analyst,reporting analyst,unmatched,"Sr. Research Analyst - BI, Reporting and Data Visualization 4A",1
Data Analyst,reporting analyst,unmatched,Data & Reporting Analyst - 10437,1
Data Analyst,reporting analyst,unmatched,Payments Regulatory Reporting Operations - Analyst,1
Data Analyst,reporting analyst,unmatched,Analyst - Flight Operations Safety Reporting and Insights,1
Data Analyst,reporting analyst,unmatched,Reporting Analyst II,1
Data Analyst,reporting analyst,unmatched,Senior Analyst- Risk Reporting,1
Data Analyst,reporting analyst,unmatched,Sr Analyst Accounting & Financial Reporting,1
Data Analyst,reporting analyst,unmatched,Client Reporting Analyst,1
Data Analyst,reporting analyst,unmatched,Technology Reporting & Insights Analyst- Senior Associate,1
Data Analyst,reporting analyst,unmatched,Financial Planning & Reporting Analyst,1
Data Analyst,reporting analyst,unmatched,"Risk Reporting Senior Analyst, Assistant Vice President",1
Data Analyst,reporting analyst,unmatched,SR HRIS / Workday Reporting Analyst,1
Data Analyst,reporting analyst,unmatched,Suspicious Activity Report - Analyst,1
Data Analyst,reporting analyst,unmatched,Reporting & Visualization Analyst,1
Data Analyst,reporting analyst,unmatched,IPG Senior Reporting Analyst,1
Data Analyst,reporting analyst,unmatched,Sr IPG Reporting Analyst,1
Data Analyst,reporting analyst,unmatched,"Senior Marketing Analyst, Reporting & Insights",1
Data Analyst,reporting analyst,unmatched,Analyst - Agency Reporting,1
Data Analyst,reporting analyst,unmatched,External Reporting - Analyst,1
Data Analyst,reporting analyst,unmatched,Accounting & Reporting Analyst,1
Data Analyst,reporting analyst,unmatched,"Fund Accounting &/or Reporting Analyst, AS",1
Data Analyst,reporting analyst,unmatched,Analyst - IFRS Reporting,1
Data Analyst,reporting analyst,unmatched,"Credit Risk Senior Analyst - CECL Reporting, Loss Forecasting",1
Data Analyst,reporting analyst,unmatched,"Associate Analyst,Accounting & Reporting",1
Data Analyst,reporting analyst,unmatched,Sr Client Reporting Analyst,1
Data Analyst,reporting analyst,unmatched,Tax Intermediate Analyst - Tax Information Reporting,1
Data Analyst,reporting analyst,unmatched,Data and Reporting Analyst – Private Wealth Solutions,1
Data Analyst,reporting analyst,unmatched,Finance Controls and Reporting-Senior Analyst,1
Data Analyst,reporting analyst,unmatched,HRIS Reporting Analyst Senior,1
Data Analyst,reporting analyst,unmatched,Workday Reports & Integrations Analyst,1
Data Analyst,reporting analyst,unmatched,"Senior Risk Regulatory Reporting Analyst, AVP (Hybrid)",1
Data Analyst,reporting analyst,unmatched,"Strategic initiatives - Sr Analyst(Research, Data Analysis, Reporting)",1
Data Analyst,reporting analyst,unmatched,Junior Analyst - Financial Reporting,1
Data Analyst,reporting analyst,unmatched,"Lead Risk Reporting Analyst, Python AI, VP (Hybrid)",1
Data Analyst,reporting analyst,mapped:Business Analyst,Business analyst - Regulatory reporting,1
Data Analyst,reporting analyst,unmatched,CB Risk Reporting Analyst,1
Data Analyst,reporting analyst,unmatched,Senior Analyst - Financial Reporting & Control,1
Data Analyst,reporting analyst,unmatched,ES Workday Reporting Senior Analyst,1
Data Analyst,reporting analyst,matched,Liquidity Reporting- data analyst,1
Data Analyst,reporting analyst,matched,Reporting and Data Analyst,1
Data Analyst,reporting analyst,unmatched,Associate Reporting Analyst,1
Data Analyst,reporting analyst,unmatched,"Senior Analyst Finance, Accounting & External Reporting",1
Data Analyst,reporting analyst,unmatched,Senior HR Analyst HR Data and Reporting Team parental leave coverage,1
Data Analyst,reporting analyst,unmatched,Liquidity Reporting and Calculation Compliance Test Analyst AM M,1
Data Analyst,reporting analyst,unmatched,Accounting & Reporting Analyst- Accounts Payable - 16,1
Data Analyst,reporting analyst,unmatched,"Analyst, Merchandising Reporting",1
Data Analyst,reporting analyst,unmatched,"Sr. Research Analyst - BI, Reporting and Data Visualization 4B",1
Data Analyst,reporting analyst,unmatched,"Financial Reporting and Planning COE Analyst, APAC",1
Data Analyst,reporting analyst,unmatched,Sr Analyst Workday Reporting,1
Data Analyst,reporting analyst,unmatched,"Financial and Regulatory Reporting Senior Analyst, AS",1
Data Analyst,reporting analyst,unmatched,Analyst 2 - Revenue & Reporting,1
Data Analyst,reporting analyst,unmatched,Payroll Dashboard Reporting Analyst,1
Data Analyst,reporting analyst,unmatched,Analyst- Account To Report,1
Data Analyst,reporting analyst,mapped:Business Analyst,Nostro Risk Reporting Business Analyst,1
Data Analyst,reporting analyst,unmatched,Analyst – Financial reporting and IGAAP reporting| Mumbai,1
Data Analyst,reporting analyst,unmatched,Senior Tax Reporting Analyst,1
Data Analyst,reporting analyst,unmatched,Accounting and Reporting Analyst_IG,1
Data Scientist,data scientist,matched,Data Scientist,70
Data Scientist,data scientist,matched,Senior Data Scientist,48
Data Scientist,data scientist,matched,Lead Data Scientist,15
Data Scientist,data scientist,matched,Principal Data Scientist,10
Data Scientist,data scientist,matched,Staff Data Scientist,7
Data Scientist,data scientist,matched,Associate Data Scientist,4
Data Scientist,data scientist,unmatched,Data Science Manager,4
Data Scientist,data scientist,unmatched,Director Data Science,4
Data Scientist,data scientist,matched,Data Scientist II,4
Data Scientist,data scientist,matched,Sr. Data Scientist,4
Data Scientist,data scientist,matched,Advanced Data Scientist,4
Data Scientist,data scientist,unmatched,Data Science Intern,3
Data Scientist,data scientist,matched,Data Scientist III,3
Data Scientist,data scientist,matched,Data Scientist Associate,3
Data Scientist,data scientist,matched,"Data Scientist, SCOT (Supply Chain Optimization Technologies) RoW Tech",3
Data Scientist,data scientist,matched,"Data Scientist , Sidewalk",3
Data Scientist,data scientist,unmatched,Data Science,3
Data Scientist,data scientist,matched,Senior Associate - Data Scientist,3
Data Scientist,data scientist,matched,Data Scientist-Artificial Intelligence,3
Data Scientist,data scientist,unmatched,"Software Development Manager, Measurements and Data Science (MADS)",3
Data Scientist,data scientist,unmatched,"Senior Specialist, Data Science",2
Data Scientist,data scientist,matched,DATA SCIENTIST,2
Data Scientist,data scientist,matched,"Manager, Data Scientist",2
Data Scientist,data scientist,matched,Data Scientist-3,2
Data Scientist,data scientist,matched,"Staff, Data Scientist",2
Data Scientist,data scientist,matched,Senior Data Scientist Industrial AI & Optimization - AI Hub,2
Data Scientist,data scientist,matched,IN_Senior Associate_ AI Data Scientist Engineer_GCC_Advisory_Bangalore,2
Data Scientist,data scientist,matched,"STAFF, DATA SCIENTIST",2
Data Scientist,data scientist,unmatched,Vice President - Data Science,2
Data Scientist,data scientist,matched,Sr. Data Scientist 4B,2
Data Scientist,data scientist,unmatched,Senior Analyst-Data Science,2
Data Scientist,data scientist,matched,Data Scientist - Senior Associate,2
Data Scientist,data scientist,matched,"Data Scientist II, Hyderabad",2
Data Scientist,data scientist,matched,Senior Data Scientist - Hyderabad,2
Data Scientist,data scientist,matched,Data Scientist (Patient Finding),2
Data Scientist,data scientist,matched,Senior Data Scientist– Pricing,2
Data Scientist,data scientist,matched,Full-Stack AI Engineer / Data Scientist – Agentic Systems,2
Data Scientist,data scientist,matched,Senior Lead Data Scientist,2
Data Scientist,data scientist,matched,Full-Stack AI Engineer / Data Scientist - Agentic Systems,2
Data Scientist,data scientist,matched,Data Scientist (US Value & Access Insights),2
Data Scientist,data scientist,matched,"Data Scientist, Principal",2
Data Scientist,data scientist,unmatched,Analyst- Data Science and Advanced Analytics,2
Data Scientist,data scientist,ambiguous_multi,Senior Software Engineer/Data Scientist,2
Data Scientist,data scientist,matched,Sr Data Scientist,2
Data Scientist,data scientist,matched,"Data Scientist II, Last Mile Science",2
Data Scientist,data scientist,unmatched,Head of Engineering - AI and Data Science,2
Data Scientist,data scientist,matched,Associate Data Scientist - Investment Analytics,2
Data Scientist,data scientist,matched,Data Scientist 4A,2
Data Scientist,data scientist,matched,Sr. Engineer - Data Scientist,2
Data Scientist,data scientist,matched,Data Scientist - Senior,2
Data Scientist,data scientist,unmatched,Lead Clinical Data Science Programmer,2
Data Scientist,data scientist,matched,Senior Data Scientist - Credit Risk,2
Data Scientist,data scientist,matched,Senior Data Scientist - Protein Structure ML models,2
Data Scientist,data scientist,unmatched,Data Science(Gen AI & LLM) - Lead/Sr Engineer job opening,2
Data Scientist,data scientist,matched,[India] Senior Data Scientist,2
Data Scientist,data scientist,matched,Credit Data Scientist (Credit Analytics) - Bengaluru,2
Data Scientist,data scientist,matched,"Senior Data Scientist, Risk and Support",2
Data Scientist,data scientist,matched,Data scientist III,1
Data Scientist,data scientist,unmatched,Technical Lead – Data Science & Generative AI,1
Data Scientist,data scientist,unmatched,Analytics and Data Science trainee,1
Data Scientist,data scientist,matched,Lead Data Scientist 4D,1
Data Scientist,data scientist,matched,"Data Scientist III, Business Performance Analytics",1
Data Scientist,data scientist,unmatched,Data Science -Intern,1
Data Scientist,data scientist,unmatched,"Manager, Data Science and Analytics",1
Data Scientist,data scientist,unmatched,"Senior Specialist, Data Science & Artificial Intelligence( Claude & Copilot)",1
Data Scientist,data scientist,matched,Data Scientist f Submission Data and Content Generation & Reuse (AIDCG) - Pharma R&D,1
Data Scientist,data scientist,matched,Senior Data Scientist (AI and Machine Learning),1
Data Scientist,data scientist,matched,Data Scientist 2,1
Data Scientist,data scientist,unmatched,Data Science - Consultant,1
Data Scientist,data scientist,unmatched,Senior Risk Analyst – Data Science & Analytics,1
Data Scientist,data scientist,unmatched,ETL Trainer & Data Science Trainer,1
Data Scientist,data scientist,ambiguous_multi,Data Analyst / Data Scientist – AI & Analytics (Microsoft Fabric),1
Data Scientist,data scientist,unmatched,Associate Product Data Optimization Analyst - Data Science/Machine Learning [T500-29709],1
Data Scientist,data scientist,unmatched,Data Science Manager - Market Mix Modeling,1
Data Scientist,data scientist,matched,Senior Data Scientist – Industrial AI & Optimization,1
Data Scientist,data scientist,matched,Senior Data Scientist - Core Machine Learning,1
Data Scientist,data scientist,matched,"(IND) STAFF, DATA SCIENTIST",1
Data Scientist,data scientist,matched,"Data Scientist- Husky( India ) Guindy,Chennai",1
Data Scientist,data scientist,unmatched,Data Science Associate,1
Data Scientist,data scientist,unmatched,Lead Data Science AI Engineer,1
Data Scientist,data scientist,matched,Senior Clinical Data Scientist,1
Data Scientist,data scientist,matched,DATA SCIENTIST – TIME SERIES FORECASTING,1
Data Scientist,data scientist,unmatched,Senior Digital Innovation Engineer - Data Science,1
Data Scientist,data scientist,matched,Data Scientist :: 5-8 Years & 8 Years :: Multiple openings,1
Data Scientist,data scientist,matched,Data Scientist (Remote | $150–$350/hr),1
Data Scientist,data scientist,matched,Staff Data Scientist - Core Revenue Retention,1
Data Scientist,data scientist,matched,Staff Data Scientist - Growth & Expansion,1
Data Scientist,data scientist,matched,Expert Clinical Data Scientist,1
Data Scientist,data scientist,unmatched,S&C Global Network - AI - Hi Tech - Data Science Consultant,1
Data Scientist,data scientist,matched,"Principal, Data Scientist",1
Data Scientist,data scientist,unmatched,Manager - Data Science - Analytics - Mumbai - Lower Parel - MM,1
Data Scientist,data scientist,matched,Data Scientist for AI Products,1
Data Scientist,data scientist,matched,Data Scientist - AI Hub,1
Data Scientist,data scientist,unmatched,Machine Learning-AI and Data Science Engineer II,1
Data Scientist,data scientist,unmatched,Data Science INTERN,1
Data Scientist,data scientist,matched,"Senior Data Scientist, Blades Fleet Engineering",1
Data Scientist,data scientist,matched,Machine learning and GEN AI Data Scientist,1
Data Scientist,data scientist,mapped:Software Engineer,Senior Software Developer – Data Science / Machine Learning,1
Data Scientist,data scientist,unmatched,Data Science (JOB-1035),1
Data Scientist,data scientist,matched,"Data Scientist II, Seller Fee Science",1
Data Scientist,data scientist,matched,Data Scientist - R01571773,1
Data Scientist,data scientist,matched,Data Scientist - QA Automation,1
Data Scientist,data scientist,matched,"Staff Data Scientist, Growth",1
Data Scientist,data scientist,matched,Senior data Scientist,1
Data Scientist,data scientist,unmatched,"Databricks Engineer, Data Platform & Data Science Tooling",1
Data Scientist,data scientist,unmatched,Specialist - Data Sciences,1
Data Scientist,data scientist,unmatched,Data Science II-HO & SUPPORT-CVM CoE - Corporate Centre of Excellence,1
Data Scientist,data scientist,unmatched,Analyst III - RGM Data Science,1
Data Scientist,data scientist,matched,Data Scientist/Digitalization Engineer – System Standard Parts (m/f/d),1
Data Scientist,data scientist,matched,Lead Data Scientist 4C,1
Data Scientist,data scientist,matched,Data Scientist Lead,1
Data Scientist,data scientist,unmatched,SME - Data Science & AI expert,1
Data Scientist,data scientist,matched,IN_Senior Associate_Data Scientist _GCC_Advisory_Mumbai,1
Data Scientist,data scientist,unmatched,Data Science Senior Manager,1
Data Scientist,data scientist,matched,"Data Scientist, Payments",1
Data Scientist,data scientist,unmatched,Data Science Specialist,1
Data Scientist,data scientist,unmatched,Data Science Executive,1
Data Scientist,data scientist,matched,DATA SCIENTIST – AI/ML,1
Data Scientist,data scientist,mapped:Business Analyst,Business Analyst – Life Sciences / G&A Data Platforms,1
Data Scientist,data scientist,matched,Data Scientist - AI/ML - Engineer - Senior Associate,1
Data Scientist,data scientist,matched,"Senior Manager, Clinical Data Scientist",1
Data Scientist,data scientist,matched,Principal Data Scientist 3,1
Data Scientist,data scientist,matched,Senior Staff Data Scientist I,1
Data Scientist,data scientist,matched,AI Data Scientist,1
Data Scientist,data scientist,matched,"Vice President, Data Scientist",1
Data Scientist,data scientist,matched,Sr. Data Scientist - Product based - Perm Role,1
Data Scientist,data scientist,matched,"Binance Accelerator Program - Data Scientist, Analytics",1
Data Scientist,data scientist,matched,Analyst - Data Scientist Machine Learning,1
Data Scientist,data scientist,unmatched,Analyst-Data Science,1
Data Scientist,data scientist,matched,NLP Data Scientist,1
Data Scientist,data scientist,matched,Junior Data Scientist,1
Data Scientist,data scientist,unmatched,"Subject Matter Expert (SME) – Python, Artificial Intelligence, Data Science & Business Analytics | Job Type: Full-Time | Location: Sasaram, Bihar (120 km from Varanasi)",1
Data Scientist,data scientist,matched,SymphonyAI - Senior Data Scientist - AI/ML,1
Data Scientist,data scientist,unmatched,"Specialist, Data Science & Artificial Intelligence",1
Data Scientist,data scientist,matched,IN_Associate_ AI Data Scientist Engineer_GCC_Advisory_Bangalore,1
Data Scientist,data scientist,unmatched,Head Of Data Science & Credit Risk,1
Data Scientist,data scientist,ambiguous_multi,Data Engineer / Junior Data Scientist,1
Data Scientist,data scientist,matched,Senior Data Scientist - Econometrics Specialist,1
Data Scientist,data scientist,matched,Interesting Job Opportunity: Data Scientist II,1
Data Scientist,data scientist,unmatched,Head of Data Science Delivery,1
Data Scientist,data scientist,unmatched,"Manager of Data Science, Finance & Strategy",1
Data Scientist,data scientist,matched,"Lead Data Scientist, Growth Marketing",1
Data Scientist,data scientist,unmatched,Applied Data Science (Fresher),1
Data Scientist,data scientist,matched,Deloitte-Data Scientist,1
Data Scientist,data scientist,matched,Data Scientist (SG DS&MLE) - Deloitte,1
Data Scientist,data scientist,matched,"Data Scientist, Fraud Risk Mitigation",1
Data Scientist,data scientist,matched,Data Scientist-Senior I,1
Data Scientist,data scientist,matched,Asso Sr Clinical Data Scientist,1
Data Scientist,data scientist,matched,Data Scientist - Director - Data & Analytics Engineering,1
Data Scientist,data scientist,matched,AI/ML Data Scientist,1
Data Scientist,data scientist,unmatched,Data Science - Manager,1
Data Scientist,data scientist,matched,Data Scientist - AI Labs,1
Data Scientist,data scientist,unmatched,Data Science & ML Senior Associate,1
Data Scientist,data scientist,matched,Senior Data Scientist I,1
Data Scientist,data scientist,matched,"Expert, Data Scientist",1
Data Scientist,data scientist,unmatched,"Analytics & Data Science Lead, Commercial Pharma",1
Data Scientist,data scientist,matched,Data Scientist - GBS Commercial,1
Data Scientist,data scientist,matched,Senior Data Scientist - Ads,1
Data Scientist,data scientist,unmatched,AIML and Data Science,1
Data Scientist,data scientist,matched,Senior Data Scientist - MMM,1
Data Scientist,data scientist,matched,Data Scientist-II-MMM,1
Data Scientist,data scientist,matched,"Data Scientist, Machine Learning",1
Data Scientist,data scientist,matched,Senior Data Scientist Marketing Mix Modeling,1
Data Scientist,data scientist,mapped:Project Manager,"Senior Technical Program Manager, Data Science",1
Data Scientist,data scientist,matched,Generative AI Data Scientist - Wealth Analytics,1
Data Scientist,data scientist,matched,Senior Principal Data Scientist,1
Data Scientist,data scientist,matched,"Associate Data Scientist – Modeling, Analytics & Pipelines",1
Data Scientist,data scientist,matched,Senior Data Scientist - Agentic AI,1
Data Scientist,data scientist,matched,GenAI Data Scientist,1
Data Scientist,data scientist,matched,"Associate Director, Clinical Data Scientist - Statistics",1
Data Scientist,data scientist,matched,"(Ind) Staff, Data Scientist",1
Data Scientist,data scientist,unmatched,"Senior Advisor, Data Science",1
Data Scientist,data scientist,matched,Senior Data Scientist II,1
Data Scientist,data scientist,unmatched,Senior Data Science & AI Specialist,1
Data Scientist,data scientist,unmatched,Part time Data Science Instructor,1
Data Scientist,data scientist,unmatched,Director - Data Science & AI,1
Data Scientist,data scientist,unmatched,Senior Associate - Data Science / Applied AI ML,1
Data Scientist,data scientist,matched,Senior Data Scientist – AI/ML,1
Data Scientist,data scientist,matched,Advanced Data Scientist - Machine Learning,1
Data Scientist,data scientist,matched,Senior Data Scientist|NR-2026-0241 (4),1
Data Scientist,data scientist,unmatched,Analytics and Data Science Lead,1
Data Scientist,data scientist,matched,Associate Lead Data Scientist,1
Data Scientist,data scientist,matched,Senior Associate - Data Scientist (IND),1
Data Scientist,data scientist,unmatched,Senior Executive - Data Science,1
Data Scientist,data scientist,matched,Generative AI- Data Scientist-Senior Associate,1
Data Scientist,data scientist,matched,Senior Manager - Data Scientist (AMVC),1
Data Scientist,data scientist,unmatched,AI / Data Science Lead,1
Data Scientist,data scientist,unmatched,Engagement Manager (Data Science),1
Data Scientist,data scientist,matched,Data Scientist Lead - Agentic Solutions,1
Data Scientist,data scientist,matched,Data Scientist (Data Visualisation),1
Data Scientist,data scientist,matched,Data Scientist II-2,1
Data Scientist,data scientist,matched,Data Scientist 4,1
Data Scientist,data scientist,matched,Data Scientist 3,1
Data Scientist,data scientist,unmatched,"Director, Data Science & AI",1
Data Scientist,data scientist,unmatched,Module Lead- Data Science (Search and Match),1
Data Scientist,data scientist,matched,"Senior Associate, Data Scientist, Data Chapter",1
Data Scientist,data scientist,matched,Principal Clinical Data Scientist,1
Data Scientist,data scientist,unmatched,"Data Science AI Engineer, Advisor",1
Data Scientist,data scientist,matched,Data Scientist Senior Associate,1
Data Scientist,data scientist,matched,Chief Data Scientist,1
Data Scientist,data scientist,unmatched,Principal Manager-Data Science-SUPPORT SERVICES-Data & Analytics - In House Engineering,1
Data Scientist,data scientist,matched,Data Scientist/ Senior Data Scientist- NLP GenAI,1
Data Scientist,data scientist,matched,Data Scientist_ NLP GenAI_ 3 to 5yrs,1
Data Scientist,data scientist,matched,Senior Data Scientist - AdTech (6-month Contract),1
Data Scientist,data scientist,unmatched,Subject Matter Expert (Data Science),1
Data Scientist,data scientist,matched,"Senior Data Scientist, Product",1
Data Scientist,data scientist,matched,Data Scientist with Machine Learning,1
Data Scientist,data scientist,unmatched,Trainer of Practice (Data Science),1
Data Scientist,data scientist,unmatched,"Senior Data Science Engineer, India",1
Data Scientist,data scientist,matched,[India] Lead - Data Scientist,1
Data Scientist,data scientist,matched,Senior Data Scientist — Supply Chain Forecasting & Demand Sensing,1
Data Scientist,data scientist,unmatched,Manager Data Science,1
Data Scientist,data scientist,matched,Data Scientist – Time Series Forecasting,1
Data Scientist,data scientist,unmatched,Data Science AI Engineer,1
Data Scientist,data scientist,unmatched,"Manager, Data Science (Analytics)",1
Data Scientist,data scientist,unmatched,"Senior Manager, Data Science",1
Data Scientist,data scientist,matched,Senior Data Scientist - R01570780,1
Data Scientist,data scientist,unmatched,Sr. Data Science Consultant,1
Data Scientist,data scientist,matched,Senior Data Scientist – Marketing Mix Optimization (MMO Enhancements),1
Data Scientist,data scientist,matched,Data Scientist - Python (Remote),1
Data Scientist,data scientist,unmatched,Director Data Sciences-AdTech,1
Data Scientist,data scientist,unmatched,Data Science Instructor,1
Data Scientist,data scientist,matched,"Data Scientist / AI Engineer (Python, ML, RAG) - Tier 1 college only",1
Data Scientist,data scientist,matched,DATA SCIENTIST L3,1
Data Scientist,data scientist,matched,Principal Data Scientist-GenAI l LLMs l Computer Vision l Multimodal AI,1
Data Scientist,data scientist,matched,Gen AI Data Scientist,1
Data Scientist,data scientist,matched,"Data Scientist, Performance Analytics",1
Data Scientist,data scientist,unmatched,Data Science Scientist,1
Data Scientist,data scientist,matched,Digital Mold Data Scientist and Manufacturing Analytics Specialist,1
Data Scientist,data scientist,mapped:Data Engineer,Senior Data Engineer (Analyst/Scientist) - Remote,1
Data Scientist,data scientist,unmatched,Computational Data Science Researcher,1
Data Scientist,data scientist,matched,Advisory Data Scientist,1
Data Scientist,data scientist,matched,Academy Engineer - (Data Scientist),1
Data Scientist,data scientist,matched,Data Scientist Associate - Payments Data & Analytics,1
Data Scientist,data scientist,unmatched,o9 Global Data Science,1
Data Scientist,data scientist,matched,"(Ind) Senior, Data Scientist",1
Data Scientist,data scientist,unmatched,Manager - Data Science - Analytics - Mumbai - Lower Parel - JM,1
Data Scientist,data scientist,unmatched,Senior Developer(Senior Data Science Engineer),1
Data Scientist,data scientist,unmatched,Director – Data Science & Data Engineering(AI),1
Data Scientist,data scientist,unmatched,"Senior Manager, Data Science - Marketing Analytics & Data Science",1
Data Scientist,data scientist,matched,Senior Data Scientist - AI & ML,1
Data Scientist,data scientist,matched,"Data Scientist II, Forecasting, Demand Planning and Workforce Intelligence",1
Data Scientist,data scientist,matched,Senior Data Scientist (Digital Lending),1
Data Scientist,data scientist,matched,Senior Ai Engineer & Data Scientist,1
Data Scientist,data scientist,unmatched,Data Science Professional,1
Data Scientist,data scientist,unmatched,Data Science - Director job opening at GlobalData,1
Data Scientist,data scientist,unmatched,Data Science(Gen AI/LLM) Manager job opening at GlobalData,1
Data Scientist,data scientist,unmatched,Data Science(Gen AI & LLM) - Lead/Sr Engineer job opening at GD,1
Data Scientist,data scientist,matched,Data Science(Gen AI & LLM) - Sr Data Scientist/Lead opening at GD,1
Data Scientist,data scientist,unmatched,Staff Engr - Data Science,1
Data Scientist,data scientist,unmatched,Data Science(Gen AI & LLM) job opening at GlobalData,1
Data Scientist,data scientist,unmatched,Data Science Manager job opening at GlobalData,1
Data Scientist,data scientist,matched,Principal Data Scientist - Credit Risk/Lending,1
Data Scientist,data scientist,matched,Data Scientist – Generative AI & LLM,1
Data Scientist,data scientist,matched,Senior Data Scientist - Protein Data Pipelines,1
Data Scientist,data scientist,unmatched,"Support Engineer III, AMC, Measurements & Data Science",1
Data Scientist,data scientist,matched,Senior Data Scientist – Surfaceome Biology,1
Data Scientist,data scientist,matched,Sr. Data Scientist – Agentic AI,1
Data Scientist,data scientist,matched,Data Scientist-KMPL Support Services-Analytics,1
Data Scientist,data scientist,matched,Senior Data Scientist: 978,1
Data Scientist,data scientist,matched,Lead Data Scientist : 953,1
Data Scientist,data scientist,matched,Finance AI Data Scientist,1
Data Scientist,data scientist,unmatched,"Sr. Analyst, Global Data Science Supply Chain",1
Data Scientist,data scientist,unmatched,Data Science Engineer,1
Data Scientist,data scientist,unmatched,DVP - Data Science AI,1
Data Scientist,data scientist,unmatched,Data Science- Manager,1
Data Scientist,data scientist,matched,IN_Senior Associate_ Data Scientist_D&A_Advisory_Hyderabad,1
Data Scientist,data scientist,matched,AVP - Data Scientist & AI Engineer,1
Data Scientist,data scientist,unmatched,Data Science Lead - R01570348,1
Data Scientist,data scientist,unmatched,"Lead Scientist, Data Science",1
Data Scientist,data scientist,matched,HR Data Scientist (People Analytics & Automation),1
Data Scientist,data scientist,unmatched,"Engineer, Data Science",1
Data Scientist,data scientist,matched,DATA SCIENTIST / AI-ML / GEN AI ENGINEER,1
Data Scientist,data scientist,matched,Data Scientist Senior,1
Data Scientist,data scientist,ambiguous_multi,Staff Software Engineer/Data Scientist,1
Data Scientist,data scientist,matched,Lead Data Scientist - AI/ML,1
Data Scientist,data scientist,unmatched,Digital Science Data Operations & Products Expert,1
Data Scientist,data scientist,unmatched,Associate Divisional Manager Risk Analytics Data Science,1
Data Scientist,data scientist,unmatched,Data Science Intership in Ahmedabad,1
Data Scientist,data scientist,unmatched,Data Science Internship Ahmedabad,1
Data Scientist,data scientist,unmatched,Data Science Internship in Pune,1
Data Scientist,data scientist,unmatched,"Assistant Manager, Global Data Science",1
Data Scientist,machine learning engineer,matched,Senior Machine Learning Engineer,31
Data Scientist,machine learning engineer,matched,Machine Learning Engineer,23
Data Scientist,machine learning engineer,matched,Staff Machine Learning Engineer,11
Data Scientist,machine learning engineer,matched,Principal Machine Learning Engineer,8
Data Scientist,machine learning engineer,matched,"Machine Learning Engineer, Amazon Music - Catalog Quality",6
Data Scientist,machine learning engineer,matched,Sr Machine Learning Engineer,5
Data Scientist,machine learning engineer,matched,Lead Machine Learning Engineer,4
Data Scientist,machine learning engineer,mapped:DevOps / Cloud Engineer,Senior Machine Learning Platform Engineer,4
Data Scientist,machine learning engineer,matched,Senior Artificial Intelligence/Machine Learning Engineer,4
Data Scientist,machine learning engineer,matched,Machine Learning Engineer II,3
Data Scientist,machine learning engineer,matched,Senior Staff Machine Learning Engineer,3
Data Scientist,machine learning engineer,matched,Machine Learning Engineer - MLOps,3
Data Scientist,machine learning engineer,matched,"Machine Learning Engineer II, EU INTech - Exports, Emerging and Expansions",3
Data Scientist,machine learning engineer,matched,Sr Machine Learning Engineer - AI,2
Data Scientist,machine learning engineer,matched,Principal Machine Learning Engineer (Prisma AIRS) - NetSec,2
Data Scientist,machine learning engineer,matched,"Senior AI/ML Engineer - Machine learning, Agentic AI, LangGraph",2
Data Scientist,machine learning engineer,matched,Sr MTS Machine Learning Engineer,2
Data Scientist,machine learning engineer,matched,"Machine Learning Engineer II, Hyderabad",2
Data Scientist,machine learning engineer,matched,"Principal Machine Learning Engineer, ITC",2
Data Scientist,machine learning engineer,matched,Sr. Machine Learning Engineer,2
Data Scientist,machine learning engineer,matched,Senior Machine Learning Engineer - Traditional,2
Data Scientist,machine learning engineer,mapped:Software Engineer,"Software Engineer, NLP/Machine Learning",2
Data Scientist,machine learning engineer,matched,Senior Machine Learning Engineer-Office of the CTO,2
Data Scientist,machine learning engineer,matched,Staff Machine Learning Engineer - (Data & Audience Platform),2
Data Scientist,machine learning engineer,matched,SWE-3 Machine Learning Engineer,2
Data Scientist,machine learning engineer,mapped:Software Engineer,"Software Development Engineer - II, FinTech - Machine Learning",2
Data Scientist,machine learning engineer,unmatched,"Software Engineering Manager, Machine Learning",2
Data Scientist,machine learning engineer,matched,Machine Learning Engineer - APAC,2
Data Scientist,machine learning engineer,mapped:Software Engineer,"Software Engineer, Machine Learning",2
Data Scientist,machine learning engineer,unmatched,"Associate Director, Machine Learning Engineering",2
Data Scientist,machine learning engineer,matched,"Senior Machine Learning Engineer, SAP Application AI Team",2
Data Scientist,machine learning engineer,matched,"Senior Machine Learning Engineer, Hyderabad",2
Data Scientist,machine learning engineer,matched,"Lead Machine Learning Engineer (Python, GenAI, MLOps)",2
Data Scientist,machine learning engineer,matched,"Machine Learning Engineer, Growth Platform",1
Data Scientist,machine learning engineer,unmatched,Applied Machine Learning / Computer Vision Engineer,1
Data Scientist,machine learning engineer,unmatched,Machine Learning-AI and Data Science Engineer II,1
Data Scientist,machine learning engineer,mapped:Software Engineer,Senior Software Engineer (Machine Learning),1
Data Scientist,machine learning engineer,unmatched,"Staff Engineer, Machine Learning",1
Data Scientist,machine learning engineer,matched,"AI/ML Engineer-NLP, Python, Machine learning, RAG, Langchain, etc",1
Data Scientist,machine learning engineer,unmatched,Senior Engineering Manager - Applied Machine Learning - AiDP,1
Data Scientist,machine learning engineer,matched,MTS-1 Machine Learning Engineer,1
Data Scientist,machine learning engineer,matched,"Machine Learning Engineer, Link",1
Data Scientist,machine learning engineer,matched,"Staff Machine Learning Engineer (Modeling), Support",1
Data Scientist,machine learning engineer,matched,"Staff Machine Learning Engineer, AI Platform & Agentic Apps",1
Data Scientist,machine learning engineer,matched,"Senior Machine Learning Engineer, AI Infra",1
Data Scientist,machine learning engineer,matched,Staff Machine Learning Engineer(Platform - Identity),1
Data Scientist,machine learning engineer,matched,Audio Machine Learning Engineer (Voice/Speech AI) - Hyderabad,1
Data Scientist,machine learning engineer,mapped:Data Engineer,Machine Learning and Data Engineer,1
Data Scientist,machine learning engineer,matched,Machine Learning (ML) Engineer Intern - (Paid - India/Remote),1
Data Scientist,machine learning engineer,matched,Machine Learning Engineer - 2,1
Data Scientist,machine learning engineer,unmatched,"Engineering Manager, Machine Learning - Credit Risk",1
Data Scientist,machine learning engineer,unmatched,"Principal Machine Learning Systems Engineer, Search Platform",1
Data Scientist,machine learning engineer,matched,Senior Principal Machine Learning Engineer,1
Data Scientist,machine learning engineer,mapped:Software Engineer,"Software Engineer I, Machine Learning",1
Data Scientist,machine learning engineer,matched,Machine Learning Engineer - Engineering Models,1
Data Scientist,machine learning engineer,matched,Sr Machine Learning Engineer (MLOps) - Remote India,1
Data Scientist,machine learning engineer,matched,Senior Machine Learning Engineer - NLP (Bangalore/Noida Location),1
Data Scientist,machine learning engineer,matched,Senior Machine Learning Engineer (Bangalore/Noida Location),1
Data Scientist,machine learning engineer,matched,Sr. Machine Learning Engineer (Speech) - AI (Bangalore/Noida Locations),1
Data Scientist,machine learning engineer,unmatched,Engineer 2 - Machine Learning,1
Data Scientist,machine learning engineer,unmatched,"Machine Learning Research Engineer, Apple Intelligence",1
Data Scientist,machine learning engineer,matched,Machine Learning Engineer Intern,1
Data Scientist,machine learning engineer,unmatched,Machine Learning Ops Engineer 2,1
Data Scientist,machine learning engineer,matched,Staff Machine Learning Engineer - Risk,1
Data Scientist,machine learning engineer,matched,Lead Machine Learning Engineer (MLops),1
Data Scientist,machine learning engineer,unmatched,Machine Learning Ops Engineer,1
Data Scientist,machine learning engineer,matched,Polestar Analytics - Machine Learning Engineer,1
Data Scientist,machine learning engineer,matched,Staff AI & Machine Learning Engineer,1
Data Scientist,machine learning engineer,matched,Manager - Machine Learning Engineer,1
Data Scientist,machine learning engineer,unmatched,"Software Engineering, Machine Learning",1
Data Scientist,machine learning engineer,matched,Machine Learning Engineer 3,1
Data Scientist,machine learning engineer,unmatched,Engineer 4 - Machine Learning,1
Data Scientist,machine learning engineer,matched,Machine Learning Engineer Expert,1
Data Scientist,machine learning engineer,matched,"Expert Machine Learning Engineer (Agentic AI, SAP BTP)",1
Data Scientist,machine learning engineer,matched,Machine Learning Engineer - L3,1
Data Scientist,machine learning engineer,unmatched,"Senior Engineer, AI & Machine Learning",1
Data Scientist,machine learning engineer,matched,"Senior Machine Learning Engineer (Growth & ML), Hyderabad",1
Data Scientist,machine learning engineer,matched,Senior Machine Learning Engineer 5,1
Data Scientist,machine learning engineer,ambiguous_multi,Machine Learning Engineer | SDE - 2,1
Data Scientist,machine learning engineer,matched,Sr. D&T Machine Learning Engineer,1
Data Scientist,machine learning engineer,matched,Machine Learning Engineer - Fully Remote,1
Data Scientist,machine learning engineer,unmatched,Staff Research Engineer - Machine Learning,1
Data Scientist,machine learning engineer,mapped:Software Engineer,Staff Software Engineer Generative AI-Machine Learning,1
Data Scientist,machine learning engineer,matched,Senior Machine Learning Engineer_Privy,1
Data Scientist,machine learning engineer,matched,Audio Machine Learning Engineer (Voice AI),1
Data Scientist,machine learning engineer,matched,Principal Machine Learning Engineer (Reinforcement Learning),1
Data Scientist,machine learning engineer,matched,AI and Machine Learning Engineer,1
Data Scientist,machine learning engineer,matched,Machine Learning Engineer_6yrs,1
Data Scientist,machine learning engineer,matched,Principal Machine Learning Engineer - Forecasting,1
Data Scientist,machine learning engineer,matched,"Senior Machine Learning Engineer, Content Platform",1
Data Scientist,machine learning engineer,matched,Machine Learning Engineer - IV (Computer Vision),1
Data Scientist,machine learning engineer,matched,"Staff Machine Learning Engineer -Gen AI, Machine Learning, Graph ML, Big Data - 10030",1
Data Scientist,machine learning engineer,mapped:Software Engineer,Software Engineer (Machine learning & Recommendation),1
Data Scientist,machine learning engineer,unmatched,Senior Machine Learning Systems Engineering Manager - AI & ML Platform,1
Data Scientist,machine learning engineer,unmatched,Senior Director Software Engineering Machine Learning,1
Data Scientist,machine learning engineer,matched,Machine Learning Engineer - IV (Fraud),1
Data Scientist,machine learning engineer,matched,Senior Machine Learning Engineer - Advertising Engineering,1
Data Scientist,applied scientist,matched,"Senior Applied Scientist, International Machine Learning",8
Data Scientist,applied scientist,matched,Senior Applied Scientist,7
Data Scientist,applied scientist,matched,"Applied Scientist, Amazon Music - Catalog Quality",5
Data Scientist,applied scientist,unmatched,"Applied Science Manager, Advertising Trust",5
Data Scientist,applied scientist,matched,Principal Applied Scientist - Ads Ranking & Retrieval,4
Data Scientist,applied scientist,matched,Senior Applied Scientist - Ads Ranking & Retrieval,4
Data Scientist,applied scientist,matched,"Sr Applied Scientist, Amazon Shipping",4
Data Scientist,applied scientist,matched,"Applied Scientist II, Cross Border Science and Analytics",4
Data Scientist,applied scientist,matched,"Applied Scientist II, Amazon Search",4
Data Scientist,applied scientist,matched,"Sr. Applied Scientist, Last Mile Science",4
Data Scientist,applied scientist,matched,"Applied Scientist II, Amazon Shipping",4
Data Scientist,applied scientist,matched,"Applied Scientist II, Alexa Ads",4
Data Scientist,applied scientist,matched,"Applied Scientist II, Grocery, Retail & In-Store Experience (GRAISE)",4
Data Scientist,applied scientist,matched,"Applied Scientist II, On Road Experience",4
Data Scientist,applied scientist,matched,"Applied Scientist, CMT",4
Data Scientist,applied scientist,matched,"Sr. Applied Scientist, SSG Science",4
Data Scientist,applied scientist,matched,"Applied Scientist, Alexa Edge AI",4
Data Scientist,applied scientist,matched,"Senior Applied Scientist, Search Relevance International",3
Data Scientist,applied scientist,matched,"Applied Scientist I, Amazon Shipping",3
Data Scientist,applied scientist,matched,"Applied Scientist, International Machine Learning",3
Data Scientist,applied scientist,matched,"Applied Scientist II, Amazon Music",3
Data Scientist,applied scientist,matched,"Applied Scientist II, Amazon Recommerce India",3
Data Scientist,applied scientist,matched,"Applied Scientist, Traffic Quality",3
Data Scientist,applied scientist,matched,"Sr. Applied Scientist, WWOS Tech",3
Data Scientist,applied scientist,matched,"Sr Applied Scientist, Product Detail Page",3
Data Scientist,applied scientist,matched,"Senior Applied Scientist, Alexa Ads",3
Data Scientist,applied scientist,matched,"Applied Scientist II, Translation Services",3
Data Scientist,applied scientist,matched,"Senior Applied Scientist, Alexa Smart Home",3
Data Scientist,applied scientist,matched,"Applied Scientist II, Worldwide Returns & Recommerce - Science",3
Data Scientist,applied scientist,matched,"Senior Applied Scientist, Amazon Core Search",3
Data Scientist,applied scientist,matched,"Applied Scientist II, CMT",3
Data Scientist,applied scientist,matched,"Senior Applied Scientist, Data-Tech, Workplace Health & Safety",3
Data Scientist,applied scientist,matched,"Applied Scientist, SSG Science",3
Data Scientist,applied scientist,matched,"Applied Scientist II, Amazon Smart Vehicles",3
Data Scientist,applied scientist,matched,"Sr Applied Scientist, Amazon Recommerce India",3
Data Scientist,applied scientist,matched,"Applied Scientist, Alexa International Tech",3
Data Scientist,applied scientist,matched,"Applied Scientist II, Alexa International Tech",3
Data Scientist,applied scientist,matched,"Applied Scientist II, IN SPS Tech",3
Data Scientist,applied scientist,matched,"Senior Applied Scientist, Traffic Quality",3
Data Scientist,applied scientist,unmatched,"Applied Science Manager , Amazon Music Catalog Quality",3
Data Scientist,applied scientist,unmatched,"Manager, Applied Science, RBS Tech",3
Data Scientist,applied scientist,matched,Lead Applied Scientist,2
Data Scientist,applied scientist,matched,"Applied Scientist II, RBS Tech",2
Data Scientist,applied scientist,matched,"Applied Scientist II, SSG Science",2
Data Scientist,applied scientist,matched,Principal Applied Scientist,2
Data Scientist,applied scientist,unmatched,"Principal Applied Science Manager - Foundation Models, Agents & Trust Systems",2
Data Scientist,applied scientist,unmatched,Research Scientist (Applied) - IV,2
Data Scientist,applied scientist,unmatched,IND Applied AI Scientist,2
Data Scientist,applied scientist,matched,"Applied Scientist II, Alexa AI",2
Data Scientist,applied scientist,matched,"Senior Applied Scientist, Amazon Music - Search Science, Amazon Music – Search Science",2
Data Scientist,applied scientist,matched,"Applied Scientist-II, Amazon Music - Search Science, Amazon Music – Search Science",2
Data Scientist,applied scientist,matched,"Sr. Applied Scientist, Alexa Excellence AI Ops, Alexa Excellence AI Ops",2
Data Scientist,applied scientist,matched,"Applied Scientist II, FinAuto",2
Data Scientist,applied scientist,matched,Applied Research - Data Scientist,2
Data Scientist,applied scientist,unmatched,Data and Applied Science Expert - SAP Data Labs -CX Team,2
Data Scientist,applied scientist,unmatched,Senior Data and Applied Science - SAP Data Labs - CX Team,2
Data Scientist,applied scientist,unmatched,Vice President - Data Science / Applied AI ML,2
Data Scientist,applied scientist,unmatched,"Staff, Data Science & Applied AI",2
Data Scientist,applied scientist,unmatched,Applied Mathematics & Scientific Computing Specialist,1
Data Scientist,applied scientist,matched,Applied Scientist / Applied ML Engineer,1
Data Scientist,applied scientist,unmatched,Applied Data Science (Fresher),1
Data Scientist,applied scientist,matched,Senior AI or ML Applied Scientist,1
Data Scientist,applied scientist,unmatched,Senior Associate - Data Science / Applied AI ML,1
Data Scientist,applied scientist,matched,Applied Scientist - LLM & Generative AI,1
Data Scientist,applied scientist,unmatched,"Applied AI Engineer, Life Sciences",1
Data Scientist,applied scientist,matched,"ML Engineer, Applied Science",1
Data Scientist,applied scientist,matched,"Senior ML Engineer, Applied Science",1
Data Scientist,applied scientist,matched,Applied Scientist III,1
Data Scientist,applied scientist,unmatched,Applied Sciences INTERN,1
Data Scientist,applied scientist,matched,Applied Scientist-Agentic AI,1
Data Scientist,applied scientist,matched,Senior Applied Scientist - AI Agent Systems,1
Data Scientist,applied scientist,matched,Senior Applied Scientist - Semantics,1
Data Scientist,applied scientist,matched,"Applied Scientist II, Search Relevance International",1
Data Scientist,applied scientist,matched,"Applied Scientist II, HST Health Evaluation",1
Data Scientist,applied scientist,matched,"Senior Applied Scientist, Amazon Music - Search Science, Amazon Music - Search Science",1
Data Scientist,applied scientist,matched,"Applied Scientist-II, Amazon Music - Search Science, Amazon Music - Search Science",1
Data Scientist,applied scientist,matched,"Applied Scientist III, Alexa International",1
Data Scientist,applied scientist,matched,"Senior Applied Scientist, FinAuto",1
Data Scientist,applied scientist,unmatched,"Senior Applied Science Manager, Traffic Quality",1
Data Scientist,applied scientist,matched,"Applied Scientist II, Last Mile",1
Data Scientist,applied scientist,unmatched,"Applied Science Manager, Alexa Edge AI",1
Data Scientist,applied scientist,matched,"Senior Applied Scientist , Buyer Risk Prevention (BRP)",1
Data Scientist,applied scientist,matched,"Applied Scientist II, Last Mile Science",1
Data Scientist,applied scientist,unmatched,Applied Science II,1
Data Scientist,applied scientist,unmatched,Senior Applied AI Research Scientist,1
Data Scientist,applied scientist,matched,"Applied Scientist, Agent Evaluation & Adaptive Model Routing",1
Data Scientist,applied scientist,unmatched,Staff Researcher – Applied Science,1
Data Scientist,applied scientist,matched,AI/ML Scientist (Applied Scientist),1
Data Scientist,applied scientist,unmatched,Senior Applied Research Scientist – Voice of the Customer (VOC) | IND,1
Data Scientist,applied scientist,matched,Applied Data Scientist,1
Data Scientist,applied scientist,matched,Principal Applied scientist,1
Data Scientist,applied scientist,matched,Senior AI/ML Applied Scientist,1
Data Scientist,applied scientist,matched,"Applied Scientist II, International Machine Learning",1
Data Scientist,applied scientist,matched,"Senior Applied Scientist, Forecasting",1
Data Scientist,applied scientist,matched,Data Scientist Fintech Applied ML,1
Data Scientist,applied scientist,matched,"Applied Scientist II, Sheriff Team- Payroll tech",1
Data Scientist,applied scientist,matched,"Senior Applied Scientist , RBS Tech",1
Data Scientist,applied scientist,matched,"Applied Scientist, Trust CX Innovations&AI Policy",1
Data Scientist,applied scientist,matched,"Sr. Applied Scientist, Seller Fee Science",1
Data Scientist,applied scientist,matched,"Applied Scientist II, Detail Page",1
Data Scientist,applied scientist,matched,"Senior Applied Scientist, Translation Services",1
Data Scientist,applied scientist,unmatched,"Senior Manager, Applied Science",1
Data Scientist,applied scientist,unmatched,Senior Software Development Test Engineer - Applied Science,1
Data Scientist,applied scientist,matched,Applied Scientist,1
Data Scientist,applied scientist,unmatched,APPLIED AI SCIENTIST,1
Data Scientist,applied scientist,matched,Senior Forward Deployed Applied Scientist I (Agentic AI),1
Data Scientist,applied scientist,unmatched,Applied AI/ML Scientist,1
Data Scientist,applied scientist,matched,"Applied Scientist II, Vertical Search Relevance",1
Data Scientist,applied scientist,matched,"Principal Applied Scientist- Foundation Models, Agents & Decision Intelligence",1
Data Scientist,applied scientist,unmatched,Senior Manager Applied Science - Recommendations,1
Data Scientist,applied scientist,matched,Applied Scientist II - Recommendation Systems,1
Data Engineer,data engineer,matched,Data Engineer,54
Data Engineer,data engineer,matched,Senior Data Engineer,32
Data Engineer,data engineer,matched,Data Engineer ID89384,16
Data Engineer,data engineer,unmatched,Senior Python Data Scraping Engineer (Freelance),10
Data Engineer,data engineer,matched,Lead Data Engineer,9
Data Engineer,data engineer,matched,Azure Data Engineer,8
Data Engineer,data engineer,matched,Data Engineer II,7
Data Engineer,data engineer,matched,AWS Data Engineer,6
Data Engineer,data engineer,matched,GCP Data Engineer,6
Data Engineer,data engineer,mapped:DevOps / Cloud Engineer,Data Platform Engineer,6
Data Engineer,data engineer,matched,Data Engineer III,5
Data Engineer,data engineer,matched,Sr. Data Engineer - Data Engineering 4B,5
Data Engineer,data engineer,unmatched,Data Engineering Lead,4
Data Engineer,data engineer,matched,Data Engineer III GBS IND,4
Data Engineer,data engineer,mapped:Architect (contamination audit),Data Architect - Data Engineering 4D,4
Data Engineer,data engineer,unmatched,"Data Centre Engineering Operations, Data Centre Engineering Operations",4
Data Engineer,data engineer,matched,Lead Data Engineer - Data Engineering 4C,3
Data Engineer,data engineer,matched,Data Engineer-Data Platforms-SnowFlake,3
Data Engineer,data engineer,mapped:Software Engineer,Principal Software Engineer - Data Engineering,3
Data Engineer,data engineer,unmatched,Cybersecurity Engineering - Data Protection Lead,3
Data Engineer,data engineer,matched,"Data Engineer II, Prime Video Advertising",3
Data Engineer,data engineer,unmatched,Analyst - Data Engineering,3
Data Engineer,data engineer,unmatched,"Software Dev Engineer II, Business Data Technologies",3
Data Engineer,data engineer,unmatched,Principal Engineer - Data path - HPE Alletra Storage MP X10000 (Object Storage product development),2
Data Engineer,data engineer,matched,Data & Analytics Engineer - AM,2
Data Engineer,data engineer,matched,VP - Senior Data Engineer (Python/Snowflake/Apache Airflow),2
Data Engineer,data engineer,matched,Senior GCP Data Engineer,2
Data Engineer,data engineer,matched,Data Engineer-Data Platforms-Databricks,2
Data Engineer,data engineer,unmatched,Master Data Management Engineer,2
Data Engineer,data engineer,matched,DA Lead Data Engineer,2
Data Engineer,data engineer,mapped:Software Engineer,Software Engineer - Data Platform,2
Data Engineer,data engineer,matched,Sr Data Engineer,2
Data Engineer,data engineer,mapped:Data Scientist,IN_Senior Associate_ AI Data Scientist Engineer_GCC_Advisory_Bangalore,2
Data Engineer,data engineer,matched,QA Data Engineer - P4,2
Data Engineer,data engineer,unmatched,"Senior Engineer, EDT Data & Analytics Cloud Engineering",2
Data Engineer,data engineer,matched,Data Engineer Advisor,2
Data Engineer,data engineer,matched,Data Engineer-Data Platforms-AWS,2
Data Engineer,data engineer,mapped:DevOps / Cloud Engineer,"Manager, Site Reliability Engineer - Data Platforms",2
Data Engineer,data engineer,unmatched,"Senior Director, Software Engineering - Data and AI Platforms",2
Data Engineer,data engineer,unmatched,"Sr Specialist, Data Engineering",2
Data Engineer,data engineer,matched,Data/ETL Engineer,2
Data Engineer,data engineer,matched,Principal Data Engineer,2
Data Engineer,data engineer,ambiguous_multi,Data Architect - Staff Software Engineer,2
Data Engineer,data engineer,matched,Data & Analytics Engineer - Consultant,2
Data Engineer,data engineer,unmatched,Senior Data Engineering Consultant,2
Data Engineer,data engineer,unmatched,Manager Data Engineering,2
Data Engineer,data engineer,matched,"Data Engineer III (Remote, IND)",2
Data Engineer,data engineer,matched,Sr. Associate Data Engineer,2
Data Engineer,data engineer,unmatched,Data Lineage Engineer,2
Data Engineer,data engineer,unmatched,"DCEO , Data Centre Engineering Operations, Data Centre Engineering Operations",2
Data Engineer,data engineer,unmatched,"Data Center Engineering Operations , DCEO",2
Data Engineer,data engineer,mapped:Electrical Engineer,"Sr. Electrical Design Engineer, APAC Data Center Design Engineering",2
Data Engineer,data engineer,unmatched,Sr. Staff Integration Engineer (Security Platform and Data Pipelines),2
Data Engineer,data engineer,matched,"Data Engineer , Business Data Technologies",2
Data Engineer,data engineer,unmatched,Principal AI Engineer — AI & Data Platform,2
Data Engineer,data engineer,unmatched,Sr.Data Engineering,1
Data Engineer,data engineer,matched,Data Engineer- Customer Recommender,1
Data Engineer,data engineer,unmatched,Director - T&O Data Engineering,1
Data Engineer,data engineer,matched,Microsoft Fabric / Data Engineer,1
Data Engineer,data engineer,matched,Data Analytics Engineer,1
Data Engineer,data engineer,matched,Data Engineer I - Transparency Data Operations,1
Data Engineer,data engineer,matched,IN_Manager_Databricks Data Engineer_GCC_Advisory_Bangalore,1
Data Engineer,data engineer,mapped:Software Engineer,BXTI - VP – Axiom Data Technology - Senior Software Engineer,1
Data Engineer,data engineer,unmatched,IN_Senior Associate _ Microsoft Purview Data Governance Engineer_GCC_Advisory_Gurgaon,1
Data Engineer,data engineer,unmatched,Systems Engineer - Data path - HPE Alletra Storage MP X10000 (Object Storage product development),1
Data Engineer,data engineer,matched,Executive-GDC (Data Engineer),1
Data Engineer,data engineer,matched,Data Engineer - Senior Engineer(Level 1),1
Data Engineer,data engineer,matched,IN-Sr Associate_Databricks Data Engineer_GCC_Advisory_Bangalore,1
Data Engineer,data engineer,matched,IN_Associate_– Data Engineer _GCC_Advisory_Hyderabad,1
Data Engineer,data engineer,unmatched,"Director, Software Engineering - Big Data Platform & Storage",1
Data Engineer,data engineer,matched,Associate Data Analytics Engineer,1
Data Engineer,data engineer,ambiguous_multi,Data Engineer-Senior Software Engineer,1
Data Engineer,data engineer,matched,Data Engineer III - Analytics Engineer (Databricks),1
Data Engineer,data engineer,mapped:Software Engineer,Senior Software Engineer II - Data Engineering & Platform,1
Data Engineer,data engineer,unmatched,"Data Center Engineering Operations Engineer, HYD-Infinity - DCEO",1
Data Engineer,data engineer,matched,Databricks Data Engineer (Azure  Databricks AI),1
Data Engineer,data engineer,matched,Senior Full Stack Data Engineer,1
Data Engineer,data engineer,unmatched,EY - Cyber Security - Data Protection and Privacy Platforms Engineering - Manager,1
Data Engineer,data engineer,mapped:Security Engineer,Senior Security Engineer - Privacy & Data Security,1
Data Engineer,data engineer,unmatched,Data Engineers (Fresher) - strictly IIT/NIT graduates only,1
Data Engineer,data engineer,matched,Data Modeler / Analytics Engineer,1
Data Engineer,data engineer,matched,"Data Engineer II - Snowflake, DBT, AWS",1
Data Engineer,data engineer,matched,Sr Data Engineer - 100% Remote,1
Data Engineer,data engineer,matched,Data Engineer-Master Data Management,1
Data Engineer,data engineer,matched,Staff Data Engineer,1
Data Engineer,data engineer,matched,Data Engineer-Pan India,1
Data Engineer,data engineer,matched,Senior Data Engineer - AI Native,1
Data Engineer,data engineer,matched,Azure Data Engineer-ADB  UNity Catalog,1
Data Engineer,data engineer,unmatched,"Senior Engineering Manager, Data Platform",1
Data Engineer,data engineer,matched,Lead Service Data Engineer,1
Data Engineer,data engineer,unmatched,Lead Data Science AI Engineer,1
Data Engineer,data engineer,unmatched,"Head of Data , ML and AI Platform Engineering",1
Data Engineer,data engineer,matched,GCP Senior Data Engineer,1
Data Engineer,data engineer,mapped:Architect (contamination audit),Principal Data Engineering Architect,1
Data Engineer,data engineer,unmatched,Senior Data Engineering Manager,1
Data Engineer,data engineer,unmatched,Senior Digital Innovation Engineer - Data Science,1
Data Engineer,data engineer,matched,Data Engineer-Data Platforms-Google,1
Data Engineer,data engineer,mapped:Software Engineer,Senior Software Engineer - Data Platform (Tech Lead),1
Data Engineer,data engineer,unmatched,IT engineer Data Lakehouse - Tech Lead,1
Data Engineer,data engineer,matched,AWS - Senior Data Engineer - LS - CWR,1
Data Engineer,data engineer,unmatched,Platform Engineering Lead- Data Services & Reporting,1
Data Engineer,data engineer,unmatched,Data Centre Engineering Operations (DCEO) Facility Manager,1
Data Engineer,data engineer,matched,AWS Spark Data Engineer,1
Data Engineer,data engineer,ambiguous_multi,SDE- Data Engineer,1
Data Engineer,data engineer,matched,"Team Lead, Data Engineer",1
Data Engineer,data engineer,unmatched,Data Engineering [T500-29647],1
Data Engineer,data engineer,matched,Data Engineer 2,1
Data Engineer,data engineer,matched,GCP Data Engineer - Terraform,1
Data Engineer,data engineer,matched,Dataiku Data Engineer,1
Data Engineer,data engineer,matched,Lead Data Engineer- MS Fabric,1
Data Engineer,data engineer,matched,Senior Data Engineer – Spark Streaming & Kafka,1
Data Engineer,data engineer,unmatched,"Senior Engineer, HR Data Analytics",1
Data Engineer,data engineer,matched,Lead AWS Data Engineer (Alarm),1
Data Engineer,data engineer,unmatched,Lead Data Modeling Engineer,1
Data Engineer,data engineer,unmatched,IN_Senior Associate_Data Analytics / Data Engineering_Digital Integration_Advisory_Gurgaon,1
Data Engineer,data engineer,matched,Data Engineer Software Engineering - AI Hub,1
Data Engineer,data engineer,matched,Data Engineer - PowerBI,1
Data Engineer,data engineer,matched,Supply Chain Operations Data Engineer,1
Data Engineer,data engineer,matched,Data Engineer (Elasticsearch  Datawarehousing),1
Data Engineer,data engineer,mapped:DevOps / Cloud Engineer,Lead Cloud Engineer - Data Hosting,1
Data Engineer,data engineer,mapped:DevOps / Cloud Engineer,Data platform Engineer,1
Data Engineer,data engineer,ambiguous_multi,Senior Software Engineer- Azure Data Engineer,1
Data Engineer,data engineer,unmatched,Machine Learning-AI and Data Science Engineer II,1
Data Engineer,data engineer,mapped:Software Engineer,"Software Engineer, Data Platforms",1
Data Engineer,data engineer,matched,Data Engineer-Data Platforms-Azure,1
Data Engineer,data engineer,mapped:Data Scientist,"Senior Data Scientist, Blades Fleet Engineering",1
Data Engineer,data engineer,mapped:DevOps / Cloud Engineer,Site Reliability Engineer - Data Platforms,1
Data Engineer,data engineer,matched,Data Engineer (Databricks),1
Data Engineer,data engineer,unmatched,Senior Specialist - Data Engineering,1
Data Engineer,data engineer,matched,Senior Azure Data Engineer – RAG & Databricks,1
Data Engineer,data engineer,matched,"Sr. Security Data Engineer & Developer, Security Data Platform",1
Data Engineer,data engineer,unmatched,"Engineering Manager – Data Engineering | Snowflake, Python & SQL from 14 years",1
Data Engineer,data engineer,unmatched,IN_Associate_Microsoft Purview Data Governance Engineer_GCC_Advisory_Mumbai,1
Data Engineer,data engineer,unmatched,IMD Data Operations - Document and Engineering Data Lead,1
Data Engineer,data engineer,unmatched,Lead Engineer - Data & AI,1
Data Engineer,data engineer,matched,IN_Senior Associate_Data Engineer Databricks_GCC_Advisory_Gurgaon,1
Data Engineer,data engineer,mapped:Architect (contamination audit),Solutions Architect - Data Engineering,1
Data Engineer,data engineer,matched,AVP – Data Engineer,1
Data Engineer,data engineer,matched,Data Engineer - GCH,1
Data Engineer,data engineer,matched,IN_Manager 2_Azure Data Engineer_OC-Data & Analytics_Advisory_Bhubaneswar,1
Data Engineer,data engineer,matched,Data Engineer - Manager,1
Data Engineer,data engineer,matched,C++ Developer (Data Engineer),1
Data Engineer,data engineer,unmatched,DE&A - Core - Cloud Data Engineering - Azure Data Engineering,1
Data Engineer,data engineer,matched,Microsoft Fabric Data Engineer,1
Data Engineer,data engineer,unmatched,Production Data Support Engineer I,1
Data Engineer,data engineer,unmatched,Senior/Staff Engineer - Web3 - Onchain Data,1
Data Engineer,data engineer,matched,Senior Data Engineer (ETL Developer),1
Data Engineer,data engineer,matched,Senior Data Engineer [T500-29640],1
Data Engineer,data engineer,unmatched,Data Center & Network Infrastructure Engineer,1
Data Engineer,data engineer,matched,Big Data Engineer,1
Data Engineer,data engineer,unmatched,Data Annotation Engineer,1
Data Engineer,data engineer,matched,"Senior Data Engineer-Databricks, Snowflake, SQL, ETL,Spark,Data Warehouse",1
Data Engineer,data engineer,unmatched,Senior Data Engineering Lead,1
Data Engineer,data engineer,matched,Data Analytics Engineer (Microsoft Fabric & Power BI),1
Data Engineer,data engineer,unmatched,Data Product Engineer (Databricks),1
Data Engineer,data engineer,unmatched,"Manager, Data Engineering",1
Data Engineer,data engineer,matched,Data Engineer II - Confluent,1
Data Engineer,data engineer,unmatched,"Engineering Manager - Data Engineering | Snowflake, Python & SQL from 14 years",1
Data Engineer,data engineer,unmatched,"Databricks Engineer, Data Platform & Data Science Tooling",1
Data Engineer,data engineer,mapped:Mechanical Engineer,Mechanical Design Engineer - Data Center,1
Data Engineer,data engineer,matched,Senior / Lead Data Engineer,1
Data Engineer,data engineer,matched,Senior AWS Data Engineer,1
Data Engineer,data engineer,matched,"Data Engineer _Gurugram, Chennai",1
Data Engineer,data engineer,unmatched,Data Engineering Engineer II,1
Data Engineer,data engineer,matched,"Principal, Data Engineer",1
Data Engineer,data engineer,unmatched,Network Cloud & Data Center Design Engineer [T500-27704],1
Data Engineer,data engineer,matched,Data Engineer / Senior Data Engineer,1
Data Engineer,data engineer,matched,Data Engineer - Identity Resolution & Consent Data,1
Data Engineer,data engineer,mapped:Software Engineer,"Principal Software Engineer, Data Processing",1
Data Engineer,data engineer,matched,Business Risk Data Engineer,1
Data Engineer,data engineer,matched,FS - Data Engineer - Associate,1
Data Engineer,data engineer,ambiguous_multi,Senior Software Engineer-Data Engineer-Python Spark Developer,1
Data Engineer,data engineer,unmatched,Senior Data Recoverability Engineer (Data Governance),1
Data Engineer,data engineer,matched,Snowflake Data Engineer 1,1
Data Engineer,data engineer,mapped:Data Scientist,Data Scientist/Digitalization Engineer – System Standard Parts (m/f/d),1
Data Engineer,data engineer,unmatched,Sr Analyst II Data Engineering,1
Data Engineer,data engineer,unmatched,"Principal Engineer – Data Engineering, AI & Distributed Systems",1
Data Engineer,data engineer,mapped:DevOps / Cloud Engineer,Site Reliability Engineer – Data Platforms,1
Data Engineer,data engineer,unmatched,Data Engineering Professional II,1
Data Engineer,data engineer,unmatched,IN_Senior Associate_Data Engineering_GCC_Advisory_Mumbai,1
Data Engineer,data engineer,matched,Staff - Data Engineer,1
Data Engineer,data engineer,unmatched,IN_Senior Associate_Data Engineering_GCC_Advisory_Bangalore,1
Data Engineer,data engineer,unmatched,Sr Analyst III Data Engineering,1
Data Engineer,data engineer,mapped:Software Engineer,"Senior Software Engineer, Data Processing",1
Data Engineer,data engineer,matched,Applied AI & Data Engineer,1
Data Engineer,data engineer,matched,DATA ENGINEER,1
Data Engineer,data engineer,unmatched,GCP Data Engineering Bangalore,1
Data Engineer,data engineer,excluded_by_rule,Senior Data & AI Quality Engineer (Ingestion Â· Evaluation Â· Testing),1
Data Engineer,data engineer,matched,GCP Data Engineer (Immediate and Bangalore),1
Data Engineer,data engineer,matched,Senior Data Engineer/Analyst (India- Remote),1
Data Engineer,data engineer,matched,AWS Data engineer,1
Data Engineer,data engineer,mapped:Quality Engineer,Senior Data Quality Engineer,1
Data Engineer,data engineer,unmatched,Forward Deployed Engineer - Data,1
Data Engineer,data engineer,matched,GCP Data Engineer -Chennai-C2H,1
Data Engineer,data engineer,unmatched,"Principal Engineer - Data Engineering, AI & Distributed Systems",1
Data Engineer,data engineer,unmatched,Data Migration Engineer (SWP Workstream),1
Data Engineer,data engineer,matched,Fabric Data Engineer,1
Data Engineer,data engineer,matched,"Principal Data Engineer (AWS, Databricks, Ai, ML Flow, Data Architecture, Apache Airflow)",1
Data Engineer,data engineer,matched,Data Engineer Python Developer,1
Data Engineer,data engineer,matched,Java Spark Big Data Engineer - Assistant Vice President,1
Data Engineer,data engineer,unmatched,Sr Manager Data Engineering,1
Data Engineer,data engineer,unmatched,Network Cloud & Data Center Design Engineer,1
Data Engineer,data engineer,mapped:Mechanical Engineer,Lead Mechanical Design Engineer - Data Center,1
Data Engineer,data engineer,matched,Associate Data Engineer,1
Data Engineer,data engineer,matched,Data Engineer- GCP/Databricks,1
Data Engineer,data engineer,unmatched,Data Pipeline Engineer,1
Data Engineer,data engineer,matched,Azure Data engineer,1
Data Engineer,data engineer,matched,Senior Data Engineer (India - Remote),1
Data Engineer,data engineer,matched,Data Engineer (1-2 Years),1
Data Engineer,data engineer,matched,Informatica Data Engineer,1
Data Engineer,data engineer,unmatched,Data QA Engineer,1
Data Engineer,data engineer,unmatched,Microsoft Purview Data Governance Engineer,1
Data Engineer,data engineer,matched,Senior Engineer (SA1 DES - Azure Data Engineer),1
Data Engineer,data engineer,matched,Specialist Data Engineer,1
Data Engineer,data engineer,matched,"Data Engineer, Analytics Engineering, VP",1
Data Engineer,data engineer,matched,Lead AWS Data Engineer (PPM),1
Data Engineer,data engineer,matched,Data Engineer – CX Data & Operations,1
Data Engineer,data engineer,unmatched,HR Data & Automation Engineer (Project Based),1
Data Engineer,data engineer,unmatched,"Engineering Manager, Data Platform – Managed Connectors",1
Data Engineer,data engineer,mapped:Data Scientist,Data Scientist - AI/ML - Engineer - Senior Associate,1
Data Engineer,data engineer,matched,Lead Data Engineer - R01571409,1
Data Engineer,data engineer,unmatched,Master Data Governance Engineer,1
Data Engineer,data engineer,unmatched,Engineering Manager (Data Engineering),1
Data Engineer,data engineer,matched,"GCP Data Engineer – Cloud Architecture, Agile & Data Management",1
Data Engineer,data engineer,matched,Healthcare Data Engineer - HEDIS & Quality (India),1
Data Engineer,data engineer,matched,IN_Senior Associate_Snowflake Senior Data Engineer_GCC_Advisory_Bangalore,1
Data Engineer,data engineer,ambiguous_multi,Azure Data Engineer - Manager/Architect,1
Data Engineer,data engineer,unmatched,Data Automation & AI Engineer,1
Data Engineer,data engineer,matched,Data Engineer - R01571442,1
Data Engineer,data engineer,matched,"Data Engineer III - Databricks, Pyspark, Python, AWS",1
Data Engineer,data engineer,unmatched,Engineering Manager - Data & Platform,1
Data Engineer,data engineer,mapped:Data Scientist,Full-Stack AI Engineer / Data Scientist – Agentic Systems,1
Data Engineer,data engineer,unmatched,Senior Staff Engineer - Data Integration,1
Data Engineer,data engineer,unmatched,Senior Engineer - Data Analytics,1
Data Engineer,data engineer,mapped:Software Engineer,Senior Software Engineer - Data Catalog,1
Data Engineer,data engineer,matched,Consultant - Data Engineer  AI,1
Data Engineer,data engineer,matched,Senior Data Engineer (Data Platform),1
Data Engineer,data engineer,matched,Data Engineer -Databricks,1
Data Engineer,data engineer,matched,Snowflake Data Engineer - Consultant,1
Data Engineer,data engineer,unmatched,Staff SW Systems Engineer 10531 – DPDK/VPP Data Plane Developer (SD-WAN Security),1
Data Engineer,data engineer,mapped:Software Engineer,Senior Software Engineer- Payroll Data,1
Data Engineer,data engineer,matched,Lead Data Engineer - Databricks,1
Data Engineer,data engineer,matched,"Data Engineer II, Sales Data Services (SDS)",1
Data Engineer,data engineer,unmatched,Associate Director - Data Center Electrical Engineering & Innovation,1
Data Engineer,data engineer,matched,Pyspark-Data Engineer III,1
Data Engineer,data engineer,mapped:Software Engineer,"Senior or Staff Software Engineer, Data Platform (Brazil)",1
Data Engineer,data engineer,unmatched,"Engineering Manager, Data",1
Data Engineer,data engineer,matched,Spark / Scala Data Engineer,1
Data Engineer,data engineer,matched,Azure Fabric Data Engineer,1
Data Engineer,data engineer,matched,Data Engineer (3 YOE),1
Data Engineer,data engineer,unmatched,"Data Engineering Lead- Cloud ETL, Azure,Data Bricks,Snowflake, etc",1
Data Engineer,data engineer,matched,"Data Engineer - Cloud ETL, Azure, Data Bricks, Snowflake, Pyspark",1
Data Engineer,data engineer,unmatched,Lead Full Stack Engineer - Data Structures and Algorithms,1
Data Engineer,data engineer,mapped:Software Engineer,Senior Staff Data Platform Software Engineer (Java Distributed Systems & Kafka),1
Data Engineer,data engineer,mapped:Data Scientist,Full-Stack AI Engineer / Data Scientist - Agentic Systems,1
Data Engineer,data engineer,mapped:DevOps / Cloud Engineer,Sr. Data Platform Engineer - Azure & Microsoft Fabric,1
Data Engineer,data engineer,unmatched,"IND Senior Engineer, Data",1
Data Engineer,data engineer,matched,Data Engineer (Snowflake / Databricks / BigQuery),1
Data Engineer,data engineer,unmatched,Freelance Opportunity – GCP Dataplex & Data Governance Engineer,1
Data Engineer,data engineer,unmatched,Data Engineering(ETLPython),1
Data Engineer,data engineer,matched,"Data Analytics Engineer(AI/ML, ETL, OSS, Telecom)",1
Data Engineer,data engineer,matched,"Senior Data Engineer (DBT, AWS, SQL)",1
Data Engineer,data engineer,unmatched,Cloud/Data Operations Engineer,1
Data Engineer,data engineer,matched,DATA ENGINEER (GCP),1
Data Engineer,data engineer,unmatched,STRST98 Data Replication Engineer,1
Data Engineer,data engineer,unmatched,Data Test Engineer,1
Data Engineer,data engineer,unmatched,Data Engineering Engineer III,1
Data Engineer,data engineer,matched,Data Engineer |Snowflake| Python | SQL| Data Modelling | PowerBI / Tableau,1
Data Engineer,data engineer,mapped:Software Engineer,Senior Software Engineer - Data Platform,1
Data Engineer,data engineer,unmatched,"Sr Analyst, Data Engineering",1
Data Engineer,data engineer,matched,Data Engineer I,1
Data Engineer,data engineer,mapped:Data Scientist,IN_Associate_ AI Data Scientist Engineer_GCC_Advisory_Bangalore,1
Data Engineer,data engineer,matched,"Sr. Data Engineer, Data Engineering",1
Data Engineer,data engineer,unmatched,ServiceNow Data Model Specialist - Senior Engineer Service Management,1
Data Engineer,data engineer,matched,Senior Data Engineer (AI/ML),1
Data Engineer,data engineer,mapped:DevOps / Cloud Engineer,Sr. Data Platform Engineer – Azure & Microsoft Fabric,1
Data Engineer,data engineer,unmatched,AI Engineer-Data Databricks Pltform,1
Data Engineer,data engineer,mapped:Software Engineer,SDE III - Data Engineering,1
Data Engineer,data engineer,unmatched,IN_Senior Associate_Azure Data Engineering _GCC_Advisory_Bangalore,1
Data Engineer,data engineer,matched,Principal Data Engineer (RWE),1
Data Engineer,data engineer,matched,Data Engineer-Customer Analytics AIML,1
Data Engineer,data engineer,unmatched,AI engineer-Data Databricks Pltform,1
Data Engineer,data engineer,unmatched,Sr Analyst- L1 Support Engineer- Data platform Cloud support,1
Data Engineer,data engineer,ambiguous_multi,Data Engineer / Junior Data Scientist,1
Data Engineer,data engineer,matched,SAP Data Engineer,1
Data Engineer,data engineer,matched,Microsoft Fabric Data Engineer | Noida,1
Data Engineer,data engineer,mapped:Data Analyst,Data Analyst/Engineer – SCG India,1
Data Engineer,data engineer,unmatched,GCP DATAFORM & Data Engineering - Location India,1
Data Engineer,data engineer,matched,"Data Engineer opportunities (AWS) - Junior, Senior & Lead",1
Data Engineer,data engineer,matched,Principal Data Engineer(Azure),1
Data Engineer,etl developer,matched,ETL Developer,9
Data Engineer,etl developer,matched,Etl Developer,3
Data Engineer,etl developer,matched,Informatica ETL Developer,2
Data Engineer,etl developer,matched,"Java , ETL Developer",2
Data Engineer,etl developer,matched,"Python, ETL Developer_Truist",2
Data Engineer,etl developer,unmatched,"Senior Database Developer (PL/SQL, ETL)",2
Data Engineer,etl developer,matched,Etl Developer Lead,2
Data Engineer,etl developer,unmatched,OBIEE DEVELOPER  ETL,1
Data Engineer,etl developer,matched,Senior ETL Developer,1
Data Engineer,etl developer,matched,Senior Data Engineer (ETL Developer),1
Data Engineer,etl developer,matched,Oracle PLSQL ETL Developer - Vice President,1
Data Engineer,etl developer,matched,Data Engineer - ETL Development,1
Data Engineer,etl developer,unmatched,ETL Abinitio Developer,1
Data Engineer,etl developer,unmatched,SSIS Developer (ETL) JobID JC0015829,1
Data Engineer,etl developer,matched,Sr. ETL Developer - Oracle cloud Integration,1
Data Engineer,etl developer,matched,SAS ETL Developer - SAS DIS M8 - 4.906,1
Data Engineer,etl developer,unmatched,ETL & Database Developer (Informatica / Greenplum / Cloud),1
Data Engineer,etl developer,mapped:DevOps / Cloud Engineer,"SQL Developer & ETL, Python, Cloud Engineer - 5Years",1
Data Engineer,etl developer,matched,ETL Developer (ODI),1
Data Engineer,etl developer,matched,ETL DEveloper,1
Data Engineer,etl developer,matched,"ETL Developer, Senior Associate",1
Data Engineer,etl developer,unmatched,"Python Developer – Snowflake, ETL/ELT, Advanced SQL & Cloud Data Engineering",1
Data Engineer,etl developer,matched,"Python, PySpark, ETL Developer",1
Data Engineer,etl developer,unmatched,ETL ODI Developer,1
Data Engineer,etl developer,unmatched,ETL Senior Developer (SSIS),1
Data Engineer,etl developer,matched,Data Engineer / ETL Developer - Manager,1
Data Engineer,etl developer,unmatched,AVP - ETL Designer & Developer,1
Data Engineer,etl developer,matched,Manager- ETL Developer,1
Data Engineer,etl developer,unmatched,ETL Datastage Developer,1
Data Engineer,big data engineer,matched,Big Data Engineer,10
Data Engineer,big data engineer,matched,Big Data Engineer - Xebia,7
Data Engineer,big data engineer,matched,Senior Big Data Engineer,2
Data Engineer,big data engineer,mapped:Software Engineer,Senior Software Engineer-Generative AI-Big Data,2
Data Engineer,big data engineer,unmatched,"Director, Software Engineering - Big Data Platform & Storage",1
Data Engineer,big data engineer,matched,Java Spark Big Data Engineer - Assistant Vice President,1
Data Engineer,big data engineer,unmatched,Big data/Python/Databricks Engineer Engineer,1
Data Engineer,big data engineer,matched,"Big Data Engineer – Java, Apache Spark, AWS EMR, Lambda, EKS & Airflow",1
Data Engineer,big data engineer,matched,BIG Data Engineer,1
Data Engineer,big data engineer,matched,Data Engineer | GCP | Big Data | 6 Yrs | Immediate Joiners | Any UST Location,1
Data Engineer,big data engineer,unmatched,[Intern] Big Data Development Engineer Intern,1
Data Engineer,big data engineer,unmatched,Big Data Development Engineer Intern,1
Data Engineer,big data engineer,unmatched,Engineering Manager – Big Data,1
Data Engineer,big data engineer,matched,Urgent Opening for Big Data Engineer for Bangalore/Chennai,1
Data Engineer,big data engineer,matched,6  YoE - Data Engineer – Big Data / PySpark - any UST Location - Immediate Joiner,1
Data Engineer,big data engineer,unmatched,Staff Engineer - Big Data,1
Data Engineer,big data engineer,matched,Big Query Data Engineer,1
Data Engineer,big data engineer,matched,Cloud and Big Data Engineer (AWS/Azure/Cloudera),1
Data Engineer,big data engineer,unmatched,Director of Software Engineering Big Data and Cloud Platforms,1
Data Engineer,big data engineer,mapped:Software Engineer,Lead Software Engineer - Big Data,1
Data Engineer,big data engineer,mapped:Software Engineer,"Senior Software Engineer-Big Data, Generative AI",1
Data Engineer,big data engineer,mapped:Software Engineer,"Principal Software Engineer (Gen AI, Big Data)",1
Data Engineer,big data engineer,unmatched,Big Data Engineers / Leads,1
Data Engineer,big data engineer,mapped:DevOps / Cloud Engineer,Big Data Platform Engineer,1
Data Engineer,big data engineer,matched,Staff Big Data Engineer,1
Data Engineer,analytics engineer,matched,Senior Analytics Engineer,7
Data Engineer,analytics engineer,matched,Analytics Engineer,5
Data Engineer,analytics engineer,matched,"Data Engineer II, DSP Analytics",5
Data Engineer,analytics engineer,unmatched,"Business Intelligence Engineer, eCS Data Engineering and Analytics",5
Data Engineer,analytics engineer,matched,"Data Engineer I, DSP Analytics",3
Data Engineer,analytics engineer,unmatched,"Business Intelligence Engineer, Flex Analytics",3
Data Engineer,analytics engineer,matched,"Data Engineer, Amazon Ads Sales Analytics (DIGI)",3
Data Engineer,analytics engineer,mapped:Business Analyst,"Business Analyst II, Ops Analytics & Data Engineering",3
Data Engineer,analytics engineer,unmatched,Automation Test Engineer - Data Analytics and Reporting,3
Data Engineer,analytics engineer,unmatched,"Customer Engineering Manager, Data Analytics, Google Cloud",3
Data Engineer,analytics engineer,matched,"Data Engineer, IN Data Engineering & Analytics",3
Data Engineer,analytics engineer,matched,"Data Engineer - Amazon Flex, Flex Analytics",3
Data Engineer,analytics engineer,matched,Data & Analytics Engineer - AM,2
Data Engineer,analytics engineer,mapped:Data Scientist,ML Engineer-Advanced Analytics,2
Data Engineer,analytics engineer,unmatched,IN_Senior Associate_Data Analytics / Data Engineering_Digital Integration_Advisory_Gurgaon,2
Data Engineer,analytics engineer,unmatched,"Senior Engineer, EDT Data & Analytics Cloud Engineering",2
Data Engineer,analytics engineer,matched,Data & Analytics Engineer - Consultant,2
Data Engineer,analytics engineer,matched,"Senior Analytics Engineer, AI & DX Analytics",2
Data Engineer,analytics engineer,matched,"Data Analytics Engineer(AI/ML, ETL, OSS, Telecom)",2
Data Engineer,analytics engineer,unmatched,Business Intelligence II-SUPPORT SERVICES-Data & Analytics - In House Engineering,2
Data Engineer,analytics engineer,matched,Sr Analytics Engineer,2
Data Engineer,analytics engineer,matched,Data & Analytics Engineer,2
Data Engineer,analytics engineer,matched,"Data Engineer II, TSE Operations Analytics",2
Data Engineer,analytics engineer,matched,"Data Engineer, Product Analytics",2
Data Engineer,analytics engineer,matched,Analytics Engineer - Senior Analyst,2
Data Engineer,analytics engineer,unmatched,Data and Reporting Engineer (Operations Analytics),2
Data Engineer,analytics engineer,matched,Senior BI Platform and Analytics Engineer,2
Data Engineer,analytics engineer,matched,Senior Analytics Engineer I,2
Data Engineer,analytics engineer,unmatched,"Director, Software Engineering, Self-service Operational Analytics and Reporting - ITC",2
Data Engineer,analytics engineer,matched,Data Analytics Engineer,1
Data Engineer,analytics engineer,matched,Associate Data Analytics Engineer,1
Data Engineer,analytics engineer,matched,Data Engineer III - Analytics Engineer (Databricks),1
Data Engineer,analytics engineer,matched,Data Modeler / Analytics Engineer,1
Data Engineer,analytics engineer,unmatched,Engineering Intern – Transport Analytics,1
Data Engineer,analytics engineer,unmatched,"Senior Engineer, HR Data Analytics",1
Data Engineer,analytics engineer,unmatched,SR AI Analytics & Value Realization Engineer,1
Data Engineer,analytics engineer,matched,IN_Manager 2_Azure Data Engineer_OC-Data & Analytics_Advisory_Bhubaneswar,1
Data Engineer,analytics engineer,unmatched,Product Support Engineer – Analytics,1
Data Engineer,analytics engineer,matched,Data Analytics Engineer (Microsoft Fabric & Power BI),1
Data Engineer,analytics engineer,matched,Staff Analytics Engineer,1
Data Engineer,analytics engineer,matched,"Data Engineer, Analytics Engineering, VP",1
Data Engineer,analytics engineer,unmatched,Senior Engineer - Data Analytics,1
Data Engineer,analytics engineer,matched,Data Engineer-Customer Analytics AIML,1
Data Engineer,analytics engineer,unmatched,"Engineering Manager, Data & Analytics – India",1
Data Engineer,analytics engineer,mapped:Software Engineer,Sr Lead Software Engineer - IBM Planning Analytics/TM1 Solutions & Databricks,1
Data Engineer,analytics engineer,mapped:Data Scientist,Data Scientist - Director - Data & Analytics Engineering,1
Data Engineer,analytics engineer,mapped:DevOps / Cloud Engineer,Senior Analytics Platform Engineer,1
Data Engineer,analytics engineer,unmatched,IN_Senior Associate_AI Engineer_Data and Analytics_Advisory_Bangalore,1
Data Engineer,analytics engineer,matched,Power BI & Snowflake Developer / Data Analytics Engineer,1
Data Engineer,analytics engineer,mapped:Software Engineer,"Senior Software Engineer, Reporting and Analytics",1
Data Engineer,analytics engineer,matched,"Senior Data Analytics Engineer - Python, CAN, SQL,",1
Data Engineer,analytics engineer,mapped:Software Engineer,Lead Software Engineer - ‬‭ Analytics & Data‬ ‭- 10336,1
Data Engineer,analytics engineer,mapped:Software Engineer,Software Engineer - Analytics & Data - 10333,1
Data Engineer,analytics engineer,mapped:Software Engineer,Sr. Principal Software Engineer (Analytics) - 10196 - Bangalore Location - Hybrid role,1
Data Engineer,analytics engineer,unmatched,Engineering Analytics & Bid Review,1
Data Engineer,analytics engineer,unmatched,"Data & AI Engineering Professionals (Data Engineering, Analytics, AI/ML & Reliability Engineering)",1
Data Engineer,analytics engineer,matched,IN_Senior Associate_ Java  Scala Data Engineer __Data & Analytics_ Advisory _Bangalore,1
Data Engineer,analytics engineer,unmatched,Sr. Engineering Manager - Analytics - 10337,1
Data Engineer,analytics engineer,unmatched,Engineering Cost Analytics – Source to Pay Support,1
Data Engineer,analytics engineer,mapped:Software Engineer,Software Engineer - Analytics & Data - 10332,1
Data Engineer,analytics engineer,mapped:Software Engineer,Senior Software Engineer - Analytics & Data - 10335,1
Data Engineer,analytics engineer,matched,IN_Senior Associate_AI & Fabric Analytics Engineer_GCC_Advisory_Bangalore,1
Data Engineer,analytics engineer,matched,Data & Analytics Engineer - AD,1
Data Engineer,analytics engineer,matched,Data Engineer Lead - WebOps - Web Analytics,1
Data Engineer,analytics engineer,matched,Data Engineer Specialist - WebOps - Web Analytics,1
Data Engineer,analytics engineer,unmatched,Principal Manager-Data Science-SUPPORT SERVICES-Data & Analytics - In House Engineering,1
Data Engineer,analytics engineer,matched,Data Engineer & Analyst – Data Pipelines & Analytics (Backend),1
Data Engineer,analytics engineer,unmatched,Data Analytics & BI Engineer - IDL Technology,1
Data Engineer,analytics engineer,unmatched,"DevOps & MLOps Engineer – Automation, Analytics & GenAI",1
Data Engineer,analytics engineer,matched,"Oliver Wyman - Lead Data Engineer - Data and Analytics (DNA) - Gurugram, India",1
Data Engineer,analytics engineer,matched,"Specialist, Analytics Engineer",1
Data Engineer,analytics engineer,matched,Lead AI and Analytics Engineer,1
Data Engineer,analytics engineer,matched,Senior Data Engineer-KMPL Support Services-Analytics,1
Data Engineer,analytics engineer,mapped:Data Scientist,IN_Senior Associate_AI/ML Engineer_Data & Analytics_Advisory_Bangalore,1
Data Engineer,analytics engineer,unmatched,"Engineering Manager, Data & Analytics",1
Data Engineer,analytics engineer,matched,Analytics Engineer - Finance,1
Data Engineer,analytics engineer,matched,Web & BI Analytics Engineer,1
Data Engineer,analytics engineer,unmatched,Team Member - QC (Analytical Instrument Engineer),1
Data Engineer,analytics engineer,unmatched,"Senior Backend Engineer - Analytics, Noida",1
Data Engineer,analytics engineer,unmatched,Hiring Sales Engineer for analytical instruments and software solutions provider,1
Data Engineer,analytics engineer,unmatched,"Engineering Manager, Market Data & Analytics",1
Data Engineer,analytics engineer,matched,Analytics Engineer Intern,1
Data Engineer,analytics engineer,unmatched,"Generative AI Engineer, Data & Analytics",1
Data Engineer,analytics engineer,matched,Senior Data Analytics Engineer,1
Data Engineer,analytics engineer,matched,Data Analytics/Engineer (Python and MS Fabric exp),1
Data Engineer,analytics engineer,matched,"Analytics Engineer, Supply Chain",1
Data Engineer,analytics engineer,unmatched,BI Engineer- Associate- Analytics as Service - Operate,1
Data Engineer,analytics engineer,unmatched,"Sr Engineer, Data Analytics Engineering",1
Data Engineer,analytics engineer,matched,Analytics Engineer III,1
Data Engineer,analytics engineer,matched,IN_Senior Associate_AI Data Engineer_Data and Analytics_Advisory_Bangalore,1
Data Engineer,analytics engineer,unmatched,Infrastructure Engineer II – Reporting and Analytics,1
Data Engineer,analytics engineer,unmatched,Risk Analytics - Full Stack Engineer - Senior,1
Data Engineer,analytics engineer,mapped:Data Scientist,Polestar Analytics - Machine Learning Engineer,1
Data Engineer,analytics engineer,matched,Principal Analytics Engineer,1
Data Engineer,analytics engineer,matched,AWS Analytics Engineer,1
Data Engineer,analytics engineer,matched,Data Engineer & Analytics Officer,1
Data Engineer,analytics engineer,matched,Data Engineer (People Analytics),1
Data Engineer,analytics engineer,unmatched,Lead Analytics and Integration Engineer,1
Data Engineer,analytics engineer,matched,Staff Product Analytics Engineer,1
Data Engineer,analytics engineer,unmatched,USI-EH27-Consulting-FT-BF-Finance AI- Analytics and Insights Engineer III,1
Data Engineer,analytics engineer,mapped:DevOps / Cloud Engineer,VP- Salesforce DevOps Engineer - IB Tech & CRM/ Analytics,1
Data Engineer,analytics engineer,matched,"Quantitative Analytics Engineer, Vice President",1
Data Engineer,analytics engineer,matched,FBS SAP Analytics Engineer (Datasphere)- India,1
Data Engineer,analytics engineer,matched,Data Engineer- Senior Associate- Analytics as Service - Operate,1
Data Engineer,analytics engineer,matched,Warranty Analytics Engineer (Automotive Industry),1
Data Engineer,analytics engineer,unmatched,Warranty Analytics & DFR Engineer,1
Data Engineer,analytics engineer,unmatched,Team Member - Analytical Instrument Engineer,1
Data Engineer,analytics engineer,matched,"Oliver Wyman - Data Engineer / Senior Data Engineer - Data and Analytics (DNA) - Gurugram, India",1
Data Engineer,analytics engineer,matched,Lead Data Engineer - Data and Analytics,1
Data Engineer,analytics engineer,matched,IN_Senior Associate_AI Data Engineer_Data and Analytics_Advisory_Hyderabad,1
Data Engineer,analytics engineer,matched,"Sr. Data Engineer, Analytics Engineering",1
Data Engineer,analytics engineer,unmatched,Data Science Engineer (Infrastructure & Network Analytics),1
Data Engineer,analytics engineer,unmatched,Team Member - QC (Analytical Instrument Engineer ),1
Data Engineer,analytics engineer,matched,Lead Analytics Engineer,1
Data Engineer,analytics engineer,matched,FBS Associate Analytics Engineer,1
Data Engineer,analytics engineer,matched,"Analytics Engineer (Position located in Bengaluru, India)",1
Data Engineer,analytics engineer,unmatched,Senior Staff - IT Data Engineering and Analytics,1
Data Engineer,analytics engineer,matched,"Full Stack Analytics Engineer/ Data Engineer (Snowflake, Python, dbt, Tableau)",1
Data Engineer,analytics engineer,unmatched,"VP, Salesforce Engineer - IB Tech & CRM/ Analytics",1
Data Engineer,analytics engineer,matched,"Data Engineer II, Supply Chain Analytics",1
Data Engineer,analytics engineer,matched,Data Engineer- Associate- Analytics as Service - Operate,1
Data Engineer,analytics engineer,unmatched,"Senior Engineer, Enterprise BI & Analytics",1
Data Engineer,analytics engineer,matched,"Senior Analyst, Analytics Engineer",1
Data Engineer,analytics engineer,matched,Senior AI & Analytics Engineer,1
Data Engineer,analytics engineer,unmatched,"Java Backend Engineer (Quant Analytics), Vice President",1
Data Engineer,analytics engineer,unmatched,Senior Engineer Manager - Analytics,1
Data Engineer,analytics engineer,unmatched,Sr. Staff SDET Engineer -Analytics,1
Data Engineer,analytics engineer,unmatched,Senior Staff Research Engineer (Analytics),1
Data Engineer,analytics engineer,unmatched,Senior SDET Engineer (Analytics),1
Data Engineer,analytics engineer,unmatched,Colleague Experience Analytics & Adoption Engineer,1
Data Engineer,analytics engineer,unmatched,Qlikview BI Engineer - Manager- Analytics as services - Operate,1
Data Engineer,analytics engineer,unmatched,"Sr.QA Engineer-Playwright Automation, Google Analytics",1
Data Engineer,analytics engineer,unmatched,Senior Manager of Software Engineering Analytics Platform,1
Data Engineer,analytics engineer,matched,SAP Analytics Engineer (Datasphere)- India,1
Data Engineer,analytics engineer,mapped:Software Engineer,Senior/Software Engineer - Mobile Monetization (Data Analytics),1
Data Engineer,analytics engineer,unmatched,R&D Engineer (Analytical),1
Data Engineer,analytics engineer,unmatched,Software Engineering II-SUPPORT SERVICES-Data & Analytics - In House Engineering,1
Data Engineer,analytics engineer,unmatched,Engineer Data Engineering & Analytics,1
Data Engineer,analytics engineer,matched,IN-Senior Associate_Azure Data Engineer Data and Analytics_Advisory_Gurugram,1
Data Engineer,analytics engineer,matched,Data & Analytics Engineer - Manager,1
DevOps / Cloud Engineer,devops engineer,matched,DevOps Engineer,76
DevOps / Cloud Engineer,devops engineer,matched,Senior DevOps Engineer,47
DevOps / Cloud Engineer,devops engineer,matched,Devops Engineer,21
DevOps / Cloud Engineer,devops engineer,matched,Lead DevOps Engineer,9
DevOps / Cloud Engineer,devops engineer,matched,Azure Devops Engineer,8
DevOps / Cloud Engineer,devops engineer,matched,Sr. DevOps Engineer,6
DevOps / Cloud Engineer,devops engineer,matched,Staff DevOps Engineer,6
DevOps / Cloud Engineer,devops engineer,matched,Azure DevOps Engineer,6
DevOps / Cloud Engineer,devops engineer,matched,Senior Devops Engineer,5
DevOps / Cloud Engineer,devops engineer,unmatched,Senior Engineer - DevOps,5
DevOps / Cloud Engineer,devops engineer,mapped:Software Engineer,Senior Software Engineer - DevOps,4
DevOps / Cloud Engineer,devops engineer,matched,AWS DevOps Engineer,4
DevOps / Cloud Engineer,devops engineer,matched,Senior Azure DevOps Engineer,3
DevOps / Cloud Engineer,devops engineer,matched,"DevOps Engineer II, Ads AI Core Infra Support Engineering, Ads AI Core Infra (ACI)",3
DevOps / Cloud Engineer,devops engineer,matched,Principal DevOps Engineer,3
DevOps / Cloud Engineer,devops engineer,unmatched,Engineering Manager - DevOps,3
DevOps / Cloud Engineer,devops engineer,matched,DEVOPS ENGINEER,3
DevOps / Cloud Engineer,devops engineer,matched,Salesforce DevOps Engineer,3
DevOps / Cloud Engineer,devops engineer,matched,Junior DevOps Engineer,3
DevOps / Cloud Engineer,devops engineer,matched,Lead Devops Engineer,3
DevOps / Cloud Engineer,devops engineer,mapped:Software Engineer,Software Engineer - DevOps,3
DevOps / Cloud Engineer,devops engineer,matched,DevOps Engineer II,3
DevOps / Cloud Engineer,devops engineer,unmatched,Operations Engineer (DevOps & Observability),3
DevOps / Cloud Engineer,devops engineer,matched,Devops/SRE Engineer - Python/Terraform,3
DevOps / Cloud Engineer,devops engineer,mapped:Software Engineer,Staff Software Development Engineer - DevOps,3
DevOps / Cloud Engineer,devops engineer,matched,WSI - Senior DevOps Engineer,3
DevOps / Cloud Engineer,devops engineer,matched,Platform Engineer - DevOps,2
DevOps / Cloud Engineer,devops engineer,matched,Principal AI & DevOps Engineer,2
DevOps / Cloud Engineer,devops engineer,matched,DevOps Engineer - WASAutomation,2
DevOps / Cloud Engineer,devops engineer,matched,Lead / Senior DevOps Engineer - AWS,2
DevOps / Cloud Engineer,devops engineer,matched,"Lead DevOps Engineer, ITC",2
DevOps / Cloud Engineer,devops engineer,unmatched,Digital Technology Specialist - DevOps Engineering,2
DevOps / Cloud Engineer,devops engineer,matched,Cloud DevOps Engineer,2
DevOps / Cloud Engineer,devops engineer,unmatched,Sr. Engineer - DevOps 4B,2
DevOps / Cloud Engineer,devops engineer,matched,"Sr Technical Consultant - Azure Cloud, DevOps, Sql & Site Reliability Engineering(SRE)",2
DevOps / Cloud Engineer,devops engineer,mapped:Software Engineer,Sr Associate Software Engineer Cloud Platform DevOps,2
DevOps / Cloud Engineer,devops engineer,matched,Staff DevOps Engineer (Cortex),2
DevOps / Cloud Engineer,devops engineer,matched,Azure DevOps Engineer - Kubernetes,2
DevOps / Cloud Engineer,devops engineer,matched,SR DevOps Engineer,2
DevOps / Cloud Engineer,devops engineer,mapped:Software Engineer,Software Engineer II - DevOps,2
DevOps / Cloud Engineer,devops engineer,unmatched,"Engineer II, DevOps Engineering",2
DevOps / Cloud Engineer,devops engineer,mapped:Software Engineer,Sr Software Engineer - DevOps & Automation Tools Engineer,2
DevOps / Cloud Engineer,devops engineer,ambiguous_multi,"Software Engineer II - Mobile App Development , Devops Engineer",2
DevOps / Cloud Engineer,devops engineer,matched,"Software Engineering Technical Leader - Devops/SRE, AWS, Python/Go - 9 - 14 years",2
DevOps / Cloud Engineer,devops engineer,matched,"Site Reliability Engineer - Devops, AWS, Python/GO - 4 to 8 years",2
DevOps / Cloud Engineer,devops engineer,matched,Senior DevOps / SRE Engineer,2
DevOps / Cloud Engineer,devops engineer,matched,Associate Vice President - Senior Lead DevOps Engineer,2
DevOps / Cloud Engineer,devops engineer,matched,NetDevOps - DevOps Engineer,2
DevOps / Cloud Engineer,devops engineer,unmatched,DevOps PaaS - Sr. Technology Engineer,2
DevOps / Cloud Engineer,devops engineer,matched,DEVOPS ENGINEER L3,2
DevOps / Cloud Engineer,devops engineer,matched,Senior Devops Engineer/lead,2
DevOps / Cloud Engineer,devops engineer,unmatched,DevOps Delivery Engineering,2
DevOps / Cloud Engineer,devops engineer,matched,GCP Devops Engineer,2
DevOps / Cloud Engineer,devops engineer,unmatched,Engineer - DevOps,2
DevOps / Cloud Engineer,devops engineer,unmatched,Engineer III - CICD DevOps,2
DevOps / Cloud Engineer,devops engineer,matched,DevOps Engineer - IND,2
DevOps / Cloud Engineer,devops engineer,unmatched,DevOps Engineering Enablement-Lead Engineer,2
DevOps / Cloud Engineer,devops engineer,unmatched,Senior Engineer -DevOps,2
DevOps / Cloud Engineer,devops engineer,unmatched,DevOps / Infrastructure Engineer,1
DevOps / Cloud Engineer,devops engineer,matched,DevOps / Platform Engineer (Remote/Hybrid – On-Prem IIS  Azure),1
DevOps / Cloud Engineer,devops engineer,matched,SRE / AWS / DevOps / Terraform Engineer,1
DevOps / Cloud Engineer,devops engineer,matched,Senior DevOps Engineer - Tieto Banktech,1
DevOps / Cloud Engineer,devops engineer,matched,Engineering Productivity Lead (DevOps Lead / Platform Engineer),1
DevOps / Cloud Engineer,devops engineer,matched,DEVOPS ENGINEER – KUBERNETES SPECIALIST,1
DevOps / Cloud Engineer,devops engineer,unmatched,Custom Software Engineering Lead - Microsoft Azure DevOps,1
DevOps / Cloud Engineer,devops engineer,matched,Software Engineering - DevOps Engineer,1
DevOps / Cloud Engineer,devops engineer,mapped:Software Engineer,Lead Software Engineer (AI and DevOps),1
DevOps / Cloud Engineer,devops engineer,matched,Sr. AWS DevOps Engineer- Kubernetes Expertise,1
DevOps / Cloud Engineer,devops engineer,matched,IN_Sr Associate__Devops Engineer_Emerging Business_Advisory_Bangalore,1
DevOps / Cloud Engineer,devops engineer,matched,DevOps Engineer-II,1
DevOps / Cloud Engineer,devops engineer,matched,DevOps Engineer AWS,1
DevOps / Cloud Engineer,devops engineer,matched,Lead DevOps SRE Engineer with Agentic AI IRC304174,1
DevOps / Cloud Engineer,devops engineer,matched,Senior DevOps Engineer_Req 117,1
DevOps / Cloud Engineer,devops engineer,unmatched,"Engineer, Senior DevOps",1
DevOps / Cloud Engineer,devops engineer,unmatched,DevOps & AIOps Engineer REQ_122,1
DevOps / Cloud Engineer,devops engineer,matched,Cloud & DevOps Engineer - Gurgaon,1
DevOps / Cloud Engineer,devops engineer,mapped:Software Engineer,"Specialist, Software Engineer (DevOps)",1
DevOps / Cloud Engineer,devops engineer,matched,DevOpS Engineer,1
DevOps / Cloud Engineer,devops engineer,matched,Backend Devops Engineer,1
DevOps / Cloud Engineer,devops engineer,ambiguous_multi,Software Engineer II - DevOps Engineer with AWS & Teraform,1
DevOps / Cloud Engineer,devops engineer,mapped:Software Engineer,Senior Software Engineer - Azure DevOps and Platform services Engineer,1
DevOps / Cloud Engineer,devops engineer,matched,Senior Devops Engineer I,1
DevOps / Cloud Engineer,devops engineer,mapped:Software Engineer,Open-Source Software Engineer (DevOps),1
DevOps / Cloud Engineer,devops engineer,matched,Devops/ Senior Devops Engineer,1
DevOps / Cloud Engineer,devops engineer,mapped:Software Engineer,Sr. Software Engineer_Cloud_Devops,1
DevOps / Cloud Engineer,devops engineer,matched,CLOUD AMAZE - Devops Cloud Engineer (Practice),1
DevOps / Cloud Engineer,devops engineer,matched,SRE / Azure DevOps Engineer,1
DevOps / Cloud Engineer,devops engineer,unmatched,DevOps/LLMOps -Engineer - Senior Associate,1
DevOps / Cloud Engineer,devops engineer,unmatched,DevOps Support Engineer,1
DevOps / Cloud Engineer,devops engineer,matched,SFDC Devops Engineer,1
DevOps / Cloud Engineer,devops engineer,matched,Senior Associate DevOps Engineer,1
DevOps / Cloud Engineer,devops engineer,mapped:Software Engineer,Software Engineer - Core DevOps - Docker/Kubernetes/Linux - Terraform/Ansible - CICD - REST/JSON/RPC/secure cloud - Splunk - Bangalore - 8 to 11 years,1
DevOps / Cloud Engineer,devops engineer,unmatched,"Sr Manager, DevOps Engineering",1
DevOps / Cloud Engineer,devops engineer,matched,Principal Devops Engineer,1
DevOps / Cloud Engineer,devops engineer,matched,DevOps / Site Reliability Engineer (SRE),1
DevOps / Cloud Engineer,devops engineer,unmatched,Salesforce DevOps / Release Engineer,1
DevOps / Cloud Engineer,devops engineer,matched,Devops engineer,1
DevOps / Cloud Engineer,devops engineer,matched,108561-1 Devops Engineer,1
DevOps / Cloud Engineer,devops engineer,unmatched,Specialist Systems Engineer- DevOps,1
DevOps / Cloud Engineer,devops engineer,matched,"DevOps Engineer, Enterprise Automation",1
DevOps / Cloud Engineer,devops engineer,matched,Lead DevOps Engineer (ON CONTRACT / CONTRACT TO HIRE),1
DevOps / Cloud Engineer,devops engineer,matched,"DevOps Engineer, Actimize",1
DevOps / Cloud Engineer,devops engineer,mapped:Software Engineer,Lead Software Engineer – Platform / Backend (Cloud & DevOps),1
DevOps / Cloud Engineer,devops engineer,matched,Senior DevOps Engineer (B2B SaaS),1
DevOps / Cloud Engineer,devops engineer,matched,Sriggle - Senior DevOps Engineer,1
DevOps / Cloud Engineer,devops engineer,unmatched,Staff Engineer - DevOps,1
DevOps / Cloud Engineer,devops engineer,unmatched,Infrastructure Engineer (DevOps),1
DevOps / Cloud Engineer,devops engineer,matched,Sr Devops Engineer,1
DevOps / Cloud Engineer,devops engineer,matched,"Senior Devops Engineer (AWS, Terraform, Kubernetes)_7 Yrs_Bangalore",1
DevOps / Cloud Engineer,devops engineer,mapped:Software Engineer,Senior Software Engineer (SDE-3) - DevOps,1
DevOps / Cloud Engineer,devops engineer,matched,"Sr DevOps Engineer (Concourse, Landscaper with GitOps/GitAction) - Bangalore/ Gurgaon",1
DevOps / Cloud Engineer,devops engineer,unmatched,Lead Engineer - Devops,1
DevOps / Cloud Engineer,devops engineer,unmatched,Senior DevOps Support Engineer,1
DevOps / Cloud Engineer,devops engineer,unmatched,Associate DevOps Support Engineer,1
DevOps / Cloud Engineer,devops engineer,matched,DevOps Engineer - Netwrix DevOps Group,1
DevOps / Cloud Engineer,devops engineer,unmatched,"Backend Engineering Lead(Java, Microservices & DevOps) - Assistant Vice President",1
DevOps / Cloud Engineer,devops engineer,matched,Senior DevOps Engineer - Assistant Vice President,1
DevOps / Cloud Engineer,devops engineer,matched,Senior Cloud Devops Engineer,1
DevOps / Cloud Engineer,devops engineer,unmatched,Senior R&D Engineer DevOps - IDC,1
DevOps / Cloud Engineer,devops engineer,matched,Cloud DevOps Engineer Global - DevOps Tooling & Pipelines,1
DevOps / Cloud Engineer,devops engineer,matched,Sr Cloud DevOps Engineer Global - DevOps Tooling & Pipelines,1
DevOps / Cloud Engineer,devops engineer,matched,Cloud DevOps Engineer - Data QA,1
DevOps / Cloud Engineer,devops engineer,matched,Staff DevOps Engineer - Salesforce,1
DevOps / Cloud Engineer,devops engineer,matched,Tech Lead Cloud DevOps Engineer Global - DevOps Tooling & Pipelines,1
DevOps / Cloud Engineer,devops engineer,unmatched,DevOps Track Sr.Engineer,1
DevOps / Cloud Engineer,devops engineer,matched,IT DevOps Engineer,1
DevOps / Cloud Engineer,devops engineer,matched,Senior DevOps Engineer (Contract),1
DevOps / Cloud Engineer,devops engineer,matched,Sr Cloud DevOps Engineer,1
DevOps / Cloud Engineer,devops engineer,matched,Senior DevOps Engineer (B2B SaaS,1
DevOps / Cloud Engineer,devops engineer,unmatched,Azure DevOps & Infrastructure Engineer (L2),1
DevOps / Cloud Engineer,devops engineer,matched,"DevOps Engineer, Cloud Infra",1
DevOps / Cloud Engineer,devops engineer,matched,"DevOps Engineer, Infra",1
DevOps / Cloud Engineer,devops engineer,matched,Cloud Engineer (AWS/Azure/DevOps),1
DevOps / Cloud Engineer,devops engineer,matched,Lead Cloud Engineer(AWS/Azure/DevOps),1
DevOps / Cloud Engineer,devops engineer,matched,Staff Devops Engineer - Customer Engineering Team,1
DevOps / Cloud Engineer,devops engineer,unmatched,"DevOps Engineers (IIT / NIT), 2 Years, 150-20 LPA, Bangalore",1
DevOps / Cloud Engineer,devops engineer,matched,Devops Engineer- 2 to 5 years of experience,1
DevOps / Cloud Engineer,devops engineer,matched,Senior Lead DevOps Engineer,1
DevOps / Cloud Engineer,devops engineer,matched,Cloud & Devops Engineer,1
DevOps / Cloud Engineer,devops engineer,matched,DevOps / Site Reliability Engineer – Engineering,1
DevOps / Cloud Engineer,devops engineer,matched,DevOps Engineer (Founding Team),1
DevOps / Cloud Engineer,devops engineer,matched,"Senior DevOps Engineer, Backend",1
DevOps / Cloud Engineer,devops engineer,matched,AWS DevOps Engineer (with Networking Skills),1
DevOps / Cloud Engineer,devops engineer,matched,Senior DevOps Engineer (Noida)– Azure Cloud Transformation & AI Automation,1
DevOps / Cloud Engineer,devops engineer,mapped:Software Engineer,Senior Software Engineer I - Azure DevOps,1
DevOps / Cloud Engineer,devops engineer,matched,"Manager, DevOps & Site Reliability Engineering (SRE)",1
DevOps / Cloud Engineer,devops engineer,unmatched,"Senior Engineer, DevOps",1
DevOps / Cloud Engineer,devops engineer,matched,"Senior Devops Engineer (AWS, Terraform, Kubernetes)_7 Yrs_Bangalore/Pune/Indore",1
DevOps / Cloud Engineer,devops engineer,matched,Infrastructure DevOps Engineer Senior 1,1
DevOps / Cloud Engineer,devops engineer,matched,DEVOPS ENGINEER L4,1
DevOps / Cloud Engineer,devops engineer,matched,AI DevOps Engineer II,1
DevOps / Cloud Engineer,devops engineer,unmatched,"DevOps & MLOps Engineer – Automation, Analytics & GenAI",1
DevOps / Cloud Engineer,devops engineer,matched,"DevOps Engineer â Linux, AWS & Infrastructure",1
DevOps / Cloud Engineer,devops engineer,matched,Hiring for GCP Devops Engineer,1
DevOps / Cloud Engineer,devops engineer,matched,DevOps Engineer Software Engineering,1
DevOps / Cloud Engineer,devops engineer,unmatched,Senior DevOps - Puppet Engineer,1
DevOps / Cloud Engineer,devops engineer,mapped:Software Engineer,Senior Software Engineer - DevOps & MLOps Engineer (GCP),1
DevOps / Cloud Engineer,devops engineer,matched,"Senior Devops AWS Cloud Engineer (Terraform, Ansible, Docker, Kubernetes)_7 Yrs_Bangalore",1
DevOps / Cloud Engineer,devops engineer,unmatched,"Senior Full Stack Engineer - Fullstack, Phthon,UI, Devops",1
DevOps / Cloud Engineer,devops engineer,matched,DevOps Engineer (Hybrid & Multi Cloud),1
DevOps / Cloud Engineer,devops engineer,matched,Senior DevOps Engineer (CI/CD & AI-Enabled Platform),1
DevOps / Cloud Engineer,devops engineer,matched,Senior Cloud and DevOps Engineer-Azure,1
DevOps / Cloud Engineer,devops engineer,matched,DevOps Engineer - Senior Associate,1
DevOps / Cloud Engineer,devops engineer,unmatched,Senior Engineer- Azure DevOps,1
DevOps / Cloud Engineer,devops engineer,matched,Senior DevOps Engineer (On-Premises Automation),1
DevOps / Cloud Engineer,devops engineer,matched,Senior Cloud and DevOps Engineer,1
DevOps / Cloud Engineer,devops engineer,matched,Software DevOps Engineer - Gen Software and ML software,1
DevOps / Cloud Engineer,devops engineer,matched,AWS Devops Engineer,1
DevOps / Cloud Engineer,devops engineer,unmatched,Senior DevOps & Backend Integration Engineer,1
DevOps / Cloud Engineer,devops engineer,matched,Specialist DevOps Engineer,1
DevOps / Cloud Engineer,devops engineer,matched,Executive - Full Stack DevOps Engineer,1
DevOps / Cloud Engineer,devops engineer,matched,DevOps Engineer Intern - Summer 2027,1
DevOps / Cloud Engineer,devops engineer,matched,job opening For Senior DevOps Engineer,1
DevOps / Cloud Engineer,devops engineer,matched,Senior Cloud DevOps Engineer job opening at GlobalData,1
DevOps / Cloud Engineer,devops engineer,matched,DevOps Engineer (SnowflakeAWS),1
DevOps / Cloud Engineer,devops engineer,matched,Senior DevOps Engineer/Platform Engineer,1
DevOps / Cloud Engineer,devops engineer,matched,Cloud Operations Lead - SRE / DevOps / Platform Engineering,1
DevOps / Cloud Engineer,devops engineer,matched,Specialist System Engineering - DevOps Engineer — AI & Pipeline Automation,1
DevOps / Cloud Engineer,devops engineer,matched,"Senior DevOps Engineer, CX",1
DevOps / Cloud Engineer,devops engineer,matched,DevOps Engineer - Azure Integration Services,1
DevOps / Cloud Engineer,devops engineer,matched,"DevOps Engineer – AWS/Azure/GCP, Terraform, Kubernetes, Docker & CI/CD",1
DevOps / Cloud Engineer,devops engineer,matched,DevOps Engineer (100% ),1
DevOps / Cloud Engineer,devops engineer,mapped:Architect (contamination audit),"Lead Cloud Infrastructure Architect / Engineer (Azure, DevOps, Kubernetes, Terraform)",1
DevOps / Cloud Engineer,devops engineer,matched,Cybage Software is hiring Devops Engineer,1
DevOps / Cloud Engineer,devops engineer,unmatched,Lead Infrastructure Engineer (DevOps),1
DevOps / Cloud Engineer,devops engineer,unmatched,"Principal Engineer, DevOps",1
DevOps / Cloud Engineer,devops engineer,matched,SAP Basis DevOps Engineer,1
DevOps / Cloud Engineer,devops engineer,matched,Cloud Senior DevOps Engineer,1
DevOps / Cloud Engineer,devops engineer,matched,DevOps Engineer (Blockchain),1
DevOps / Cloud Engineer,devops engineer,mapped:Software Engineer,Senior Software Engineer 1 - DevOps,1
DevOps / Cloud Engineer,devops engineer,matched,Devops Engineer-Contract to Hire,1
DevOps / Cloud Engineer,devops engineer,matched,Sr . DevOps Engineer,1
DevOps / Cloud Engineer,devops engineer,unmatched,"Sr Principal, DevOps & DevSecOps Engineering",1
DevOps / Cloud Engineer,devops engineer,unmatched,Devops AWS Engineer,1
DevOps / Cloud Engineer,devops engineer,ambiguous_multi,fresher devops engineer software support desktop testing business analyst,1
DevOps / Cloud Engineer,devops engineer,matched,Senior DevOps/Cloud Platform Engineer (AWS| Kubernetes|AI Infrastructure),1
DevOps / Cloud Engineer,devops engineer,unmatched,Staff Engineer (DevOps),1
DevOps / Cloud Engineer,devops engineer,matched,Senior Silicon FECAD Azure Devops Engineer,1
DevOps / Cloud Engineer,devops engineer,matched,Lead Devops Engineer- 6 to 10 Years,1
DevOps / Cloud Engineer,devops engineer,matched,Senior Security DevOps Engineer (SAP & AI Automation),1
DevOps / Cloud Engineer,devops engineer,unmatched,Sr. DevOps Network Engineer- Operations,1
DevOps / Cloud Engineer,devops engineer,unmatched,Senior Systems Engineer – Azure DevOps & GenAI,1
DevOps / Cloud Engineer,devops engineer,matched,Sr DevOps Engineer,1
DevOps / Cloud Engineer,devops engineer,matched,Sr Network DevOps Engineer - Operations,1
DevOps / Cloud Engineer,devops engineer,unmatched,TC-CS-Cyber Architecture- OT and Engineering-Devops- Cloud Security-Senior,1
DevOps / Cloud Engineer,devops engineer,matched,Senior/Lead DevOps Engineer - Azure,1
DevOps / Cloud Engineer,devops engineer,matched,"Applications Management-Senior DevOps Engineer-EN,SE",1
DevOps / Cloud Engineer,devops engineer,matched,Senior Devops Engineer - AI Infrastructure,1
DevOps / Cloud Engineer,devops engineer,unmatched,Devops Automation Engineer,1
DevOps / Cloud Engineer,devops engineer,mapped:Software Engineer,Sr. Software Engineer DevOps,1
DevOps / Cloud Engineer,devops engineer,mapped:Software Engineer,Software Engineer DevOps,1
DevOps / Cloud Engineer,devops engineer,matched,DevOps Engineer - Mid Level,1
DevOps / Cloud Engineer,devops engineer,matched,DevOps Platform Engineer,1
DevOps / Cloud Engineer,devops engineer,unmatched,"Sr Specialist-Tier 2 Application Support Engineer (Kafka Admin, Devops)",1
DevOps / Cloud Engineer,devops engineer,unmatched,DevOps and Infrastructure Support Engineer - IT Support  DevOps,1
DevOps / Cloud Engineer,devops engineer,matched,Azure DevOps Engineer-Hyderabad- India (6267),1
DevOps / Cloud Engineer,devops engineer,matched,L2 Splunk DevOps Engineer,1
DevOps / Cloud Engineer,devops engineer,matched,DevOps Engineer III,1
DevOps / Cloud Engineer,devops engineer,unmatched,Platform Engineering / DevOps / Cloud Infrastructure Engineering,1
DevOps / Cloud Engineer,devops engineer,matched,DevOps & Site Reliability Engineer (GCP),1
DevOps / Cloud Engineer,devops engineer,matched,Senior Devops Engineer ( AWS ),1
DevOps / Cloud Engineer,devops engineer,matched,DevOps / Cloud Engineer,1
DevOps / Cloud Engineer,devops engineer,matched,DevOps Engineer - Contract,1
DevOps / Cloud Engineer,devops engineer,matched,DevOps Engineer / Platform Engineer,1
DevOps / Cloud Engineer,devops engineer,mapped:Software Engineer,Principal Software Engineer - Devops,1
DevOps / Cloud Engineer,devops engineer,matched,AI Platform Engineer â DevOps & MLOps/AgentOps (GCP) | Noida Hybrid,1
DevOps / Cloud Engineer,devops engineer,matched,DevOps Engineer (GCP Focused),1
DevOps / Cloud Engineer,devops engineer,matched,Devops Engineer and lead,1
DevOps / Cloud Engineer,devops engineer,matched,Sr. Devops Engineer,1
DevOps / Cloud Engineer,devops engineer,matched,Senior DevOps Engineer – Service Layer / QTC Cloud Platform,1
DevOps / Cloud Engineer,devops engineer,matched,DevOps Engineer Associate,1
DevOps / Cloud Engineer,devops engineer,mapped:Software Engineer,Lead Software Engineer - DevOps,1
DevOps / Cloud Engineer,devops engineer,matched,Senior DevOps Engineer - E-commerce,1
DevOps / Cloud Engineer,devops engineer,matched,Oracle Cloud Infra Admin-IPaaS Devops Engineer-Senior,1
DevOps / Cloud Engineer,devops engineer,unmatched,DevOps Release Engineer,1
DevOps / Cloud Engineer,devops engineer,unmatched,"AWS DevOps (Cloud Security ,Cloud Networking) Engineer",1
DevOps / Cloud Engineer,devops engineer,matched,GCP DevOps Engineer,1
DevOps / Cloud Engineer,devops engineer,matched,Azure DevOps Engineer Pune,1
DevOps / Cloud Engineer,devops engineer,matched,DevOps Engineer_(SA2117),1
DevOps / Cloud Engineer,devops engineer,matched,Network DevOps Engineer,1
DevOps / Cloud Engineer,devops engineer,matched,VP- Salesforce DevOps Engineer - IB Tech & CRM/ Analytics,1
DevOps / Cloud Engineer,devops engineer,matched,GenAI Devops Engineer - AWS Bedrock,1
DevOps / Cloud Engineer,devops engineer,mapped:Software Engineer,"Senior Software Engineer - Java,Cloud,Devops",1
DevOps / Cloud Engineer,devops engineer,unmatched,Senior DevOps (Development Operations) Engineer,1
DevOps / Cloud Engineer,devops engineer,unmatched,"Senior engineer, Devops",1
DevOps / Cloud Engineer,devops engineer,matched,DevOps Cloud Engineer - API Gateway,1
DevOps / Cloud Engineer,devops engineer,unmatched,DevOps Engineering Enablement- Lead Engineer,1
DevOps / Cloud Engineer,devops engineer,matched,"Sr. DevOps Engineer, Data Platform",1
DevOps / Cloud Engineer,devops engineer,unmatched,Senior Technology Automation Engineer(| Azure DevOps | Azure Cloud | Terraform | C#/Python | API),1
DevOps / Cloud Engineer,devops engineer,matched,Platform Engineer (Data Platform / DevOps),1
DevOps / Cloud Engineer,devops engineer,matched,Senior DevOps Engineer ( Lead ),1
DevOps / Cloud Engineer,devops engineer,unmatched,"DevOps CICD Engineer, DevOps",1
DevOps / Cloud Engineer,devops engineer,matched,Binary Semantics - DevOps Engineer - CI/CD Pipeline,1
DevOps / Cloud Engineer,devops engineer,mapped:Data Engineer,Senior Lead Data Engineer - Devops,1
DevOps / Cloud Engineer,devops engineer,matched,Sr Specialist System Engineering - DevOps Engineer - AI & Pipeline Automation,1
DevOps / Cloud Engineer,cloud engineer,matched,Cloud Platform Engineer,21
DevOps / Cloud Engineer,cloud engineer,matched,GCP Cloud Engineer ID89421,16
DevOps / Cloud Engineer,cloud engineer,matched,Cloud Engineer,13
DevOps / Cloud Engineer,cloud engineer,unmatched,"Cloud AI Engineer, Technical Onboarding Center",8
DevOps / Cloud Engineer,cloud engineer,matched,Senior Cloud Engineer,7
DevOps / Cloud Engineer,cloud engineer,mapped:Security Engineer,Senior Cloud Security Engineer,6
DevOps / Cloud Engineer,cloud engineer,matched,Oracle Cloud Platform Engineer (OCI),6
DevOps / Cloud Engineer,cloud engineer,unmatched,Cloud Migration Engineer,5
DevOps / Cloud Engineer,cloud engineer,unmatched,Cloud Operations Engineer,4
DevOps / Cloud Engineer,cloud engineer,matched,Cloud Engineer/ Support Engineer - Cloud,4
DevOps / Cloud Engineer,cloud engineer,unmatched,Cloud AI Engineer (English),4
DevOps / Cloud Engineer,cloud engineer,unmatched,Cloud Support Engineer,3
DevOps / Cloud Engineer,cloud engineer,unmatched,Cloud Network Engineer,3
DevOps / Cloud Engineer,cloud engineer,matched,GCP Cloud Engineer,3
DevOps / Cloud Engineer,cloud engineer,matched,AWS Cloud Engineer,3
DevOps / Cloud Engineer,cloud engineer,unmatched,"AI Outcome Customer Engineer, FDE, Google Cloud",3
DevOps / Cloud Engineer,cloud engineer,unmatched,"AI Customer Engineer, ITES, Google Cloud",3
DevOps / Cloud Engineer,cloud engineer,unmatched,"AI Customer Engineer, Digital Natives, Google Cloud",3
DevOps / Cloud Engineer,cloud engineer,mapped:Software Engineer,"Software Development Engineer, Sidewalk Cloud",3
DevOps / Cloud Engineer,cloud engineer,matched,Azure Cloud Engineer BST,3
DevOps / Cloud Engineer,cloud engineer,unmatched,"Staff Forward Deployed Engineer, Developer AI, Google Cloud",3
DevOps / Cloud Engineer,cloud engineer,unmatched,Senior Cloud AI Engineer,3
DevOps / Cloud Engineer,cloud engineer,unmatched,Cloud Support Operations Engineer II,3
DevOps / Cloud Engineer,cloud engineer,unmatched,Network Engineer (Specialist - Cloud & Infra Management),2
DevOps / Cloud Engineer,cloud engineer,unmatched,"Cloud Technical Solutions Engineer, Networking (English)",2
DevOps / Cloud Engineer,cloud engineer,unmatched,AVP - Cloud Database Automation Engineer,2
DevOps / Cloud Engineer,cloud engineer,unmatched,"AI Outcome Customer Engineer, Google Cloud",2
DevOps / Cloud Engineer,cloud engineer,matched,Lead Cloud Engineer - Data Hosting,2
DevOps / Cloud Engineer,cloud engineer,unmatched,"Senior Engineer, EDT Data & Analytics Cloud Engineering",2
DevOps / Cloud Engineer,cloud engineer,matched,"Cloud Engineer, Specialist",2
DevOps / Cloud Engineer,cloud engineer,matched,Cloud Engineer I,2
DevOps / Cloud Engineer,cloud engineer,unmatched,Senior Performance Engineer - DGX Cloud,2
DevOps / Cloud Engineer,cloud engineer,unmatched,"Senior Analyst , Cloud Platforms Engineering",2
DevOps / Cloud Engineer,cloud engineer,mapped:Software Engineer,"Software Engineer II - Cloud Integration, ITC",2
DevOps / Cloud Engineer,cloud engineer,mapped:Software Engineer,"Senior Software Engineer-Cloud Integration, ITC",2
DevOps / Cloud Engineer,cloud engineer,unmatched,Senior Engineer - C++ (with Cloud),2
DevOps / Cloud Engineer,cloud engineer,unmatched,Senior Network Engineer – Cloud Platform,2
DevOps / Cloud Engineer,cloud engineer,matched,Cloud DevOps Engineer,2
DevOps / Cloud Engineer,cloud engineer,matched,"Sr Technical Consultant - Azure Cloud, DevOps, Sql & Site Reliability Engineering(SRE)",2
DevOps / Cloud Engineer,cloud engineer,mapped:Software Engineer,Sr Associate Software Engineer Cloud Platform DevOps,2
DevOps / Cloud Engineer,cloud engineer,mapped:Security Engineer,Senior Staff Cloud Security Engineer,2
DevOps / Cloud Engineer,cloud engineer,ambiguous_multi,Lead Software Engineer - Cloud Platform Engineer,2
DevOps / Cloud Engineer,cloud engineer,mapped:Software Engineer,Software Engineer (ROR) - Commerce Cloud,2
DevOps / Cloud Engineer,cloud engineer,unmatched,"AI Customer Engineer, ITES Google Cloud",2
DevOps / Cloud Engineer,cloud engineer,unmatched,"Senior Software Engineering Manager, Google Cloud",2
DevOps / Cloud Engineer,cloud engineer,mapped:Software Engineer,"Senior Software Engineer, Infrastructure, Google Cloud",2
DevOps / Cloud Engineer,cloud engineer,unmatched,"AI Customer Engineer, Public Sector, Google Cloud",2
DevOps / Cloud Engineer,cloud engineer,unmatched,"Engineering Manager (C# .NET, Cloud)",2
DevOps / Cloud Engineer,cloud engineer,unmatched,Senior Linux Cloud Infrastructure Engineer,2
DevOps / Cloud Engineer,cloud engineer,unmatched,Cloud Operations Engineer (Windows/Linux & Azure),2
DevOps / Cloud Engineer,cloud engineer,unmatched,Escalation Engineer - Cloud,2
DevOps / Cloud Engineer,cloud engineer,unmatched,"Silicon Circuit Digital Design Engineer, Cloud Silicon",2
DevOps / Cloud Engineer,cloud engineer,unmatched,"Design Technology Co-Optimization Engineer, Google Cloud",2
DevOps / Cloud Engineer,cloud engineer,matched,Cloud Engineer – Telco Cloud Operations,2
DevOps / Cloud Engineer,cloud engineer,mapped:Security Engineer,Cloud Security Engineer,2
DevOps / Cloud Engineer,cloud engineer,unmatched,Cloud Infra Engineer,2
DevOps / Cloud Engineer,cloud engineer,unmatched,Presales Engineer â Cloud & AI,2
DevOps / Cloud Engineer,cloud engineer,mapped:Software Engineer,"Software Engineer-Golang, Microservices, Cloud, 4-8 Yrs, Bangalore",2
DevOps / Cloud Engineer,cloud engineer,unmatched,"Senior Silicon Electrical Validation Engineer, Google Cloud",2
DevOps / Cloud Engineer,cloud engineer,mapped:Data Engineer,"Senior Data Engineer, Cloud Supply Chain, Data Engineering",2
DevOps / Cloud Engineer,cloud engineer,matched,Cloud Engineer (Golang / Python - Data Processing),2
DevOps / Cloud Engineer,cloud engineer,mapped:Software Engineer,"Software Engineer III, Infrastructure, Google Cloud Storage",2
DevOps / Cloud Engineer,cloud engineer,mapped:Software Engineer,Senior Java Software Engineer - Cloud AWS,2
DevOps / Cloud Engineer,cloud engineer,mapped:Software Engineer,Senior Software Engineer - Java & AWS Cloud Services,2
DevOps / Cloud Engineer,cloud engineer,unmatched,Senior Cloud Infrastructure Engineer,2
DevOps / Cloud Engineer,cloud engineer,unmatched,"Platform Customer Engineer, Google Cloud",2
DevOps / Cloud Engineer,cloud engineer,matched,Senior IT Analyst Applications (Senior Azure Cloud Engineer),2
DevOps / Cloud Engineer,cloud engineer,unmatched,"Silicon Physical Design Engineer III, STA, Cloud Silicon",2
DevOps / Cloud Engineer,cloud engineer,unmatched,"Platform Support Engineer- II (Linux, Cloud & Middleware)",2
DevOps / Cloud Engineer,cloud engineer,unmatched,Production Support Engineer II - Cloud & Middleware,2
DevOps / Cloud Engineer,cloud engineer,unmatched,Senior Cloud Database Engineer,2
DevOps / Cloud Engineer,cloud engineer,unmatched,"Associate Distinguished Engineer (Cloud Architecture, Cloud Infrastructure - AWS, Data Modeling, Master data management, Snowflake, ETL)",1
DevOps / Cloud Engineer,cloud engineer,unmatched,Engineer II - Cloud,1
DevOps / Cloud Engineer,cloud engineer,unmatched,Cloud Infrastructure Engineer,1
DevOps / Cloud Engineer,cloud engineer,unmatched,Principal DB Engineer - Cloud Platform Support,1
DevOps / Cloud Engineer,cloud engineer,unmatched,Sr. Engineer - Cloud,1
DevOps / Cloud Engineer,cloud engineer,matched,Principal Cloud Engineer - AWS,1
DevOps / Cloud Engineer,cloud engineer,matched,Senior GCP Cloud Engineer - IN,1
DevOps / Cloud Engineer,cloud engineer,unmatched,Engineer III - Cloud,1
DevOps / Cloud Engineer,cloud engineer,unmatched,Cloud Services Engineer III,1
DevOps / Cloud Engineer,cloud engineer,unmatched,Senior Full Stack Engineer (Node.js / React / Cloud Native),1
DevOps / Cloud Engineer,cloud engineer,unmatched,Staff Cloud Service Engineer,1
DevOps / Cloud Engineer,cloud engineer,unmatched,Cloud Engineering,1
DevOps / Cloud Engineer,cloud engineer,unmatched,Specialist - Cloud Engineering,1
DevOps / Cloud Engineer,cloud engineer,matched,Senior AI Cloud Engineer – AWS & Generative AI,1
DevOps / Cloud Engineer,cloud engineer,unmatched,Sr. Cloud Support Engineer - ELK,1
DevOps / Cloud Engineer,cloud engineer,matched,Azure Cloud Platform Engineer,1
DevOps / Cloud Engineer,cloud engineer,unmatched,Sr Cloud Product Engineer - Fully Remote Opportunity,1
DevOps / Cloud Engineer,cloud engineer,unmatched,Cloud Platforms Infrastructure Engineer,1
DevOps / Cloud Engineer,cloud engineer,mapped:Software Engineer,Principal Software Engineer - Cloud Services,1
DevOps / Cloud Engineer,cloud engineer,unmatched,Teamhead Cloud Native Platform Engineering,1
DevOps / Cloud Engineer,cloud engineer,unmatched,Junior Cloud Operations Engineer,1
DevOps / Cloud Engineer,cloud engineer,unmatched,Associate Principal Cloud Operations Engineer,1
DevOps / Cloud Engineer,cloud engineer,mapped:Security Engineer,Security Engineer – Cloud & Infrastructure Security,1
DevOps / Cloud Engineer,cloud engineer,unmatched,Tech S And T-Cloud Enginering Specialist-API-ISR-Manager-GDSF02,1
DevOps / Cloud Engineer,cloud engineer,matched,Senior SAP Infrastructure & AWS Cloud Engineer,1
DevOps / Cloud Engineer,cloud engineer,unmatched,"Cloud Support Engineer, AI/ML (Night Shift)",1
DevOps / Cloud Engineer,cloud engineer,matched,Senior Azure Cloud Platform Engineer,1
DevOps / Cloud Engineer,cloud engineer,unmatched,"Sr. Principal Engineer – Azure Cloud, Integrations & Platforms",1
DevOps / Cloud Engineer,cloud engineer,unmatched,"Manager, Cloud Network Engineering",1
DevOps / Cloud Engineer,cloud engineer,mapped:Security Engineer,Infrastructure & Cloud Security Engineer,1
DevOps / Cloud Engineer,cloud engineer,unmatched,DE&A - Core - Cloud Data Engineering - Azure Data Engineering,1
DevOps / Cloud Engineer,cloud engineer,unmatched,Google Cloud Non-Relational Database Engineer,1
DevOps / Cloud Engineer,cloud engineer,unmatched,"Senior Cloud Operations Engineer, Actimize",1
DevOps / Cloud Engineer,cloud engineer,unmatched,Azure Cloud Network Engineer,1
DevOps / Cloud Engineer,cloud engineer,unmatched,GRC Engineer - Cloud & Compliance,1
DevOps / Cloud Engineer,cloud engineer,unmatched,Cloud AI Engineer,1
DevOps / Cloud Engineer,cloud engineer,unmatched,"Software Engineering Manager II, Google Cloud",1
DevOps / Cloud Engineer,cloud engineer,unmatched,Azure Cloud Infrastructure Engineer,1
DevOps / Cloud Engineer,cloud engineer,matched,Cloud & DevOps Engineer - Gurgaon,1
DevOps / Cloud Engineer,cloud engineer,matched,L2 AWS Cloud Engineer,1
DevOps / Cloud Engineer,cloud engineer,unmatched,Network Cloud & Data Center Design Engineer [T500-27704],1
DevOps / Cloud Engineer,cloud engineer,unmatched,Cloud Systems Engineer,1
DevOps / Cloud Engineer,cloud engineer,unmatched,Sr. Cloud Infrastructure Engineer,1
DevOps / Cloud Engineer,cloud engineer,unmatched,AVP: Infrastructure Engineer - Cloud AWS,1
DevOps / Cloud Engineer,cloud engineer,ambiguous_multi,"Lead Software Engineer, Cloud Site Reliability (SRE)",1
DevOps / Cloud Engineer,cloud engineer,unmatched,"Director, Security Engineering (Application & Cloud Security)",1
DevOps / Cloud Engineer,cloud engineer,mapped:Software Engineer,"Staff Software Engineer, Cloud Infrastructure & Systems Engineering, Salt Lake City",1
DevOps / Cloud Engineer,cloud engineer,mapped:Architect (contamination audit),Cloud Infrastructure Architect - CI/CD & Platform Engineering,1
DevOps / Cloud Engineer,cloud engineer,unmatched,Network Cloud & Data Center Design Engineer,1
DevOps / Cloud Engineer,cloud engineer,unmatched,Sr. Engineer - Cloud Ops - CS,1
DevOps / Cloud Engineer,cloud engineer,mapped:Software Engineer,Sr. Software Engineer_Cloud_Devops,1
DevOps / Cloud Engineer,cloud engineer,matched,Backend & Cloud Engineer,1
DevOps / Cloud Engineer,cloud engineer,matched,CLOUD AMAZE - Devops Cloud Engineer (Practice),1
DevOps / Cloud Engineer,cloud engineer,mapped:Data Engineer,"GCP Data Engineer – Cloud Architecture, Agile & Data Management",1
DevOps / Cloud Engineer,cloud engineer,matched,Cloud Engineer III ( 5 years Onwards),1
DevOps / Cloud Engineer,cloud engineer,mapped:Security Engineer,Cloud Security Engineer (Oracle Cloud Infrastructure - OCI),1
DevOps / Cloud Engineer,cloud engineer,matched,Cloud engineer,1
DevOps / Cloud Engineer,cloud engineer,matched,Senior Platform Engineer - Cloud AWS,1
DevOps / Cloud Engineer,cloud engineer,matched,azure cloud engineer,1
DevOps / Cloud Engineer,cloud engineer,unmatched,Senior Cloud Infrastructure Engineer.,1
DevOps / Cloud Engineer,cloud engineer,unmatched,Cloud Network Test Engineer,1
DevOps / Cloud Engineer,cloud engineer,mapped:Security Engineer,"Cloud Security, CNAPP - Security Engineer",1
DevOps / Cloud Engineer,cloud engineer,matched,Senior Cloud Engineer - AWS and Managed Services,1
DevOps / Cloud Engineer,cloud engineer,unmatched,"Data Engineering Lead- Cloud ETL, Azure,Data Bricks,Snowflake, etc",1
DevOps / Cloud Engineer,cloud engineer,mapped:Data Engineer,"Data Engineer - Cloud ETL, Azure, Data Bricks, Snowflake, Pyspark",1
DevOps / Cloud Engineer,cloud engineer,unmatched,"Silicon Senior RTL Engineer, Google Cloud",1
DevOps / Cloud Engineer,cloud engineer,mapped:Software Engineer,"Staff Software Engineer, Google Cloud",1
DevOps / Cloud Engineer,cloud engineer,matched,Senior AI Cloud Engineer (AWS Bedrock & Generative AI),1
DevOps / Cloud Engineer,cloud engineer,unmatched,Cloud/Data Operations Engineer,1
DevOps / Cloud Engineer,cloud engineer,unmatched,Sr Engineer - Cloud Enablement,1
DevOps / Cloud Engineer,cloud engineer,unmatched,Associate- L1 Support Engineer Java Cloud,1
DevOps / Cloud Engineer,cloud engineer,mapped:Software Engineer,"Senior Software Engineer - Angular, Cloud",1
DevOps / Cloud Engineer,cloud engineer,matched,"Cloud Platform Engineer, Officer",1
DevOps / Cloud Engineer,cloud engineer,unmatched,Sr Analyst- L1 Support Engineer- Data platform Cloud support,1
DevOps / Cloud Engineer,cloud engineer,mapped:Software Engineer,Lead Software Engineer – Platform / Backend (Cloud & DevOps),1
DevOps / Cloud Engineer,cloud engineer,mapped:Security Engineer,"Lead Security Engineer | AWS, Cloud & Application Security",1
DevOps / Cloud Engineer,cloud engineer,mapped:Data Engineer,Cloud Data Engineer,1
DevOps / Cloud Engineer,cloud engineer,unmatched,"Staff Engineer, Public Cloud Operations",1
DevOps / Cloud Engineer,cloud engineer,mapped:Data Engineer,Data Engineer – Microsoft Fabric & Cloud Data Platforms (Remote from India),1
DevOps / Cloud Engineer,cloud engineer,matched,Salesforce Commerce Cloud Engineer,1
DevOps / Cloud Engineer,cloud engineer,unmatched,AWS Cloud Operations & Support – Engineer,1
DevOps / Cloud Engineer,cloud engineer,unmatched,Customer Success Engineer – Cloud Engineering & Platform Enablement,1
DevOps / Cloud Engineer,cloud engineer,unmatched,"Cloud Services Operations Engineer, Associate-3",1
DevOps / Cloud Engineer,cloud engineer,unmatched,Cloud Security & DevSecOps Engineer (AWS) - 6 Week Contract,1
DevOps / Cloud Engineer,cloud engineer,matched,SR Cloud Engineer,1
DevOps / Cloud Engineer,cloud engineer,unmatched,Lead Juniper & AWS Cloud Network Engineer,1
DevOps / Cloud Engineer,cloud engineer,mapped:Data Engineer,"Cloud Data Engineer - Snowflake, DBT, Airflow and AWS.",1
DevOps / Cloud Engineer,cloud engineer,matched,Cloud Engineer - L1,1
DevOps / Cloud Engineer,cloud engineer,matched,Senior Cloud Engineer - PACO,1
DevOps / Cloud Engineer,cloud engineer,unmatched,Software Engineering PMTS - Cloud Security - Hyderabad,1
DevOps / Cloud Engineer,cloud engineer,matched,Cloud Engineer-II,1
DevOps / Cloud Engineer,cloud engineer,matched,AWS Cloud Engineer Consultant,1
DevOps / Cloud Engineer,cloud engineer,mapped:Software Engineer,Software Engineer II - Cloud Platform,1
DevOps / Cloud Engineer,cloud engineer,mapped:Software Engineer,Sr Software Engineer - Cloud Platform-Kubernetes Development,1
DevOps / Cloud Engineer,cloud engineer,matched,Senior Cloud Devops Engineer,1
DevOps / Cloud Engineer,cloud engineer,mapped:Software Engineer,Senior Systems Software Engineer - NV Cloud Functions,1
DevOps / Cloud Engineer,cloud engineer,matched,Cloud DevOps Engineer Global - DevOps Tooling & Pipelines,1
DevOps / Cloud Engineer,cloud engineer,matched,Sr Cloud DevOps Engineer Global - DevOps Tooling & Pipelines,1
DevOps / Cloud Engineer,cloud engineer,unmatched,Staff Cloud Backend Engineer,1
DevOps / Cloud Engineer,cloud engineer,matched,AWS Cloud Engineer IV (Fixed Night shift),1
DevOps / Cloud Engineer,cloud engineer,matched,AWS Cloud Engineer III,1
DevOps / Cloud Engineer,cloud engineer,unmatched,Engineering Manager - Cloud Traffic,1
DevOps / Cloud Engineer,cloud engineer,ambiguous_multi,Software Engineer - Cloud SRE,1
DevOps / Cloud Engineer,cloud engineer,matched,Cloud DevOps Engineer - Data QA,1
DevOps / Cloud Engineer,cloud engineer,unmatched,DE&A - Core - Cloud Data Engineering - Informatica Cloud,1
DevOps / Cloud Engineer,cloud engineer,unmatched,Senior Cloud Infrastructure Engineer (Azure),1
DevOps / Cloud Engineer,cloud engineer,matched,Tech Lead Cloud DevOps Engineer Global - DevOps Tooling & Pipelines,1
DevOps / Cloud Engineer,cloud engineer,unmatched,AI Engineer – Agentic AI & Cloud Discovery,1
DevOps / Cloud Engineer,cloud engineer,matched,Sr Cloud DevOps Engineer,1
DevOps / Cloud Engineer,cloud engineer,unmatched,"Tech Specialist, Cloud Engineering - R01571253",1
DevOps / Cloud Engineer,cloud engineer,unmatched,Engineering Manager (Cloud Infra),1
DevOps / Cloud Engineer,cloud engineer,unmatched,Specialist - Cloud Engineering (Microsoft 365 / SharePoint Online),1
DevOps / Cloud Engineer,cloud engineer,matched,"DevOps Engineer, Cloud Infra",1
DevOps / Cloud Engineer,cloud engineer,mapped:Software Engineer,Sr Software Engineer - Cloud Platform—Kubernetes Development,1
DevOps / Cloud Engineer,cloud engineer,matched,Cloud Engineer (AWS/Azure/DevOps),1
DevOps / Cloud Engineer,cloud engineer,matched,Lead Cloud Engineer(AWS/Azure/DevOps),1
DevOps / Cloud Engineer,cloud engineer,unmatched,SAP BASIS / Cloud OPS Engineer,1
DevOps / Cloud Engineer,cloud engineer,unmatched,"Connectivity Delivery Engineer, Cloud Interconnection  Wireless",1
DevOps / Cloud Engineer,cloud engineer,mapped:Security Engineer,Senior Offensive Security Engineer(Cloud Operations),1
DevOps / Cloud Engineer,cloud engineer,matched,Cloud & Devops Engineer,1
DevOps / Cloud Engineer,cloud engineer,unmatched,Cloud Services Operations Engineer,1
DevOps / Cloud Engineer,cloud engineer,matched,Senior DevOps Engineer (Noida)– Azure Cloud Transformation & AI Automation,1
DevOps / Cloud Engineer,cloud engineer,matched,Lead Cloud Engineer - AWS,1
DevOps / Cloud Engineer,cloud engineer,matched,Senior Cloud Platform Engineer,1
DevOps / Cloud Engineer,cloud engineer,mapped:Software Engineer,Software Engineer â Backend & Cloud Infrastructure,1
DevOps / Cloud Engineer,cloud engineer,unmatched,Cloud Platform FinOps Engineer,1
DevOps / Cloud Engineer,cloud engineer,unmatched,"Engineering Manager, Google Cloud",1
DevOps / Cloud Engineer,cloud engineer,unmatched,Senior Cloud HPC Engineer - Assistant Vice President,1
DevOps / Cloud Engineer,cloud engineer,matched,Senior Associate - Lead Cloud Engineer (GCP),1
DevOps / Cloud Engineer,cloud engineer,matched,Cloud Engineer IV,1
DevOps / Cloud Engineer,cloud engineer,matched,Pre-Sales Engineer/Pre-Sales Cloud Engineer- Qualispace,1
DevOps / Cloud Engineer,cloud engineer,unmatched,"Tech Specialist, Cloud Engineering - R01570953",1
DevOps / Cloud Engineer,cloud engineer,unmatched,Founding Cloud Infrastructure Engineer (AI Platform),1
DevOps / Cloud Engineer,cloud engineer,unmatched,Cloud Service Operations Engineer (*Windchill Support),1
DevOps / Cloud Engineer,cloud engineer,matched,GCP Cloud engineer- AM,1
DevOps / Cloud Engineer,cloud engineer,mapped:Architect (contamination audit),Senior Cloud Architect Engineer,1
DevOps / Cloud Engineer,cloud engineer,matched,Sr Cloud Engineer II,1
DevOps / Cloud Engineer,cloud engineer,unmatched,Senior AI Cloud Network Operations Engineer,1
DevOps / Cloud Engineer,cloud engineer,unmatched,Cloud Support Engineer Specialist - GCP - GCP Tech (Infra),1
DevOps / Cloud Engineer,cloud engineer,matched,Wintel VMWare & Cloud Engineer,1
DevOps / Cloud Engineer,cloud engineer,matched,Salesforce Data Cloud Engineer - Hyderabad,1
DevOps / Cloud Engineer,cloud engineer,unmatched,"Manager, Cloud Technical Solutions Engineer",1
DevOps / Cloud Engineer,cloud engineer,matched,Specialist Cloud Engineer - AWS,1
DevOps / Cloud Engineer,cloud engineer,unmatched,Specialist Cloud Engineering,1
DevOps / Cloud Engineer,cloud engineer,unmatched,Cloud Engineering Intern,1
DevOps / Cloud Engineer,cloud engineer,unmatched,Engineering Manager Cloud Infrastructure and Software Development,1
DevOps / Cloud Engineer,cloud engineer,unmatched,Application Support Engineer – Google Cloud Vertex AI,1
DevOps / Cloud Engineer,cloud engineer,unmatched,"Senior Director, Software Engineering - Cloud Security & Networking experience",1
DevOps / Cloud Engineer,cloud engineer,unmatched,Senior Engineer – Salesforce Loyalty Cloud,1
DevOps / Cloud Engineer,cloud engineer,matched,Staff Site Reliability Engineer - Confluent Cloud Infrastructure,1
DevOps / Cloud Engineer,cloud engineer,unmatched,TC-CS-Cyber Architecture- OT and Engineering-Cloud Security-Manager,1
DevOps / Cloud Engineer,cloud engineer,unmatched,Solution Engineering - Cloud Infrastructure,1
DevOps / Cloud Engineer,cloud engineer,mapped:Architect (contamination audit),Principal Architect - Cloud & AI Engineering,1
DevOps / Cloud Engineer,cloud engineer,mapped:Software Engineer,Staff Software Engineer Cloud and AI,1
DevOps / Cloud Engineer,cloud engineer,mapped:Software Engineer,Senior Staff Software Engineer Cloud & AI,1
DevOps / Cloud Engineer,cloud engineer,unmatched,Principal Engineer (Cloud Storage & Distributed Systems),1
DevOps / Cloud Engineer,cloud engineer,unmatched,Associate Cloud Ops Engineer - Intern,1
DevOps / Cloud Engineer,cloud engineer,matched,Specialist Cloud Engineer – AWS,1
DevOps / Cloud Engineer,cloud engineer,unmatched,Product Support Engineer - Google Cloud,1
DevOps / Cloud Engineer,cloud engineer,matched,Senior Linux Administrator & AWS Cloud Engineer,1
DevOps / Cloud Engineer,cloud engineer,matched,"Senior Devops AWS Cloud Engineer (Terraform, Ansible, Docker, Kubernetes)_7 Yrs_Bangalore",1
DevOps / Cloud Engineer,cloud engineer,unmatched,Support Engineer 2 - TMS Cloud Onboarding,1
DevOps / Cloud Engineer,cloud engineer,mapped:Software Engineer,CUSTOM SOFTWARE ENGINEER – SALESFORCE CG CLOUD,1
DevOps / Cloud Engineer,cloud engineer,matched,DevOps Engineer (Hybrid & Multi Cloud),1
DevOps / Cloud Engineer,cloud engineer,unmatched,Cloud Application Engineer,1
DevOps / Cloud Engineer,cloud engineer,unmatched,Cloud Support Engineer (Night Shift),1
DevOps / Cloud Engineer,cloud engineer,matched,Senior Cloud and DevOps Engineer-Azure,1
DevOps / Cloud Engineer,cloud engineer,matched,Cloud Engineer 3 - AI Agents,1
DevOps / Cloud Engineer,cloud engineer,mapped:Software Engineer,"Staff Software Engineer, Cloud Infrastructure & Systems Engineering, Seattle",1
DevOps / Cloud Engineer,cloud engineer,matched,Senior Cloud and DevOps Engineer,1
DevOps / Cloud Engineer,cloud engineer,matched,TECHNOLOGY PLATFORM ENGINEER – ORACLE SUBSCRIPTION MANAGEMENT CLOUD,1
DevOps / Cloud Engineer,cloud engineer,matched,Platform Engineer – Cloud & Observability,1
DevOps / Cloud Engineer,cloud engineer,unmatched,Senior Consultant - Cloud & Application Engineering-Core Java,1
DevOps / Cloud Engineer,cloud engineer,matched,"SQL Developer & ETL, Python, Cloud Engineer - 5Years",1
DevOps / Cloud Engineer,cloud engineer,unmatched,Lead - Cloud Engineering (AWS / Azure),1
DevOps / Cloud Engineer,cloud engineer,unmatched,Cloud Platform Support Engineer III- Japanese Speaker only,1
DevOps / Cloud Engineer,cloud engineer,unmatched,"Senior Software Engineering Lead-Java, Springboot, Cloud, SQL",1
DevOps / Cloud Engineer,cloud engineer,matched,Cloud Database Platform Engineer,1
DevOps / Cloud Engineer,cloud engineer,matched,"Senior Cloud Engineer, Cloud Platform",1
DevOps / Cloud Engineer,cloud engineer,unmatched,Senior Engineer – Cloud Services,1
DevOps / Cloud Engineer,cloud engineer,matched,Senior Cloud DevOps Engineer job opening at GlobalData,1
DevOps / Cloud Engineer,cloud engineer,matched,Cloud Operations Lead - SRE / DevOps / Platform Engineering,1
DevOps / Cloud Engineer,cloud engineer,matched,Cloud Engineer II,1
DevOps / Cloud Engineer,cloud engineer,mapped:Software Engineer,"Principal Software Engineer, Device Cloud Core Services",1
DevOps / Cloud Engineer,cloud engineer,matched,Senior Cloud Engineer/Lead – Multi-Cloud Platform,1
DevOps / Cloud Engineer,cloud engineer,mapped:Architect (contamination audit),"Lead Cloud Infrastructure Architect / Engineer (Azure, DevOps, Kubernetes, Terraform)",1
DevOps / Cloud Engineer,cloud engineer,unmatched,Engineer III - Cloud SDET,1
DevOps / Cloud Engineer,cloud engineer,unmatched,Senior Network Engineer - Cloud Platform,1
DevOps / Cloud Engineer,cloud engineer,matched,Senior Cloud Engineer/Lead - Multi-Cloud Platform,1
DevOps / Cloud Engineer,cloud engineer,matched,ServiceNow Cloud Engineer,1
DevOps / Cloud Engineer,cloud engineer,matched,Senior Lead Site Reliability Engineer - Cloud Data & Databricks,1
DevOps / Cloud Engineer,cloud engineer,unmatched,Engineer III – Cloud SDET,1
DevOps / Cloud Engineer,cloud engineer,unmatched,Cloud Ops Engineer II,1
DevOps / Cloud Engineer,cloud engineer,unmatched,Hybrid Cloud L3 Support Engineer,1
DevOps / Cloud Engineer,cloud engineer,matched,Cloud Automation & Platform Engineer,1
DevOps / Cloud Engineer,cloud engineer,mapped:Software Engineer,Senior Software Engineer – Golang | Kubernetes | Cloud | Distributed Systems | Splunk Enterprise Security (8 - 12 Years)),1
DevOps / Cloud Engineer,cloud engineer,unmatched,Cloud Operations & Support Engineer (L1 / L2),1
DevOps / Cloud Engineer,cloud engineer,matched,Cloud Senior DevOps Engineer,1
DevOps / Cloud Engineer,cloud engineer,mapped:Software Engineer,Senior Software Engineer (Java / Python / Cloud / Distributed),1
DevOps / Cloud Engineer,cloud engineer,unmatched,"Principal Engineer - Cloud Architecture, AI-Driven Operations & SaaS Platform Engineering",1
DevOps / Cloud Engineer,cloud engineer,mapped:Software Engineer,Senior Software Engineer - Golang | Kubernetes | Cloud | Distributed Systems | Splunk Enterprise Security (8 - 12 Years)),1
DevOps / Cloud Engineer,cloud engineer,unmatched,Cloud Operations Engineer(Azure),1
DevOps / Cloud Engineer,cloud engineer,unmatched,Systems Engineer - Cloud,1
DevOps / Cloud Engineer,cloud engineer,mapped:Software Engineer,Software Engineer - Virtualization Cloud Team,1
DevOps / Cloud Engineer,cloud engineer,mapped:Software Engineer,CTX - Cloud Software Engineer-2,1
DevOps / Cloud Engineer,cloud engineer,matched,Principal Cloud Engineer with Java,1
DevOps / Cloud Engineer,cloud engineer,matched,"Cloud Platform Engineer - AI, Officer",1
DevOps / Cloud Engineer,cloud engineer,unmatched,Software Engineering Specialist Network and Cloud Solutions,1
DevOps / Cloud Engineer,cloud engineer,matched,Senior DevOps/Cloud Platform Engineer (AWS| Kubernetes|AI Infrastructure),1
DevOps / Cloud Engineer,cloud engineer,mapped:Architect (contamination audit),Salesforce Architect / Engineer (Data Cloud /Data 360 & Marketing Cloud Engagement),1
DevOps / Cloud Engineer,cloud engineer,mapped:Software Engineer,"Sr. Software Engineer, Cloud Integration",1
DevOps / Cloud Engineer,cloud engineer,mapped:Software Engineer,Staff Software Engineer (Fullstack / Distributed / Cloud),1
DevOps / Cloud Engineer,cloud engineer,unmatched,Azure Platform / Cloud Infrastructure Engineer,1
DevOps / Cloud Engineer,cloud engineer,unmatched,"STAFF SW SYSTEMS ENGINEER 10302-Cloud Networking & Microservices (Java/Golang, AWS/Azure)",1
DevOps / Cloud Engineer,cloud engineer,unmatched,Staff Cloud Infra Engineer,1
DevOps / Cloud Engineer,cloud engineer,ambiguous_multi,"Software Engineer, Cloud Site Reliability (SRE)",1
DevOps / Cloud Engineer,cloud engineer,matched,"Cloud Engineer (Windows,IIS)",1
DevOps / Cloud Engineer,cloud engineer,mapped:Software Engineer,"Senior Software Engineer, Java Cloud (AWS)",1
DevOps / Cloud Engineer,cloud engineer,unmatched,TC-CS-Cyber Architecture- OT and Engineering-Devops- Cloud Security-Senior,1
DevOps / Cloud Engineer,cloud engineer,mapped:Software Engineer,Lead Software Engineer - Salesforce Primary Cloud,1
DevOps / Cloud Engineer,cloud engineer,matched,CMS-Manager-Cloud Engineer,1
DevOps / Cloud Engineer,cloud engineer,mapped:Architect (contamination audit),Senior Cloud Architect & Engineer,1
DevOps / Cloud Engineer,cloud engineer,unmatched,"Senior Director Engineering, Total Cloud",1
DevOps / Cloud Engineer,cloud engineer,unmatched,Platform Engineering / DevOps / Cloud Infrastructure Engineering,1
DevOps / Cloud Engineer,cloud engineer,matched,Infrastructure Cloud Engineer,1
DevOps / Cloud Engineer,cloud engineer,mapped:Software Engineer,"Mgr, Software Engineer (Java / Python / Cloud / Distributed)",1
DevOps / Cloud Engineer,cloud engineer,unmatched,Salesforce Engineer - Financial Service Cloud Implementation,1
DevOps / Cloud Engineer,cloud engineer,matched,DevOps / Cloud Engineer,1
DevOps / Cloud Engineer,cloud engineer,unmatched,Senior Cloud Software Dev Engineer,1
DevOps / Cloud Engineer,cloud engineer,matched,Senior Backend & Cloud Engineer,1
DevOps / Cloud Engineer,cloud engineer,mapped:Security Engineer,Senior Cloud Security Engineer â AWS,1
DevOps / Cloud Engineer,cloud engineer,unmatched,Sr. Engineer Cloud Security,1
DevOps / Cloud Engineer,cloud engineer,unmatched,Backend Engineer II - Cloud,1
DevOps / Cloud Engineer,cloud engineer,matched,Sr . Cloud Engineer - AWS,1
DevOps / Cloud Engineer,cloud engineer,unmatched,Backend Engineer – Python (Cloud/Microservices),1
DevOps / Cloud Engineer,cloud engineer,matched,Senior DevOps Engineer – Service Layer / QTC Cloud Platform,1
DevOps / Cloud Engineer,cloud engineer,unmatched,Full Stack Engineer – Oracle Cloud OICS & VBCS,1
DevOps / Cloud Engineer,cloud engineer,unmatched,QA Automation Engineer - Cloud & Infrastructure,1
DevOps / Cloud Engineer,cloud engineer,unmatched,Sr. Engineer - Cloud Technologies N 4B,1
DevOps / Cloud Engineer,cloud engineer,mapped:Software Engineer,"Senior Software Engineer, Cloud Platform - INDIA",1
DevOps / Cloud Engineer,cloud engineer,unmatched,Senior Azure Cloud DevSecOps Engineer,1
DevOps / Cloud Engineer,cloud engineer,unmatched,AWS Cloud Operations & Support - Engineer,1
DevOps / Cloud Engineer,cloud engineer,matched,Oracle Cloud Infra Admin-IPaaS Devops Engineer-Senior,1
DevOps / Cloud Engineer,cloud engineer,unmatched,Senior Specialist - Cloud Engineering,1
DevOps / Cloud Engineer,cloud engineer,matched,Senior Cloud Engineer (Azure/Databricks),1
DevOps / Cloud Engineer,cloud engineer,unmatched,"AWS DevOps (Cloud Security ,Cloud Networking) Engineer",1
DevOps / Cloud Engineer,cloud engineer,unmatched,Senior Java Backend Engineer (Cloud & Distributes Systems),1
DevOps / Cloud Engineer,cloud engineer,unmatched,Senior Specialist Cloud Engineering,1
DevOps / Cloud Engineer,cloud engineer,unmatched,Cloud Services Engineer,1
DevOps / Cloud Engineer,cloud engineer,unmatched,Cloud Computing Engineer,1
DevOps / Cloud Engineer,cloud engineer,unmatched,Lead Engineer - Cloud Enablement,1
DevOps / Cloud Engineer,cloud engineer,matched,Aws Cloud Engineer,1
DevOps / Cloud Engineer,cloud engineer,unmatched,OCI Engineer - Oracle Cloud Infrastructure,1
DevOps / Cloud Engineer,cloud engineer,mapped:Software Engineer,"Senior Software Engineer - Java,Cloud,Devops",1
DevOps / Cloud Engineer,cloud engineer,matched,Associate Cloud Engineer,1
DevOps / Cloud Engineer,cloud engineer,matched,DevOps Cloud Engineer - API Gateway,1
DevOps / Cloud Engineer,cloud engineer,unmatched,Cloud Engineering ( GTS) - Sr Engineer,1
DevOps / Cloud Engineer,cloud engineer,unmatched,Cloud Engineering (GTS)- Lead Engineer,1
DevOps / Cloud Engineer,cloud engineer,matched,Cloud Engineer with Angular -6-9 yrs- BLR,1
DevOps / Cloud Engineer,cloud engineer,unmatched,Sr. Engineer - Cloud Technologies P 4B,1
DevOps / Cloud Engineer,cloud engineer,unmatched,Senior Technology Automation Engineer(| Azure DevOps | Azure Cloud | Terraform | C#/Python | API),1
DevOps / Cloud Engineer,cloud engineer,mapped:Software Engineer,"Senior Software Engineer (Golang, Linux/Unix, Cloud, Agile Development)",1
DevOps / Cloud Engineer,cloud engineer,unmatched,Principal Cloud Dev Engineer,1
DevOps / Cloud Engineer,cloud engineer,matched,Senior Backend / Cloud Engineer,1
DevOps / Cloud Engineer,cloud engineer,mapped:Software Engineer,"Senior Staff Software Engineer, Google Cloud",1
DevOps / Cloud Engineer,cloud engineer,unmatched,Engineering Manager (Cloud),1
DevOps / Cloud Engineer,cloud engineer,unmatched,Senior Cloud Support Engineer II (SDK),1
DevOps / Cloud Engineer,cloud engineer,unmatched,Cloud Support Migrations Engineer,1
DevOps / Cloud Engineer,cloud engineer,mapped:Software Engineer,Software Engineer (Cloud),1
DevOps / Cloud Engineer,cloud engineer,unmatched,Cloud Ops - Senior Systems Engineer,1
DevOps / Cloud Engineer,cloud engineer,unmatched,Cloud Ops Systems Engineer,1
DevOps / Cloud Engineer,cloud engineer,matched,Systems Cloud Engineer 2,1
DevOps / Cloud Engineer,cloud engineer,unmatched,Engineer - Cloud Technologies,1
DevOps / Cloud Engineer,cloud engineer,mapped:Software Engineer,"Java, IOT cloud Role – Software Engineer/Lead",1
DevOps / Cloud Engineer,site reliability engineer,matched,Site Reliability Engineer,56
DevOps / Cloud Engineer,site reliability engineer,matched,Senior Site Reliability Engineer,45
DevOps / Cloud Engineer,site reliability engineer,matched,Staff Site Reliability Engineer,12
DevOps / Cloud Engineer,site reliability engineer,matched,Site Reliability Engineer II,10
DevOps / Cloud Engineer,site reliability engineer,matched,Lead Site Reliability Engineer,7
DevOps / Cloud Engineer,site reliability engineer,matched,Site Reliability Engineer (SRE),7
DevOps / Cloud Engineer,site reliability engineer,matched,Senior Site Reliability Engineer - AI Research Clusters,5
DevOps / Cloud Engineer,site reliability engineer,unmatched,"Manager, Site Reliability Engineering",4
DevOps / Cloud Engineer,site reliability engineer,matched,Site Reliability Engineer 2,4
DevOps / Cloud Engineer,site reliability engineer,matched,Sr. Principal Site Reliability Engineer,4
DevOps / Cloud Engineer,site reliability engineer,matched,Senior Staff Site Reliability Engineer,3
DevOps / Cloud Engineer,site reliability engineer,matched,Lead Site Reliability Engineer or Platform Engineer,3
DevOps / Cloud Engineer,site reliability engineer,matched,Site Reliability Engineer III,3
DevOps / Cloud Engineer,site reliability engineer,matched,Sr Site Reliability Engineer,3
DevOps / Cloud Engineer,site reliability engineer,matched,DevOps Engineer / Site Reliability Engineer (SRE),3
DevOps / Cloud Engineer,site reliability engineer,matched,Site Reliability Engineer I,2
DevOps / Cloud Engineer,site reliability engineer,matched,Principal Site Reliability Engineer,2
DevOps / Cloud Engineer,site reliability engineer,matched,"Manager, Site Reliability Engineer - Data Platforms",2
DevOps / Cloud Engineer,site reliability engineer,matched,"Sr Technical Consultant - Azure Cloud, DevOps, Sql & Site Reliability Engineering(SRE)",2
DevOps / Cloud Engineer,site reliability engineer,matched,AI/ML Site Reliability Engineer,2
DevOps / Cloud Engineer,site reliability engineer,matched,Senior Platform & Site Reliability Engineer,2
DevOps / Cloud Engineer,site reliability engineer,matched,Associate Site Reliability Engineer,2
DevOps / Cloud Engineer,site reliability engineer,unmatched,Sr Engineer Site Reliability,2
DevOps / Cloud Engineer,site reliability engineer,unmatched,Senior Mainframe Systems Programmer - Site Reliability Engineering,2
DevOps / Cloud Engineer,site reliability engineer,matched,"Site Reliability Engineer, Associate",2
DevOps / Cloud Engineer,site reliability engineer,matched,Staff Site Reliability Engineer - Confluent Cloud Infrastructure,2
DevOps / Cloud Engineer,site reliability engineer,unmatched,"Staff Databricks Engineer, Site Reliability Engineering",2
DevOps / Cloud Engineer,site reliability engineer,matched,"Site Reliability Engineer - Devops, AWS, Python/GO - 4 to 8 years",2
DevOps / Cloud Engineer,site reliability engineer,matched,Site Reliability Engineer - OpenShift,2
DevOps / Cloud Engineer,site reliability engineer,matched,Site Reliability Engineer 3,2
DevOps / Cloud Engineer,site reliability engineer,matched,Senior DevSecOps/Site Reliability Engineer (AWS),2
DevOps / Cloud Engineer,site reliability engineer,unmatched,Manager- Site Reliability Engineering,2
DevOps / Cloud Engineer,site reliability engineer,matched,Staff Site Reliability Engineer (Linux/Network troubleshooting/Scripting),2
DevOps / Cloud Engineer,site reliability engineer,matched,Sr. Site Reliability Engineer,2
DevOps / Cloud Engineer,site reliability engineer,matched,End User Computing Site Reliability Engineer 1,2
DevOps / Cloud Engineer,site reliability engineer,matched,Senior Network Site Reliability Engineer,2
DevOps / Cloud Engineer,site reliability engineer,unmatched,IT site Operation & Reliability Engineer,2
DevOps / Cloud Engineer,site reliability engineer,matched,Site Reliability Engineer - Data Platforms,1
DevOps / Cloud Engineer,site reliability engineer,matched,"Site Reliability Engineer II - Java/Python, Kubernetes, AWS, Terraform",1
DevOps / Cloud Engineer,site reliability engineer,unmatched,"Consultant, Site Reliability Engineering",1
DevOps / Cloud Engineer,site reliability engineer,unmatched,"Analyst, Site Reliability Engineering",1
DevOps / Cloud Engineer,site reliability engineer,matched,Senior Site Reliability Engineer (SRE) Engineer,1
DevOps / Cloud Engineer,site reliability engineer,mapped:Software Engineer,Lead Software Engineer - Site Reliability,1
DevOps / Cloud Engineer,site reliability engineer,matched,Senior Site Reliability Engineer 1,1
DevOps / Cloud Engineer,site reliability engineer,matched,Site Reliability Engineer – Data Platforms,1
DevOps / Cloud Engineer,site reliability engineer,unmatched,IN_Manager_Site Reliability Engineering_GCC_Advisory_Bangalore,1
DevOps / Cloud Engineer,site reliability engineer,ambiguous_multi,"Lead Software Engineer, Cloud Site Reliability (SRE)",1
DevOps / Cloud Engineer,site reliability engineer,matched,SRE (Site Reliability Engineer),1
DevOps / Cloud Engineer,site reliability engineer,matched,Site Reliability Engineer - Career,1
DevOps / Cloud Engineer,site reliability engineer,matched,Site Reliability Engineer IV,1
DevOps / Cloud Engineer,site reliability engineer,matched,Site Reliability Engineer (SRE) - Database Focus,1
DevOps / Cloud Engineer,site reliability engineer,matched,DevOps / Site Reliability Engineer (SRE),1
DevOps / Cloud Engineer,site reliability engineer,unmatched,Site Reliablity Engineer III,1
DevOps / Cloud Engineer,site reliability engineer,matched,"Associate, Specialist, SRE Engineer, Site Reliability Engineering",1
DevOps / Cloud Engineer,site reliability engineer,matched,Senior Site Reliability engineer,1
DevOps / Cloud Engineer,site reliability engineer,matched,"Senior Site Reliability Engineer, Production Engineering",1
DevOps / Cloud Engineer,site reliability engineer,matched,"Sr. Site Reliability Engineer - GCP, Terraform, Networking, Linux ,Python",1
DevOps / Cloud Engineer,site reliability engineer,matched,Site Reliability Engineer - Advanced,1
DevOps / Cloud Engineer,site reliability engineer,matched,"Staff Site Reliability Engineer, Environment Automation",1
DevOps / Cloud Engineer,site reliability engineer,matched,Site Reliability Engineer - Low-Latency Trading Systems,1
DevOps / Cloud Engineer,site reliability engineer,matched,Senior Site Reliability Engineer - PSRE,1
DevOps / Cloud Engineer,site reliability engineer,matched,Site Reliability Engineer – L2 (AI/ML) - Hyderabad,1
DevOps / Cloud Engineer,site reliability engineer,matched,Senior Site Reliability Engineer – L3 (AI/ML),1
DevOps / Cloud Engineer,site reliability engineer,matched,"Site Reliability Engineering (SRE) -Bengaluru, India",1
DevOps / Cloud Engineer,site reliability engineer,matched,Site Reliability Engineer(SRE),1
DevOps / Cloud Engineer,site reliability engineer,matched,DevOps / Site Reliability Engineer – Engineering,1
DevOps / Cloud Engineer,site reliability engineer,matched,Site Reliability Engineer (Azure Preferred),1
DevOps / Cloud Engineer,site reliability engineer,matched,"Senior Site Reliability Engineer (Remote, India) EST",1
DevOps / Cloud Engineer,site reliability engineer,matched,Sr. Site Reliability Engineer - 10295,1
DevOps / Cloud Engineer,site reliability engineer,matched,Site Reliability Engineer (SRE) Support,1
DevOps / Cloud Engineer,site reliability engineer,matched,"Manager, DevOps & Site Reliability Engineering (SRE)",1
DevOps / Cloud Engineer,site reliability engineer,matched,Site Reliability Engineer (India),1
DevOps / Cloud Engineer,site reliability engineer,matched,"Site Reliability Engineer, Observability",1
DevOps / Cloud Engineer,site reliability engineer,matched,Sr. Site Reliability Engineer I,1
DevOps / Cloud Engineer,site reliability engineer,matched,Site Reliability Engineering SRE Intern,1
DevOps / Cloud Engineer,site reliability engineer,matched,Senior Site Reliability Engineer Software Engineering,1
DevOps / Cloud Engineer,site reliability engineer,mapped:Software Engineer,Software Engineer Site Reliability Engineering,1
DevOps / Cloud Engineer,site reliability engineer,matched,Site Reliability Engineer (SRE I),1
DevOps / Cloud Engineer,site reliability engineer,matched,"Site reliability engineer (Java,Unix,Dynatrace and Splunk)",1
DevOps / Cloud Engineer,site reliability engineer,matched,Site Reliability Engineer (SRE) Manager,1
DevOps / Cloud Engineer,site reliability engineer,unmatched,Senior Engineer - Site Reliability Engineering,1
DevOps / Cloud Engineer,site reliability engineer,matched,Lead Site Reliability Engineer - India,1
DevOps / Cloud Engineer,site reliability engineer,matched,Senior Site Reliability Engineer (CI-CD/CTAP/Delivery team),1
DevOps / Cloud Engineer,site reliability engineer,matched,Senior Site Reliability Engineer 2,1
DevOps / Cloud Engineer,site reliability engineer,matched,Senior Lead Site Reliability Engineer - Cloud Data & Databricks,1
DevOps / Cloud Engineer,site reliability engineer,matched,Site Reliability Engineer - IT AI Platforms,1
DevOps / Cloud Engineer,site reliability engineer,matched,"Site Reliability Engineer 2, Managed Gateways",1
DevOps / Cloud Engineer,site reliability engineer,matched,"Senior Site Reliability Engineer, Assistant Vice President",1
DevOps / Cloud Engineer,site reliability engineer,ambiguous_multi,"Software Engineer, Cloud Site Reliability (SRE)",1
DevOps / Cloud Engineer,site reliability engineer,matched,"Manager, Site Reliability Engineer",1
DevOps / Cloud Engineer,site reliability engineer,matched,DevOps & Site Reliability Engineer (GCP),1
DevOps / Cloud Engineer,site reliability engineer,unmatched,"Mgr, Site Reliability Engineering",1
DevOps / Cloud Engineer,site reliability engineer,matched,"Senior Vice President, Site Reliability Engineer Manager",1
DevOps / Cloud Engineer,site reliability engineer,matched,Senior Site Reliability Engineer (SRE) – Observability & Platform Systems,1
DevOps / Cloud Engineer,site reliability engineer,matched,Site Reliability Engineer (OpenSearch),1
DevOps / Cloud Engineer,site reliability engineer,matched,Site Reliability Engineer - 2,1
DevOps / Cloud Engineer,site reliability engineer,matched,"Associate, SRE Engineer , Site Reliability Engineering",1
DevOps / Cloud Engineer,site reliability engineer,matched,AWS Site Reliability Engineer,1
DevOps / Cloud Engineer,site reliability engineer,unmatched,"Senior Site Reliability Engineering, Storage",1
DevOps / Cloud Engineer,site reliability engineer,matched,Site Reliability Engineer (Application Support -Dot Net) - Mumbai - India,1
DevOps / Cloud Engineer,site reliability engineer,matched,Site Reliability Engineer (SRE) - Observability & Azure Infrastructure,1
DevOps / Cloud Engineer,site reliability engineer,matched,"Senior Manager, Site Reliability Engineering (SRE)",1
DevOps / Cloud Engineer,site reliability engineer,matched,Site Reliability Engineer with GCP,1
DevOps / Cloud Engineer,site reliability engineer,unmatched,"Director, Site Reliability Engineering",1
DevOps / Cloud Engineer,site reliability engineer,matched,Site Reliability Engineer - Intermediate,1
DevOps / Cloud Engineer,site reliability engineer,matched,Azure Senior Site Reliability Engineer,1
DevOps / Cloud Engineer,site reliability engineer,matched,Site Reliability Engineer - QLTY,1
DevOps / Cloud Engineer,site reliability engineer,unmatched,Site Reliability Engineering Lead_Truist,1
DevOps / Cloud Engineer,site reliability engineer,unmatched,Site Reliability Engineering Lead,1
DevOps / Cloud Engineer,site reliability engineer,matched,Site Reliability Engineer (SRE) / DevOps Engineer,1
DevOps / Cloud Engineer,site reliability engineer,unmatched,Site Reliability Engineering Intern,1
DevOps / Cloud Engineer,site reliability engineer,matched,Senior Site Reliability Engineer - Level 7,1
DevOps / Cloud Engineer,site reliability engineer,unmatched,"Associate, Release and Deployment Support , Site Reliability Engineering",1
DevOps / Cloud Engineer,site reliability engineer,matched,Site Reliability Engineer III - India,1
DevOps / Cloud Engineer,site reliability engineer,unmatched,Cloud Site Reliability Senior Engineer,1
DevOps / Cloud Engineer,site reliability engineer,matched,Associate D&A Site Reliability Engineer (SRE),1
DevOps / Cloud Engineer,site reliability engineer,matched,Senior Site Reliability Engineer - GPU Cloud,1
DevOps / Cloud Engineer,site reliability engineer,matched,4468 - Site Reliability Engineer III,1
DevOps / Cloud Engineer,site reliability engineer,matched,Lead | Senior Site Reliability Engineer,1
DevOps / Cloud Engineer,site reliability engineer,matched,Enterprise Operations Center Site Reliability Engineer,1
DevOps / Cloud Engineer,site reliability engineer,matched,Site Reliability Engineer / DevOps Engineer,1
DevOps / Cloud Engineer,site reliability engineer,matched,Site Reliability Engineer (SRE) / DevOps Engineer (Walk-In Drive),1
DevOps / Cloud Engineer,site reliability engineer,unmatched,Director Site Reliability and Software Engineering DGX Cloud Mumbai,1
DevOps / Cloud Engineer,site reliability engineer,unmatched,Head of DevOps & Site Reliability Engineering,1
DevOps / Cloud Engineer,site reliability engineer,matched,Site Reliability Engineer - EP,1
DevOps / Cloud Engineer,site reliability engineer,matched,Site Reliability Engineer - 2/3,1
DevOps / Cloud Engineer,site reliability engineer,matched,"Lead Site Reliability Engineer, Incident Management",1
DevOps / Cloud Engineer,site reliability engineer,matched,Senior Lead Site Reliability Engineer,1
DevOps / Cloud Engineer,site reliability engineer,matched,Senior Platform Site Reliability Engineer (EKS and Python/Golang),1
DevOps / Cloud Engineer,site reliability engineer,unmatched,Site Reliability Engineers - Google Cloud Platform (GCP) | RedHat OpenShift administration,1
DevOps / Cloud Engineer,site reliability engineer,matched,Site Reliability Engineering (SRE) Manager,1
DevOps / Cloud Engineer,site reliability engineer,unmatched,Site Reliability Engineering Manager,1
DevOps / Cloud Engineer,site reliability engineer,matched,"Site Reliability Engineer, Litmus GCC",1
DevOps / Cloud Engineer,site reliability engineer,matched,Site Reliability Engineer (SRE) – Azure & DevOps,1
DevOps / Cloud Engineer,site reliability engineer,matched,Site Reliability Engineer - Lead,1
DevOps / Cloud Engineer,site reliability engineer,matched,Senior SRE Cloud (Site Reliability Engineering),1
DevOps / Cloud Engineer,site reliability engineer,matched,"Sr. Site Reliability Engineer, Engineering Stack Support",1
DevOps / Cloud Engineer,site reliability engineer,ambiguous_multi,Associate Architect â Site Reliability Engineer (SRE),1
DevOps / Cloud Engineer,site reliability engineer,unmatched,Sr Specialist Software Development and Engineering Site Reliability Engineering,1
DevOps / Cloud Engineer,site reliability engineer,matched,Staff Site Reliability Engineer - Ecosystem,1
DevOps / Cloud Engineer,site reliability engineer,unmatched,Engineering Manager (Site Reliability),1
DevOps / Cloud Engineer,site reliability engineer,matched,Senior Site Reliability Engineer - Monitoring and Anomaly Detection (Monetization),1
DevOps / Cloud Engineer,site reliability engineer,unmatched,"Engineer, Site Reliability Engineering",1
DevOps / Cloud Engineer,site reliability engineer,matched,Senior Site Reliability Engineer - Support,1
DevOps / Cloud Engineer,site reliability engineer,matched,Site Reliability Engineer II (SREII),1
DevOps / Cloud Engineer,site reliability engineer,matched,Senior Site Reliability Engineer (Night Shift),1
DevOps / Cloud Engineer,site reliability engineer,matched,Site Reliability Engineer Specialist,1
DevOps / Cloud Engineer,site reliability engineer,matched,Senior Site Reliability Engineer (Hiring Globally),1
DevOps / Cloud Engineer,site reliability engineer,matched,Principal Platform Engineer- Site Reliability,1
DevOps / Cloud Engineer,platform engineer,matched,Cloud Platform Engineer,19
DevOps / Cloud Engineer,platform engineer,matched,Data Platform Engineer,13
DevOps / Cloud Engineer,platform engineer,matched,Technology Platform Engineer,10
DevOps / Cloud Engineer,platform engineer,mapped:Data Engineer,Data Engineer-Data Platforms-SnowFlake,10
DevOps / Cloud Engineer,platform engineer,matched,Senior Platform Engineer,10
DevOps / Cloud Engineer,platform engineer,matched,AI Platform Engineer,7
DevOps / Cloud Engineer,platform engineer,matched,Platform Engineer,7
DevOps / Cloud Engineer,platform engineer,mapped:Data Engineer,Data Engineer-Data Platforms-Databricks,5
DevOps / Cloud Engineer,platform engineer,mapped:Data Engineer,Data Engineer-Data Platforms-Google,4
DevOps / Cloud Engineer,platform engineer,mapped:Data Engineer,Data Engineer-Data Platforms-AWS,4
DevOps / Cloud Engineer,platform engineer,mapped:Data Engineer,Data Engineer-Data Platforms-Azure,4
DevOps / Cloud Engineer,platform engineer,matched,Senior Power Platform Engineer,3
DevOps / Cloud Engineer,platform engineer,matched,Platform Engineer II,3
DevOps / Cloud Engineer,platform engineer,matched,Lead Site Reliability Engineer or Platform Engineer,3
DevOps / Cloud Engineer,platform engineer,matched,Staff Platform Engineer,3
DevOps / Cloud Engineer,platform engineer,matched,Senior Data Platform Engineer,3
DevOps / Cloud Engineer,platform engineer,matched,Platform Engineer – Storage Product Platform Development,2
DevOps / Cloud Engineer,platform engineer,mapped:Software Engineer,"Software Development Engineer, Inventory Authority Platform (IAP)",2
DevOps / Cloud Engineer,platform engineer,unmatched,Network Platform Automation and Performance Engineer,2
DevOps / Cloud Engineer,platform engineer,matched,Platform Engineer - DevOps,2
DevOps / Cloud Engineer,platform engineer,mapped:Software Engineer,Software Engineer - Data Platform,2
DevOps / Cloud Engineer,platform engineer,mapped:Software Engineer,Software Engineer II - Core Commerce Platform,2
DevOps / Cloud Engineer,platform engineer,unmatched,Platform Integration Engineer for MuleSoft Anypoint/SAP integration platforms.,2
DevOps / Cloud Engineer,platform engineer,matched,"Manager, Site Reliability Engineer - Data Platforms",2
DevOps / Cloud Engineer,platform engineer,unmatched,"Senior Director, Software Engineering - Data and AI Platforms",2
DevOps / Cloud Engineer,platform engineer,unmatched,Platform Engineering Manager,2
DevOps / Cloud Engineer,platform engineer,matched,Senior Associate Security Platform Engineer,2
DevOps / Cloud Engineer,platform engineer,matched,Platform Engineer - Observability,2
DevOps / Cloud Engineer,platform engineer,matched,Platform Engineer - Internal Developer Platform,2
DevOps / Cloud Engineer,platform engineer,matched,AWS Platform Engineer Principal,2
DevOps / Cloud Engineer,platform engineer,matched,Lead Platform Engineer,2
DevOps / Cloud Engineer,platform engineer,unmatched,"Senior Analyst , Cloud Platforms Engineering",2
DevOps / Cloud Engineer,platform engineer,matched,Platform Engineer - Java Developer & Elastic Search,2
DevOps / Cloud Engineer,platform engineer,unmatched,Senior Network Engineer – Cloud Platform,2
DevOps / Cloud Engineer,platform engineer,mapped:Software Engineer,Senior Staff Software Engineer- Monetization Platform,2
DevOps / Cloud Engineer,platform engineer,mapped:Software Engineer,"Senior Software Engineer, Monetization Platform",2
DevOps / Cloud Engineer,platform engineer,mapped:Software Engineer,Staff Software Engineer - Tax Platform,2
DevOps / Cloud Engineer,platform engineer,unmatched,Senior Engineering Manager - Platform,2
DevOps / Cloud Engineer,platform engineer,mapped:Software Engineer,Sr Associate Software Engineer Cloud Platform DevOps,2
DevOps / Cloud Engineer,platform engineer,unmatched,Sr. Staff Integration Engineer (Security Platform and Data Pipelines),2
DevOps / Cloud Engineer,platform engineer,mapped:Software Engineer,Senior Staff Data Platform Software Engineer (Java Distributed Systems & Kafka),2
DevOps / Cloud Engineer,platform engineer,unmatched,Principal AI Engineer — AI & Data Platform,2
DevOps / Cloud Engineer,platform engineer,unmatched,Software Engineering II-SUPPORT SERVICES-AI & Platforms - In House Engineering,2
DevOps / Cloud Engineer,platform engineer,unmatched,AI Platform and Agentic Engineer,2
DevOps / Cloud Engineer,platform engineer,unmatched,Data Platform & Production Support Engineer,2
DevOps / Cloud Engineer,platform engineer,matched,Platform Engineer (Azure),2
DevOps / Cloud Engineer,platform engineer,mapped:Software Engineer,"Senior Software Engineer, Search Platforms, LLM Evaluation Infrastructure",2
DevOps / Cloud Engineer,platform engineer,unmatched,Specialist System Engineering - Platform Automation Engineer,2
DevOps / Cloud Engineer,platform engineer,unmatched,Staff Platform Operations Engineer(Snowflake),2
DevOps / Cloud Engineer,platform engineer,ambiguous_multi,Software Engineer/Platform Engineer - Kubernetes  Golang/Python  AI (5 Years),2
DevOps / Cloud Engineer,platform engineer,unmatched,"Distinguished Engineer, Data Platforms",2
DevOps / Cloud Engineer,platform engineer,mapped:Data Scientist,Staff Machine Learning Engineer - (Data & Audience Platform),2
DevOps / Cloud Engineer,platform engineer,unmatched,Senior Engineering Manager - Data Platform,2
DevOps / Cloud Engineer,platform engineer,unmatched,Platform Engineering,2
DevOps / Cloud Engineer,platform engineer,unmatched,Senior Engineer Platform,2
DevOps / Cloud Engineer,platform engineer,mapped:Software Engineer,"Staff Software Engineer, Google One, Subs Platform",2
DevOps / Cloud Engineer,platform engineer,mapped:Software Engineer,"Lead Software Engineer, Platform Engineering, ITC",2
DevOps / Cloud Engineer,platform engineer,unmatched,"Software Engineering Manager, Enterprise Data Platform",2
DevOps / Cloud Engineer,platform engineer,unmatched,Senior Technical Lead / Founding Product Engineer – AI Platform,2
DevOps / Cloud Engineer,platform engineer,unmatched,"Software Engineering Manager, Google Home Platform",2
DevOps / Cloud Engineer,platform engineer,unmatched,Principal Engineer (AI-Based Tooling Platform),2
DevOps / Cloud Engineer,platform engineer,unmatched,Client Platforms Engineer Intern - Summer 2027,2
DevOps / Cloud Engineer,platform engineer,mapped:Software Engineer,"Staff Software Engineer, Financial Platform - Issuing",2
DevOps / Cloud Engineer,platform engineer,matched,AI PLATFORM ENGINEER,2
DevOps / Cloud Engineer,platform engineer,unmatched,"Senior Manager, Forward Deployed Engineer, Platform Engineering.",2
DevOps / Cloud Engineer,platform engineer,matched,Sr Platform Engineer IND,2
DevOps / Cloud Engineer,platform engineer,mapped:Software Engineer,"Senior Software Engineer, YouTube Live, Creator Platform",2
DevOps / Cloud Engineer,platform engineer,matched,Senior AI Platform Engineer - Knowledge & Reasoning,2
DevOps / Cloud Engineer,platform engineer,matched,Senior AI Platform Engineer - Security,2
DevOps / Cloud Engineer,platform engineer,unmatched,Data Platform Modernization Engineer - Junior (Databricks),2
DevOps / Cloud Engineer,platform engineer,unmatched,Principal DB Engineer - Cloud Platform Support,1
DevOps / Cloud Engineer,platform engineer,unmatched,"Team Lead, Platform & Engineering",1
DevOps / Cloud Engineer,platform engineer,unmatched,"Director, Software Engineering - Big Data Platform & Storage",1
DevOps / Cloud Engineer,platform engineer,mapped:Software Engineer,Senior Software Engineer II - Data Engineering & Platform,1
DevOps / Cloud Engineer,platform engineer,matched,DevOps / Platform Engineer (Remote/Hybrid – On-Prem IIS  Azure),1
DevOps / Cloud Engineer,platform engineer,unmatched,EY - Cyber Security - Data Protection and Privacy Platforms Engineering - Manager,1
DevOps / Cloud Engineer,platform engineer,mapped:Data Scientist,"Machine Learning Engineer, Growth Platform",1
DevOps / Cloud Engineer,platform engineer,mapped:Software Engineer,"Senior Software Engineer, Backend - Overseer (Platform)",1
DevOps / Cloud Engineer,platform engineer,matched,Engineering Productivity Lead (DevOps Lead / Platform Engineer),1
DevOps / Cloud Engineer,platform engineer,matched,Databricks Platform Engineer,1
DevOps / Cloud Engineer,platform engineer,unmatched,"Principal Engineer, AI Platform",1
DevOps / Cloud Engineer,platform engineer,matched,PLATFORM ENGINEER,1
DevOps / Cloud Engineer,platform engineer,unmatched,Platform Senior Engineer,1
DevOps / Cloud Engineer,platform engineer,unmatched,"Senior Engineering Manager, Data Platform",1
DevOps / Cloud Engineer,platform engineer,mapped:Software Engineer,Software Engineer - 3 (Voice Platform),1
DevOps / Cloud Engineer,platform engineer,unmatched,Senior Platform Reliability Engineer - Azure,1
DevOps / Cloud Engineer,platform engineer,matched,Azure Cloud Platform Engineer,1
DevOps / Cloud Engineer,platform engineer,mapped:Software Engineer,Senior Software Engineer - Video Platform,1
DevOps / Cloud Engineer,platform engineer,unmatched,"Head of Data , ML and AI Platform Engineering",1
DevOps / Cloud Engineer,platform engineer,unmatched,Lead Developer - Platform Engineering,1
DevOps / Cloud Engineer,platform engineer,unmatched,Cloud Platforms Infrastructure Engineer,1
DevOps / Cloud Engineer,platform engineer,unmatched,Full Stack Engineer — AI Commerce Platform,1
DevOps / Cloud Engineer,platform engineer,mapped:Software Engineer,Senior Software Engineer - Data Platform (Tech Lead),1
DevOps / Cloud Engineer,platform engineer,unmatched,Platform Engineering Lead- Data Services & Reporting,1
DevOps / Cloud Engineer,platform engineer,unmatched,Teamhead Cloud Native Platform Engineering,1
DevOps / Cloud Engineer,platform engineer,unmatched,Senior Manager Platform Engineering,1
DevOps / Cloud Engineer,platform engineer,unmatched,Power Electronic Engineer Platform Solid State,1
DevOps / Cloud Engineer,platform engineer,unmatched,Linux Platform Integration - Ubuntu Systems Senior Engineer,1
DevOps / Cloud Engineer,platform engineer,matched,Senior Infrastructure Platform Engineer,1
DevOps / Cloud Engineer,platform engineer,mapped:Software Engineer,Software Engineer - AI Platform,1
DevOps / Cloud Engineer,platform engineer,unmatched,Senior platform Support Engineer,1
DevOps / Cloud Engineer,platform engineer,unmatched,Platform FDE ( Forward Deployment Engineer),1
DevOps / Cloud Engineer,platform engineer,unmatched,"Manager/Sr. Manager, Engineering - AI Platform",1
DevOps / Cloud Engineer,platform engineer,matched,Data platform Engineer,1
DevOps / Cloud Engineer,platform engineer,mapped:Software Engineer,"Software Engineer, Internal Platforms",1
DevOps / Cloud Engineer,platform engineer,mapped:Software Engineer,"Software Engineer, Data Platforms",1
DevOps / Cloud Engineer,platform engineer,matched,Site Reliability Engineer - Data Platforms,1
DevOps / Cloud Engineer,platform engineer,unmatched,PLATFORM ENGINEERING OPERATIONS,1
DevOps / Cloud Engineer,platform engineer,unmatched,"Manager, Platform Engineering",1
DevOps / Cloud Engineer,platform engineer,mapped:Data Engineer,"Sr. Security Data Engineer & Developer, Security Data Platform",1
DevOps / Cloud Engineer,platform engineer,matched,Senior Azure Cloud Platform Engineer,1
DevOps / Cloud Engineer,platform engineer,unmatched,Associate - AI Tooling Ops - Platform Reliability Engineer,1
DevOps / Cloud Engineer,platform engineer,unmatched,"Sr. Principal Engineer – Azure Cloud, Integrations & Platforms",1
DevOps / Cloud Engineer,platform engineer,matched,Platform Engineer – CI/CD Infrastructure,1
DevOps / Cloud Engineer,platform engineer,unmatched,Platform Engineering Senior Manager,1
DevOps / Cloud Engineer,platform engineer,mapped:Software Engineer,Software Engineer - Platform,1
DevOps / Cloud Engineer,platform engineer,matched,Associate - SRE - Platform Engineering,1
DevOps / Cloud Engineer,platform engineer,unmatched,Staff Engineer - Platform Frontend,1
DevOps / Cloud Engineer,platform engineer,matched,Microsoft Fabric Platform Engineer,1
DevOps / Cloud Engineer,platform engineer,unmatched,AI Platform & Computer Vision Engineer,1
DevOps / Cloud Engineer,platform engineer,unmatched,Platform Engineering Senior Professional,1
DevOps / Cloud Engineer,platform engineer,mapped:Software Engineer,Software Development Engineer III - Platform,1
DevOps / Cloud Engineer,platform engineer,mapped:Software Engineer,Consultant Software Engineer - Service Now Platform System Administrator,1
DevOps / Cloud Engineer,platform engineer,unmatched,Platform Engineering Professional,1
DevOps / Cloud Engineer,platform engineer,mapped:Software Engineer,Staff Software Engineer (Platform - Financial Engineering),1
DevOps / Cloud Engineer,platform engineer,matched,"Platform Engineer II, Foundation",1
DevOps / Cloud Engineer,platform engineer,matched,Platform Integration - CI/CD Platform Engineer,1
DevOps / Cloud Engineer,platform engineer,unmatched,"Databricks Engineer, Data Platform & Data Science Tooling",1
DevOps / Cloud Engineer,platform engineer,mapped:Architect (contamination audit),Network Platform Architect & Product Engineer,1
DevOps / Cloud Engineer,platform engineer,unmatched,Backend / Platform Engineers,1
DevOps / Cloud Engineer,platform engineer,matched,Copilot Studio and Power Platform Engineer — Fabric Agent Extension,1
DevOps / Cloud Engineer,platform engineer,matched,SENIOR SPLUNK PLATFORM ENGINEER,1
DevOps / Cloud Engineer,platform engineer,matched,SENIOR INFRASTRUCTURE PLATFORM ENGINEER,1
DevOps / Cloud Engineer,platform engineer,matched,EUT Platform Engineer,1
DevOps / Cloud Engineer,platform engineer,matched,Site Reliability Engineer – Data Platforms,1
DevOps / Cloud Engineer,platform engineer,matched,Platform Integration – CI/CD Platform Engineer,1
DevOps / Cloud Engineer,platform engineer,unmatched,"Senior AI Engineer - GenAI, AI Platform & Voice AI",1
DevOps / Cloud Engineer,platform engineer,mapped:Security Engineer,Senior Security Engineer – Platform,1
DevOps / Cloud Engineer,platform engineer,unmatched,Engineer – Digital Platforms,1
DevOps / Cloud Engineer,platform engineer,matched,Platform Engineer (AI labs),1
DevOps / Cloud Engineer,platform engineer,mapped:Software Engineer,Senior Software Engineer - Azure DevOps and Platform services Engineer,1
DevOps / Cloud Engineer,platform engineer,mapped:Software Engineer,"Senior Software Engineer- Blockchain Platform (Wallets, Liquidity & Bridging)",1
DevOps / Cloud Engineer,platform engineer,unmatched,"Director of Engineering, Platform",1
DevOps / Cloud Engineer,platform engineer,unmatched,Senior AI Platform / MLOps Engineer,1
DevOps / Cloud Engineer,platform engineer,matched,AOSP Platform Engineer - India - Pune,1
DevOps / Cloud Engineer,platform engineer,mapped:Architect (contamination audit),Cloud Infrastructure Architect - CI/CD & Platform Engineering,1
DevOps / Cloud Engineer,platform engineer,unmatched,"Senior Engineering Manager, Platform Engineering",1
DevOps / Cloud Engineer,platform engineer,unmatched,POS Platform Engineering & Lab Lead,1
DevOps / Cloud Engineer,platform engineer,mapped:Software Engineer,Senior Platform Software Engineer,1
DevOps / Cloud Engineer,platform engineer,mapped:Software Engineer,Software Engineer - AI Platform (India),1
DevOps / Cloud Engineer,platform engineer,unmatched,"Engineering Manager, Data Platform – Managed Connectors",1
DevOps / Cloud Engineer,platform engineer,excluded_by_rule,Senior Software Engineer - Test Automation (Clinical Platform),1
DevOps / Cloud Engineer,platform engineer,unmatched,"Technical Engineer I – SAP Platform, Dev",1
DevOps / Cloud Engineer,platform engineer,matched,Platform Engineer - Integration Services,1
DevOps / Cloud Engineer,platform engineer,mapped:Software Engineer,Senior Software Engineer - Tax Platform,1
DevOps / Cloud Engineer,platform engineer,mapped:Software Engineer,"Staff Software Engineer, Alerting Platform",1
DevOps / Cloud Engineer,platform engineer,unmatched,Engineering Manager - Data & Platform,1
DevOps / Cloud Engineer,platform engineer,unmatched,Senior Engineering Manager - Tax Platform,1
DevOps / Cloud Engineer,platform engineer,mapped:Data Engineer,Senior Data Engineer (Data Platform),1
DevOps / Cloud Engineer,platform engineer,matched,Senior Platform Engineer - Cloud AWS,1
DevOps / Cloud Engineer,platform engineer,mapped:Software Engineer,"Software Engineer, Platform",1
DevOps / Cloud Engineer,platform engineer,unmatched,Engineering Lead - AI Platform (India),1
DevOps / Cloud Engineer,platform engineer,matched,"Senior Specialist, Linux Platform Engineer",1
DevOps / Cloud Engineer,platform engineer,mapped:Software Engineer,Software Engineer II - Apps Platform,1
DevOps / Cloud Engineer,platform engineer,unmatched,"Trading Systems Engineer, Trading Platform",1
DevOps / Cloud Engineer,platform engineer,matched,Platform Engineer - AI Engineering,1
DevOps / Cloud Engineer,platform engineer,mapped:Software Engineer,"Senior or Staff Software Engineer, Data Platform (Brazil)",1
DevOps / Cloud Engineer,platform engineer,matched,"Junior Platform Engineer - SAP BPC, SAC & GR",1
DevOps / Cloud Engineer,platform engineer,matched,"Senior Platform Engineer-SAP BPC, SAC & GR",1
DevOps / Cloud Engineer,platform engineer,matched,Sr. Data Platform Engineer - Azure & Microsoft Fabric,1
DevOps / Cloud Engineer,platform engineer,unmatched,Senior Engineering Manager - Jira Platform,1
DevOps / Cloud Engineer,platform engineer,matched,Platform Engineer – Pune,1
DevOps / Cloud Engineer,platform engineer,matched,Senior Application Platform Engineer,1
DevOps / Cloud Engineer,platform engineer,ambiguous_multi,Lead Software Engineer - Cloud Platform Engineer,1
DevOps / Cloud Engineer,platform engineer,mapped:Software Engineer,Senior Software Engineer - Data Platform,1
DevOps / Cloud Engineer,platform engineer,unmatched,Platform Engineering Associate - Redis Administration,1
DevOps / Cloud Engineer,platform engineer,unmatched,"Senior Engineer I, SASE Platform",1
DevOps / Cloud Engineer,platform engineer,mapped:Software Engineer,Senior Staff Software Engineer — SaaS Platform & Cross-Product Architecture,1
DevOps / Cloud Engineer,platform engineer,matched,Senior AI Platform Engineer,1
DevOps / Cloud Engineer,platform engineer,matched,Sr. Data Platform Engineer – Azure & Microsoft Fabric,1
DevOps / Cloud Engineer,platform engineer,unmatched,"Senior Platform Deployment Engineer, Kentik",1
DevOps / Cloud Engineer,platform engineer,mapped:Software Engineer,"Software Engineer, Platforms",1
DevOps / Cloud Engineer,platform engineer,matched,"Cloud Platform Engineer, Officer",1
DevOps / Cloud Engineer,platform engineer,mapped:Architect (contamination audit),Principal AI Engineer — ML / MLOps Platform Architect,1
DevOps / Cloud Engineer,platform engineer,unmatched,Sr Analyst- L1 Support Engineer- Data platform Cloud support,1
DevOps / Cloud Engineer,platform engineer,unmatched,"Principal Engineer, UCX Platform, VP",1
DevOps / Cloud Engineer,platform engineer,mapped:Software Engineer,Lead Software Engineer – Platform / Backend (Cloud & DevOps),1
DevOps / Cloud Engineer,platform engineer,unmatched,Director Of Engineering - Platform Services,1
DevOps / Cloud Engineer,platform engineer,unmatched,Engineering Manager – Data & AI Platform,1
DevOps / Cloud Engineer,platform engineer,matched,Senior Platform Engineer - Production,1
DevOps / Cloud Engineer,platform engineer,mapped:Software Engineer,"Senior Software Engineer, Backend - Platform (Core AI Automation)",1
DevOps / Cloud Engineer,platform engineer,mapped:Software Engineer,Staff Firmware & System Software Engineer — Platform Controller and SoC Stack,1
DevOps / Cloud Engineer,platform engineer,unmatched,"Senior Engineer, Applications & Platforms - R01571307",1
DevOps / Cloud Engineer,platform engineer,unmatched,Customer Success Engineer – Cloud Engineering & Platform Enablement,1
DevOps / Cloud Engineer,platform engineer,mapped:Software Engineer,Staff Embedded Firmware & System Software Engineer — Platform Controller and SoC Stack,1
DevOps / Cloud Engineer,platform engineer,matched,Observability Platform Engineer,1
DevOps / Cloud Engineer,platform engineer,matched,Senior Technical Consultant - AI Platform Engineer,1
DevOps / Cloud Engineer,platform engineer,matched,Platform Engineer - .Net/Azure,1
DevOps / Cloud Engineer,platform engineer,unmatched,Data Platform Engineering,1
DevOps / Cloud Engineer,platform engineer,matched,Senior Platform & Site Reliability Engineer,1
DevOps / Cloud Engineer,platform engineer,matched,Senior API Platform Engineer,1
DevOps / Cloud Engineer,platform engineer,matched,Workplace Platform Engineer L3,1
DevOps / Cloud Engineer,platform engineer,mapped:Software Engineer,Senior Software Engineer II - Platform & Integrations (Backend),1
DevOps / Cloud Engineer,platform engineer,mapped:Data Scientist,"Staff Machine Learning Engineer, AI Platform & Agentic Apps",1
DevOps / Cloud Engineer,platform engineer,matched,Senior Analytics Platform Engineer,1
DevOps / Cloud Engineer,platform engineer,mapped:Data Engineer,Assoc Director- Platform & Data Engineer,1
DevOps / Cloud Engineer,platform engineer,mapped:Software Engineer,Senior Software Engineer - Identity & Authorization Platform,1
DevOps / Cloud Engineer,platform engineer,mapped:Software Engineer,Software Engineer II - Cloud Platform,1
DevOps / Cloud Engineer,platform engineer,mapped:Data Scientist,Staff Machine Learning Engineer(Platform - Identity),1
DevOps / Cloud Engineer,platform engineer,mapped:Software Engineer,Sr Software Engineer - Cloud Platform-Kubernetes Development,1
DevOps / Cloud Engineer,platform engineer,unmatched,Senior ServiceNow Engineer - Platform Operation and Reliability,1
DevOps / Cloud Engineer,platform engineer,matched,Manager Data Platform Engineer,1
DevOps / Cloud Engineer,platform engineer,matched,Linux platform engineer,1
DevOps / Cloud Engineer,platform engineer,mapped:Software Engineer,Software Engineer 3 – Platform Security,1
DevOps / Cloud Engineer,platform engineer,unmatched,Engineering Manager (User Platform),1
DevOps / Cloud Engineer,platform engineer,matched,Senior Platform Engineer (SAP Basis Hana),1
DevOps / Cloud Engineer,platform engineer,unmatched,Forward Deployed Engineer - Observability & Platform - Senior Associate,1
DevOps / Cloud Engineer,platform engineer,unmatched,Senior Engineering Manager – Service Transformation & Platform Capabilities,1
DevOps / Cloud Engineer,platform engineer,unmatched,Backend Engineer (Go) – AI Security Platform,1
DevOps / Cloud Engineer,platform engineer,unmatched,Power Platform & AI Automation Engineer,1
DevOps / Cloud Engineer,platform engineer,matched,Staff Platform Engineer (SAP Basis Hana),1
DevOps / Cloud Engineer,platform engineer,unmatched,"Manager, AI Platform Engineering",1
DevOps / Cloud Engineer,platform engineer,matched,"AI Platform Engineer, Enablement and Governance Operations",1
DevOps / Cloud Engineer,platform engineer,matched,Senior Machine Learning Platform Engineer,1
DevOps / Cloud Engineer,platform engineer,mapped:Software Engineer,Sr Software Engineer - Cloud Platform—Kubernetes Development,1
DevOps / Cloud Engineer,platform engineer,unmatched,Staff Embedded Firmware Engineer — Platform Controller (Zephyr RTOS),1
DevOps / Cloud Engineer,platform engineer,matched,Senior Platform & SRE Engineer (On-Prem & AI Systems),1
DevOps / Cloud Engineer,platform engineer,unmatched,Support Engineer (AI/ML & Platform Operations),1
DevOps / Cloud Engineer,platform engineer,unmatched,Sr. Staff Engineer – Integration Platform Engineering,1
DevOps / Cloud Engineer,platform engineer,matched,"Platform Engineer, Java Fmwk",1
DevOps / Cloud Engineer,platform engineer,unmatched,"MTS 2, Platform Reliability Engineer",1
DevOps / Cloud Engineer,platform engineer,unmatched,Head of Infrastructure & Platform Engineering,1
DevOps / Cloud Engineer,platform engineer,unmatched,Senior ServiceNow Engineer – Platform Operation and Reliability,1
DevOps / Cloud Engineer,platform engineer,matched,Azure Platform Engineer JobID JC0015837,1
DevOps / Cloud Engineer,platform engineer,unmatched,"Manager, Platform Engineering - 10352",1
DevOps / Cloud Engineer,platform engineer,mapped:Software Engineer,Systems/Software Engineer II (Platform diagnostics software development),1
DevOps / Cloud Engineer,platform engineer,mapped:Software Engineer,Platform Software Engineer,1
DevOps / Cloud Engineer,platform engineer,matched,Senior Cloud Platform Engineer,1
DevOps / Cloud Engineer,platform engineer,unmatched,Cloud Platform FinOps Engineer,1
DevOps / Cloud Engineer,platform engineer,unmatched,Founding Cloud Infrastructure Engineer (AI Platform),1
DevOps / Cloud Engineer,platform engineer,mapped:Data Engineer,Senior Data Engineer – Data & AI Platforms,1
DevOps / Cloud Engineer,platform engineer,unmatched,Senior Engineer (Certificate Management & Platform Operations ),1
DevOps / Cloud Engineer,platform engineer,matched,Sr Platform Engineer-ServiceNow,1
DevOps / Cloud Engineer,platform engineer,unmatched,Sr. Infrastructure Engineer – Data Platforms,1
DevOps / Cloud Engineer,platform engineer,matched,Data Development Platform Engineer,1
DevOps / Cloud Engineer,platform engineer,unmatched,Senior Backend Engineer - Platform Integrations (Monetization),1
DevOps / Cloud Engineer,platform engineer,unmatched,SME / Sr Engineer - Platform & Endpoint Security,1
DevOps / Cloud Engineer,platform engineer,unmatched,Staff Technical Solutions Engineer (Platform),1
DevOps / Cloud Engineer,platform engineer,unmatched,Platform Infrastructure Engineer,1
DevOps / Cloud Engineer,platform engineer,matched,"Platform Engineering Middleware Web SRE, Assistant Vice President",1
DevOps / Cloud Engineer,platform engineer,unmatched,GBM - TxB Data Platform Eng - Bengaluru - Vice President - Software Engineering,1
DevOps / Cloud Engineer,platform engineer,mapped:Security Engineer,Staff Platform Security Engineer (Security),1
DevOps / Cloud Engineer,platform engineer,matched,GCP Platform Engineer,1
DevOps / Cloud Engineer,platform engineer,matched,Platform Engineer - SAP Basis,1
DevOps / Cloud Engineer,platform engineer,unmatched,Data Platforms Senior Engineer – Databricks,1
DevOps / Cloud Engineer,platform engineer,unmatched,Compute Platform Ops Engineer,1
DevOps / Cloud Engineer,platform engineer,unmatched,Senior Engineering Manager - Product Platforms,1
DevOps / Cloud Engineer,platform engineer,unmatched,Engineering Manager - Infrastructure Platform Observability and Monitoring,1
DevOps / Cloud Engineer,platform engineer,matched,Senior Data Platform Engineer(Offshore),1
DevOps / Cloud Engineer,platform engineer,mapped:Architect (contamination audit),"AI Platform Infrastructure Architect/Associate Director, Software Engineering Specialist",1
DevOps / Cloud Engineer,platform engineer,matched,Agentic AI Platform Engineer,1
DevOps / Cloud Engineer,platform engineer,mapped:Software Engineer,"Staff iOS Software Engineer, Product Platform",1
DevOps / Cloud Engineer,platform engineer,ambiguous_multi,SRE Monitoring Platform Software Engineer,1
DevOps / Cloud Engineer,platform engineer,matched,プラットフォームエンジニア（Platform Engineer）,1
DevOps / Cloud Engineer,platform engineer,unmatched,"Principal Engineer, Search Platform",1
DevOps / Cloud Engineer,platform engineer,unmatched,"Principal Machine Learning Systems Engineer, Search Platform",1
DevOps / Cloud Engineer,platform engineer,matched,Senior Kubernetes and Open Source Platform Engineer,1
DevOps / Cloud Engineer,platform engineer,matched,"Platform Engineer- Automation, Testing,Kubernetes- Skylar AI Platform",1
DevOps / Cloud Engineer,platform engineer,unmatched,Platform/ Infrastructure Engineer,1
DevOps / Cloud Engineer,platform engineer,matched,Platform Engineer - Agentic,1
DevOps / Cloud Engineer,platform engineer,matched,Senior Associate Platform Engineer,1
DevOps / Cloud Engineer,platform engineer,matched,Associate Platform Engineer,1
DevOps / Cloud Engineer,platform engineer,unmatched,Sr Network Engineer- Systems & Service Engineering - Platform Planning & Network Design,1
DevOps / Cloud Engineer,platform engineer,mapped:Software Engineer,"Senior Software Engineer, Platform Engineering",1
DevOps / Cloud Engineer,platform engineer,unmatched,"Sr. Technical Engineer – SAP Platform, Dev",1
DevOps / Cloud Engineer,platform engineer,matched,Senior AI Platform Engineer ( Enterprise Systems),1
DevOps / Cloud Engineer,platform engineer,matched,Senior Graph Platform Engineer,1
DevOps / Cloud Engineer,platform engineer,matched,Applied AI Platform Engineer (Performance Engineer) - Lead SDET I,1
DevOps / Cloud Engineer,platform engineer,unmatched,Senior Golang Engineer (Cybersecurity Platform),1
DevOps / Cloud Engineer,platform engineer,matched,Platform Engineer (Cybersecurity Platform),1
DevOps / Cloud Engineer,platform engineer,unmatched,Golang Software Engineering Lead - GenAI platforms - Senior Vice President,1
DevOps / Cloud Engineer,platform engineer,matched,Hiring || Platform Engineer - Python with .Net (PAN INDIA),1
DevOps / Cloud Engineer,platform engineer,matched,TECHNOLOGY PLATFORM ENGINEER – ORACLE SUBSCRIPTION MANAGEMENT CLOUD,1
DevOps / Cloud Engineer,platform engineer,matched,Hiring || Senior GitHub Platform Engineer - PAN INDIA,1
DevOps / Cloud Engineer,platform engineer,matched,Senior Platform Engineer - Release & Platform Engineering,1
DevOps / Cloud Engineer,platform engineer,mapped:Data Engineer,Data Engineer III - Data Platform,1
DevOps / Cloud Engineer,platform engineer,matched,Platform Engineer – Cloud & Observability,1
DevOps / Cloud Engineer,platform engineer,unmatched,"Group Lead IT, Platform Engineering",1
DevOps / Cloud Engineer,platform engineer,ambiguous_multi,SDE 3 â Infrastructure Platform Engineer,1
DevOps / Cloud Engineer,platform engineer,unmatched,Lead Engineer(C on Linux Platform),1
DevOps / Cloud Engineer,platform engineer,unmatched,Cloud Platform Support Engineer III- Japanese Speaker only,1
DevOps / Cloud Engineer,platform engineer,matched,Executive - AI Native Platform Engineer,1
DevOps / Cloud Engineer,platform engineer,mapped:Quality Engineer,Senior Quality Engineer (Cybersecurity Platform),1
DevOps / Cloud Engineer,platform engineer,mapped:Software Engineer,"Senior Staff Software Engineer, Platform - IAM",1
DevOps / Cloud Engineer,platform engineer,matched,"Senior Platform Engineer, Foundations",1
DevOps / Cloud Engineer,platform engineer,mapped:Data Engineer,Data Engineer (Data Platform),1
DevOps / Cloud Engineer,platform engineer,matched,Cloud Database Platform Engineer,1
DevOps / Cloud Engineer,platform engineer,matched,BI Platform Engineer,1
DevOps / Cloud Engineer,platform engineer,matched,"Senior Cloud Engineer, Cloud Platform",1
DevOps / Cloud Engineer,platform engineer,matched,Edge Platform Engineer - FAB,1
DevOps / Cloud Engineer,platform engineer,unmatched,"Sr. Manager, Platform Engineering",1
DevOps / Cloud Engineer,platform engineer,matched,Senior DevOps Engineer/Platform Engineer,1
DevOps / Cloud Engineer,platform engineer,matched,Cloud Operations Lead - SRE / DevOps / Platform Engineering,1
DevOps / Cloud Engineer,platform engineer,unmatched,Director of Engineering Core Commerce Platform,1
DevOps / Cloud Engineer,platform engineer,mapped:Software Engineer,"Software Engineer, Platform - Bangalore, India",1
DevOps / Cloud Engineer,platform engineer,unmatched,Senior Technical Solutions Engineer (Platform),1
DevOps / Cloud Engineer,platform engineer,matched,Senior Cloud Engineer/Lead – Multi-Cloud Platform,1
DevOps / Cloud Engineer,platform engineer,unmatched,BXTI - Vice President - Platform Engineering,1
DevOps / Cloud Engineer,platform engineer,unmatched,ML Platform Lead Engineer,1
DevOps / Cloud Engineer,platform engineer,mapped:Software Engineer,"Staff Software Engineer, Money Movement Platform",1
DevOps / Cloud Engineer,platform engineer,matched,Threat Intelligence Platform Engineer,1
DevOps / Cloud Engineer,platform engineer,unmatched,"Staff Engineer, AI Platform",1
DevOps / Cloud Engineer,platform engineer,mapped:Software Engineer,"Senior/Staff Software Engineer. Liquidity Platform, Options Market Making",1
DevOps / Cloud Engineer,platform engineer,unmatched,Web Platform Lead Engineer,1
DevOps / Cloud Engineer,platform engineer,matched,Platform Engineer ( USA),1
DevOps / Cloud Engineer,platform engineer,mapped:Software Engineer,"Software Engineer, ML Ops and Platform",1
DevOps / Cloud Engineer,platform engineer,unmatched,Engineering Director - Platform,1
DevOps / Cloud Engineer,platform engineer,unmatched,Senior Network Engineer - Cloud Platform,1
DevOps / Cloud Engineer,platform engineer,matched,Senior Cloud Engineer/Lead - Multi-Cloud Platform,1
DevOps / Cloud Engineer,platform engineer,matched,Platform Engineer IND,1
DevOps / Cloud Engineer,platform engineer,matched,Cloud Automation & Platform Engineer,1
DevOps / Cloud Engineer,platform engineer,ambiguous_multi,SRE Monitoring Platform Software Engineer (Entry Level),1
DevOps / Cloud Engineer,platform engineer,mapped:Software Engineer,"Staff Software Engineer, Security Platform",1
DevOps / Cloud Engineer,platform engineer,mapped:Software Engineer,"Software Engineer, Billing Platform",1
DevOps / Cloud Engineer,platform engineer,unmatched,"Principal Engineer - Cloud Architecture, AI-Driven Operations & SaaS Platform Engineering",1
DevOps / Cloud Engineer,platform engineer,matched,Platform Engineer III,1
DevOps / Cloud Engineer,platform engineer,mapped:Software Engineer,Senior Software Engineer - Enterprise Linux Platform,1
DevOps / Cloud Engineer,platform engineer,matched,Site Reliability Engineer - IT AI Platforms,1
DevOps / Cloud Engineer,platform engineer,matched,AI / MLOps PLATFORM ENGINEER,1
DevOps / Cloud Engineer,platform engineer,mapped:Software Engineer,Staff Software Engineer - Search Platform,1
DevOps / Cloud Engineer,platform engineer,matched,Data Platform Engineer Manager,1
DevOps / Cloud Engineer,platform engineer,matched,"Cloud Platform Engineer - AI, Officer",1
DevOps / Cloud Engineer,platform engineer,matched,Software Engineering Data Lakehouse and AI Data Platform Engineer,1
DevOps / Cloud Engineer,platform engineer,unmatched,Staff Engineer - Payments & Commerce Platform,1
DevOps / Cloud Engineer,platform engineer,matched,Senior DevOps/Cloud Platform Engineer (AWS| Kubernetes|AI Infrastructure),1
DevOps / Cloud Engineer,platform engineer,matched,Specialist Platform Engineer - Python Developer,1
DevOps / Cloud Engineer,platform engineer,unmatched,Senior Principal Engineer - Jira Platform,1
DevOps / Cloud Engineer,platform engineer,unmatched,Azure Platform / Cloud Infrastructure Engineer,1
DevOps / Cloud Engineer,platform engineer,matched,IT Applications Developer- Netsuite Platform Engineer,1
DevOps / Cloud Engineer,platform engineer,unmatched,"Senior Engineer, IAM Platform Engineering",1
DevOps / Cloud Engineer,platform engineer,unmatched,Platform Operations Engineer (Work Timings :- 03:00 AM IST to 11:30 AM IST ),1
DevOps / Cloud Engineer,platform engineer,unmatched,Platform Engineering Intern,1
DevOps / Cloud Engineer,platform engineer,matched,Lead AI Platform Engineer,1
DevOps / Cloud Engineer,platform engineer,matched,ServiceNow Platform Engineer,1
DevOps / Cloud Engineer,platform engineer,matched,Azure Data Platform Engineer,1
DevOps / Cloud Engineer,platform engineer,matched,DevOps Platform Engineer,1
DevOps / Cloud Engineer,platform engineer,matched,Sr Neo4j Sr Platform Engineer role,1
DevOps / Cloud Engineer,platform engineer,matched,Associate Platform Engineer - Data Storage,1
DevOps / Cloud Engineer,platform engineer,matched,Neo4j Sr Platform Engineer,1
DevOps / Cloud Engineer,platform engineer,unmatched,Support Platform & AI Engineer,1
DevOps / Cloud Engineer,platform engineer,unmatched,Full Stack Engineer – Higher Ed Platforms (India),1
DevOps / Cloud Engineer,platform engineer,unmatched,Engineering Manager (Web Platform),1
DevOps / Cloud Engineer,platform engineer,unmatched,Platform Engineering / DevOps / Cloud Infrastructure Engineering,1
DevOps / Cloud Engineer,platform engineer,unmatched,"Director, Software Engineering - Security Asset Inventory Platform",1
Security Engineer,security engineer,matched,Network Security Engineer,23
Security Engineer,security engineer,matched,Security Engineer,14
Security Engineer,security engineer,matched,Senior Security Engineer,13
Security Engineer,security engineer,mapped:Cybersecurity Engineer,Cyber Security Engineer,13
Security Engineer,security engineer,matched,Senior Product Security Engineer,9
Security Engineer,security engineer,matched,Application Security Engineer,8
Security Engineer,security engineer,matched,Senior Cloud Security Engineer,6
Security Engineer,security engineer,mapped:Information Security Engineer,Senior Information Security Engineer,6
Security Engineer,security engineer,matched,Senior Application Security Engineer,5
Security Engineer,security engineer,mapped:Information Security Engineer,Information Security Engineer,5
Security Engineer,security engineer,mapped:Information Security Engineer,"Lead Information Security Engineer, ITC",4
Security Engineer,security engineer,matched,Product Security Engineer,4
Security Engineer,security engineer,mapped:Information Security Engineer,"Principal Information Security Engineer, ITC",4
Security Engineer,security engineer,unmatched,Associate - Security Test Engineer,3
Security Engineer,security engineer,unmatched,Senior Security Operations Engineer,3
Security Engineer,security engineer,matched,Principal Security Engineer,3
Security Engineer,security engineer,matched,"Staff Product Security Engineer, PSIRT",3
Security Engineer,security engineer,matched,Lead Security Engineer,3
Security Engineer,security engineer,mapped:Cybersecurity Engineer,SOC Detection and Response - Engineer Cyber Security Engineer,3
Security Engineer,security engineer,matched,Senior Network Security Engineer,3
Security Engineer,security engineer,matched,AI Security Engineer,3
Security Engineer,security engineer,matched,Staff Security Engineer,3
Security Engineer,security engineer,matched,"Security Engineer, Stores Application Security",3
Security Engineer,security engineer,unmatched,Senior Engineer - Network Security,3
Security Engineer,security engineer,unmatched,"Senior Engineer, SAP Security",3
Security Engineer,security engineer,mapped:Information Security Engineer,Senior Information Security Engineer Consultant,2
Security Engineer,security engineer,matched,"Security Engineer, GIOC",2
Security Engineer,security engineer,unmatched,"Director, Security Engineering - AI",2
Security Engineer,security engineer,mapped:Information Security Engineer,Lead Information Security Engineer-AppSec Champion,2
Security Engineer,security engineer,matched,Senior Manager Info Security Engineer - Cryptography & Certification Management,2
Security Engineer,security engineer,matched,Application Security Engineer - Assistant Vice President,2
Security Engineer,security engineer,unmatched,"Director, Information Security Engineering - ITC",2
Security Engineer,security engineer,matched,Offensive Security Engineer,2
Security Engineer,security engineer,mapped:Software Engineer,Embedded Software Engineer - Security,2
Security Engineer,security engineer,matched,Security Engineer - Identity and Access,2
Security Engineer,security engineer,mapped:DevOps / Cloud Engineer,Senior Associate Security Platform Engineer,2
Security Engineer,security engineer,matched,Senior Infrastructure Security Engineer-L3 (Palo Alto & NGFW),2
Security Engineer,security engineer,unmatched,Sr. Staff Integration Engineer (Security Platform and Data Pipelines),2
Security Engineer,security engineer,matched,Senior Staff Cloud Security Engineer,2
Security Engineer,security engineer,matched,Network and Security Engineer,2
Security Engineer,security engineer,matched,"Senior Network Security Engineer - Jeddah, KSA",2
Security Engineer,security engineer,matched,DevSecOps & Product Security Engineer,2
Security Engineer,security engineer,matched,"Senior Security Engineer,GIOC",2
Security Engineer,security engineer,matched,IT Security Engineer,2
Security Engineer,security engineer,unmatched,Solutions Engineer - Public Sector | Splunk Security (Delhi/Gurgaon),2
Security Engineer,security engineer,unmatched,"Director, Software Engineering | Email Security, SaaS | 15 years, Bangalore",2
Security Engineer,security engineer,unmatched,Senior Security Managed Services Engineer,2
Security Engineer,security engineer,mapped:Cybersecurity Engineer,Sr. Cyber Security Engineer,2
Security Engineer,security engineer,matched,Senior Security Engineer (Security by Design),2
Security Engineer,security engineer,mapped:Cybersecurity Engineer,Lead OT Cyber Security Engineer,2
Security Engineer,security engineer,unmatched,IT Security & Compliance Engineer,2
Security Engineer,security engineer,unmatched,Security Services Engineer (L2),2
Security Engineer,security engineer,mapped:Cybersecurity Engineer,Lead Product Cyber Security Engineer I,2
Security Engineer,security engineer,matched,Cloud Security Engineer,2
Security Engineer,security engineer,matched,Senior Security Engineer II,2
Security Engineer,security engineer,unmatched,Senior Security Application Engineer,2
Security Engineer,security engineer,mapped:Software Engineer,"Senior Software Engineer – Java, Security & SD-WAN Platform from 8 Years",2
Security Engineer,security engineer,mapped:Information Security Engineer,"Information Security Engineer, DLP & Insider Risk",2
Security Engineer,security engineer,mapped:Software Engineer,"Software Engineer III, Security/Privacy, gTech Risk",2
Security Engineer,security engineer,mapped:Information Security Engineer,Information Security Engineer II,2
Security Engineer,security engineer,unmatched,"Software QA Engineer- Networking & Security Protocols, AI, Cloud & Virtualization - 4 to 8 years",2
Security Engineer,security engineer,mapped:Software Engineer,"Senior Software Engineer, Security and Privacy, Detection AI, Core",2
Security Engineer,security engineer,unmatched,Security Automation Engineer,2
Security Engineer,security engineer,unmatched,"IND Lead Engineer, Security",2
Security Engineer,security engineer,mapped:Software Engineer,"Staff Software Engineer, Google One Security Development",2
Security Engineer,security engineer,mapped:Software Engineer,"Staff Software Engineer, Security Platform",2
Security Engineer,security engineer,mapped:Information Security Engineer,Associate Information Security Engineer,2
Security Engineer,security engineer,mapped:DevOps / Cloud Engineer,Senior AI Platform Engineer - Security,2
Security Engineer,security engineer,mapped:Cybersecurity Engineer,Senior Cyber security Engineer,2
Security Engineer,security engineer,mapped:Software Engineer,Senior Windows Software Engineer – Biometric & Security Auth,2
Security Engineer,security engineer,matched,Security Engineer - Directory Services,2
Security Engineer,security engineer,unmatched,Senior Security Research Engineer,2
Security Engineer,security engineer,ambiguous_multi,Lead Information Security Engineer- Architect,2
Security Engineer,security engineer,unmatched,"Sr. Engineer- Perimeter Security | On-Site, Bangalore",2
Security Engineer,security engineer,mapped:Cybersecurity Engineer,Sr Cyber Security Engineer,2
Security Engineer,security engineer,unmatched,Product Security Apprentice Engineer – Post-Market Surveillance & Security Testing,1
Security Engineer,security engineer,ambiguous_multi,Enterprise Software Engineer (AppOps Security Engineer),1
Security Engineer,security engineer,matched,Network Security Engineer (L3),1
Security Engineer,security engineer,matched,SIEM Security Engineer,1
Security Engineer,security engineer,mapped:Information Security Engineer,"Senior Information Security Engineer, ITC",1
Security Engineer,security engineer,unmatched,EY - Cyber Security - Data Protection and Privacy Platforms Engineering - Manager,1
Security Engineer,security engineer,matched,Sr Security Engineer,1
Security Engineer,security engineer,matched,Senior Security Engineer - Privacy & Data Security,1
Security Engineer,security engineer,matched,NETSKOPE SECURITY ENGINEER,1
Security Engineer,security engineer,matched,L3- Senior Security Engineer,1
Security Engineer,security engineer,matched,L2- Senior Security Engineer,1
Security Engineer,security engineer,matched,Mulesoft - Security Engineer – Integration Specialist,1
Security Engineer,security engineer,unmatched,Assistant Manager - IT Business Information Security Office (BISO) Engineer,1
Security Engineer,security engineer,unmatched,Identity Security Operations Engineer,1
Security Engineer,security engineer,matched,Mobile Security Engineer,1
Security Engineer,security engineer,matched,Security Engineer (L1),1
Security Engineer,security engineer,unmatched,"Solutions Engineer (Security, GSSO) - Mumbai",1
Security Engineer,security engineer,mapped:Cybersecurity Engineer,Cybersecurity Engineer: Security Operations Center (SOC),1
Security Engineer,security engineer,unmatched,Security Risk Engineer,1
Security Engineer,security engineer,matched,Security Engineer (Detection and Response),1
Security Engineer,security engineer,mapped:Software Engineer,Security Software Engineer,1
Security Engineer,security engineer,matched,Security Engineer – Cloud & Infrastructure Security,1
Security Engineer,security engineer,matched,"SecOps Security Engineer (L3) – Check Point, Palo Alto & Fortinet firewalls",1
Security Engineer,security engineer,unmatched,Security Research Engineer,1
Security Engineer,security engineer,unmatched,Security Detection Engineer,1
Security Engineer,security engineer,unmatched,Information Security Engineering Senior Manager - Critical Infrastructure,1
Security Engineer,security engineer,unmatched,Engineer MS - Network Security,1
Security Engineer,security engineer,mapped:Data Engineer,"Sr. Security Data Engineer & Developer, Security Data Platform",1
Security Engineer,security engineer,unmatched,Information Security Engineering Senior Manager – Critical Infrastructure,1
Security Engineer,security engineer,mapped:Software Engineer,"Staff Software Engineer, Frontier Security Team",1
Security Engineer,security engineer,matched,Lead Network Security Engineer,1
Security Engineer,security engineer,matched,Privileged Access Management Security Engineer,1
Security Engineer,security engineer,matched,Infrastructure & Cloud Security Engineer,1
Security Engineer,security engineer,mapped:Software Engineer,Senior Network Security Software Engineer,1
Security Engineer,security engineer,unmatched,Guardicore Micro Segmentation Engineer – L2 Security,1
Security Engineer,security engineer,mapped:Software Engineer,"Senior Mobile Software Engineer (iOS / Android), Identity & Security",1
Security Engineer,security engineer,unmatched,Sr. Design Engineer- Security Systems,1
Security Engineer,security engineer,matched,Senior Security Engineer – Platform,1
Security Engineer,security engineer,unmatched,Network Engineer Security I,1
Security Engineer,security engineer,unmatched,"Director, Security Engineering (Application & Cloud Security)",1
Security Engineer,security engineer,matched,L1 Security Engineer,1
Security Engineer,security engineer,matched,Security Engineer Intern,1
Security Engineer,security engineer,unmatched,"Sr Manager, Active Directory & Entra Engineering - People Leader (Cyber Security)",1
Security Engineer,security engineer,matched,"Security Engineer II, Application Security",1
Security Engineer,security engineer,matched,"Security Engineer I, Application Security",1
Security Engineer,security engineer,unmatched,Engineering Manager – Security Architecture,1
Security Engineer,security engineer,unmatched,Security Integration Engineer,1
Security Engineer,security engineer,unmatched,"Staff Engineer, Offensive Security",1
Security Engineer,security engineer,matched,Senior Security Engineer - DART (Detection and Response Team),1
Security Engineer,security engineer,unmatched,"Sr. Associate Support Engineer, Security",1
Security Engineer,security engineer,matched,Cloud Security Engineer (Oracle Cloud Infrastructure - OCI),1
Security Engineer,security engineer,matched,Senior Security Engineer - Microsoft Sentinel SIEM,1
Security Engineer,security engineer,matched,"Product Security Engineer, Senior",1
Security Engineer,security engineer,mapped:Software Engineer,"Senior Mobile Software Engineer (iOS / Android), Identity & Security - India",1
Security Engineer,security engineer,unmatched,Engineering-L2-Bengaluru-Vice President-Security Engineering,1
Security Engineer,security engineer,matched,"Security Engineer, CyberArk",1
Security Engineer,security engineer,matched,Senior Security Engineer Cryptography,1
Security Engineer,security engineer,matched,"Senior Security Engineer, DeFi",1
Security Engineer,security engineer,matched,"Cloud Security, CNAPP - Security Engineer",1
Security Engineer,security engineer,unmatched,Security Operations Center (SOC) Analyst / Engineer,1
Security Engineer,security engineer,unmatched,Application Security (AppSec) / DevSecOps Engineer,1
Security Engineer,security engineer,matched,NETWORK SECURITY ENGINEER,1
Security Engineer,security engineer,matched,System Security Engineer,1
Security Engineer,security engineer,matched,"Lead Security Engineer | AWS, Cloud & Application Security",1
Security Engineer,security engineer,matched,"Senior Security Engineer, Detection & Response",1
Security Engineer,security engineer,matched,Security Engineer Intern - Summer 2027,1
Security Engineer,security engineer,matched,Staff Product Security Engineer (Security),1
Security Engineer,security engineer,mapped:Information Security Engineer,Lead Information Security Engineer- PAM,1
Security Engineer,security engineer,unmatched,Solution Engineering - Security,1
Security Engineer,security engineer,matched,Senior Application Security Engineer - India,1
Security Engineer,security engineer,matched,Android Security Engineer,1
Security Engineer,security engineer,unmatched,Sr. IT Engineer (Security),1
Security Engineer,security engineer,matched,MTS 1 - Mobile Security Engineer,1
Security Engineer,security engineer,unmatched,Security & Compliance Engineer,1
Security Engineer,security engineer,unmatched,Cloud Security & DevSecOps Engineer (AWS) - 6 Week Contract,1
Security Engineer,security engineer,matched,Lead Security Engineer -Microsoft Intune,1
Security Engineer,security engineer,matched,Senior Corporate Security Engineer,1
Security Engineer,security engineer,unmatched,Security Information and Event Management (SIEM) Engineer,1
Security Engineer,security engineer,mapped:Cybersecurity Engineer,Cyber Security Engineer -Sentinel & XDR SME,1
Security Engineer,security engineer,unmatched,Sr. Engineer - Security Engineering,1
Security Engineer,security engineer,matched,"Lead AI Security Engineer, AI Identities",1
Security Engineer,security engineer,unmatched,Software Engineering PMTS - Cloud Security - Hyderabad,1
Security Engineer,security engineer,mapped:Software Engineer,Senior Software Engineer - Application Security,1
Security Engineer,security engineer,unmatched,Staff Engineer - Security,1
Security Engineer,security engineer,unmatched,"VP, Engineering Cyber Security Mgr",1
Security Engineer,security engineer,mapped:Software Engineer,Software Engineer 3 – Platform Security,1
Security Engineer,security engineer,unmatched,Backend Engineer (Go) – Endpoint Security,1
Security Engineer,security engineer,matched,Product Security Engineer 5,1
Security Engineer,security engineer,mapped:Information Security Engineer,Information Security Engineer (II),1
Security Engineer,security engineer,unmatched,Solutions Engineer – Public Sector | Splunk Security (Delhi/Gurgaon),1
Security Engineer,security engineer,mapped:Information Security Engineer,Lead Information Security Engineer - IAM (Java Full Stack Developer),1
Security Engineer,security engineer,unmatched,Backend Engineer (Go) – AI Security Platform,1
Security Engineer,security engineer,unmatched,Principal Info Security Risk Engineer IND [T500-29476],1
Security Engineer,security engineer,matched,Senior Security Engineer – EDR & Malware Defence,1
Security Engineer,security engineer,matched,"Staff Security Engineer, Abuse Control",1
Security Engineer,security engineer,matched,Senior Offensive Security Engineer,1
Security Engineer,security engineer,matched,"Security Engineer, ACE",1
Security Engineer,security engineer,mapped:Software Engineer,"Senior Software Engineer, AI Security",1
Security Engineer,security engineer,unmatched,Prin Info Security Risk Engineer IND,1
Security Engineer,security engineer,unmatched,Staff Security Operations Engineer,1
Security Engineer,security engineer,unmatched,Supply Chain Security Engineering - Officer,1
Security Engineer,security engineer,matched,Senior Offensive Security Engineer(Cloud Operations),1
Security Engineer,security engineer,matched,Red Team Security Engineer,1
Security Engineer,security engineer,unmatched,IT Security Engineering Manager,1
Security Engineer,security engineer,unmatched,Senior Engineer - Product Security,1
Security Engineer,security engineer,matched,Infrastructure Security Engineer-L2 (Palo Alto & NGFW),1
Security Engineer,security engineer,matched,Security Engineer — Offensive Security,1
Security Engineer,security engineer,matched,Security Engineer - Cyber Threat Intelligence,1
Security Engineer,security engineer,mapped:Software Engineer,Software Engineer Product Security,1
Security Engineer,security engineer,matched,Principal Security Engineer (India),1
Security Engineer,security engineer,unmatched,Security & Compliance Engineer (Hybrid – Hyd/BLR/Chennai),1
Security Engineer,security engineer,matched,Network Security Engineer - Cochin,1
Security Engineer,security engineer,unmatched,IAM Engineer - AI Security,1
Security Engineer,security engineer,matched,Security Engineer I – Palo Alto Technologies,1
Security Engineer,security engineer,matched,Long term contract-Network & Security Engineer – Infoblox / DDI(Environment)-Remote,1
Security Engineer,security engineer,matched,Staff Infrastructure Security Engineer,1
Security Engineer,security engineer,matched,. Security Engineer — Security Operations,1
Security Engineer,security engineer,matched,Fortinet OT Security Engineer,1
Security Engineer,security engineer,unmatched,SAP Security & GRC Engineer,1
Security Engineer,security engineer,matched,VAPT Security Engineer,1
Security Engineer,security engineer,matched,Netskope Security Engineer,1
Security Engineer,security engineer,unmatched,Presales Engineer - Cyber Security experience is a must,1
Security Engineer,security engineer,matched,SME - Network Security Engineer,1
Security Engineer,security engineer,unmatched,Business Information Security Office (BISO) Engineer,1
Security Engineer,security engineer,unmatched,Senior Security Solutions Engineer,1
Security Engineer,security engineer,unmatched,SME / Sr Engineer - Platform & Endpoint Security,1
Security Engineer,security engineer,matched,Network Security Engineer I,1
Security Engineer,security engineer,unmatched,Senior Firmware Engineer - Security,1
Security Engineer,security engineer,unmatched,"Senior Security Operations Engineer, AIDC",1
Security Engineer,security engineer,unmatched,"Director, Security Engineering",1
Security Engineer,security engineer,unmatched,Forward Deployed Engineer - US National Security,1
Security Engineer,security engineer,matched,Staff Platform Security Engineer (Security),1
Security Engineer,security engineer,mapped:Cybersecurity Engineer,Cybersecurity Engineer - Security Operations Center (SOC),1
Security Engineer,security engineer,mapped:Software Engineer,"Software Engineer – VPN & PKI, Network Security",1
Security Engineer,security engineer,matched,MDR Security Engineer (India),1
Security Engineer,security engineer,matched,Application Security Engineer 2,1
Security Engineer,security engineer,mapped:Information Security Engineer,"Senior Information Security Engineer, Identity Security Engineering",1
Security Engineer,security engineer,mapped:Software Engineer,Senior Software Engineer II (Security),1
Security Engineer,security engineer,matched,Network Security Engineer (Hybrid),1
Security Engineer,security engineer,matched,SaaS Security Engineer,1
Security Engineer,security engineer,unmatched,Assistant Manager - SOC Engineer (OT Security),1
Security Engineer,security engineer,matched,Palo Alto Security Engineer,1
Security Engineer,security engineer,unmatched,"Senior Director, Software Engineering - Cloud Security & Networking experience",1
Security Engineer,security engineer,matched,"Systems Security Engineer, Officer",1
Security Engineer,security engineer,unmatched,TC-CS-Cyber Architecture- OT and Engineering-Cloud Security-Manager,1
Security Engineer,security engineer,unmatched,Engineer - GISOCC Security IS,1
Security Engineer,security engineer,unmatched,Jr. Engineer - Security,1
Security Engineer,security engineer,matched,Product Security Engineer (Remote),1
Security Engineer,security engineer,mapped:Information Security Engineer,"AVP, Endpoint Information Security Engineer",1
Security Engineer,security engineer,matched,Application Security Engineer - Threat & Vulnerability Management (AI Focus),1
Security Engineer,security engineer,mapped:Software Engineer,"Senior Software Engineer - Java, Security & SD-WAN Platform from 8 Years",1
Security Engineer,security engineer,unmatched,"Senior Engineer, Product Security Testing",1
Security Engineer,security engineer,unmatched,IT Security Engineering Associate Director,1
Security Engineer,security engineer,matched,"Staff Security Engineer, API Security",1
Security Engineer,security engineer,unmatched,"Systems Engineer, Corporate Security",1
Security Engineer,security engineer,unmatched,Security Managed Services Engineer (L1),1
Security Engineer,security engineer,unmatched,"Software Engineering Technical Leader - Networking & Security Protocols, AI, Cloud & Virtualization - 10 to 14 years",1
Security Engineer,security engineer,matched,Security Engineer II (Offensive),1
Security Engineer,security engineer,matched,Zscaler Network Security Engineer,1
Security Engineer,security engineer,matched,AI Security Engineer III,1
Security Engineer,security engineer,matched,AWS Security Engineer,1
Security Engineer,security engineer,unmatched,"Senior Engineer - Application Security (Akamai, WAF)",1
Security Engineer,security engineer,unmatched,Network Engineer/Network security,1
Security Engineer,security engineer,matched,L2 - Endpoint Security Engineer,1
Security Engineer,security engineer,matched,SAP Basis & Security Engineer,1
Security Engineer,security engineer,unmatched,Network Security Operation Engineer,1
Security Engineer,security engineer,unmatched,Senior Network Security Operations Engineer(Checkpoint Firewall),1
Security Engineer,security engineer,matched,"Sr. Security Engineer, Stores Application Security",1
Security Engineer,security engineer,matched,"Security Engineer, AWS Security Incident Response",1
Security Engineer,security engineer,matched,"Security Engineer II, Stores Application Security",1
Security Engineer,security engineer,matched,Lead Security Engineer - Penetration Testing & AI Security,1
Security Engineer,security engineer,matched,Forward Deployed Security Engineer,1
Security Engineer,security engineer,unmatched,Digital Trust and Resilience Engineer (Security Governance),1
Security Engineer,security engineer,unmatched,Tech Governance - Security Compliance & Governance Engineer (Mandarin Bilingual Required),1
Security Engineer,security engineer,matched,"Senior Security Engineer, Research & Engineering (United Kingdom)",1
Security Engineer,security engineer,matched,AI Security Engineer (Offensive & Defensive),1
Security Engineer,security engineer,matched,Analyst Information Security / Security Engineer,1
Security Engineer,security engineer,matched,Application Security Engineer (AppSec Engineer) - Bengaluru,1
Security Engineer,security engineer,matched,Staff Security Engineer (Vulnerability Management),1
Security Engineer,security engineer,matched,Senior Staff Software Security Engineer,1
Security Engineer,security engineer,matched,Senior Security Engineer (Defensive),1
Security Engineer,security engineer,unmatched,Security Support Engineer II,1
Security Engineer,security engineer,unmatched,QA Engineer III - Security,1
Security Engineer,security engineer,matched,Firmware security engineer,1
Security Engineer,security engineer,matched,Application Security Engineer II - Contract ( 6 months ),1
Security Engineer,security engineer,unmatched,Senior Security MS Engineer - NAC,1
Security Engineer,security engineer,matched,"AI Security Engineer (Teradyne, India)",1
Security Engineer,security engineer,unmatched,Security Operations Engineer,1
Security Engineer,security engineer,unmatched,Data Security Analyst Engineer,1
Security Engineer,security engineer,unmatched,Security / Policy Engineer,1
Security Engineer,security engineer,matched,Key Management & Cryptographic Security Engineer,1
Security Engineer,security engineer,mapped:DevOps / Cloud Engineer,Senior Security DevOps Engineer (SAP & AI Automation),1
Security Engineer,security engineer,mapped:Software Engineer,"Senior Software Engineer, Information Security",1
Security Engineer,security engineer,unmatched,"Sr.Staff Engineer,Secure Web Gateway.",1
Security Engineer,security engineer,matched,Security Engineer - SIEM Engineer,1
Security Engineer,security engineer,unmatched,Software Security Compiler Engineer,1
Security Engineer,security engineer,unmatched,PKI Certificate Management - Security Identity Engineer,1
Security Engineer,security engineer,unmatched,TC-CS-Cyber Architecture- OT and Engineering-Devops- Cloud Security-Senior,1
Security Engineer,security engineer,unmatched,Engineer - ICT/Security,1
Security Engineer,security engineer,unmatched,Senior Engineer - ICT/Security,1
Security Engineer,security engineer,mapped:Cybersecurity Engineer,Lead Network & Cyber Security Engineer-L3,1
Security Engineer,security engineer,unmatched,Security Content Engineer (Data Engineering),1
Security Engineer,security engineer,unmatched,Staff Security Content Engineer (Detection Engineering),1
Security Engineer,security engineer,unmatched,Senior Application Security (DevSecOps) Engineer,1
Security Engineer,security engineer,matched,Sr Offensive Security Engineer,1
Security Engineer,security engineer,mapped:Cybersecurity Engineer,R&D Cyber Security Engineer - IN MACH - India Development Centre,1
Security Engineer,security engineer,excluded_by_rule,"Staff Software Development Engineer in Test, Secure Web Gateway",1
Security Engineer,security engineer,matched,Manager - AppSec/DevSecOps Security Engineer,1
Security Engineer,security engineer,matched,SME- Network Security Engineer,1
Security Engineer,security engineer,matched,Sr. Security Engineer,1
Security Engineer,security engineer,unmatched,"Director, Software Engineering - Security Asset Inventory Platform",1
Security Engineer,security engineer,unmatched,Network Security Lead Engineer,1
Security Engineer,security engineer,unmatched,Senior Information Security Officer/Engineer,1
Security Engineer,security engineer,unmatched,Security Research Engineer - Customer Success,1
Security Engineer,security engineer,mapped:Information Security Engineer,Senior information security Engineer - Vulnerability Management,1
Security Engineer,security engineer,mapped:Cybersecurity Engineer,EM - DI - Cyber Security Engineer,1
Security Engineer,security engineer,mapped:Cybersecurity Engineer,EM - DI - Automotive Cyber Security Engineer,1
Security Engineer,security engineer,unmatched,Principal-Security Engineering,1
Security Engineer,security engineer,matched,Senior Security Engineer – Palo Alto Technologies,1
Security Engineer,security engineer,matched,Senior Cloud Security Engineer â AWS,1
Security Engineer,security engineer,unmatched,Sr. Engineer Cloud Security,1
Security Engineer,security engineer,unmatched,Security Managed Services Engineer (L2),1
Security Engineer,security engineer,matched,Lead Response Technology and Automation Security Engineer,1
Security Engineer,security engineer,matched,Security Engineer I - Palo Alto Technologies,1
Security Engineer,security engineer,matched,Senior Security Engineer - Palo Alto Technologies,1
Security Engineer,security engineer,ambiguous_multi,"Siftware Engineering Technical Leader - SRE | Security Architect, Kubernetes,AWS,Terraform | 13 years | Bangalore",1
Security Engineer,security engineer,unmatched,Cyber Security Pre-Sales & Post-Sales Engineer Required at Delhi - ( Job ID - 24147),1
Security Engineer,security engineer,unmatched,FPGA Post Silicon Validation Engineer - Security,1
Security Engineer,security engineer,unmatched,Sr. Engineer – Security Engineering (Zscaler),1
Security Engineer,security engineer,matched,Senior Security Engineer - Product Security,1
Security Engineer,security engineer,unmatched,Application Security Engineering Lead,1
Security Engineer,security engineer,matched,Security Engineer - Vulnerability,1
Security Engineer,security engineer,unmatched,Lead Security Research Engineer,1
Security Engineer,security engineer,unmatched,"AWS DevOps (Cloud Security ,Cloud Networking) Engineer",1
Security Engineer,security engineer,matched,Endpoint Security Engineer,1
Security Engineer,security engineer,matched,Senior Security Engineer – Red Team,1
Security Engineer,security engineer,matched,"Senior Security Engineer, CIAM-Contractual",1
Security Engineer,security engineer,matched,Network Security Engineer-L2,1
Security Engineer,security engineer,matched,Lead Security Engineer - Data Security & RL for Cyberecurity,1
Security Engineer,security engineer,matched,Offensive Security Engineer / Pen Tester (Ethical Hacker) — Konfirmity,1
Security Engineer,security engineer,mapped:Software Engineer,"Software Engineer, Security Platform",1
Security Engineer,security engineer,matched,Senior Security Engineer - Perimeter Security Operations,1
Security Engineer,security engineer,matched,Security engineer-Sourcing Team Q2 26,1
Security Engineer,security engineer,mapped:Software Engineer,"Senior Staff Software Development Engineer - API Security, WAF",1
Security Engineer,security engineer,unmatched,Information Security Engineering Manager,1
Security Engineer,security engineer,mapped:Architect (contamination audit),Senior Lead Engineer/ Architect - Security Layer 2/ Layer 3 Developer,1
Security Engineer,security engineer,mapped:Information Security Engineer,P1-GP-Information Security Engineer (Generalist – AI & Automation Focus),1
Security Engineer,security engineer,unmatched,Information Security - IAM - Systems Engineer,1
Security Engineer,security engineer,mapped:Cybersecurity Engineer,Senior Cyber Security Engineer,1
Security Engineer,security engineer,unmatched,Information Security - Firewall - Systems Engineer,1
Information Security Analyst,information security analyst,matched,Information Security Analyst,8
Information Security Analyst,information security analyst,matched,Senior Information Security Analyst,4
Information Security Analyst,information security analyst,unmatched,"Analyst, HPA Monitoring Analyst, Information Security (L9)",2
Information Security Analyst,information security analyst,matched,"Principal Information Security Analyst, ITC",2
Information Security Analyst,information security analyst,matched,"Lead Information Security Analyst, ITC",2
Information Security Analyst,information security analyst,unmatched,Senior Information Security Assurance Analyst,2
Information Security Analyst,information security analyst,matched,Lead Information Security Analyst (Individual Contributor),2
Information Security Analyst,information security analyst,unmatched,DLP Analyst - Information Security,1
Information Security Analyst,information security analyst,matched,Associate Information Security Analyst,1
Information Security Analyst,information security analyst,matched,Information Security Analyst II,1
Information Security Analyst,information security analyst,unmatched,Sr Analyst III Information Security,1
Information Security Analyst,information security analyst,matched,"Principal Information Security Analyst, TRM, ITC",1
Information Security Analyst,information security analyst,unmatched,Information Security and Compliance Analyst,1
Information Security Analyst,information security analyst,mapped:Security Engineer,Analyst Information Security / Security Engineer,1
Information Security Analyst,information security analyst,unmatched,"Analyst, SIEM, Information Security",1
Information Security Analyst,information security analyst,matched,Information Security Analyst III,1
Information Security Analyst,information security analyst,mapped:Business Analyst,Senior Information Security Business Analyst,1
Information Security Analyst,information security analyst,unmatched,Information Security GRC Analyst,1
Information Security Analyst,information security analyst,unmatched,"Senior Analyst, SIEM & Automation, Information Security",1
Information Security Analyst,information security analyst,unmatched,"Senior Analyst Detection Engineering, Information Security",1
Information Security Analyst,information security analyst,matched,Senior Information Security Analyst (IT Risk),1
Information Security Analyst,information security analyst,unmatched,Senior Analyst - IT & Information Security,1
Information Security Analyst,information security analyst,unmatched,Senior Analyst - Information Security Risk Analyst,1
Information Security Analyst,information security analyst,matched,Managed Services Information Security Analyst,1
Cybersecurity Engineer,cybersecurity engineer,matched,Sr. Cybersecurity Engineer,4
Cybersecurity Engineer,cybersecurity engineer,unmatched,Cybersecurity Engineering - Data Protection Lead,3
Cybersecurity Engineer,cybersecurity engineer,matched,Cybersecurity Engineer,3
Cybersecurity Engineer,cybersecurity engineer,matched,Senior Cybersecurity Engineer,3
Cybersecurity Engineer,cybersecurity engineer,matched,Senior Cybersecurity Engineer - India,3
Cybersecurity Engineer,cybersecurity engineer,unmatched,"Engineer, Cybersecurity Architecture",2
Cybersecurity Engineer,cybersecurity engineer,unmatched,Engineer - Cybersecurity N 4A,2
Cybersecurity Engineer,cybersecurity engineer,matched,Lead Cybersecurity Engineer,2
Cybersecurity Engineer,cybersecurity engineer,unmatched,Penetration Testing - Director - Cybersecurity Engineering,2
Cybersecurity Engineer,cybersecurity engineer,matched,Cybersecurity Engineer - OT,2
Cybersecurity Engineer,cybersecurity engineer,unmatched,Cybersecurity Engineering-AI/ML Assessment,2
Cybersecurity Engineer,cybersecurity engineer,unmatched,Senior Advanced Cybersecurity Detection & Threat Intelligence Engineer,2
Cybersecurity Engineer,cybersecurity engineer,matched,Lead Network and Cybersecurity Engineer,1
Cybersecurity Engineer,cybersecurity engineer,matched,Cybersecurity Engineer: Security Operations Center (SOC),1
Cybersecurity Engineer,cybersecurity engineer,matched,Cybersecurity Engineer (VAPT),1
Cybersecurity Engineer,cybersecurity engineer,matched,Cybersecurity Engineer (Remote | $80–$90/hr),1
Cybersecurity Engineer,cybersecurity engineer,unmatched,Lead Engineer - Cybersecurity Services,1
Cybersecurity Engineer,cybersecurity engineer,matched,"Senior Cybersecurity Engineer (Palo Alto, Microsoft Defender) (Remote - US EST Shift)",1
Cybersecurity Engineer,cybersecurity engineer,unmatched,"Senior Specialist, Cybersecurity Engineering",1
Cybersecurity Engineer,cybersecurity engineer,unmatched,"Principle Engineer, Cybersecurity",1
Cybersecurity Engineer,cybersecurity engineer,unmatched,Cybersecurity Engineering Team Manager,1
Cybersecurity Engineer,cybersecurity engineer,unmatched,Senior Cybersecurity Engineering Team Manager,1
Cybersecurity Engineer,cybersecurity engineer,mapped:Software Engineer,Senior Software Engineer-Automotive Cybersecurity,1
Cybersecurity Engineer,cybersecurity engineer,unmatched,Cybersecurity & Software Engineering Specialist (AI Projects),1
Cybersecurity Engineer,cybersecurity engineer,unmatched,Lead Authentication Engineer _Vice President _Cybersecurity Engineering,1
Cybersecurity Engineer,cybersecurity engineer,unmatched,Cybersecurity IAM Engineer (Okta & AD),1
Cybersecurity Engineer,cybersecurity engineer,unmatched,Cybersecurity presales engineer - Delhi,1
Cybersecurity Engineer,cybersecurity engineer,unmatched,Cybersecurity Presales Engineer,1
Cybersecurity Engineer,cybersecurity engineer,matched,Cybersecurity Engineer – Engineering,1
Cybersecurity Engineer,cybersecurity engineer,unmatched,Senior Cybersecurity Test Engineer,1
Cybersecurity Engineer,cybersecurity engineer,matched,Cybersecurity Engineer - Security Operations Center (SOC),1
Cybersecurity Engineer,cybersecurity engineer,matched,Cybersecurity Engineer - II / III,1
Cybersecurity Engineer,cybersecurity engineer,matched,Data Privacy & Cybersecurity Engineer,1
Cybersecurity Engineer,cybersecurity engineer,unmatched,Senior Golang Engineer (Cybersecurity Platform),1
Cybersecurity Engineer,cybersecurity engineer,mapped:DevOps / Cloud Engineer,Platform Engineer (Cybersecurity Platform),1
Cybersecurity Engineer,cybersecurity engineer,matched,Cybersecurity Engineer – RF,1
Cybersecurity Engineer,cybersecurity engineer,mapped:Quality Engineer,Senior Quality Engineer (Cybersecurity Platform),1
Cybersecurity Engineer,cybersecurity engineer,unmatched,Senior Cybersecurity Vulnerability Program Engineer,1
Cybersecurity Engineer,cybersecurity engineer,unmatched,Cybersecurity Identity and Access Management Engineer,1
Cybersecurity Engineer,cybersecurity engineer,matched,Senior Cybersecurity Engineer - Secrets Management,1
Cybersecurity Engineer,cybersecurity engineer,matched,Cloud / Network / Cybersecurity Engineer,1
Cybersecurity Engineer,cybersecurity engineer,unmatched,Cyber Threat Intelligence Engineer - Director - Cybersecurity Engineering,1
Cybersecurity Engineer,cybersecurity engineer,unmatched,Sr. Engineer - Cybersecurity S 4B,1
Cybersecurity Engineer,cybersecurity engineer,matched,Cybersecurity Engineer - Product Cybersecurity,1
Cybersecurity Engineer,cybersecurity engineer,unmatched,Cybersecurity and Data privacy Engineer - RegTech,1
Cybersecurity Engineer,cybersecurity engineer,unmatched,Leader Software Engineering Cloud Native Cybersecurity Platform,1
Cybersecurity Engineer,cybersecurity engineer,unmatched,"Senior Penetration Testing Engineer, Cybersecurity",1
Cybersecurity Engineer,cybersecurity engineer,unmatched,Cybersecurity Engineering - API Security (2143),1
Cybersecurity Engineer,cybersecurity engineer,unmatched,Technical Product Support Engineer - Endpoint/MTD (Device) & Cybersecurity,1
Cybersecurity Engineer,cybersecurity engineer,mapped:Product Manager,Pre-Sales Engineer / Product Manager – Cybersecurity & Networking,1
Cybersecurity Engineer,cybersecurity engineer,matched,Sr Cybersecurity Engineer,1
Cybersecurity Engineer,cybersecurity engineer,matched,Senior Cybersecurity Engineer – Exposure Management,1
Cybersecurity Engineer,cybersecurity engineer,unmatched,Senior QA Engineer - Cybersecurity Functional testing,1
Cybersecurity Engineer,cybersecurity engineer,unmatched,Senior Cybersecurity Offensive Engineer,1
Cybersecurity Engineer,cybersecurity engineer,unmatched,Cybersecurity Operations Engineer,1
Cybersecurity Engineer,cybersecurity engineer,matched,Operational Technology Cybersecurity Engineer-2,1
Cybersecurity Engineer,cybersecurity engineer,matched,OT/ICS Cybersecurity Engineer,1
Cybersecurity Engineer,cybersecurity engineer,unmatched,"Advisor, Cybersecurity Engineering",1
Cybersecurity Engineer,cybersecurity engineer,matched,OT Cybersecurity Engineer,1
Cybersecurity Engineer,cybersecurity engineer,matched,AI Cybersecurity Engineer (Offensive Security & Threat Modeling),1
Information Security Engineer,information security engineer,matched,Senior Information Security Engineer,10
Information Security Engineer,information security engineer,matched,Information Security Engineer,7
Information Security Engineer,information security engineer,matched,"Lead Information Security Engineer, ITC",4
Information Security Engineer,information security engineer,matched,"Principal Information Security Engineer, ITC",4
Information Security Engineer,information security engineer,matched,Senior Information Security Engineer Consultant,3
Information Security Engineer,information security engineer,matched,Sr. Information Security Engineer,3
Information Security Engineer,information security engineer,matched,Lead Information Security Engineer-AppSec Champion,2
Information Security Engineer,information security engineer,unmatched,"Director, Information Security Engineering - ITC",2
Information Security Engineer,information security engineer,matched,"Information Security Engineer, DLP & Insider Risk",2
Information Security Engineer,information security engineer,matched,Information Security Engineer II,2
Information Security Engineer,information security engineer,matched,Associate Information Security Engineer,2
Information Security Engineer,information security engineer,ambiguous_multi,Lead Information Security Engineer- Architect,2
Information Security Engineer,information security engineer,unmatched,Information Security Support Engineer,2
Information Security Engineer,information security engineer,matched,"Senior Information Security Engineer, ITC",1
Information Security Engineer,information security engineer,unmatched,Assistant Manager - IT Business Information Security Office (BISO) Engineer,1
Information Security Engineer,information security engineer,unmatched,Information Security Engineering Senior Manager - Critical Infrastructure,1
Information Security Engineer,information security engineer,unmatched,Information Security Engineering Senior Manager – Critical Infrastructure,1
Information Security Engineer,information security engineer,matched,Lead Information Security Engineer- PAM,1
Information Security Engineer,information security engineer,unmatched,Security Information and Event Management (SIEM) Engineer,1
Information Security Engineer,information security engineer,matched,Information Security Engineer (II),1
Information Security Engineer,information security engineer,matched,Lead Information Security Engineer - IAM (Java Full Stack Developer),1
Information Security Engineer,information security engineer,unmatched,Business Information Security Office (BISO) Engineer,1
Information Security Engineer,information security engineer,matched,"Senior Information Security Engineer, Identity Security Engineering",1
Information Security Engineer,information security engineer,matched,"AVP, Endpoint Information Security Engineer",1
Information Security Engineer,information security engineer,mapped:Security Engineer,Analyst Information Security / Security Engineer,1
Information Security Engineer,information security engineer,mapped:Software Engineer,"Senior Software Engineer, Information Security",1
Information Security Engineer,information security engineer,unmatched,Senior Information Security Officer/Engineer,1
Information Security Engineer,information security engineer,matched,Senior information security Engineer - Vulnerability Management,1
Information Security Engineer,information security engineer,unmatched,Information Security Engineering Manager,1
Information Security Engineer,information security engineer,matched,P1-GP-Information Security Engineer (Generalist – AI & Automation Focus),1
Information Security Engineer,information security engineer,unmatched,Information Security - IAM - Systems Engineer,1
Information Security Engineer,information security engineer,unmatched,Information Security - Firewall - Systems Engineer,1
Information Security Engineer,information security engineer,matched,Senior Information Security Engineer 1,1
Information Security Engineer,information security engineer,matched,Information Security Engineer 1,1
Information Security Engineer,information security engineer,unmatched,"Senior Analyst Detection Engineering, Information Security",1
Information Security Engineer,information security engineer,matched,Senior Information Security Engineer Consultant - Palo Alto,1
Information Security Engineer,information security engineer,matched,Lead Information Security Engineer,1
Information Security Engineer,information security engineer,matched,Information Security Engineer III,1
Information Security Engineer,information security engineer,matched,Principal Information Security Engineer (AI Product/Cyber Security  SecOps),1
Information Security Engineer,information security engineer,matched,Principal Information Security Engineer,1
Cybersecurity Analyst,cybersecurity analyst,unmatched,Cybersecurity Senior Analyst - Illumio,3
Cybersecurity Analyst,cybersecurity analyst,matched,Cybersecurity Analyst,2
Cybersecurity Analyst,cybersecurity analyst,unmatched,"Sr Analyst, Vendor Risk & Cybersecurity Policy Management",2
Cybersecurity Analyst,cybersecurity analyst,unmatched,"Cybersecurity Lead Analyst - Vulnerability, Cyber Risk Governance, Security Operations",2
Cybersecurity Analyst,cybersecurity analyst,matched,Senior Cybersecurity Analyst - Policy Based Access,2
Cybersecurity Analyst,cybersecurity analyst,unmatched,Information Technology Compliance Officer/Cybersecurity Risk Analyst,2
Cybersecurity Analyst,cybersecurity analyst,unmatched,"Sr Analyst, Cybersecurity Threat",1
Cybersecurity Analyst,cybersecurity analyst,unmatched,Cybersecurity Risk Analyst,1
Cybersecurity Analyst,cybersecurity analyst,matched,GRC - Prin Cybersecurity Analyst,1
Cybersecurity Analyst,cybersecurity analyst,matched,Lead Cybersecurity Analyst,1
Cybersecurity Analyst,cybersecurity analyst,unmatched,Cybersecurity Threat Analyst,1
Cybersecurity Analyst,cybersecurity analyst,matched,Sr Cybersecurity Analyst,1
Cybersecurity Analyst,cybersecurity analyst,mapped:Business Analyst,Senior Business Analyst – Cybersecurity & DevSecOps,1
Cybersecurity Analyst,cybersecurity analyst,mapped:Business Analyst,Senior Business Analyst - Cybersecurity & DevSecOps,1
Cybersecurity Analyst,cybersecurity analyst,unmatched,Cybersecurity Controls Testing Analyst,1
Cybersecurity Analyst,cybersecurity analyst,unmatched,Associate Cybersecurity Risk Analyst,1
Cybersecurity Analyst,cybersecurity analyst,unmatched,GRC Analyst / GRC-Cybersecurity & Compliance,1
Cybersecurity Analyst,cybersecurity analyst,matched,Opening for Cybersecurity Analyst in Pharmaceutical company for BKC location,1
Cybersecurity Analyst,cybersecurity analyst,matched,Cybersecurity Analyst – Attack Surface Management & Attack Path Analysis,1
Cybersecurity Analyst,cybersecurity analyst,matched,Cybersecurity Analyst - Attack Surface Management & Attack Path Analysis,1
Business Analyst,business analyst,matched,Business Analyst,37
Business Analyst,business analyst,matched,Senior Business Analyst,16
Business Analyst,business analyst,mapped:Data Analyst,Business Intelligence Analyst,6
Business Analyst,business analyst,unmatched,Business Analytics Analyst,5
Business Analyst,business analyst,matched,Sr. Business Analyst,4
Business Analyst,business analyst,matched,Business Systems Analyst,4
Business Analyst,business analyst,unmatched,Business Advisory Analyst,4
Business Analyst,business analyst,matched,Business Analyst - Health Insurance (Fully Remote),3
Business Analyst,business analyst,matched,"Business Analyst, NCC, Network Control Center",3
Business Analyst,business analyst,ambiguous_multi,Data Analyst/Business Analyst,3
Business Analyst,business analyst,matched,"Business Analyst, Catalog Support and Operations, GCO",3
Business Analyst,business analyst,matched,"Business Analyst, Global Solutions & Risk Compliance (GSRC)",3
Business Analyst,business analyst,matched,Sr Business Analyst,3
Business Analyst,business analyst,matched,FBS Business Analyst II- Guidewire,3
Business Analyst,business analyst,matched,"Business Analyst, ROC, ROC",3
Business Analyst,business analyst,matched,Lead Business Analyst,3
Business Analyst,business analyst,matched,"Business Analyst II, ROC WFM (Workforce Management)",3
Business Analyst,business analyst,ambiguous_multi,Financial Analyst I (Business Analyst),3
Business Analyst,business analyst,matched,"Business Analyst I, GTS Field",3
Business Analyst,business analyst,unmatched,"Accounting Analyst, Customer Experience & Business Trends",3
Business Analyst,business analyst,unmatched,Business Interlock Analyst,3
Business Analyst,business analyst,matched,"Business Analyst, RBS ARTS (Automation Reporting and Tech Sciences)",3
Business Analyst,business analyst,matched,Business Analyst Support,3
Business Analyst,business analyst,matched,Business Analyst II - AHS,3
Business Analyst,business analyst,matched,"Business Analyst I, CMT",2
Business Analyst,business analyst,mapped:Financial Analyst,Business and Finance Analyst (Finance/FP&A) India (1 PM–10 PM Shift),2
Business Analyst,business analyst,mapped:Data Analyst,BI - Business Intelligence Analyst,2
Business Analyst,business analyst,matched,Business Analyst – LOS & LMS,2
Business Analyst,business analyst,matched,Senior Business Systems Analyst (AI / Data Products),2
Business Analyst,business analyst,matched,SAP OTC Senior Business Analyst,2
Business Analyst,business analyst,matched,"Business Analyst, Associate",2
Business Analyst,business analyst,matched,Senior Business Systems Analyst (Salesforce),2
Business Analyst,business analyst,matched,Senior Business Systems Analyst,2
Business Analyst,business analyst,unmatched,"Analyst, Business & Competitive Intelligence",2
Business Analyst,business analyst,matched,Business Analyst II,2
Business Analyst,business analyst,matched,IND - Staff Business Analyst,2
Business Analyst,business analyst,matched,Business Analyst - SAP Finance,2
Business Analyst,business analyst,unmatched,Senior Lead Business Integration Analyst(SAP CO),2
Business Analyst,business analyst,matched,Salesforce Business Analyst,2
Business Analyst,business analyst,matched,Microsoft Business Analyst,2
Business Analyst,business analyst,matched,ERP Business Analyst - Tax Management,2
Business Analyst,business analyst,matched,Capital Market Business Analyst-BPS,2
Business Analyst,business analyst,matched,Business Analyst - Hospital Operations,2
Business Analyst,business analyst,unmatched,"Associate Analyst, Business Development Operations",2
Business Analyst,business analyst,mapped:Data Analyst,People Business Intelligence Analyst,2
Business Analyst,business analyst,unmatched,Sr. Analyst - Business Data Services 4A,2
Business Analyst,business analyst,matched,AI Business Analyst,2
Business Analyst,business analyst,unmatched,Business Operations Analyst,2
Business Analyst,business analyst,unmatched,Finance Business Partner - Analyst,2
Business Analyst,business analyst,matched,"Data Business Analyst - (DataBricks, SAP, Azure)",2
Business Analyst,business analyst,matched,Staff Business System Analyst (RAR),2
Business Analyst,business analyst,unmatched,Business Performance Analyst,2
Business Analyst,business analyst,matched,Business Analyst - Automation,2
Business Analyst,business analyst,matched,Technical Business Analyst,2
Business Analyst,business analyst,unmatched,"Analyst 2, Business Information Systems",2
Business Analyst,business analyst,mapped:Data Analyst,Business/Data Analyst - Training & Certification,2
Business Analyst,business analyst,matched,Business Analyst III,2
Business Analyst,business analyst,unmatched,Business Finance Senior Analyst,2
Business Analyst,business analyst,matched,Staff Business Systems Analyst (Salesforce),2
Business Analyst,business analyst,matched,Oracle EBS P2P AP Functional Senior Business Analyst,2
Business Analyst,business analyst,matched,Specialist IS Business Analyst,2
Business Analyst,business analyst,matched,"Business Analyst II, GTS Field",2
Business Analyst,business analyst,matched,Senior IT Business Analyst,2
Business Analyst,business analyst,matched,French Business Analyst,2
Business Analyst,business analyst,matched,Business Analyst Lead,2
Business Analyst,business analyst,unmatched,"Analyst II, Business Control Function SOX Tester",2
Business Analyst,business analyst,unmatched,Senior Analyst Business Analytics,2
Business Analyst,business analyst,mapped:Data Analyst,IND Senior Business Data Analyst,2
Business Analyst,business analyst,matched,Sr Associate Scientific Business Analyst,2
Business Analyst,business analyst,matched,Sr Associate Business Analyst,2
Business Analyst,business analyst,unmatched,Business Project Senior Analyst,2
Business Analyst,business analyst,matched,"Sr. Business System Analyst, Compensation",2
Business Analyst,business analyst,matched,"Business Analyst-Data Insights, Translation Services Operations",2
Business Analyst,business analyst,matched,"Business Analyst - AMZL S&OP, S&OP",2
Business Analyst,business analyst,mapped:Data Analyst,Senior Business Intelligence Analyst,1
Business Analyst,business analyst,matched,Senior Salesforce CPQ Business Systems Analyst (Techno-Functional),1
Business Analyst,business analyst,matched,SH Business Analyst,1
Business Analyst,business analyst,matched,AVP - LoanIQ Business Analyst,1
Business Analyst,business analyst,matched,Business Analyst Quality Control Solutions- CDS,1
Business Analyst,business analyst,matched,Management Trainee - Business Analyst,1
Business Analyst,business analyst,unmatched,Operations Analyst – Business Excellence,1
Business Analyst,business analyst,matched,Lead - Business Analyst (Marketing Analytics),1
Business Analyst,business analyst,matched,Lead - Business Analyst,1
Business Analyst,business analyst,ambiguous_multi,SENIOR SALESFORCE BUSINESS ANALYST / PRODUCT OWNER,1
Business Analyst,business analyst,matched,SENIOR BUSINESS ANALYST,1
Business Analyst,business analyst,ambiguous_multi,Product Manager / Business Analyst - AI Solutions,1
Business Analyst,business analyst,matched,Business & Systems Analyst (BSA) - Remote,1
Business Analyst,business analyst,matched,Master Data Management Business Analyst-3,1
Business Analyst,business analyst,matched,Senior IT Business Analyst – Oracle,1
Business Analyst,business analyst,mapped:Data Analyst,Staff Specialist Business Data Analyst,1
Business Analyst,business analyst,matched,Business Analyst - ERP Automation Projects - IFS,1
Business Analyst,business analyst,matched,Specialist - Business Analyst & Application Support,1
Business Analyst,business analyst,unmatched,Business Analytics Analyst - Cigna Healthcare,1
Business Analyst,business analyst,matched,PA26ITOFFQ3061 - Sr. Business Systems Analyst -Mobile,1
Business Analyst,business analyst,unmatched,"Business Management & Automation Analyst - Apprentice, NCT",1
Business Analyst,business analyst,unmatched,Content Manager - Business Analysts,1
Business Analyst,business analyst,matched,Business Analyst Lead - Manager,1
Business Analyst,business analyst,matched,Sr Business Systems Analyst (Salesforce Service Cloud/ Experience Cloud),1
Business Analyst,business analyst,unmatched,Senior Business Process Analyst I,1
Business Analyst,business analyst,unmatched,Senior Business Process Analyst II,1
Business Analyst,business analyst,matched,Guidewire PolicyCenter Production Support Business Analyst - P&C Insurance,1
Business Analyst,business analyst,matched,"Business Analyst I, TSE Analytics",1
Business Analyst,business analyst,matched,Associate - Enterprise Business Analyst,1
Business Analyst,business analyst,matched,IN_ Senior Associate_Business Analyst_GCC_Advisory_Bangalore,1
Business Analyst,business analyst,unmatched,"Senior Analyst, Business Planning (Ops)",1
Business Analyst,business analyst,matched,"Business Analyst – AVP - Customer Onboarding, Compliance & Surveillance Systems",1
Business Analyst,business analyst,matched,"Specialist, Business Analyst – Content Review Automation (AI-enabled MLR / Content Catalyst)",1
Business Analyst,business analyst,matched,Manager Business Analyst,1
Business Analyst,business analyst,unmatched,Business Analysts - AVP,1
Business Analyst,business analyst,matched,Business Analyst (Fintech),1
Business Analyst,business analyst,matched,"Business Analyst – Customer Onboarding, Compliance & Surveillance Systems",1
Business Analyst,business analyst,unmatched,"HCM Business Advisory Senior Analyst, AVP",1
Business Analyst,business analyst,matched,Senior Technical Business Analyst,1
Business Analyst,business analyst,matched,Business Analyst Japanese,1
Business Analyst,business analyst,matched,Business Analyst - P&C Insurance Data,1
Business Analyst,business analyst,matched,IT Business Analyst Controlling,1
Business Analyst,business analyst,unmatched,IGS - Business Analytics Analyst 1 - C09 - DCI,1
Business Analyst,business analyst,matched,"Senior/Expert, ERP Business Analyst (SAP WM)",1
Business Analyst,business analyst,matched,Sr. Business Systems Analyst / Database Analyst( 7 yrs),1
Business Analyst,business analyst,matched,Business Analyst – AI,1
Business Analyst,business analyst,matched,Business Analyst — (Talent & Performance Management),1
Business Analyst,business analyst,unmatched,"Business Operations Analyst, Terminal Management and SR Monitoring",1
Business Analyst,business analyst,unmatched,"Business Operations Analyst, Payments Business",1
Business Analyst,business analyst,matched,MetaSolv Business Analyst,1
Business Analyst,business analyst,matched,WINDCHILL FUNCTIONAL CONSULTANT / BUSINESS ANALYST,1
Business Analyst,business analyst,matched,Business Analyst (Investment banking),1
Business Analyst,business analyst,matched,Senior Oracle Fusion Business Analyst – Invoice to Cash,1
Business Analyst,business analyst,matched,Senior Business Analyst - Temporary Employment,1
Business Analyst,business analyst,mapped:Data Analyst,Business Data Analyst - Analytics & AI,1
Business Analyst,business analyst,ambiguous_multi,Data Architect / Senior Business Analyst/Architect,1
Business Analyst,business analyst,matched,Senior Business Analyst MES Solutions,1
Business Analyst,business analyst,matched,Sr Business Analyst-Practice Source,1
Business Analyst,business analyst,unmatched,Business Insights Analyst,1
Business Analyst,business analyst,unmatched,Business Risk Analyst - Supply Chain Finance,1
Business Analyst,business analyst,mapped:Data Analyst,Business Intelligence Analyst_97046,1
Business Analyst,business analyst,matched,Senior Business Analyst - SAP SD/MM/PP,1
Business Analyst,business analyst,matched,Business Analyst III - SAP SD / Logistics Execution,1
Business Analyst,business analyst,matched,Business Analyst III - SAP MM/PP,1
Business Analyst,business analyst,matched,Business Analyst III - SAP Order Management,1
Business Analyst,business analyst,mapped:Data Analyst,Business and Data analyst,1
Business Analyst,business analyst,matched,Returnship-Business Analyst,1
Business Analyst,business analyst,matched,Data and Business Analyst,1
Business Analyst,business analyst,unmatched,Business Analytics Analyst with SQL and Python,1
Business Analyst,business analyst,matched,Business Analyst – Life Sciences / G&A Data Platforms,1
Business Analyst,business analyst,matched,SOX Business Analyst,1
Business Analyst,business analyst,matched,Business Analyst HCM/HR Domain- SSE/LA/AC,1
Business Analyst,business analyst,matched,CRM Business Analyst / Senior Business Analyst,1
Business Analyst,business analyst,matched,Executive - SAP Business Analyst (HO) Delhi,1
Business Analyst,business analyst,matched,Business Analyst III – SAP SD / Logistics Execution,1
Business Analyst,business analyst,matched,Senior Business Analyst – SAP SD/MM/PP,1
Business Analyst,business analyst,matched,Hexagon EAM Business Analyst,1
Business Analyst,business analyst,matched,Senior Consultant Business Analyst,1
Business Analyst,business analyst,unmatched,Analyst - Business Data Services 5B,1
Business Analyst,business analyst,matched,Senior Business Analyst - Senior Manager,1
Business Analyst,business analyst,matched,"Sr. Spclst, Scitara Business Analyst",1
Business Analyst,business analyst,matched,Business Analyst - Insurance,1
Business Analyst,business analyst,matched,Business Analyst III – SAP MM/PP,1
Business Analyst,business analyst,matched,Temenos Digital Business Analyst,1
Business Analyst,business analyst,matched,"Technology Business Analyst, AVP",1
Business Analyst,business analyst,matched,Business Analyst III – SAP Order Management,1
Business Analyst,business analyst,matched,"Senior, Business Analyst",1
Business Analyst,business analyst,unmatched,Business Operations Analyst II,1
Business Analyst,business analyst,matched,AO/Business Analyst,1
Business Analyst,business analyst,mapped:Data Analyst,Sr Business Data Analyst - AI & Analytics,1
Business Analyst,business analyst,mapped:Financial Analyst,Business Financial Analyst,1
Business Analyst,business analyst,unmatched,Lead/ Sr. Analyst – Business Research/ Market Intelligence/ Competitive Intelligence,1
Business Analyst,business analyst,matched,Business Analyst (Lokal Jobs),1
Business Analyst,business analyst,unmatched,Analyst - Business Solutions,1
Business Analyst,business analyst,matched,Salesforce Business Analyst (BA),1
Business Analyst,business analyst,matched,FS-RISK CONSULTING-FSRM - Basel III Business Analyst _CSTC-SENIOR,1
Business Analyst,business analyst,matched,Risk IT Business analyst,1
Business Analyst,business analyst,matched,SAP Business Analyst with Success Factors,1
Business Analyst,business analyst,matched,Senior Business Analyst with Tax / SAC / S/4HANA,1
Business Analyst,business analyst,matched,Senior Business Analyst – Tax / SAC / S/4HANA,1
Business Analyst,business analyst,mapped:Financial Analyst,Business & Financial Analyst,1
Business Analyst,business analyst,matched,"Lead Business functional Analyst, VP",1
Business Analyst,business analyst,matched,"Senior Business Analyst, Sales and Use Tax",1
Business Analyst,business analyst,unmatched,Analyst - Business Partner,1
Business Analyst,business analyst,unmatched,Sr Analyst III Business Process Solutions,1
Business Analyst,business analyst,matched,"Senior Business Analyst, Actimize_(AML Expert)",1
Business Analyst,business analyst,matched,Business Analyst - Specification Management,1
Business Analyst,business analyst,matched,"Senior Business Analyst, Actimize (Payments & financial Fraud)",1
Business Analyst,business analyst,matched,Associate - Business Analyst,1
Business Analyst,business analyst,matched,Business Analyst – Digital Presence & SEO (Lead Generation Focus),1
Business Analyst,business analyst,matched,Business analyst key user and plant controlling,1
Business Analyst,business analyst,unmatched,Business Development Analyst II,1
Business Analyst,business analyst,unmatched,Business Continuity Operations Analyst II,1
Business Analyst,business analyst,mapped:Data Analyst,Group Finance Business Intelligence Analyst,1
Business Analyst,business analyst,matched,SAP Analytics Business Analyst (Tax & S/4HANA),1
Business Analyst,business analyst,matched,IT Business Analyst,1
Business Analyst,business analyst,matched,Salesforce nCino Business Analyst,1
Business Analyst,business analyst,matched,Business Systems Analyst (Banking exp),1
Business Analyst,business analyst,matched,"Lead, ERP Business Analyst",1
Business Analyst,business analyst,matched,Solution Consultant/Business Analyst - Tieto Banktech (m/f/d),1
Business Analyst,business analyst,matched,Business Analyst (Siddiq),1
Business Analyst,business analyst,matched,Business Analyst__Chennai/Hyderabad/Pune__Hybrid,1
Business Analyst,business analyst,matched,Business Analyst PB Advisory,1
Business Analyst,business analyst,matched,Business Analyst Calypso,1
Business Analyst,business analyst,unmatched,Analyst I Business Process Transactions,1
Business Analyst,business analyst,unmatched,Document & Business Solutions Cash Operations Support - Analyst,1
Business Analyst,business analyst,matched,Business Analyst – Payments,1
Business Analyst,business analyst,matched,"Business Analyst – Corporate Digital Banking, Payments & API Banking",1
Business Analyst,business analyst,matched,"Techanical Business Analyst - (SAP BW, Python, SQL, Power BI)",1
Business Analyst,business analyst,mapped:Data Analyst,"Senior Business Data Analyst - (DataBricks, SAP, Azure)",1
Business Analyst,business analyst,unmatched,Analyst - Business Consulting Risk - FS - CNS - RISK - FSRM - Mumbai,1
Business Analyst,business analyst,matched,Senior Business Analyst(Capital Market),1
Business Analyst,business analyst,matched,PCC Business Analyst - Assistant Vice President,1
Business Analyst,business analyst,matched,Associate Business Analyst - Purchasing,1
Business Analyst,business analyst,unmatched,Analyst - API Business,1
Business Analyst,business analyst,matched,Senior Business Analyst - Unpause,1
Business Analyst,business analyst,matched,IT Business Analyst - US 360 Insights Engineering,1
Business Analyst,business analyst,matched,SAP Business Analyst,1
Business Analyst,business analyst,matched,PCC Program Business Analyst - Assistant Manager,1
Business Analyst,business analyst,matched,Associate Manager Business Analyst,1
Business Analyst,business analyst,matched,Business Analyst 2,1
Business Analyst,business analyst,mapped:Financial Analyst,Business Finance Analyst,1
Business Analyst,business analyst,matched,"Business Systems Analyst, Source to Pay",1
Business Analyst,business analyst,unmatched,"Analyst 2, Business Operations & Analytics",1
Business Analyst,business analyst,matched,Technology Lead Business Analyst - C13,1
Business Analyst,business analyst,unmatched,"Manager – Business and Strategy Analyst, CIO Office",1
Business Analyst,business analyst,matched,Associate Business Analyst,1
Business Analyst,business analyst,matched,Deputy Manager - Business Analyst,1
Business Analyst,business analyst,matched,"Senior Business Systems Analyst, SAP IBP Planning",1
Business Analyst,business analyst,matched,Business Analyst - PA26AUTRQ3136,1
Business Analyst,business analyst,matched,Business Analyst | Bangalore | India,1
Business Analyst,business analyst,matched,Business Analyst - Assistant Manager - Lending,1
Business Analyst,business analyst,matched,"Front Office Business Analyst – Agile SDLC, Cloud & Technology Solutions",1
Business Analyst,business analyst,mapped:Data Analyst,Business Intelligence and Data Analyst,1
Business Analyst,business analyst,matched,Business Analyst - Liquidity Risk Management,1
Business Analyst,business analyst,mapped:Data Analyst,"Business Intelligence Analyst, Revenue Operations (India Remote) - Hours 1-9pm IST",1
Business Analyst,business analyst,matched,Manager- Policy Owner Service (Business Analyst- SQL),1
Business Analyst,business analyst,matched,Sr. Business Analyst - Corporate Financial Systems,1
Business Analyst,business analyst,ambiguous_multi,Business Analyst Data Analyst JobID JC0015828,1
Business Analyst,business analyst,matched,"Senior Business Analyst, Treasury",1
Business Analyst,business analyst,unmatched,Financial Planning Analyst - Business Finance,1
Business Analyst,business analyst,unmatched,Analyst Business Intelligence,1
Business Analyst,business analyst,matched,Lead Business Analyst – VP,1
Business Analyst,business analyst,unmatched,Principal Business Process Analyst-ServiceNow,1
Business Analyst,business analyst,matched,SAP LE Business Analyst,1
Business Analyst,business analyst,ambiguous_multi,Sky Branch - Business Analyst-Sky Channel-Product Manager,1
Business Analyst,business analyst,matched,"Business Analyst: Carrier Data, Integrations & Automation (Commercial Insurance)",1
Business Analyst,business analyst,matched,Junior Business Analyst,1
Business Analyst,business analyst,matched,Finance Change Business Analyst,1
Business Analyst,business analyst,matched,Client Business Analyst,1
Business Analyst,business analyst,matched,Business Analyst/SME,1
Business Analyst,business analyst,matched,ServiceNow Business Analyst,1
Business Analyst,business analyst,matched,Oracle EBS P2P AP Functional Lead Business Analyst,1
Business Analyst,business analyst,matched,Oracle EBS P2P GL Functional Senior Business Analyst,1
Business Analyst,business analyst,matched,Oracle EBS GL Finance Functional Consultant - Lead Business Analyst,1
Business Analyst,business analyst,matched,Senior Business Analyst - Cloud Migration - M/SM Level,1
Business Analyst,business analyst,matched,Business Analyst – Post Sales,1
Business Analyst,business analyst,matched,Business Analyst - Banking at Compunet Connections,1
Business Analyst,business analyst,matched,Business Analyst - Presales,1
Business Analyst,business analyst,matched,Intern - Business Analyst,1
Business Analyst,business analyst,matched,Business Analyst Intern 6 months (onsite),1
Business Analyst,business analyst,unmatched,Oracle Business Systems & Test Analyst,1
Business Analyst,business analyst,unmatched,Senior Analyst- Business Process,1
Business Analyst,business analyst,matched,Business Analyst AI,1
Business Analyst,business analyst,unmatched,Application Testing & Business Process Analyst,1
Business Analyst,business analyst,unmatched,"Analyst, Shared Business Services (Secondaries Real Estate)",1
Business Analyst,business analyst,matched,PCC Business Analyst - Assistant Manager,1
Business Analyst,business analyst,matched,Business Ops System Analyst 1,1
Business Analyst,business analyst,unmatched,Sr Analyst I Finance Business Partner,1
Business Analyst,business analyst,matched,Business Analyst Quality Control Solutions- Setlab,1
Business Analyst,business analyst,matched,Business Analyst Tax ( MIC ) MMH260714-1,1
Business Analyst,business analyst,matched,BUSINESS ANALYST L5,1
Business Analyst,business analyst,unmatched,"Senior Analyst, Business Intelligence",1
Business Analyst,business analyst,matched,Senior Business Analyst - Commercial AI & Digital Solutions,1
Business Analyst,business analyst,matched,Business Analyst with Pre-Sales,1
Business Analyst,business analyst,matched,Senior Associate - Business Analyst​,1
Business Analyst,business analyst,unmatched,Business Development Analyst,1
Business Analyst,business analyst,matched,EHS Business Analyst,1
Business Analyst,business analyst,matched,Senior IT Business System Analyst - SAP MM,1
Business Analyst,business analyst,matched,Senior Business Analyst – Commercial AI & Digital Solutions,1
Business Analyst,business analyst,matched,Senior Business Analyst/ Associate LAS,1
Business Analyst,business analyst,matched,IT Security Business Analyst,1
Business Analyst,business analyst,matched,BUSINESS ANALYST L4,1
Business Analyst,business analyst,matched,Business analyst,1
Business Analyst,business analyst,matched,Assistant Manager - Business Analyst,1
Business Analyst,business analyst,matched,Business Analyst Intern (Summer 2027),1
Business Analyst,business analyst,unmatched,"Analyst, Credit Business Operations",1
Business Analyst,business analyst,matched,Business Analyst(AI products in the Enterprise SaaS segment),1
Business Analyst,business analyst,unmatched,Business Operations Analyst Night Shift,1
Business Analyst,business analyst,matched,PMO Director Program Operations Manager Senior Business Analyst,1
Business Analyst,business analyst,matched,Lead - Business Analyst (EX SMB),1
Business Analyst,business analyst,matched,Business Analyst - Indirect Tax Operations,1
Business Analyst,business analyst,matched,Business Analyst (Fully Remote) – Top US MNC (Enterprise Software),1
Business Analyst,business analyst,matched,"Sr. Business Analyst for ""Tablet Support, Mobile Device Management""",1
Business Analyst,business analyst,matched,"Senior Specialist, Business Analyst",1
Business Analyst,business analyst,unmatched,Lead Analyst Business System(Workday Recruiting),1
Business Analyst,business analyst,unmatched,Senior Analyst - Business Analytics,1
Business Analyst,business analyst,unmatched,IT Business Solutions Analyst WTM,1
Business Analyst,business analyst,matched,"Business Analyst - UK, South Africa or India",1
Business Analyst,business analyst,matched,Business Analyst - Associate - Online-GUT,1
Business Analyst,business analyst,matched,Business Analyst -Workday - Benefits Configuration Engineer,1
Business Analyst,business analyst,unmatched,Business Interlock Senior Analyst,1
Business Analyst,business analyst,matched,Infor ERPLn Senior Finance Business Analyst,1
Business Analyst,business analyst,matched,Business Analyst/BSA/Process Analyst,1
Business Analyst,business analyst,matched,Senior Business Analyst(Finance Domain),1
Business Analyst,business analyst,matched,Business Analyst - Process Governance| Mumbai,1
Business Analyst,business analyst,matched,"Technical Business Analyst – VisionPLUS, Cards & Payments, SQL",1
Business Analyst,business analyst,matched,Oracle Finance Business Analyst,1
Business Analyst,business analyst,matched,Business Analyst (TPP)| Mumbai,1
Business Analyst,business analyst,matched,SAP Business Analyst-OTC,1
Business Analyst,business analyst,matched,Salesforce Technical Business Analyst,1
Business Analyst,business analyst,matched,Business Analyst - 12-Month Contract,1
Business Analyst,business analyst,matched,"Workday Technical Business Analyst, Global Talent Acquisition Operations",1
Business Analyst,business analyst,unmatched,Business Sys. Analysis Senior Analyst-Nexthink/ 1E Tachyon/ SysTrack,1
Business Analyst,business analyst,matched,"Technical Business Analyst, Officer",1
Business Analyst,business analyst,matched,Business analyst-Actuarial Analyst,1
Business Analyst,business analyst,matched,Business Analyst – Marketing Solutions,1
Business Analyst,business analyst,matched,Senior Associate- Business Analyst,1
Business Analyst,business analyst,unmatched,"Analyst, Specialist Business Development Treasures, Consumer Banking Group",1
Business Analyst,business analyst,matched,Back Office/Post-Trade Business Analyst,1
Business Analyst,business analyst,unmatched,Sr Analyst III Business Process Transactions/RR-0411227,1
Business Analyst,business analyst,matched,"Business Analyst, Ring Data Engineering Services",1
Business Analyst,business analyst,unmatched,Business Senior Technical Lead Analyst,1
Business Analyst,business analyst,matched,Bilingual Business Analyst,1
Business Analyst,business analyst,matched,Success Rate - Business Analyst,1
Business Analyst,business analyst,matched,BUSINESS ANALYST – PROCUREMENT TRANSFORMATION,1
Business Analyst,business analyst,matched,SAP BRIM Business Analyst,1
Business Analyst,business analyst,matched,business analyst,1
Business Analyst,business analyst,matched,Business Analyst - India Remote,1
Business Analyst,business analyst,matched,"Business Analyst, WHS Data",1
Business Analyst,business analyst,matched,SAP Business Analyst Data Migrations,1
Business Analyst,business analyst,matched,"Business Analyst II, WW FBA, FBA Analytics",1
Business Analyst,business analyst,matched,"Business Analyst - Decision Platform, RBS",1
Business Analyst,business analyst,matched,"Business Analyst II, Selling Partner Identity Verification (SPIV)",1
Business Analyst,business analyst,matched,"Business Analyst Support, IN Supply Chain - Speed",1
Business Analyst,business analyst,matched,"Business Analyst - Data Systems - Bengaluru, India",1
Business Analyst,business analyst,matched,IN_Sr Associate_Business Analyst- Techno Functional _GCC_Advisory_Pune,1
Business Analyst,business analyst,matched,Business Analyst - Power BI with Snowflake,1
Business Analyst,business analyst,matched,"Team Leader, IT Business Analyst",1
Business Analyst,business analyst,matched,"Business Analyst I, SPS Finance Insights & Analytics",1
Business Analyst,business analyst,matched,"Business Analyst II, Ops Analytics & Data Engineering",1
Business Analyst,business analyst,matched,GTM Business Systems Analyst - Post Sales,1
Business Analyst,business analyst,matched,GTM Senior Business Systems Analyst - Channel Sales,1
Business Analyst,business analyst,matched,"GTM Senior Business Systems Analyst, Pre-Sales",1
Business Analyst,business analyst,matched,Senior Business Analyst Mining (100% ),1
Business Analyst,business analyst,matched,Senior Business Analyst (Retail Analytics),1
Business Analyst,business analyst,matched,ServiceNow Business Analyst: ITSM,1
Business Analyst,business analyst,matched,ServiceNow Business Analyst: HRSD,1
Business Analyst,business analyst,matched,Capital Markets Technology Business Analyst - Assistant Vice President,1
Business Analyst,business analyst,matched,Data/BI/Business Analyst,1
Business Analyst,business analyst,matched,Travel Business Analyst,1
Business Analyst,business analyst,mapped:Data Analyst,Business Intelligence Analyst - II,1
Business Analyst,business analyst,unmatched,ServiceNow Principal Business Process Analyst,1
Business Analyst,systems analyst,matched,System Analyst,13
Business Analyst,systems analyst,matched,Business Systems Analyst,4
Business Analyst,systems analyst,matched,Senior Business Systems Analyst,4
Business Analyst,systems analyst,matched,IT Systems Analyst,3
Business Analyst,systems analyst,unmatched,Principal IT Analyst - Project Systems,3
Business Analyst,systems analyst,matched,Senior Business Systems Analyst (AI / Data Products),2
Business Analyst,systems analyst,unmatched,"Senior Analyst, System Administration",2
Business Analyst,systems analyst,matched,Financial Systems Analyst I,2
Business Analyst,systems analyst,matched,GB Commercial Systems Analyst,2
Business Analyst,systems analyst,matched,Financial Systems Analyst II,2
Business Analyst,systems analyst,matched,Pricing Systems Analyst,2
Business Analyst,systems analyst,matched,Senior Business Systems Analyst (Salesforce),2
Business Analyst,systems analyst,unmatched,"AMS Support Analyst, HR Systems",2
Business Analyst,systems analyst,matched,Staff Business System Analyst (RAR),2
Business Analyst,systems analyst,unmatched,"Analyst 2, Business Information Systems",2
Business Analyst,systems analyst,matched,Oracle AgilePLM Systems Analyst,2
Business Analyst,systems analyst,matched,Staff Business Systems Analyst (Salesforce),2
Business Analyst,systems analyst,matched,Credit System Analyst,2
Business Analyst,systems analyst,unmatched,Senior Billing Systems and Operations Analyst,2
Business Analyst,systems analyst,matched,"Sr. Business System Analyst, Compensation",2
Business Analyst,systems analyst,matched,Finance Systems Analyst,2
Business Analyst,systems analyst,matched,Sr. System Analyst,2
Business Analyst,systems analyst,unmatched,Senior Network/Systems Administration Analyst,2
Business Analyst,systems analyst,matched,System Analyst - Power BI/Python/VBA/R,2
Business Analyst,systems analyst,matched,Oracle Fusion Controls and System Analyst,2
Business Analyst,systems analyst,matched,System Analyst – Zena Batch Support,2
Business Analyst,systems analyst,matched,IT Business/System Analyst (Intraday Liquidity Management),2
Business Analyst,systems analyst,matched,Security System Analyst- Level 1,2
Business Analyst,systems analyst,matched,Oracle Cloud Systems Analyst,2
Business Analyst,systems analyst,unmatched,Sr Analyst Data Systems and Automation -( Data Governance- Policies and Standards),2
Business Analyst,systems analyst,matched,Specialist IS Business System Analyst RapidResponse (Maestro),2
Business Analyst,systems analyst,matched,"Business Systems Analyst - Oracle Fusion, ERP, Supply Chain & Manufacturing - 5 to 10 Yrs , BLR",2
Business Analyst,systems analyst,matched,System Analyst III - Oracle Cloud PLM,2
Business Analyst,systems analyst,matched,Senior System Analyst- SOLIDWORKS PDM Administrator,2
Business Analyst,systems analyst,matched,Product Analyst - System Simulation Thermal Simulation Engineer,2
Business Analyst,systems analyst,matched,Sr Systems Analyst,2
Business Analyst,systems analyst,matched,Mid Level SAP ERP Systems Analyst OTC,2
Business Analyst,systems analyst,matched,Associate System Analyst - Veeva Vault,2
Business Analyst,systems analyst,matched,Principal Business Systems Analyst,2
Business Analyst,systems analyst,matched,System Analyst 3,2
Business Analyst,systems analyst,matched,Business System Analyst,2
Business Analyst,systems analyst,unmatched,"Analyst II, Systems Operations",2
Business Analyst,systems analyst,matched,Business Systems Analyst - Sales Planning & Incentive Systems,2
Business Analyst,systems analyst,matched,"Enterprise Systems Analyst, Advisor",2
Business Analyst,systems analyst,matched,System Analyst SAP,2
Business Analyst,systems analyst,unmatched,"Lead Tech Analyst, HR Information Systems",2
Business Analyst,systems analyst,matched,Technical Systems Analyst,2
Business Analyst,systems analyst,matched,Senior Salesforce CPQ Business Systems Analyst (Techno-Functional),1
Business Analyst,systems analyst,matched,Business & Systems Analyst (BSA) - Remote,1
Business Analyst,systems analyst,unmatched,Sr Systems Integration Analyst,1
Business Analyst,systems analyst,unmatched,Associate Systems & Reporting Analyst [T500-29707],1
Business Analyst,systems analyst,unmatched,Lead. SAP TMS Analyst(Transportation Management Systems),1
Business Analyst,systems analyst,matched,PA26ITOFFQ3061 - Sr. Business Systems Analyst -Mobile,1
Business Analyst,systems analyst,matched,"Primary Systems Analyst, Officer",1
Business Analyst,systems analyst,matched,Sr Business Systems Analyst (Salesforce Service Cloud/ Experience Cloud),1
Business Analyst,systems analyst,unmatched,IT System Support Analyst - ECM,1
Business Analyst,systems analyst,matched,"Associate Systems Analyst, Senior Associate",1
Business Analyst,systems analyst,unmatched,Associate Systems & Reporting Analyst,1
Business Analyst,systems analyst,matched,Application Support/Technical Systems Analyst (Nostro & Signature Verification Systems) - India,1
Business Analyst,systems analyst,matched,Sr. Business Systems Analyst / Database Analyst( 7 yrs),1
Business Analyst,systems analyst,unmatched,Senior Analyst-Geographic Information System,1
Business Analyst,systems analyst,matched,Systems Analyst II (IND),1
Business Analyst,systems analyst,matched,System Analyst - Supply Chain - Junior,1
Business Analyst,systems analyst,matched,"Associate System Analyst, Senior Associate",1
Business Analyst,systems analyst,matched,"System Analyst - Tech Support, Officer",1
Business Analyst,systems analyst,matched,IT Systems Analyst_JSM,1
Business Analyst,systems analyst,matched,Group Senior System Analyst,1
Business Analyst,systems analyst,matched,System Analyst – SCG India,1
Business Analyst,systems analyst,matched,Business Systems Analyst (Banking exp),1
Business Analyst,systems analyst,unmatched,Application Analyst - IDD Systems,1
Business Analyst,systems analyst,unmatched,Zuora Revenue System -Senior Analyst,1
Business Analyst,systems analyst,matched,Systems Analyst: Functional Payables (Oracle Fusion)- Hyderabad (Hybrid)- Second Shift,1
Business Analyst,systems analyst,matched,Sr Systems Analyst (Oracle Fusion experience)- Hyderabad- Hybrid (2nd shift),1
Business Analyst,systems analyst,matched,Sr Systems Analyst (Contract to Cash)- Hyderabad (Hybrid)- Second Shift,1
Business Analyst,systems analyst,matched,Workday Prism & Accounting Systems Analyst,1
Business Analyst,systems analyst,matched,"Business Systems Analyst, Source to Pay",1
Business Analyst,systems analyst,matched,FP&A Systems Analyst,1
Business Analyst,systems analyst,matched,"Senior Business Systems Analyst, SAP IBP Planning",1
Business Analyst,systems analyst,matched,Workday Systems Analyst- Phenom Specialist,1
Business Analyst,systems analyst,unmatched,Principal Systems Services and Support Analyst,1
Business Analyst,systems analyst,unmatched,Systems Integration Analyst,1
Business Analyst,systems analyst,matched,Sr. Business Analyst - Corporate Financial Systems,1
Business Analyst,systems analyst,matched,Systems Analyst,1
Business Analyst,systems analyst,matched,Physical Security Systems Analyst,1
Business Analyst,systems analyst,matched,Senior System Analyst (Workday Techno-Functional),1
Business Analyst,systems analyst,unmatched,Senior Systems Management Analyst,1
Business Analyst,systems analyst,unmatched,Oracle Business Systems & Test Analyst,1
Business Analyst,systems analyst,matched,Business Ops System Analyst 1,1
Business Analyst,systems analyst,matched,Group System Analyst II,1
Business Analyst,systems analyst,matched,Senior IT Business System Analyst - SAP MM,1
Business Analyst,systems analyst,matched,SAP MM/LE Systems Analyst,1
Business Analyst,systems analyst,unmatched,Senior Analyst SAP Concur Systems,1
Business Analyst,systems analyst,matched,System Analyst - IT,1
Business Analyst,systems analyst,unmatched,Lead Analyst Business System(Workday Recruiting),1
Business Analyst,systems analyst,unmatched,Analyst Systems IT,1
Business Analyst,systems analyst,unmatched,Assoc Analyst Systems IT,1
Business Analyst,systems analyst,matched,Accounting System Analyst,1
Business Analyst,systems analyst,unmatched,Network & Systems Administration Senior Analyst [T500-29329],1
Business Analyst,systems analyst,matched,Associate System Analyst | Rajkot,1
Business Analyst,systems analyst,matched,​​Credit Risk System Analyst​,1
Business Analyst,systems analyst,matched,System Analyst L4,1
Business Analyst,systems analyst,unmatched,Network & Systems Administration Senior Analyst,1
Business Analyst,systems analyst,unmatched,Defence Intelligence Analyst – Unmanned Systems,1
Business Analyst,systems analyst,matched,"Business Analyst - Data Systems - Bengaluru, India",1
Business Analyst,systems analyst,unmatched,"Sr Analyst, Procurement Indirect Systems",1
Business Analyst,systems analyst,matched,Financial Systems Analyst,1
Business Analyst,systems analyst,matched,GTM Business Systems Analyst - Post Sales,1
Business Analyst,systems analyst,matched,GTM Senior Business Systems Analyst - Channel Sales,1
Business Analyst,systems analyst,matched,"GTM Senior Business Systems Analyst, Pre-Sales",1
Business Analyst,systems analyst,unmatched,Talent Mobility Information System (TMIS) Analyst,1
Business Analyst,systems analyst,matched,Finance Systems Analyst (D365 Finance & Operations),1
Business Analyst,systems analyst,matched,System Analyst Affiliatereferral Program,1
Business Analyst,systems analyst,matched,System Analyst 1,1
Business Analyst,systems analyst,matched,System Analyst AI,1
Business Analyst,systems analyst,matched,System Analyst Invest Growth,1
Business Analyst,systems analyst,matched,System Analyst Tangem Pay,1
Business Analyst,systems analyst,matched,System Analyst Mobile,1
Business Analyst,systems analyst,matched,System Analyst Us Equities Integration,1
Business Analyst,systems analyst,matched,Business Systems Analyst III,1
Business Analyst,systems analyst,matched,Senior Systems Analyst,1
Business Analyst,systems analyst,matched,"Business System Analyst II -(EMEA SHIFT) - Technology Solutions - SIO, Bengaluru",1
Business Analyst,systems analyst,matched,Business Systems Analyst II,1
Business Analyst,systems analyst,ambiguous_multi,Senior Business Systems Analyst - Product Owner,1
Business Analyst,systems analyst,unmatched,Assistant Analyst - Quality System Data Management,1
Business Analyst,systems analyst,unmatched,"Analyst, Supply Chain Systems ( SAP MM & WM)",1
Business Analyst,systems analyst,matched,"Business System Analyst II -(EMEA SHIFT) – Technology Solutions – SIO, Bengaluru",1
Business Analyst,systems analyst,matched,System Analyst - Payments| Chennai,1
Business Analyst,systems analyst,matched,"FTI Senior System Analyst (Oracle Hyperion, Tableau, AI)",1
Business Analyst,systems analyst,matched,Senior Business Systems Analyst I - SAP Security,1
Business Analyst,systems analyst,matched,CLM/CPQ Business Systems Analyst (BSA) & Test Lead,1
Business Analyst,systems analyst,unmatched,Finance Systems Senior Support Analyst,1
Business Analyst,systems analyst,unmatched,Analyst - Systems Risk & Controls,1
Business Analyst,systems analyst,unmatched,Laboratory Systems & QFS Analyst,1
Business Analyst,systems analyst,unmatched,Business system owner HighRadius Cloud Analyst,1
Business Analyst,systems analyst,matched,Technical System Analyst - Nostro Reconciliation (India),1
Business Analyst,systems analyst,matched,Senior Salesforce Business Systems Analyst,1
Business Analyst,systems analyst,unmatched,Engineering Systems Support Analyst,1
Business Analyst,systems analyst,matched,Business Analyst - Systems Engineer,1
Business Analyst,systems analyst,matched,Technical Business Systems Analyst,1
Business Analyst,systems analyst,matched,"Senior Business Systems Analyst, FICO",1
Business Analyst,systems analyst,unmatched,Test Diagnosis - Systems Triage Analyst,1
Business Analyst,systems analyst,unmatched,Greenhouse ATS Systems Support Analyst,1
Business Analyst,systems analyst,unmatched,Remote Senior Billing Systems and Operations Analyst,1
Business Analyst,systems analyst,matched,System Analyst - OBDX| Thane,1
Business Analyst,systems analyst,matched,Lead Business Systems Analyst - Immediate Joiner's only,1
Business Analyst,systems analyst,matched,Business Systems Analyst Sr Lead,1
Business Analyst,systems analyst,unmatched,Senior Analyst -Control System,1
Business Analyst,systems analyst,matched,Workday System Analyst - HRIS,1
Business Analyst,systems analyst,matched,Senior System Analyst- Data Warehouse,1
Business Analyst,systems analyst,matched,RCM Senior AI and Automation Systems Analyst,1
Business Analyst,systems analyst,matched,Enterprise Apps Business Systems Analyst,1
Business Analyst,systems analyst,matched,SAP CX Business Systems Analyst,1
Business Analyst,systems analyst,matched,Product Analyst - Propulsion Systems Structural Engineer,1
Business Analyst,systems analyst,unmatched,Cost Analyst_Steering & Braking System_Senior Engineer,1
Business Analyst,systems analyst,matched,Safety Systems Analyst II,1
Business Analyst,systems analyst,matched,Safety Systems Analyst,1
Business Analyst,systems analyst,matched,Senior Systems Analyst - Coupa,1
Business Analyst,systems analyst,matched,Sr. Business Systems Analyst (Swing Shift),1
Business Analyst,systems analyst,matched,Business Analyst - System Ticketing Platform,1
Business Analyst,systems analyst,matched,Business System Analyst Payments BA (JD1 to JD4) - SA/M,1
Business Analyst,systems analyst,matched,Senior SAP FICO Systems Business Analyst,1
Business Analyst,systems analyst,matched,Human Resources Information System Analyst,1
Business Analyst,systems analyst,matched,Senior Systems Analyst (Finance Workday),1
Business Analyst,systems analyst,unmatched,Analyst Business Systems,1
Business Analyst,systems analyst,matched,HRIS System Analyst,1
Business Analyst,systems analyst,matched,"Systems Analyst, Workday Hcm/Payroll",1
Business Analyst,systems analyst,unmatched,Systems Administration Senior Analyst,1
Business Analyst,systems analyst,unmatched,Insurance System Operations Analyst,1
Business Analyst,systems analyst,matched,Sr. Systems Analyst - Coupa,1
Business Analyst,systems analyst,ambiguous_multi,Business Systems Analyst / Product Manager,1
Business Analyst,systems analyst,unmatched,Senior Systems Programming Analyst (Windows Automation- Engg),1
Business Analyst,systems analyst,unmatched,Analyst- GFCC Systems Testing,1
Business Analyst,systems analyst,mapped:Data Analyst,Data Analyst – Engineering Systems,1
Business Analyst,systems analyst,matched,Dynamics Systems Analyst - Senior,1
Business Analyst,systems analyst,matched,HRMIS Systems Analyst,1
Business Analyst,systems analyst,unmatched,Senior Analyst Business Systems,1
Business Analyst,systems analyst,matched,Business Systems analyst,1
Business Analyst,systems analyst,unmatched,"Analyst I, Systems Operations",1
Business Analyst,systems analyst,unmatched,"Senior Analyst, Information Systems",1
Business Analyst,systems analyst,unmatched,Consultant Business Systems - Invision Patient Accounting Analyst Support,1
Business Analyst,systems analyst,unmatched,Consultant Business Systems (Revenue Cycle Applications Analyst),1
Business Analyst,systems analyst,matched,Business System Analyst - Oracle EBS / Cloud Account Receivable Lead,1
Business Analyst,systems analyst,matched,Associate Systems Analyst-QA,1
Business Analyst,systems analyst,matched,Business Systems Analyst – Sales Planning & Incentive Systems,1
Business Analyst,systems analyst,unmatched,Senior Analyst/Associate - Investment Systems Engineer,1
Business Analyst,systems analyst,matched,Business Systems Analyst Commercial Banking ncino & Salesforce,1
Business Analyst,systems analyst,matched,"Business Systems Analyst - Commercial Lending, nCino & Salesforce",1
Business Analyst,systems analyst,matched,Business Systems Analyst - Commercial Lending Platform Configuration Support,1
Business Analyst,systems analyst,matched,Business System Analyst | 3 - 6 Yrs (1864),1
Business Analyst,systems analyst,matched,Business System Analyst - BFS,1
Business Analyst,systems analyst,unmatched,Senior Business System Support Analyst,1
Business Analyst,systems analyst,unmatched,People Systems Senior Analyst,1
Business Analyst,systems analyst,matched,HR Systems Analyst,1
Business Analyst,systems analyst,matched,Sr. Business Systems Analyst - Order to Cash,1
Business Analyst,systems analyst,mapped:Data Analyst,Business Data Analyst - Transact system(GL),1
Business Analyst,systems analyst,matched,Ironclad Business Systems Analyst,1
Business Analyst,systems analyst,matched,Senior Finance Systems Analyst,1
Business Analyst,systems analyst,unmatched,Analyst Business Systems IT SAP FICO,1
Business Analyst,functional analyst,matched,Sr.Functional Analyst (ISG),4
Business Analyst,functional analyst,unmatched,Project Analyst - People Function,4
Business Analyst,functional analyst,matched,SAP Finance Functional Analyst,3
Business Analyst,functional analyst,unmatched,"Functional App Analyst, AFFS Accounting Onboarding",3
Business Analyst,functional analyst,matched,Functional Analyst,3
Business Analyst,functional analyst,unmatched,"Oracle HCM Techno-Functional Payroll - India Analyst III, Application Support",3
Business Analyst,functional analyst,matched,SAP Functional Analyst - GTS,2
Business Analyst,functional analyst,matched,Oracle EBS P2P AP Functional Senior Business Analyst,2
Business Analyst,functional analyst,unmatched,"Analyst II, Business Control Function SOX Tester",2
Business Analyst,functional analyst,matched,Senior Workday Functional Analyst,2
Business Analyst,functional analyst,matched,Functional Analyst - R12 Projects,2
Business Analyst,functional analyst,matched,"Oracle Applications Functional Analyst, FinTech Cash Application, OFA Cash Application",2
Business Analyst,functional analyst,matched,ERP Functional Analyst,2
Business Analyst,functional analyst,unmatched,Analyst Sr.- Functional SAP FI-CO,2
Business Analyst,functional analyst,unmatched,Senior Applications Analyst - I (SCM Functional),2
Business Analyst,functional analyst,matched,Senior Salesforce CPQ Business Systems Analyst (Techno-Functional),1
Business Analyst,functional analyst,matched,Oracle Fusion HCM Functional - Analyst,1
Business Analyst,functional analyst,matched,WINDCHILL FUNCTIONAL CONSULTANT / BUSINESS ANALYST,1
Business Analyst,functional analyst,unmatched,Analyst Oracle SCM Functional-L1 - Pune,1
Business Analyst,functional analyst,unmatched,"Analyst, Oracle HCM Fusion Functional-L1 - Pune",1
Business Analyst,functional analyst,unmatched,"Analyst II, Functional Property Accountant",1
Business Analyst,functional analyst,matched,Senior Consultant / Consultant - Functional Analyst,1
Business Analyst,functional analyst,matched,Salesforce CRM Functional Analyst,1
Business Analyst,functional analyst,unmatched,"Analyst II, Functional Construction Accounting",1
Business Analyst,functional analyst,matched,"Lead Business functional Analyst, VP",1
Business Analyst,functional analyst,matched,Functional Analyst - Supply Services,1
Business Analyst,functional analyst,unmatched,"USI-EH27-Consulting-FT-BF-SAP PAPM-Analyst, Functional Transformation",1
Business Analyst,functional analyst,matched,Systems Analyst: Functional Payables (Oracle Fusion)- Hyderabad (Hybrid)- Second Shift,1
Business Analyst,functional analyst,matched,Principal Functional Analyst SAP-FICO,1
Business Analyst,functional analyst,matched,IT functional analyst,1
Business Analyst,functional analyst,mapped:Data Analyst,Salesforce Functional Data Analyst JobID JC0015827,1
Business Analyst,functional analyst,matched,Senior System Analyst (Workday Techno-Functional),1
Business Analyst,functional analyst,matched,Oracle EBS P2P AP Functional Lead Business Analyst,1
Business Analyst,functional analyst,matched,Oracle EBS P2P GL Functional Senior Business Analyst,1
Business Analyst,functional analyst,matched,Oracle EBS GL Finance Functional Consultant - Lead Business Analyst,1
Business Analyst,functional analyst,matched,"Functional Analyst, Center of Excellence Oracle ERP & HCM",1
Business Analyst,functional analyst,matched,Oracle Functional Analyst - EBS SCM R12,1
Business Analyst,functional analyst,matched,Oracle Planning Functional Analyst,1
Business Analyst,functional analyst,matched,SAP S/4HANA Functional Analyst Planning,1
Business Analyst,functional analyst,matched,SAP S/4 HANA Functional Analyst Procure To Pay,1
Business Analyst,functional analyst,matched,IN_Sr Associate_Business Analyst- Techno Functional _GCC_Advisory_Pune,1
Business Analyst,functional analyst,matched,"Functional Analyst, Oracle HCM Center of Excellence",1
Business Analyst,functional analyst,matched,Oracle Fusion Techno-Functional Analyst,1
Business Analyst,functional analyst,matched,Functional Analyst – SCM,1
Business Analyst,functional analyst,ambiguous_multi,MS Dynamics CRM Functional Architect (Business Analyst),1
Business Analyst,functional analyst,matched,OTC Functional Analyst,1
Business Analyst,functional analyst,matched,Supply Chain: Order Scheduling & Backlog Management Functional Analyst,1
Business Analyst,functional analyst,matched,Oracle Finance (EBS) - Functional Analyst,1
Business Analyst,functional analyst,matched,Functional Business Analyst,1
Business Analyst,functional analyst,matched,Oracle EBS Techno-Functional Analyst,1
Business Analyst,functional analyst,matched,SAP ABAP Techno Functional Analyst,1
Business Analyst,functional analyst,matched,Supply Chain: Logistics Partner Onboarding Functional Analyst,1
Business Analyst,functional analyst,matched,Oracle Functional Analyst (Configuration),1
Business Analyst,functional analyst,matched,Associate Vice President - Senior Lead Functional Analyst,1
Business Analyst,functional analyst,matched,Functional Product Analyst (AA) - India,1
Business Analyst,functional analyst,matched,Enterprise Technology - SAP MM Functional Analyst,1
Business Analyst,functional analyst,matched,"Business Functional Analyst with German fluency (Midrange), AVP",1
Business Analyst,functional analyst,matched,Workday HCM Functional Analyst,1
Business Analyst,functional analyst,matched,SAP QM Functional Analyst,1
Business Analyst,functional analyst,matched,Senior Business Analyst - (Functional Consultant),1
Business Analyst,functional analyst,matched,SAP S4 Hana FI/CO Functional Analyst,1
Business Analyst,functional analyst,matched,Techno-Functional Analyst – Manufacturing Operations,1
Business Analyst,functional analyst,matched,Sr Functional Analyst (Transportation Management),1
Business Analyst,functional analyst,matched,Workday Functional Analyst - Recruitment,1
Business Analyst,functional analyst,unmatched,Internal Audit Analyst - Business Line Functions & Operations,1
Business Analyst,functional analyst,matched,Functional Analyst : License Mgmt,1
Business Analyst,functional analyst,matched,"Techno-Functional Analyst, Veeva Vault Quality, BCCI",1
Business Analyst,functional analyst,unmatched,Business Line Functions & Operations - Internal Audit Analyst,1
Business Analyst,functional analyst,mapped:Data Analyst,Business Data Analyst - Corporate Functions Technology,1
Business Analyst,functional analyst,matched,BizTalk Functional Analyst II,1
Business Analyst,functional analyst,matched,Techno Functional Analyst - AS400 & Lawson LID,1
Business Analyst,functional analyst,matched,ERP Functional Analyst I,1
Business Analyst,functional analyst,matched,HRMS Workday Functional Analyst,1
Business Analyst,functional analyst,matched,Functional SME/Business Analyst (Auto Finance/Asset Finance Domain),1
Business Analyst,functional analyst,unmatched,Functional Consultant/ Business Analysts - Commercial Loan Servicing,1
Business Analyst,functional analyst,matched,Sr. Functional Analyst - Tax,1
Business Analyst,functional analyst,matched,Functional Analyst - AS400,1
Business Analyst,functional analyst,matched,Functional Analyst Lead (Utilities  Business Analyst  Consultant),1
Business Analyst,functional analyst,matched,Functional Analyst - D365,1
Business Analyst,product analyst,matched,Product Analyst,18
Business Analyst,product analyst,matched,Senior Product Analyst,11
Business Analyst,product analyst,unmatched,Product Support Analyst,6
Business Analyst,product analyst,matched,Product Analyst II,5
Business Analyst,product analyst,mapped:Data Analyst,End to End Product Data Analyst,3
Business Analyst,product analyst,matched,Data Product Analyst,3
Business Analyst,product analyst,matched,Data Product Analyst Expert,3
Business Analyst,product analyst,ambiguous_multi,Business Analyst / Product Manager,3
Business Analyst,product analyst,matched,"Business Analyst II, Relay Product Excellence",3
Business Analyst,product analyst,matched,Senior Business Systems Analyst (AI / Data Products),2
Business Analyst,product analyst,unmatched,Product Management Senior Analyst,2
Business Analyst,product analyst,matched,Lead Parts Product Analyst-Authoriz,2
Business Analyst,product analyst,unmatched,Product Support Specialist (L3 Analyst),2
Business Analyst,product analyst,unmatched,Senior Analyst - Aftermarket Cust Training - Product Training,2
Business Analyst,product analyst,matched,Senior Product Analyst - I/II,2
Business Analyst,product analyst,unmatched,Visualization & Product Development Analyst,2
Business Analyst,product analyst,matched,Business Analyst BTC Product,2
Business Analyst,product analyst,unmatched,Analyst - Product Security,2
Business Analyst,product analyst,matched,"Business Analyst, Digital Products",2
Business Analyst,product analyst,unmatched,"Analyst, Technical Product Management",2
Business Analyst,product analyst,matched,Product Analyst - System Simulation Thermal Simulation Engineer,2
Business Analyst,product analyst,matched,Product Analyst Senior -Payments - Exp 4-6 years- Bangalore,1
Business Analyst,product analyst,matched,Risk Product Analyst,1
Business Analyst,product analyst,ambiguous_multi,SENIOR SALESFORCE BUSINESS ANALYST / PRODUCT OWNER,1
Business Analyst,product analyst,unmatched,Content & Product Ops Analyst (NIT/IIT/BITS/NSIT/DTU),1
Business Analyst,product analyst,ambiguous_multi,Product Manager / Business Analyst - AI Solutions,1
Business Analyst,product analyst,unmatched,Product Security Analyst_104076,1
Business Analyst,product analyst,unmatched,Associate Product Data Optimization Analyst - Data Science/Machine Learning [T500-29709],1
Business Analyst,product analyst,mapped:Data Analyst,Senior MDM Product Data Analyst,1
Business Analyst,product analyst,matched,Lead Product Analyst - AI Products,1
Business Analyst,product analyst,matched,"Product Analyst - Payments, Analysis, Problem Solving - 5-8 Years - Indore",1
Business Analyst,product analyst,unmatched,"Senior Analyst, Xactly Product Development Consultant",1
Business Analyst,product analyst,matched,Website Security Support - Product Analyst,1
Business Analyst,product analyst,matched,Digital Product Analyst,1
Business Analyst,product analyst,unmatched,Associate Product Data Optimisation Analyst,1
Business Analyst,product analyst,mapped:Project Manager,NPDI Project Manager Products and Solutions - Engineering Senior Analyst,1
Business Analyst,product analyst,unmatched,Product Ops Analyst,1
Business Analyst,product analyst,matched,Senior Product Analyst - 2026_1795,1
Business Analyst,product analyst,unmatched,"Product Operations Senior Analyst, Health Benefits",1
Business Analyst,product analyst,unmatched,Tier 1 AI Automation Engineer / Product Support Analyst,1
Business Analyst,product analyst,unmatched,Product Support Analyst I - VIP,1
Business Analyst,product analyst,matched,Senior IP Product Analyst,1
Business Analyst,product analyst,matched,IT ERP Product Analyst III,1
Business Analyst,product analyst,unmatched,Principal Product Ops Analyst- Veeva Vault Clinical,1
Business Analyst,product analyst,matched,Product Analyst Felicity Games,1
Business Analyst,product analyst,matched,Data Product Analyst Specialist,1
Business Analyst,product analyst,ambiguous_multi,Sky Branch - Business Analyst-Sky Channel-Product Manager,1
Business Analyst,product analyst,matched,Risk Analytics - Product Analyst - Manager,1
Business Analyst,product analyst,matched,Risk Analytics - Product Analyst - Senior,1
Business Analyst,product analyst,matched,Sr. Product Analyst - AI Products,1
Business Analyst,product analyst,matched,"Vice President, Product Analyst",1
Business Analyst,product analyst,matched,Deputy General Manager - Product Analyst Lead,1
Business Analyst,product analyst,matched,Sr. Product Analyst,1
Business Analyst,product analyst,matched,Business Analyst(AI products in the Enterprise SaaS segment),1
Business Analyst,product analyst,unmatched,Product Operations Analyst,1
Business Analyst,product analyst,unmatched,Senior Lead Product Operations Analyst,1
Business Analyst,product analyst,unmatched,Product Data Control Analyst,1
Business Analyst,product analyst,unmatched,"Quantitative Analyst, New Product Development",1
Business Analyst,product analyst,unmatched,Lead Engineer – 1 - I &O Product and Services Asset Analyst,1
Business Analyst,product analyst,matched,Product Analyst II (SCI),1
Business Analyst,product analyst,unmatched,"Risk Analyst, Relay Product Excellence",1
Business Analyst,product analyst,unmatched,"Sr. Analyst, Product Project Management (PET)",1
Business Analyst,product analyst,matched,Senior Product Analyst/Senior Analyst,1
Business Analyst,product analyst,unmatched,Global Investment Banking Product Control – Analyst,1
Business Analyst,product analyst,unmatched,Product Support Analyst III,1
Business Analyst,product analyst,matched,"Business Analyst, Product Development",1
Business Analyst,product analyst,unmatched,"Product Management Lead Analyst, Vice President",1
Business Analyst,product analyst,unmatched,"Product Management Senior Analyst, AVP (Hybrid)",1
Business Analyst,product analyst,ambiguous_multi,nCino Product Owner/Business Analyst - Lending - M/SM Level,1
Business Analyst,product analyst,ambiguous_multi,Senior Business Systems Analyst - Product Owner,1
Business Analyst,product analyst,matched,Senior - Product Analyst - Tax,1
Business Analyst,product analyst,matched,Product Analyst – Quality Vault,1
Business Analyst,product analyst,matched,"Senior Business Analyst, Product Development",1
Business Analyst,product analyst,matched,"Business Analyst II, Supply chain Product",1
Business Analyst,product analyst,matched,Product/Business Analyst,1
Business Analyst,product analyst,ambiguous_multi,Senior Business Analyst (Product Manager),1
Business Analyst,product analyst,matched,Functional Product Analyst (AA) - India,1
Business Analyst,product analyst,unmatched,"Analyst, Product Operations, Transportation",1
Business Analyst,product analyst,unmatched,Product Risk Analyst | PL,1
Business Analyst,product analyst,unmatched,Product Developer Analyst - Python & SQL - Officer,1
Business Analyst,product analyst,matched,"Product Analyst, Java/J2EE",1
Business Analyst,product analyst,matched,Digital Product Analyst I,1
Business Analyst,product analyst,matched,Product Specialist / Business Analyst,1
Business Analyst,product analyst,matched,Sr . Product Analyst,1
Business Analyst,product analyst,matched,Senior Product Analyst (FY25 B1-5),1
Business Analyst,product analyst,unmatched,Eccomerce Product Catalog & Research Analyst,1
Business Analyst,product analyst,matched,Digital Commerce AI Product Analyst,1
Business Analyst,product analyst,matched,"Staff Product Analyst, Consumer",1
Business Analyst,product analyst,matched,Digital Product Analyst II,1
Business Analyst,product analyst,matched,Global Investment Product Analyst,1
Business Analyst,product analyst,matched,Business Analyst (AI-based products),1
Business Analyst,product analyst,unmatched,Product Complaints Analyst 2,1
Business Analyst,product analyst,unmatched,Senior Product Complaints Analyst,1
Business Analyst,product analyst,matched,Lead Product Analyst,1
Business Analyst,product analyst,matched,Product Analyst - Propulsion Systems Structural Engineer,1
Business Analyst,product analyst,ambiguous_multi,Salesforce Business Analyst/Consultant (Product Owner),1
Business Analyst,product analyst,unmatched,Senior Product Operations Analyst New Delhi,1
Business Analyst,product analyst,unmatched,Product Operations Analyst Remote reputed company,1
Business Analyst,product analyst,matched,Senior Product Analyst - Finance Technology,1
Business Analyst,product analyst,matched,"Senior Business Analyst, Integrations & Products",1
Business Analyst,product analyst,matched,"Business Analyst III, Relay Product Excellence",1
Business Analyst,product analyst,unmatched,"Global Banking & Markets- Public, EQ Synthetic Products Group Trading-Analyst-Bengaluru",1
Business Analyst,product analyst,unmatched,Agile Product Management Lead Analyst - HIH - Evernorth,1
Business Analyst,product analyst,matched,Senior Business Analyst (B2B Service/Product,1
Business Analyst,product analyst,matched,Senior Business Analyst (B2B Service/Product),1
Business Analyst,product analyst,ambiguous_multi,Business Analyst / Product Manager – Finastra Payments,1
Business Analyst,product analyst,matched,Senior Product Analyst (Tier 1 College),1
Business Analyst,product analyst,unmatched,"Analyst, Business Intelligence (Operations, Product & Support)",1
Business Analyst,product analyst,ambiguous_multi,Business Systems Analyst / Product Manager,1
Business Analyst,product analyst,unmatched,Senior Quantitative Analyst – New Product Development,1
Business Analyst,product analyst,unmatched,"Lead Quantitative Analyst, New Product Development",1
Business Analyst,product analyst,mapped:Data Analyst,Business Intelligence Analyst - Product,1
Business Analyst,product analyst,matched,Associate Product Analyst (Technical Support - Windchill),1
Business Analyst,product analyst,unmatched,"Analyst, Customer & Product Support",1
Business Analyst,product analyst,mapped:Product Manager,"Analyst, Product Manager Schemes, Consumer Banking Group",1
Business Analyst,product analyst,matched,Product Analyst – US Mortgage Domain,1
Business Analyst,product analyst,unmatched,Product Mgmt Lead Analyst- C13,1
Business Analyst,product analyst,matched,Group Product Analyst II,1
Business Analyst,product analyst,unmatched,"Analyst, Product Operations (Databricks, Pyspark or Python and SQL)",1
Business Analyst,product analyst,mapped:Data Analyst,Product Data Analyst,1
Business Analyst,product analyst,matched,Product Analyst – Service Management Tool (SMT),1
Business Analyst,product analyst,unmatched,"Analyst - GRC Packaged Product (Archer, SN, OT, MS, OP)",1
Business Analyst,product analyst,unmatched,AI Analyst - Business Analytics and Product Intelligence,1
Business Analyst,product analyst,matched,Sr Product Analyst,1
Business Analyst,product analyst,matched,"Product Analyst – Operations Reference Data, AVP",1
Business Analyst,product analyst,ambiguous_multi,nCino Product Owner/Business Analyst,1
Business Analyst,product analyst,unmatched,Senior Product Quality Analyst - Retail and Corporate Banking,1
Business Analyst,product analyst,unmatched,Senior Analyst- Product Control,1
Business Analyst,product analyst,unmatched,Senior Analyst - Product Control,1
Financial Analyst,financial analyst,matched,Financial Analyst,46
Financial Analyst,financial analyst,matched,Senior Financial Analyst,17
Financial Analyst,financial analyst,unmatched,Financial Plan & Analysis Senior Analyst,14
Financial Analyst,financial analyst,matched,Finance Analyst,12
Financial Analyst,financial analyst,unmatched,"Senior Analyst, Finance Solutions",7
Financial Analyst,financial analyst,unmatched,Financial Plan & Analysis Analyst,7
Financial Analyst,financial analyst,matched,Financial Analyst II,6
Financial Analyst,financial analyst,matched,"Financial Analyst I, FOAA Leases",6
Financial Analyst,financial analyst,matched,Financial Analyst - Fully Remote,6
Financial Analyst,financial analyst,matched,Sr Finance Analyst,6
Financial Analyst,financial analyst,matched,Sr. Finance Analyst,5
Financial Analyst,financial analyst,matched,"Financial Analyst, FOAA - Payroll",5
Financial Analyst,financial analyst,matched,Financial Analyst I,4
Financial Analyst,financial analyst,matched,"Sr. Financial Analyst, Sr. Finance Analyst, RBS, Stores Tech Finance (STF)",4
Financial Analyst,financial analyst,matched,"Finance Analyst II, APAC ITX team",4
Financial Analyst,financial analyst,matched,"Financial Analyst I, GFS Services FP&A",4
Financial Analyst,financial analyst,unmatched,"FinOps Analyst - AP, Finance & Accounting",3
Financial Analyst,financial analyst,matched,"Financial Analyst II, FOAA Leo",3
Financial Analyst,financial analyst,mapped:Business Analyst,SAP Finance Functional Analyst,3
Financial Analyst,financial analyst,unmatched,Analyst - India Finance Team,3
Financial Analyst,financial analyst,matched,"Financial Analyst II, FOAA GST",3
Financial Analyst,financial analyst,ambiguous_multi,Financial Analyst I (Business Analyst),3
Financial Analyst,financial analyst,unmatched,"Analyst, Financial Operations",3
Financial Analyst,financial analyst,unmatched,Business Finance Senior Analyst,3
Financial Analyst,financial analyst,unmatched,Sr IT Analyst - SAP Finance/ECC/S4HANA,3
Financial Analyst,financial analyst,matched,"Senior Financial Analyst, IN FC Finance",3
Financial Analyst,financial analyst,matched,Financial Analyst Intern,3
Financial Analyst,financial analyst,matched,"Senior Financial Analyst, FOAA",3
Financial Analyst,financial analyst,matched,"Senior Financial Analyst, DEX Finance",3
Financial Analyst,financial analyst,matched,"Finance Analyst, IN Amazon Now Finance",3
Financial Analyst,financial analyst,matched,"Financial Analyst I, FOAA Accounts Payable",3
Financial Analyst,financial analyst,matched,"Financial Analyst III, FOAA Accounts Payable",3
Financial Analyst,financial analyst,matched,"Financial Analyst Intern, NL/RE&E Finance team",3
Financial Analyst,financial analyst,matched,"Finance Analyst, India AMZL Finance",3
Financial Analyst,financial analyst,matched,"Financial Analyst Intern, AMZL",3
Financial Analyst,financial analyst,matched,"Financial Analyst II, Financial Operations Accounting Analysis",3
Financial Analyst,financial analyst,unmatched,Financial Planning Analyst,2
Financial Analyst,financial analyst,matched,Business and Finance Analyst (Finance/FP&A) India (1 PM–10 PM Shift),2
Financial Analyst,financial analyst,matched,Financial Analyst 3,2
Financial Analyst,financial analyst,unmatched,Finance Operation Analyst,2
Financial Analyst,financial analyst,mapped:Business Analyst,Financial Systems Analyst I,2
Financial Analyst,financial analyst,matched,Senior Finance Analyst - Accounts Payable,2
Financial Analyst,financial analyst,unmatched,Lead Financial Planning & Analysis Analyst - Power BI Development,2
Financial Analyst,financial analyst,unmatched,Process Analyst - Trade Finance (French),2
Financial Analyst,financial analyst,matched,Lead Service Finance Analyst,2
Financial Analyst,financial analyst,mapped:Business Analyst,Financial Systems Analyst II,2
Financial Analyst,financial analyst,mapped:Business Analyst,Business Analyst - SAP Finance,2
Financial Analyst,financial analyst,matched,Project Finance Analyst,2
Financial Analyst,financial analyst,unmatched,Analyst 2 - Financial Planning & Analysis,2
Financial Analyst,financial analyst,matched,Financial Analyst-Record to Report,2
Financial Analyst,financial analyst,matched,Business Financial Analyst,2
Financial Analyst,financial analyst,matched,"Senior Financial Analyst, Consolidations",2
Financial Analyst,financial analyst,unmatched,"Financial and Regulatory Reporting Senior Analyst, AVP",2
Financial Analyst,financial analyst,unmatched,Finance Business Partner - Analyst,2
Financial Analyst,financial analyst,unmatched,Analyst Financial Planning & Analysis Technology,2
Financial Analyst,financial analyst,matched,Financial Analyst - AI Collaboration,2
Financial Analyst,financial analyst,matched,"Financial Analyst II, FOAA Accounting",2
Financial Analyst,financial analyst,unmatched,Financial Planning Lead Analyst,2
Financial Analyst,financial analyst,matched,"Sr. Financial Analyst, Cloud Infrastructure",2
Financial Analyst,financial analyst,unmatched,Senior Finance Operation Analyst,2
Financial Analyst,financial analyst,unmatched,"Analyst, External Manufacturing Finance",2
Financial Analyst,financial analyst,unmatched,Sr Analyst I Finance Business Partner,2
Financial Analyst,financial analyst,mapped:Business Analyst,Finance Systems Analyst,2
Financial Analyst,financial analyst,matched,GSF LEA Senior Finance Analyst,2
Financial Analyst,financial analyst,matched,"Financial Analyst I, FOAA",2
Financial Analyst,financial analyst,matched,Financial Analyst 1,2
Financial Analyst,financial analyst,unmatched,Senior Financial Planning Analyst,2
Financial Analyst,financial analyst,unmatched,Financial Reporting Analyst,2
Financial Analyst,financial analyst,matched,"Financial Analyst Intern, Accounting",2
Financial Analyst,financial analyst,matched,Senior Finance Analyst,2
Financial Analyst,financial analyst,unmatched,Financial Svcs Analyst,2
Financial Analyst,financial analyst,unmatched,Finance Deployment Lead Analyst - IMFT,2
Financial Analyst,financial analyst,mapped:Business Analyst,Salesforce Business Analyst in Financial Services Cloud (FSC),2
Financial Analyst,financial analyst,unmatched,"Sr Analyst, Financial Operations",2
Financial Analyst,financial analyst,matched,"Senior Financial Analyst, FP&A",2
Financial Analyst,financial analyst,matched,Plant Finance Analyst,2
Financial Analyst,financial analyst,matched,"Financial Analyst, GREF FP&A",2
Financial Analyst,financial analyst,unmatched,Senior Software Quality Assurance Analyst (SAP Finance / CFIN),1
Financial Analyst,financial analyst,unmatched,"Snr Solution Analyst – Finance – AP, VIM & integration",1
Financial Analyst,financial analyst,unmatched,Financial Planning & Analysis- Analyst,1
Financial Analyst,financial analyst,unmatched,Analyst - Financial Analysis (PXT P&A),1
Financial Analyst,financial analyst,unmatched,"Snr Solution Analyst – Finance – Cash, Bank & Receivables",1
Financial Analyst,financial analyst,matched,Senior Finance Analyst - General Accounting,1
Financial Analyst,financial analyst,matched,Production Financial Analyst,1
Financial Analyst,financial analyst,matched,"Financial Analyst, GFS FP&A",1
Financial Analyst,financial analyst,unmatched,"Lead, Finance Application Analyst-Tagetik",1
Financial Analyst,financial analyst,unmatched,Associate Senior Financial Reporting Analyst,1
Financial Analyst,financial analyst,matched,Project Finance Analyst - Infrastructure Finance / Clean Energy Finance - Officer,1
Financial Analyst,financial analyst,matched,Financial Analyst-Services Deliver,1
Financial Analyst,financial analyst,unmatched,Senior Analyst - Finance & Accounting,1
Financial Analyst,financial analyst,matched,Finance Analyst - Accounts Payable,1
Financial Analyst,financial analyst,matched,Finance & Accounts Executive / Financial Analyst-CA/CA Inter,1
Financial Analyst,financial analyst,unmatched,Process Analyst – Trade Finance (French),1
Financial Analyst,financial analyst,unmatched,Finance & Strategy Analyst,1
Financial Analyst,financial analyst,matched,Assistant Finance Analyst,1
Financial Analyst,financial analyst,unmatched,Financial Planning Analyst_4-7yrs_Kolkata_Face-to-Face Interview,1
Financial Analyst,financial analyst,unmatched,"Analyst, Financial Instruments and Technology",1
Financial Analyst,financial analyst,matched,IN_Specialist 3_ Finance Analyst _GCC_Advisory_Bangalore,1
Financial Analyst,financial analyst,matched,Financial Analyst - II,1
Financial Analyst,financial analyst,matched,Financial Analyst-Lease Enablement,1
Financial Analyst,financial analyst,unmatched,Finance Assoc Analyst,1
Financial Analyst,financial analyst,unmatched,Business Risk Analyst - Supply Chain Finance,1
Financial Analyst,financial analyst,mapped:Data Analyst,"Financial Data Analyst Intern, Technical Operations",1
Financial Analyst,financial analyst,unmatched,Financial Crime Intelligence Analyst - Crypto,1
Financial Analyst,financial analyst,unmatched,Financial Crime Intelligence Analyst - Fiat,1
Financial Analyst,financial analyst,unmatched,Finance & Strategy Senior Analyst,1
Financial Analyst,financial analyst,unmatched,Senior Financial Planning and Analysis Analyst,1
Financial Analyst,financial analyst,unmatched,Analyst Oracle Fusion Financials-L1 - Pune,1
Financial Analyst,financial analyst,matched,Financial Analyst - Cost Accounting Solutions,1
Financial Analyst,financial analyst,matched,Financial Analyst 4,1
Financial Analyst,financial analyst,matched,Reporting/Finance Analyst,1
Financial Analyst,financial analyst,unmatched,Accounting & Financial Reporting Analyst,1
Financial Analyst,financial analyst,matched,Lead Financial Analyst,1
Financial Analyst,financial analyst,unmatched,"Senior Analyst, Strategic Finance",1
Financial Analyst,financial analyst,unmatched,Analyst/Sr. Analyst – Legal & Compliance (Financing),1
Financial Analyst,financial analyst,matched,Business & Financial Analyst,1
Financial Analyst,financial analyst,matched,Trade Finance Analyst,1
Financial Analyst,financial analyst,mapped:Business Analyst,"Senior Business Analyst, Actimize (Payments & financial Fraud)",1
Financial Analyst,financial analyst,unmatched,Analyst III Finance Operations,1
Financial Analyst,financial analyst,matched,"Senior Financial Analyst (Consumer, Jetpac, Services)",1
Financial Analyst,financial analyst,unmatched,"Senior Analyst, Finance & Accounts",1
Financial Analyst,financial analyst,mapped:Data Analyst,Group Finance Business Intelligence Analyst,1
Financial Analyst,financial analyst,matched,Sr Financial Analyst II,1
Financial Analyst,financial analyst,unmatched,Finance Service Delivery Analyst,1
Financial Analyst,financial analyst,unmatched,Analyst/ Senior Analyst – Corporate Finance,1
Financial Analyst,financial analyst,unmatched,Principal Analyst - Financial Accounting / Associate Manager - Financial Accounting,1
Financial Analyst,financial analyst,matched,Business Finance Analyst,1
Financial Analyst,financial analyst,unmatched,Senior Analyst - EMEA - Fund Finance,1
Financial Analyst,financial analyst,unmatched,Senior Analyst - FPnA (Technology Finance & Commercial Finance),1
Financial Analyst,financial analyst,matched,Senior Accountant / Financial Analyst,1
Financial Analyst,financial analyst,matched,L3 - Senior Finance Analyst / Payroll Specialist,1
Financial Analyst,financial analyst,unmatched,Analyst Finance Transactions,1
Financial Analyst,financial analyst,mapped:Business Analyst,Sr. Business Analyst - Corporate Financial Systems,1
Financial Analyst,financial analyst,unmatched,Financial Planning Analyst - Business Finance,1
Financial Analyst,financial analyst,matched,Lead Finance Analyst,1
Financial Analyst,financial analyst,mapped:Business Analyst,Finance Change Business Analyst,1
Financial Analyst,financial analyst,mapped:Business Analyst,Oracle EBS GL Finance Functional Consultant - Lead Business Analyst,1
Financial Analyst,financial analyst,matched,Finance Analyst - IT,1
Financial Analyst,financial analyst,unmatched,"Senior Analyst, Financial Control",1
Financial Analyst,financial analyst,unmatched,Sr Analyst - Trade Finance,1
Financial Analyst,financial analyst,unmatched,Senior Financial Services Analyst,1
Financial Analyst,financial analyst,matched,Financial Analyst - Accounting,1
Financial Analyst,financial analyst,unmatched,"Compliance Analyst, Financial Crime Compliance QA",1
Financial Analyst,financial analyst,matched,Senior Technology Finance Analyst,1
Financial Analyst,financial analyst,matched,FP&A Financial Analyst - CP&O,1
Financial Analyst,financial analyst,unmatched,Sr Analyst Accounting & Financial Reporting,1
Financial Analyst,financial analyst,matched,Finance Analyst (Chartered Accountant),1
Financial Analyst,financial analyst,matched,"Senior Financial Analyst, IME Finance",1
Financial Analyst,financial analyst,matched,"Sr. Financial Analyst, FP&A Intl, APAC Region",1
Financial Analyst,financial analyst,mapped:Business Analyst,Infor ERPLn Senior Finance Business Analyst,1
Financial Analyst,financial analyst,matched,Principal Financial Analyst,1
Financial Analyst,financial analyst,unmatched,Strategic Finance Expert - Analyst,1
Financial Analyst,financial analyst,mapped:Business Analyst,Senior Business Analyst(Finance Domain),1
Financial Analyst,financial analyst,matched,Financial Analyst-Controllership and Tax,1
Financial Analyst,financial analyst,mapped:Business Analyst,Oracle Finance Business Analyst,1
Financial Analyst,financial analyst,unmatched,Financial Planning & Reporting Analyst,1
Financial Analyst,financial analyst,matched,Financial Analyst (Entry-Level),1
Financial Analyst,financial analyst,matched,Senior Financial Analyst - Site Operations,1
Financial Analyst,financial analyst,matched,Financial Analyst I/ II,1
Financial Analyst,financial analyst,matched,"Financial Analyst, FP&A - India",1
Financial Analyst,financial analyst,matched,Freight & Logistics Finance Analyst,1
Financial Analyst,financial analyst,matched,Senior Financial Analyst – Site Operations,1
Financial Analyst,financial analyst,matched,AWM Management-CSG Finance-Analyst-Bengaluru,1
Financial Analyst,financial analyst,mapped:Data Analyst,Data Analyst Intern (Finance) - January to May 2027,1
Financial Analyst,financial analyst,unmatched,Senior Analyst Finance & Accounts,1
Financial Analyst,financial analyst,matched,Financial Analyst (Project Finance),1
Financial Analyst,financial analyst,matched,Financial Analyst II - FBP,1
Financial Analyst,financial analyst,matched,"Financial Analyst II, ASSPL Finance Team",1
Financial Analyst,financial analyst,matched,Financial Analyst Trainee,1
Financial Analyst,financial analyst,matched,"Senior Financial Analyst, WW Ops Finance",1
Financial Analyst,financial analyst,matched,Lead Finance Analyst: APAC GCC FP&A,1
Financial Analyst,financial analyst,matched,"Senior Financial Analyst, Data Center Finance",1
Financial Analyst,financial analyst,matched,"Financial Analyst II, GREF FP&A",1
Financial Analyst,financial analyst,mapped:Business Analyst,"Business Analyst I, SPS Finance Insights & Analytics",1
Financial Analyst,financial analyst,mapped:Business Analyst,Financial Systems Analyst,1
Financial Analyst,financial analyst,unmatched,Sr. Analyst- Financial Planning & Analysis,1
Financial Analyst,financial analyst,unmatched,Analyst Finance,1
Financial Analyst,financial analyst,matched,Corporate Accounting Financial Analyst,1
Financial Analyst,financial analyst,unmatched,"Lead Analyst, Finance Project Controlling",1
Financial Analyst,financial analyst,unmatched,Financial Planning and Analysis Analyst,1
Financial Analyst,financial analyst,matched,SOX Senior Financial Analyst,1
Financial Analyst,financial analyst,mapped:Business Analyst,Finance Systems Analyst (D365 Finance & Operations),1
Financial Analyst,financial analyst,mapped:Data Analyst,Middle Financial BI Analyst,1
Financial Analyst,financial analyst,mapped:Business Analyst,"Business Analyst, Finance",1
Financial Analyst,financial analyst,matched,Financial Analyst IV / TL,1
Financial Analyst,financial analyst,matched,"Financial Analyst, Customer Revenue",1
Financial Analyst,financial analyst,matched,Accountant(Financial Analyst),1
Financial Analyst,financial analyst,unmatched,Software Analyst– Finance Technology (FICO),1
Financial Analyst,financial analyst,matched,Corporate Financial Analyst,1
Financial Analyst,financial analyst,matched,Associate/Sr. Associte Financial Analyst,1
Financial Analyst,financial analyst,mapped:Data Analyst,"Data Analyst, Finance and Payments",1
Financial Analyst,financial analyst,mapped:Business Analyst,"Sr. Business Analyst, SAP Financials",1
Financial Analyst,financial analyst,matched,"Sr. Finance Analyst, Global Internal Audit",1
Financial Analyst,financial analyst,matched,Finance Analyst - Generalaccoun,1
Financial Analyst,financial analyst,matched,Senior Financial Analyst-Supply Chain Finance,1
Financial Analyst,financial analyst,mapped:Business Analyst,Oracle Finance (EBS) - Functional Analyst,1
Financial Analyst,financial analyst,matched,Financial Analyst I - AP,1
Financial Analyst,financial analyst,unmatched,Senior Financial Control Analyst,1
Financial Analyst,financial analyst,matched,Senior Quantitative Finance Analyst (Financial Engineer),1
Financial Analyst,financial analyst,matched,Sales Compensation Financial Analyst,1
Financial Analyst,financial analyst,matched,Oracle Finance Analyst,1
Financial Analyst,financial analyst,unmatched,Risk Analyst Structured Finance,1
Financial Analyst,financial analyst,matched,Project Financial Analyst 1,1
Financial Analyst,financial analyst,matched,"Financial Analyst, Defined Contribution - India",1
Financial Analyst,financial analyst,unmatched,Client Financial Mgmt Analyst,1
Financial Analyst,financial analyst,unmatched,Project Finance Contract Analyst,1
Financial Analyst,financial analyst,matched,"Sr. Financial Analyst, GFS FP&A, GFS FP&A",1
Financial Analyst,financial analyst,unmatched,"Analyst II, Data Assurance , Finance",1
Financial Analyst,financial analyst,matched,Finance Analyst-2,1
Financial Analyst,financial analyst,matched,Finance Analyst - Senior Executive,1
Financial Analyst,financial analyst,matched,Finance Analyst - FP&A,1
Financial Analyst,financial analyst,mapped:Data Analyst,"Associate, Finance Technology Data Analyst",1
Financial Analyst,financial analyst,mapped:Business Analyst,Lead Business Analyst - Project Financial Management,1
Financial Analyst,financial analyst,unmatched,Financial Crime Review Analyst,1
Financial Analyst,financial analyst,unmatched,"Analyst, Financial Modeling",1
Financial Analyst,financial analyst,matched,"Financial Analyst, Renewable Energy",1
Financial Analyst,financial analyst,unmatched,"Senior Analyst, Licensing Commercial Finance",1
Financial Analyst,financial analyst,unmatched,Finance Controls and Reporting-Senior Analyst,1
Financial Analyst,financial analyst,unmatched,Finance Systems Senior Support Analyst,1
Financial Analyst,financial analyst,unmatched,Finance EPM Senior Analyst,1
Financial Analyst,financial analyst,matched,Financial Analyst Investor Relations,1
Financial Analyst,financial analyst,matched,Financial Analyst-Voice,1
Financial Analyst,financial analyst,mapped:Business Analyst,Business Analyst (Financial or Credit Risk Management) - KPMG,1
Financial Analyst,financial analyst,unmatched,Finance Sr. Analyst,1
Financial Analyst,financial analyst,matched,Financial Analyst - Controlling Planning & Operations,1
Financial Analyst,financial analyst,unmatched,"Analyst, Finance - R01570504",1
Financial Analyst,financial analyst,unmatched,Analyst - Project Finance & Infrastructure Credit Risk,1
Financial Analyst,financial analyst,unmatched,Analyst - Finance Data Capability,1
Financial Analyst,financial analyst,unmatched,Analyst - Financial Planning & Analysis,1
Financial Analyst,financial analyst,unmatched,US Equity Research Analyst Financial Modelling and Valuation Visakhapatnam,1
Financial Analyst,financial analyst,matched,Senior Financial Analyst - 2nd Shift OR 3rd shift,1
Financial Analyst,financial analyst,unmatched,Sr. D&T Analyst – Finance,1
Financial Analyst,financial analyst,unmatched,Senior Financial Analytics Analyst,1
Financial Analyst,financial analyst,unmatched,Finance Process & Ops Analyst,1
Financial Analyst,financial analyst,unmatched,Analyst Financial Advisory Support,1
Financial Analyst,financial analyst,unmatched,Senior Analyst- Financial Planning & Analysis,1
Financial Analyst,financial analyst,unmatched,IN_Sr Associate_Finance Transformation Analyst – Black Line Support_GCC_Advisory_Bangalore,1
Financial Analyst,financial analyst,matched,"XBRL Financial Analyst, Associate",1
Financial Analyst,financial analyst,matched,Finance Analyst - Seeds FC Finance AMEA,1
Financial Analyst,financial analyst,unmatched,Workday Finance C2C - Analyst,1
Financial Analyst,financial analyst,unmatched,Senior Analyst - Commercial Finance,1
Financial Analyst,financial analyst,matched,Financial Analyst MIS,1
Financial Analyst,financial analyst,matched,Financial Analyst-Accounts Payable,1
Financial Analyst,financial analyst,unmatched,Junior Analyst - Financial Reporting,1
Financial Analyst,financial analyst,unmatched,Senior Analyst - Financial Reporting & Control,1
Financial Analyst,financial analyst,unmatched,Senior Operations Analyst Financial,1
Financial Analyst,financial analyst,unmatched,SAP S/4HANA Central Finance AIF Support Analyst,1
Financial Analyst,financial analyst,matched,Finance Analyst III,1
Financial Analyst,financial analyst,matched,Associate Financial Analyst,1
Financial Analyst,financial analyst,unmatched,"Senior Analyst Finance, Accounting & External Reporting",1
Financial Analyst,financial analyst,unmatched,Analyst ISC Finance,1
Financial Analyst,financial analyst,unmatched,Senior Analyst - Business Insights (Finance),1
Financial Analyst,financial analyst,unmatched,Senior Analyst Finance,1
Financial Analyst,financial analyst,unmatched,Analyst - Finance,1
Financial Analyst,financial analyst,unmatched,Analyst Finance (Salesforce),1
Financial Analyst,financial analyst,unmatched,IT Applications Analyst - Oracle Fusion Technical Finance,1
Financial Analyst,financial analyst,unmatched,"Analyst, Financial",1
Financial Analyst,financial analyst,mapped:Business Analyst,Finance Business Analyst,1
Financial Analyst,financial analyst,unmatched,Analyst - Global Financial Crimes Technology,1
Financial Analyst,financial analyst,matched,Financial Analyst – Sr Associate,1
Financial Analyst,financial analyst,unmatched,Analyst (Finance & Statutory Audits),1
Financial Analyst,financial analyst,mapped:Business Analyst,Senior Product Analyst - Finance Technology,1
Financial Analyst,financial analyst,mapped:Data Analyst,Financial Data Analyst (Reference Data/Financial Instruments),1
Financial Analyst,financial analyst,matched,"Financial Analyst , Selling Partner Risk Management",1
Financial Analyst,financial analyst,mapped:Business Analyst,Senior Systems Analyst (Finance Workday),1
Financial Analyst,financial analyst,matched,Sr Finance Analyst (PS),1
Financial Analyst,financial analyst,unmatched,Financial Solutions Analyst,1
Financial Analyst,financial analyst,unmatched,Analyst - Funds Finance (FF),1
Financial Analyst,financial analyst,ambiguous_multi,Senior Associate - Finance Data Analyst / Architect – Finance Consulting,1
Financial Analyst,financial analyst,unmatched,Pune Walk-in | Financial Market | Analyst Hiring,1
Financial Analyst,financial analyst,matched,Corporate Finance Analyst - Fully Remote,1
Financial Analyst,financial analyst,matched,Senior Project Finance Analyst - India,1
Financial Analyst,financial analyst,matched,Supply Chain Financial Analyst,1
Financial Analyst,financial analyst,unmatched,Finance Research Analyst - Expert,1
Financial Analyst,financial analyst,unmatched,Senior Financial Crime Analyst,1
Financial Analyst,financial analyst,matched,Sr Financial Analyst,1
Financial Analyst,financial analyst,unmatched,"Analyst, Financial Planning and Analysis",1
Financial Analyst,financial analyst,matched,Financial Analyst-II,1
Financial Analyst,financial analyst,matched,Senior Financial Analyst (Workday Adaptive Developer),1
Financial Analyst,financial analyst,matched,Asst Finance Analyst,1
Financial Analyst,financial analyst,matched,Financial Analyst 2,1
Financial Analyst,financial analyst,matched,Finance Analyst 2,1
Financial Analyst,finance analyst,matched,Financial Analyst,46
Financial Analyst,finance analyst,matched,Senior Financial Analyst,17
Financial Analyst,finance analyst,unmatched,Financial Plan & Analysis Senior Analyst,14
Financial Analyst,finance analyst,matched,Finance Analyst,12
Financial Analyst,finance analyst,unmatched,"Senior Analyst, Finance Solutions",7
Financial Analyst,finance analyst,unmatched,Financial Plan & Analysis Analyst,7
Financial Analyst,finance analyst,matched,Financial Analyst II,6
Financial Analyst,finance analyst,matched,"Financial Analyst I, FOAA Leases",6
Financial Analyst,finance analyst,matched,Financial Analyst - Fully Remote,6
Financial Analyst,finance analyst,matched,Sr Finance Analyst,6
Financial Analyst,finance analyst,matched,Sr. Finance Analyst,5
Financial Analyst,finance analyst,matched,"Financial Analyst, FOAA - Payroll",5
Financial Analyst,finance analyst,matched,Financial Analyst I,4
Financial Analyst,finance analyst,matched,"Sr. Financial Analyst, Sr. Finance Analyst, RBS, Stores Tech Finance (STF)",4
Financial Analyst,finance analyst,matched,"Finance Analyst II, APAC ITX team",4
Financial Analyst,finance analyst,matched,"Financial Analyst I, GFS Services FP&A",4
Financial Analyst,finance analyst,unmatched,"FinOps Analyst - AP, Finance & Accounting",3
Financial Analyst,finance analyst,matched,"Financial Analyst II, FOAA Leo",3
Financial Analyst,finance analyst,mapped:Business Analyst,SAP Finance Functional Analyst,3
Financial Analyst,finance analyst,unmatched,Analyst - India Finance Team,3
Financial Analyst,finance analyst,matched,"Financial Analyst II, FOAA GST",3
Financial Analyst,finance analyst,ambiguous_multi,Financial Analyst I (Business Analyst),3
Financial Analyst,finance analyst,unmatched,"Analyst, Financial Operations",3
Financial Analyst,finance analyst,unmatched,Business Finance Senior Analyst,3
Financial Analyst,finance analyst,unmatched,Sr IT Analyst - SAP Finance/ECC/S4HANA,3
Financial Analyst,finance analyst,matched,"Senior Financial Analyst, IN FC Finance",3
Financial Analyst,finance analyst,matched,Financial Analyst Intern,3
Financial Analyst,finance analyst,matched,"Senior Financial Analyst, FOAA",3
Financial Analyst,finance analyst,matched,"Senior Financial Analyst, DEX Finance",3
Financial Analyst,finance analyst,matched,"Finance Analyst, IN Amazon Now Finance",3
Financial Analyst,finance analyst,matched,"Financial Analyst I, FOAA Accounts Payable",3
Financial Analyst,finance analyst,matched,"Financial Analyst III, FOAA Accounts Payable",3
Financial Analyst,finance analyst,matched,"Financial Analyst Intern, NL/RE&E Finance team",3
Financial Analyst,finance analyst,matched,"Finance Analyst, India AMZL Finance",3
Financial Analyst,finance analyst,matched,"Financial Analyst Intern, AMZL",3
Financial Analyst,finance analyst,matched,"Financial Analyst II, Financial Operations Accounting Analysis",3
Financial Analyst,finance analyst,unmatched,Financial Planning Analyst,2
Financial Analyst,finance analyst,matched,Business and Finance Analyst (Finance/FP&A) India (1 PM–10 PM Shift),2
Financial Analyst,finance analyst,matched,Financial Analyst 3,2
Financial Analyst,finance analyst,unmatched,Finance Operation Analyst,2
Financial Analyst,finance analyst,mapped:Business Analyst,Financial Systems Analyst I,2
Financial Analyst,finance analyst,matched,Senior Finance Analyst - Accounts Payable,2
Financial Analyst,finance analyst,unmatched,Lead Financial Planning & Analysis Analyst - Power BI Development,2
Financial Analyst,finance analyst,unmatched,Process Analyst - Trade Finance (French),2
Financial Analyst,finance analyst,matched,Lead Service Finance Analyst,2
Financial Analyst,finance analyst,mapped:Business Analyst,Financial Systems Analyst II,2
Financial Analyst,finance analyst,mapped:Business Analyst,Business Analyst - SAP Finance,2
Financial Analyst,finance analyst,matched,Project Finance Analyst,2
Financial Analyst,finance analyst,unmatched,Analyst 2 - Financial Planning & Analysis,2
Financial Analyst,finance analyst,matched,Financial Analyst-Record to Report,2
Financial Analyst,finance analyst,matched,Business Financial Analyst,2
Financial Analyst,finance analyst,matched,"Senior Financial Analyst, Consolidations",2
Financial Analyst,finance analyst,unmatched,"Financial and Regulatory Reporting Senior Analyst, AVP",2
Financial Analyst,finance analyst,unmatched,Finance Business Partner - Analyst,2
Financial Analyst,finance analyst,unmatched,Analyst Financial Planning & Analysis Technology,2
Financial Analyst,finance analyst,matched,Financial Analyst - AI Collaboration,2
Financial Analyst,finance analyst,matched,"Financial Analyst II, FOAA Accounting",2
Financial Analyst,finance analyst,unmatched,Financial Planning Lead Analyst,2
Financial Analyst,finance analyst,matched,"Sr. Financial Analyst, Cloud Infrastructure",2
Financial Analyst,finance analyst,unmatched,Senior Finance Operation Analyst,2
Financial Analyst,finance analyst,unmatched,"Analyst, External Manufacturing Finance",2
Financial Analyst,finance analyst,unmatched,Sr Analyst I Finance Business Partner,2
Financial Analyst,finance analyst,mapped:Business Analyst,Finance Systems Analyst,2
Financial Analyst,finance analyst,matched,GSF LEA Senior Finance Analyst,2
Financial Analyst,finance analyst,matched,"Financial Analyst I, FOAA",2
Financial Analyst,finance analyst,matched,Financial Analyst 1,2
Financial Analyst,finance analyst,unmatched,Senior Financial Planning Analyst,2
Financial Analyst,finance analyst,unmatched,Financial Reporting Analyst,2
Financial Analyst,finance analyst,matched,"Financial Analyst Intern, Accounting",2
Financial Analyst,finance analyst,matched,Senior Finance Analyst,2
Financial Analyst,finance analyst,unmatched,Financial Svcs Analyst,2
Financial Analyst,finance analyst,unmatched,Finance Deployment Lead Analyst - IMFT,2
Financial Analyst,finance analyst,mapped:Business Analyst,Salesforce Business Analyst in Financial Services Cloud (FSC),2
Financial Analyst,finance analyst,unmatched,"Sr Analyst, Financial Operations",2
Financial Analyst,finance analyst,matched,"Senior Financial Analyst, FP&A",2
Financial Analyst,finance analyst,matched,Plant Finance Analyst,2
Financial Analyst,finance analyst,matched,"Financial Analyst, GREF FP&A",2
Financial Analyst,finance analyst,unmatched,Senior Software Quality Assurance Analyst (SAP Finance / CFIN),1
Financial Analyst,finance analyst,unmatched,"Snr Solution Analyst – Finance – AP, VIM & integration",1
Financial Analyst,finance analyst,unmatched,Financial Planning & Analysis- Analyst,1
Financial Analyst,finance analyst,unmatched,Analyst - Financial Analysis (PXT P&A),1
Financial Analyst,finance analyst,unmatched,"Snr Solution Analyst – Finance – Cash, Bank & Receivables",1
Financial Analyst,finance analyst,matched,Senior Finance Analyst - General Accounting,1
Financial Analyst,finance analyst,matched,Production Financial Analyst,1
Financial Analyst,finance analyst,matched,"Financial Analyst, GFS FP&A",1
Financial Analyst,finance analyst,unmatched,"Lead, Finance Application Analyst-Tagetik",1
Financial Analyst,finance analyst,unmatched,Associate Senior Financial Reporting Analyst,1
Financial Analyst,finance analyst,matched,Project Finance Analyst - Infrastructure Finance / Clean Energy Finance - Officer,1
Financial Analyst,finance analyst,matched,Financial Analyst-Services Deliver,1
Financial Analyst,finance analyst,unmatched,Senior Analyst - Finance & Accounting,1
Financial Analyst,finance analyst,matched,Finance Analyst - Accounts Payable,1
Financial Analyst,finance analyst,matched,Finance & Accounts Executive / Financial Analyst-CA/CA Inter,1
Financial Analyst,finance analyst,unmatched,Process Analyst – Trade Finance (French),1
Financial Analyst,finance analyst,unmatched,Finance & Strategy Analyst,1
Financial Analyst,finance analyst,matched,Assistant Finance Analyst,1
Financial Analyst,finance analyst,unmatched,Financial Planning Analyst_4-7yrs_Kolkata_Face-to-Face Interview,1
Financial Analyst,finance analyst,unmatched,"Analyst, Financial Instruments and Technology",1
Financial Analyst,finance analyst,matched,IN_Specialist 3_ Finance Analyst _GCC_Advisory_Bangalore,1
Financial Analyst,finance analyst,matched,Financial Analyst - II,1
Financial Analyst,finance analyst,matched,Financial Analyst-Lease Enablement,1
Financial Analyst,finance analyst,unmatched,Finance Assoc Analyst,1
Financial Analyst,finance analyst,unmatched,Business Risk Analyst - Supply Chain Finance,1
Financial Analyst,finance analyst,mapped:Data Analyst,"Financial Data Analyst Intern, Technical Operations",1
Financial Analyst,finance analyst,unmatched,Financial Crime Intelligence Analyst - Crypto,1
Financial Analyst,finance analyst,unmatched,Financial Crime Intelligence Analyst - Fiat,1
Financial Analyst,finance analyst,unmatched,Finance & Strategy Senior Analyst,1
Financial Analyst,finance analyst,unmatched,Senior Financial Planning and Analysis Analyst,1
Financial Analyst,finance analyst,unmatched,Analyst Oracle Fusion Financials-L1 - Pune,1
Financial Analyst,finance analyst,matched,Financial Analyst - Cost Accounting Solutions,1
Financial Analyst,finance analyst,matched,Financial Analyst 4,1
Financial Analyst,finance analyst,matched,Reporting/Finance Analyst,1
Financial Analyst,finance analyst,unmatched,Accounting & Financial Reporting Analyst,1
Financial Analyst,finance analyst,matched,Lead Financial Analyst,1
Financial Analyst,finance analyst,unmatched,"Senior Analyst, Strategic Finance",1
Financial Analyst,finance analyst,unmatched,Analyst/Sr. Analyst – Legal & Compliance (Financing),1
Financial Analyst,finance analyst,matched,Business & Financial Analyst,1
Financial Analyst,finance analyst,matched,Trade Finance Analyst,1
Financial Analyst,finance analyst,mapped:Business Analyst,"Senior Business Analyst, Actimize (Payments & financial Fraud)",1
Financial Analyst,finance analyst,unmatched,Analyst III Finance Operations,1
Financial Analyst,finance analyst,matched,"Senior Financial Analyst (Consumer, Jetpac, Services)",1
Financial Analyst,finance analyst,unmatched,"Senior Analyst, Finance & Accounts",1
Financial Analyst,finance analyst,mapped:Data Analyst,Group Finance Business Intelligence Analyst,1
Financial Analyst,finance analyst,matched,Sr Financial Analyst II,1
Financial Analyst,finance analyst,unmatched,Finance Service Delivery Analyst,1
Financial Analyst,finance analyst,unmatched,Analyst/ Senior Analyst – Corporate Finance,1
Financial Analyst,finance analyst,unmatched,Principal Analyst - Financial Accounting / Associate Manager - Financial Accounting,1
Financial Analyst,finance analyst,matched,Business Finance Analyst,1
Financial Analyst,finance analyst,unmatched,Senior Analyst - EMEA - Fund Finance,1
Financial Analyst,finance analyst,unmatched,Senior Analyst - FPnA (Technology Finance & Commercial Finance),1
Financial Analyst,finance analyst,matched,Senior Accountant / Financial Analyst,1
Financial Analyst,finance analyst,matched,L3 - Senior Finance Analyst / Payroll Specialist,1
Financial Analyst,finance analyst,unmatched,Analyst Finance Transactions,1
Financial Analyst,finance analyst,mapped:Business Analyst,Sr. Business Analyst - Corporate Financial Systems,1
Financial Analyst,finance analyst,unmatched,Financial Planning Analyst - Business Finance,1
Financial Analyst,finance analyst,matched,Lead Finance Analyst,1
Financial Analyst,finance analyst,mapped:Business Analyst,Finance Change Business Analyst,1
Financial Analyst,finance analyst,mapped:Business Analyst,Oracle EBS GL Finance Functional Consultant - Lead Business Analyst,1
Financial Analyst,finance analyst,matched,Finance Analyst - IT,1
Financial Analyst,finance analyst,unmatched,"Senior Analyst, Financial Control",1
Financial Analyst,finance analyst,unmatched,Sr Analyst - Trade Finance,1
Financial Analyst,finance analyst,unmatched,Senior Financial Services Analyst,1
Financial Analyst,finance analyst,matched,Financial Analyst - Accounting,1
Financial Analyst,finance analyst,unmatched,"Compliance Analyst, Financial Crime Compliance QA",1
Financial Analyst,finance analyst,matched,Senior Technology Finance Analyst,1
Financial Analyst,finance analyst,matched,FP&A Financial Analyst - CP&O,1
Financial Analyst,finance analyst,unmatched,Sr Analyst Accounting & Financial Reporting,1
Financial Analyst,finance analyst,matched,Finance Analyst (Chartered Accountant),1
Financial Analyst,finance analyst,matched,"Senior Financial Analyst, IME Finance",1
Financial Analyst,finance analyst,matched,"Sr. Financial Analyst, FP&A Intl, APAC Region",1
Financial Analyst,finance analyst,mapped:Business Analyst,Infor ERPLn Senior Finance Business Analyst,1
Financial Analyst,finance analyst,matched,Principal Financial Analyst,1
Financial Analyst,finance analyst,unmatched,Strategic Finance Expert - Analyst,1
Financial Analyst,finance analyst,mapped:Business Analyst,Senior Business Analyst(Finance Domain),1
Financial Analyst,finance analyst,matched,Financial Analyst-Controllership and Tax,1
Financial Analyst,finance analyst,mapped:Business Analyst,Oracle Finance Business Analyst,1
Financial Analyst,finance analyst,unmatched,Financial Planning & Reporting Analyst,1
Financial Analyst,finance analyst,matched,Financial Analyst (Entry-Level),1
Financial Analyst,finance analyst,matched,Senior Financial Analyst - Site Operations,1
Financial Analyst,finance analyst,matched,Financial Analyst I/ II,1
Financial Analyst,finance analyst,matched,"Financial Analyst, FP&A - India",1
Financial Analyst,finance analyst,matched,Freight & Logistics Finance Analyst,1
Financial Analyst,finance analyst,matched,Senior Financial Analyst – Site Operations,1
Financial Analyst,finance analyst,matched,AWM Management-CSG Finance-Analyst-Bengaluru,1
Financial Analyst,finance analyst,mapped:Data Analyst,Data Analyst Intern (Finance) - January to May 2027,1
Financial Analyst,finance analyst,unmatched,Senior Analyst Finance & Accounts,1
Financial Analyst,finance analyst,matched,Financial Analyst (Project Finance),1
Financial Analyst,finance analyst,matched,Financial Analyst II - FBP,1
Financial Analyst,finance analyst,matched,"Financial Analyst II, ASSPL Finance Team",1
Financial Analyst,finance analyst,matched,Financial Analyst Trainee,1
Financial Analyst,finance analyst,matched,"Senior Financial Analyst, WW Ops Finance",1
Financial Analyst,finance analyst,matched,Lead Finance Analyst: APAC GCC FP&A,1
Financial Analyst,finance analyst,matched,"Senior Financial Analyst, Data Center Finance",1
Financial Analyst,finance analyst,matched,"Financial Analyst II, GREF FP&A",1
Financial Analyst,finance analyst,mapped:Business Analyst,"Business Analyst I, SPS Finance Insights & Analytics",1
Financial Analyst,finance analyst,mapped:Business Analyst,Financial Systems Analyst,1
Financial Analyst,finance analyst,unmatched,Sr. Analyst- Financial Planning & Analysis,1
Financial Analyst,finance analyst,unmatched,Analyst Finance,1
Financial Analyst,finance analyst,matched,Corporate Accounting Financial Analyst,1
Financial Analyst,finance analyst,unmatched,"Lead Analyst, Finance Project Controlling",1
Financial Analyst,finance analyst,unmatched,Financial Planning and Analysis Analyst,1
Financial Analyst,finance analyst,matched,SOX Senior Financial Analyst,1
Financial Analyst,finance analyst,mapped:Business Analyst,Finance Systems Analyst (D365 Finance & Operations),1
Financial Analyst,finance analyst,mapped:Data Analyst,Middle Financial BI Analyst,1
Financial Analyst,finance analyst,mapped:Business Analyst,"Business Analyst, Finance",1
Financial Analyst,finance analyst,matched,Financial Analyst IV / TL,1
Financial Analyst,finance analyst,matched,"Financial Analyst, Customer Revenue",1
Financial Analyst,finance analyst,matched,Accountant(Financial Analyst),1
Financial Analyst,finance analyst,unmatched,Software Analyst– Finance Technology (FICO),1
Financial Analyst,finance analyst,matched,Corporate Financial Analyst,1
Financial Analyst,finance analyst,matched,Associate/Sr. Associte Financial Analyst,1
Financial Analyst,finance analyst,mapped:Data Analyst,"Data Analyst, Finance and Payments",1
Financial Analyst,finance analyst,mapped:Business Analyst,"Sr. Business Analyst, SAP Financials",1
Financial Analyst,finance analyst,matched,"Sr. Finance Analyst, Global Internal Audit",1
Financial Analyst,finance analyst,matched,Finance Analyst - Generalaccoun,1
Financial Analyst,finance analyst,matched,Senior Financial Analyst-Supply Chain Finance,1
Financial Analyst,finance analyst,mapped:Business Analyst,Oracle Finance (EBS) - Functional Analyst,1
Financial Analyst,finance analyst,matched,Financial Analyst I - AP,1
Financial Analyst,finance analyst,unmatched,Senior Financial Control Analyst,1
Financial Analyst,finance analyst,matched,Senior Quantitative Finance Analyst (Financial Engineer),1
Financial Analyst,finance analyst,matched,Sales Compensation Financial Analyst,1
Financial Analyst,finance analyst,matched,Oracle Finance Analyst,1
Financial Analyst,finance analyst,unmatched,Risk Analyst Structured Finance,1
Financial Analyst,finance analyst,matched,Project Financial Analyst 1,1
Financial Analyst,finance analyst,matched,"Financial Analyst, Defined Contribution - India",1
Financial Analyst,finance analyst,unmatched,Client Financial Mgmt Analyst,1
Financial Analyst,finance analyst,unmatched,Project Finance Contract Analyst,1
Financial Analyst,finance analyst,matched,"Sr. Financial Analyst, GFS FP&A, GFS FP&A",1
Financial Analyst,finance analyst,unmatched,"Analyst II, Data Assurance , Finance",1
Financial Analyst,finance analyst,matched,Finance Analyst-2,1
Financial Analyst,finance analyst,matched,Finance Analyst - Senior Executive,1
Financial Analyst,finance analyst,matched,Finance Analyst - FP&A,1
Financial Analyst,finance analyst,mapped:Data Analyst,"Associate, Finance Technology Data Analyst",1
Financial Analyst,finance analyst,mapped:Business Analyst,Lead Business Analyst - Project Financial Management,1
Financial Analyst,finance analyst,unmatched,Financial Crime Review Analyst,1
Financial Analyst,finance analyst,unmatched,"Analyst, Financial Modeling",1
Financial Analyst,finance analyst,matched,"Financial Analyst, Renewable Energy",1
Financial Analyst,finance analyst,unmatched,"Senior Analyst, Licensing Commercial Finance",1
Financial Analyst,finance analyst,unmatched,Finance Controls and Reporting-Senior Analyst,1
Financial Analyst,finance analyst,unmatched,Finance Systems Senior Support Analyst,1
Financial Analyst,finance analyst,unmatched,Finance EPM Senior Analyst,1
Financial Analyst,finance analyst,matched,Financial Analyst Investor Relations,1
Financial Analyst,finance analyst,matched,Financial Analyst-Voice,1
Financial Analyst,finance analyst,mapped:Business Analyst,Business Analyst (Financial or Credit Risk Management) - KPMG,1
Financial Analyst,finance analyst,unmatched,Finance Sr. Analyst,1
Financial Analyst,finance analyst,matched,Financial Analyst - Controlling Planning & Operations,1
Financial Analyst,finance analyst,unmatched,"Analyst, Finance - R01570504",1
Financial Analyst,finance analyst,unmatched,Analyst - Project Finance & Infrastructure Credit Risk,1
Financial Analyst,finance analyst,unmatched,Analyst - Finance Data Capability,1
Financial Analyst,finance analyst,unmatched,Analyst - Financial Planning & Analysis,1
Financial Analyst,finance analyst,unmatched,US Equity Research Analyst Financial Modelling and Valuation Visakhapatnam,1
Financial Analyst,finance analyst,matched,Senior Financial Analyst - 2nd Shift OR 3rd shift,1
Financial Analyst,finance analyst,unmatched,Sr. D&T Analyst – Finance,1
Financial Analyst,finance analyst,unmatched,Senior Financial Analytics Analyst,1
Financial Analyst,finance analyst,unmatched,Finance Process & Ops Analyst,1
Financial Analyst,finance analyst,unmatched,Analyst Financial Advisory Support,1
Financial Analyst,finance analyst,unmatched,Senior Analyst- Financial Planning & Analysis,1
Financial Analyst,finance analyst,unmatched,IN_Sr Associate_Finance Transformation Analyst – Black Line Support_GCC_Advisory_Bangalore,1
Financial Analyst,finance analyst,matched,"XBRL Financial Analyst, Associate",1
Financial Analyst,finance analyst,matched,Finance Analyst - Seeds FC Finance AMEA,1
Financial Analyst,finance analyst,unmatched,Workday Finance C2C - Analyst,1
Financial Analyst,finance analyst,unmatched,Senior Analyst - Commercial Finance,1
Financial Analyst,finance analyst,matched,Financial Analyst MIS,1
Financial Analyst,finance analyst,matched,Financial Analyst-Accounts Payable,1
Financial Analyst,finance analyst,unmatched,Junior Analyst - Financial Reporting,1
Financial Analyst,finance analyst,unmatched,Senior Analyst - Financial Reporting & Control,1
Financial Analyst,finance analyst,unmatched,Senior Operations Analyst Financial,1
Financial Analyst,finance analyst,unmatched,SAP S/4HANA Central Finance AIF Support Analyst,1
Financial Analyst,finance analyst,matched,Finance Analyst III,1
Financial Analyst,finance analyst,matched,Associate Financial Analyst,1
Financial Analyst,finance analyst,unmatched,"Senior Analyst Finance, Accounting & External Reporting",1
Financial Analyst,finance analyst,unmatched,Analyst ISC Finance,1
Financial Analyst,finance analyst,unmatched,Senior Analyst - Business Insights (Finance),1
Financial Analyst,finance analyst,unmatched,Senior Analyst Finance,1
Financial Analyst,finance analyst,unmatched,Analyst - Finance,1
Financial Analyst,finance analyst,unmatched,Analyst Finance (Salesforce),1
Financial Analyst,finance analyst,unmatched,IT Applications Analyst - Oracle Fusion Technical Finance,1
Financial Analyst,finance analyst,unmatched,"Analyst, Financial",1
Financial Analyst,finance analyst,mapped:Business Analyst,Finance Business Analyst,1
Financial Analyst,finance analyst,unmatched,Analyst - Global Financial Crimes Technology,1
Financial Analyst,finance analyst,matched,Financial Analyst – Sr Associate,1
Financial Analyst,finance analyst,unmatched,Analyst (Finance & Statutory Audits),1
Financial Analyst,finance analyst,mapped:Business Analyst,Senior Product Analyst - Finance Technology,1
Financial Analyst,finance analyst,mapped:Data Analyst,Financial Data Analyst (Reference Data/Financial Instruments),1
Financial Analyst,finance analyst,matched,"Financial Analyst , Selling Partner Risk Management",1
Financial Analyst,finance analyst,mapped:Business Analyst,Senior Systems Analyst (Finance Workday),1
Financial Analyst,finance analyst,matched,Sr Finance Analyst (PS),1
Financial Analyst,finance analyst,unmatched,Financial Solutions Analyst,1
Financial Analyst,finance analyst,unmatched,Analyst - Funds Finance (FF),1
Financial Analyst,finance analyst,ambiguous_multi,Senior Associate - Finance Data Analyst / Architect – Finance Consulting,1
Financial Analyst,finance analyst,unmatched,Pune Walk-in | Financial Market | Analyst Hiring,1
Financial Analyst,finance analyst,matched,Corporate Finance Analyst - Fully Remote,1
Financial Analyst,finance analyst,matched,Senior Project Finance Analyst - India,1
Financial Analyst,finance analyst,matched,Supply Chain Financial Analyst,1
Financial Analyst,finance analyst,unmatched,Finance Research Analyst - Expert,1
Financial Analyst,finance analyst,unmatched,Senior Financial Crime Analyst,1
Financial Analyst,finance analyst,matched,Sr Financial Analyst,1
Financial Analyst,finance analyst,unmatched,"Analyst, Financial Planning and Analysis",1
Financial Analyst,finance analyst,matched,Financial Analyst-II,1
Financial Analyst,finance analyst,matched,Senior Financial Analyst (Workday Adaptive Developer),1
Financial Analyst,finance analyst,matched,Asst Finance Analyst,1
Financial Analyst,finance analyst,matched,Financial Analyst 2,1
Financial Analyst,finance analyst,matched,Finance Analyst 2,1
Financial Analyst,fp&a analyst,matched,Senior FP&A Analyst,6
Financial Analyst,fp&a analyst,matched,FP&A Analyst,6
Financial Analyst,fp&a analyst,matched,"Financial Analyst, GREF FP&A",3
Financial Analyst,fp&a analyst,matched,Business and Finance Analyst (Finance/FP&A) India (1 PM–10 PM Shift),2
Financial Analyst,fp&a analyst,unmatched,Senior Analyst FP&A & Oracle,2
Financial Analyst,fp&a analyst,matched,FP&A Analyst – Forecasting & Budgeting,2
Financial Analyst,fp&a analyst,unmatched,FP&A Senior Analyst,2
Financial Analyst,fp&a analyst,matched,"Senior Financial Analyst, FP&A",2
Financial Analyst,fp&a analyst,unmatched,"Sr. Analyst, Engineering FP&A",2
Financial Analyst,fp&a analyst,unmatched,FP&A Cost Performance Senior Analyst - O&G,1
Financial Analyst,fp&a analyst,matched,"Financial Analyst, GFS FP&A",1
Financial Analyst,fp&a analyst,unmatched,Analyst II FP&A,1
Financial Analyst,fp&a analyst,unmatched,"Senior Analyst, FP&A",1
Financial Analyst,fp&a analyst,mapped:Business Analyst,FP&A Systems Analyst,1
Financial Analyst,fp&a analyst,matched,FP&A Financial Analyst - CP&O,1
Financial Analyst,fp&a analyst,matched,"Sr. Financial Analyst, FP&A Intl, APAC Region",1
Financial Analyst,fp&a analyst,unmatched,Senior FP&A & GL Analyst,1
Financial Analyst,fp&a analyst,unmatched,FP&A & GL Analyst,1
Financial Analyst,fp&a analyst,unmatched,Lead Analyst- FP&A,1
Financial Analyst,fp&a analyst,matched,"Financial Analyst, FP&A - India",1
Financial Analyst,fp&a analyst,matched,FP&A Analyst [T500-29251],1
Financial Analyst,fp&a analyst,matched,Lead Finance Analyst: APAC GCC FP&A,1
Financial Analyst,fp&a analyst,matched,"Financial Analyst II, GREF FP&A",1
Financial Analyst,fp&a analyst,unmatched,Financial Planning & Analysis (FP&A) and Revenue Accounting Analyst,1
Financial Analyst,fp&a analyst,matched,"Sr. Financial Analyst, GFS FP&A, GFS FP&A",1
Financial Analyst,fp&a analyst,matched,Finance Analyst - FP&A,1
Financial Analyst,fp&a analyst,unmatched,FP&A Costing Analyst,1
Financial Analyst,fp&a analyst,unmatched,FP&A and Revenue Accounting Analyst,1
Financial Analyst,fp&a analyst,matched,FP&A Analyst - Manager,1
Financial Analyst,fp&a analyst,unmatched,Analyst- FP&A,1
Financial Analyst,fp&a analyst,unmatched,"Analyst, Engineering FP&A",1
Financial Analyst,fp&a analyst,unmatched,Senior Analyst FP&A,1
Financial Analyst,fp&a analyst,unmatched,PSC FP&A Controlling & Planning Analyst,1
Financial Analyst,fp&a analyst,unmatched,Principal Analyst - FP&A,1
Financial Analyst,fp&a analyst,matched,BU FP&A - Financial Analyst - CP&O,1
Financial Analyst,fp&a analyst,unmatched,Senior Analyst - FP&A,1
Financial Analyst,fp&a analyst,unmatched,FP&A Control Senior Analyst,1
Financial Analyst,fp&a analyst,unmatched,"Senior Analyst, Global ZBB FP&A",1
Financial Analyst,fp&a analyst,unmatched,Senior Analyst_FP&A,1
Financial Analyst,fp&a analyst,mapped:Business Analyst,Senior Business Analyst - FP&A,1
Financial Analyst,fp&a analyst,matched,Financial Analyst - FP&A,1
Financial Analyst,investment analyst,matched,Investment Analyst,4
Financial Analyst,investment analyst,mapped:Business Analyst,Senior Business Analyst - Investment Management,4
Financial Analyst,investment analyst,matched,Investment Analyst - Valuation Expert,3
Financial Analyst,investment analyst,unmatched,Analyst - Pricing - Nuveen Global Investment Operations,2
Financial Analyst,investment analyst,unmatched,Investment Operations Analyst,2
Financial Analyst,investment analyst,unmatched,Analyst / Senior Analyst - Investment Banking,2
Financial Analyst,investment analyst,unmatched,Investment Risk Performance - Senior Analyst,2
Financial Analyst,investment analyst,unmatched,"Analyst, Investment Modeling",1
Financial Analyst,investment analyst,unmatched,"Senior Analyst, Investment Modelling",1
Financial Analyst,investment analyst,unmatched,Community Investing and Development - Program Analyst,1
Financial Analyst,investment analyst,unmatched,"Analyst, Investment Operations",1
Financial Analyst,investment analyst,mapped:Business Analyst,Business Analyst (Investment banking),1
Financial Analyst,investment analyst,unmatched,Associate Investment Fund Analyst,1
Financial Analyst,investment analyst,unmatched,Credit Analyst – Fixed Income Investments,1
Financial Analyst,investment analyst,unmatched,"Senior Analyst, Investment Modeling",1
Financial Analyst,investment analyst,matched,"Investment Analyst Intern, Robinhood Ventures (Summer 2027)",1
Financial Analyst,investment analyst,matched,Corporate Development & Investment Analyst,1
Financial Analyst,investment analyst,unmatched,Morningstar Investment Operations Analyst,1
Financial Analyst,investment analyst,unmatched,Global Investment Banking Product Control – Analyst,1
Financial Analyst,investment analyst,unmatched,We are hiring for Senior Investment Operations Analyst,1
Financial Analyst,investment analyst,mapped:Business Analyst,System Analyst Invest Growth,1
Financial Analyst,investment analyst,mapped:Business Analyst,"Senior Business Analyst IT - Alternate Investments, Assistant Vice President",1
Financial Analyst,investment analyst,ambiguous_multi,Business Analyst / Project Manager - Investment / Corporate Banking - Assistant Vice President,1
Financial Analyst,investment analyst,unmatched,"Senior Analyst, Investment Operations",1
Financial Analyst,investment analyst,unmatched,Investment Research Analyst,1
Financial Analyst,investment analyst,mapped:Business Analyst,UK Tax - Global Innovation and Investment Incentives (Gi3 UK) - Business Analyst - Senior Tax Services – Bengaluru,1
Financial Analyst,investment analyst,unmatched,"Analyst/Senior Analyst, Investment Operations",1
Financial Analyst,investment analyst,unmatched,"Investment Risk Analyst (CFA/FRM, SQL, Power BI, Python)",1
Financial Analyst,investment analyst,unmatched,Analyst - Institutional Investment Solutions - Program Support,1
Financial Analyst,investment analyst,mapped:Business Analyst,Global Investment Product Analyst,1
Financial Analyst,investment analyst,unmatched,Analyst - Investment & Trade Operations,1
Financial Analyst,investment analyst,unmatched,"Investment Risk Analyst (CFA / FRM , SQL , Python )",1
Financial Analyst,investment analyst,mapped:Business Analyst,Business Analyst - Investment Managed Solutions / Premier Wealth Enablement - (BFSI)[Shephali],1
Financial Analyst,investment analyst,matched,Investment Analyst Hospitality Real Estate Private Equity,1
Financial Analyst,investment analyst,matched,Investment Analyst for oe of the leading InVit company- Mumbai,1
Financial Analyst,investment analyst,mapped:Business Analyst,Business Analyst - Investment,1
Financial Analyst,investment analyst,unmatched,"Investment Banking Division - Analyst, Investment Banking (Mumbai)",1
Financial Analyst,investment analyst,unmatched,Senior Analyst/Associate - Investment Systems Engineer,1
Financial Analyst,investment analyst,unmatched,Investment Sourcing Analyst,1
Financial Analyst,investment analyst,unmatched,Operations Analyst Investment Services Corporate Actions and Income Processing,1
Financial Analyst,investment analyst,matched,Investment and Financial analyst CFAWealth Mgt,1
Financial Analyst,investment analyst,unmatched,Portfolio Quality Analyst - Investment APM,1
Financial Analyst,investment analyst,unmatched,Analyst - Investment Management,1
Financial Analyst,investment analyst,unmatched,"Analyst, Enterprise Reconciliation, Investment Operations",1
Product Manager,product manager,matched,Product Manager,39
Product Manager,product manager,matched,Senior Product Manager,34
Product Manager,product manager,matched,Principal Product Manager,10
Product Manager,product manager,matched,Technical Product Manager,9
Product Manager,product manager,matched,Senior Technical Product Manager,6
Product Manager,product manager,unmatched,Product Marketing Manager,6
Product Manager,product manager,matched,Staff Product Manager,5
Product Manager,product manager,matched,Digital Product Manager,5
Product Manager,product manager,matched,Associate Product Manager,4
Product Manager,product manager,matched,Senior Digital Product Manager,4
Product Manager,product manager,matched,AI Product Manager,4
Product Manager,product manager,matched,"Sr. Product Manager - Tech, Just Walk Out Technology , Physical Store 3P (Just Walk Out Technology)",4
Product Manager,product manager,matched,"Senior Product Manager, Service Delivery Standard Work",4
Product Manager,product manager,matched,"Sr. Product Manager, Progression Intelligence",4
Product Manager,product manager,matched,"Senior Product Manager, Amazon - Sub Same Day",4
Product Manager,product manager,unmatched,Director Product Management,3
Product Manager,product manager,matched,Lead Product Manager,3
Product Manager,product manager,matched,"Product Manager, Google Pay",3
Product Manager,product manager,matched,"Sr. Product Manager - Tech, AHS",3
Product Manager,product manager,matched,"Product Manager, Amazon Now, Amazon Now",3
Product Manager,product manager,matched,"Product Manager III, Technical, Amazon Fulfillment Technologies (AFT)",3
Product Manager,product manager,matched,"Senior Product Manager, Amazon Fashion",3
Product Manager,product manager,matched,FBS Agile Product Manager III- Guidewire,3
Product Manager,product manager,matched,"Senior Product Manager Tech, EU INTech - PGX",3
Product Manager,product manager,unmatched,"Senior Product Marketing Manager, Prime Member Growth",3
Product Manager,product manager,matched,Director - Product Manager - Lakehouse (Asset Management),3
Product Manager,product manager,unmatched,Director of Product Management,2
Product Manager,product manager,unmatched,"Senior Manager, Service/Product Offer Management",2
Product Manager,product manager,matched,"Sr. Product Manager, High Confidence Supply-chain",2
Product Manager,product manager,matched,"Senior/Principal Product Manager, User Onboarding & Growth (Crypto.com App)",2
Product Manager,product manager,unmatched,Senior Associate -Digital Product Management,2
Product Manager,product manager,mapped:Project Manager,Product/Project Manager,2
Product Manager,product manager,unmatched,"Associate Product Marketing Manager, Surgical",2
Product Manager,product manager,matched,Product Manager I,2
Product Manager,product manager,unmatched,Manager -Digital Product Management,2
Product Manager,product manager,matched,"Lead Technical Product Manager Finance, ITC",2
Product Manager,product manager,matched,"Product Manager (Digital Products, Payments) - Pune – 7 years Exp",2
Product Manager,product manager,unmatched,Product Sales Manager,2
Product Manager,product manager,unmatched,Asst Product Sales Manager-BRANCH BANKING-POS (Point of Sale),2
Product Manager,product manager,matched,"Product Manager, Payroll Integrations",2
Product Manager,product manager,matched,"Product Manager, Fiat & FCM",2
Product Manager,product manager,unmatched,"Product Marketing Manager, Surgical",2
Product Manager,product manager,matched,"Lead Technical Product Manager, ITC",2
Product Manager,product manager,matched,Staff Technical Product Manager,2
Product Manager,product manager,unmatched,"Senior Manager, Analytics Products and Technology - Obesity",2
Product Manager,product manager,matched,Product Manager II,2
Product Manager,product manager,unmatched,Product Expert - Clinical Data Management - India,2
Product Manager,product manager,unmatched,Director Product Management (Maintenance),2
Product Manager,product manager,unmatched,Director - Product Management (Operations),2
Product Manager,product manager,matched,Product Manager - Bangalore,2
Product Manager,product manager,unmatched,Associate-Digital Product Management,2
Product Manager,product manager,matched,Sr. Product Manager,2
Product Manager,product manager,matched,Senior Product Manager - R01571422,2
Product Manager,product manager,matched,"Product Manager, Customer Incentives and Growth Platforms",2
Product Manager,product manager,matched,"Senior/ Principal Product Manager, Trading(Crypto.com App)",2
Product Manager,product manager,unmatched,"Sr Product Marketing Manager, Agentic AI",2
Product Manager,product manager,matched,Commercial Product Manager,2
Product Manager,product manager,matched,"Product Manager, Google Photos",2
Product Manager,product manager,unmatched,"Product Operations Manager, Amazon Music",2
Product Manager,product manager,unmatched,Asst Product Sales Manager-BRANCH BANKING-Enterprise Business Solutions - EBS,2
Product Manager,product manager,matched,Senior Product Manager - I,2
Product Manager,product manager,unmatched,"Senior Director, Product Management",2
Product Manager,product manager,matched,Senior Product Manager - AI,2
Product Manager,product manager,matched,Senior Product Manager - Data & Analytics Platform,1
Product Manager,product manager,unmatched,Data Product Management Consultant,1
Product Manager,product manager,unmatched,"Director, Product Management AI Quality & Evaluation",1
Product Manager,product manager,matched,Assistant Product Manager,1
Product Manager,product manager,matched,"Post Trade Product Manager, Aladdin Product, Associate",1
Product Manager,product manager,matched,Associate Product Manager Intern - YMS,1
Product Manager,product manager,matched,Product Manager-SALARIED PERSONAL LOANS-NEW-Product Manager,1
Product Manager,product manager,unmatched,Senior Manager - Product Engineering,1
Product Manager,product manager,matched,Junior Product Manager,1
Product Manager,product manager,unmatched,"Engineering Manager, Accounting Products",1
Product Manager,product manager,unmatched,Senior Product Marketing Manager - Customer Growth,1
Product Manager,product manager,unmatched,"Product Marketing Manager, Platform",1
Product Manager,product manager,ambiguous_multi,Product Manager / Business Analyst - AI Solutions,1
Product Manager,product manager,mapped:Project Manager,Platform Product Delivery Manager - Compensation & Benefits,1
Product Manager,product manager,matched,Senior Platform Product Manager,1
Product Manager,product manager,unmatched,PRO - Chief Manager - Products,1
Product Manager,product manager,matched,Product Manager-ILG (Infrastructure & Logistics Group)-Product Manager,1
Product Manager,product manager,unmatched,Product & IT Manager,1
Product Manager,product manager,matched,"Software Product Manager, ClusterWareAI",1
Product Manager,product manager,matched,Senior Staff Product Manager - Data Protection,1
Product Manager,product manager,matched,Product Manager - Money Movement,1
Product Manager,product manager,unmatched,Sr. Manager - Product Management - Solar Inverters,1
Product Manager,product manager,matched,Product Manager - Digital Healthcare Solutions,1
Product Manager,product manager,unmatched,IMU Sales Capture Senior Manager (Products),1
Product Manager,product manager,unmatched,Senior Manager – NPD / Product Development & Production (Precision Components – Defence Aerospace),1
Product Manager,product manager,matched,"Product Manager, Customer Data Platform",1
Product Manager,product manager,unmatched,"Senior Manager, Product Marketing",1
Product Manager,product manager,matched,Urgent job opening for Product Manager,1
Product Manager,product manager,unmatched,Associate Manager - Sales - Speciality Products and Chemicals,1
Product Manager,product manager,matched,Senior Product Manager – Enterprise Search,1
Product Manager,product manager,matched,"Senior Product Manager, Payments",1
Product Manager,product manager,unmatched,Head : Digital Product Management - Banking,1
Product Manager,product manager,matched,Product Manager - Vendor & Buyer Finance - Mumbai - Lower Parel - JM,1
Product Manager,product manager,matched,Product Manager - Frontend,1
Product Manager,product manager,unmatched,Product Lead Data Management Services,1
Product Manager,product manager,matched,"Technical Product Manager, AI/ML Products",1
Product Manager,product manager,unmatched,Deputy Manager - New Product Industrialization,1
Product Manager,product manager,unmatched,Product Management Senior Analyst,1
Product Manager,product manager,matched,Principal Product Manager - Hiring Manager Experience (India),1
Product Manager,product manager,matched,Marketing Product Manager (Salesforce),1
Product Manager,product manager,matched,Product Manager-Personal Loan-Product Manager,1
Product Manager,product manager,unmatched,Senior Manager - GL Product & Compliance,1
Product Manager,product manager,matched,Product Manager - AI,1
Product Manager,product manager,unmatched,Investments product Sales Manager-AFFLUENT-Investment Counselors,1
Product Manager,product manager,unmatched,Associate Director (Deal management products- Salesforce/Oracle APEX),1
Product Manager,product manager,unmatched,"Proactive Support Customer Manager for HPE Storage Products, AMER Region",1
Product Manager,product manager,matched,Product Manager – Founding Team (Growth),1
Product Manager,product manager,matched,Sr Product Manager - Sales Products,1
Product Manager,product manager,matched,Senior Product Manager (Security Domain),1
Product Manager,product manager,matched,Senior Product Manager - Recruiter Experience (India),1
Product Manager,product manager,matched,Executive Director - Senior AI Product Manager,1
Product Manager,product manager,mapped:Project Manager,Vice President - Product Delivery Manager,1
Product Manager,product manager,unmatched,"Proactive Support Customer Manager for HPE Storage Products, UKIMEA Region",1
Product Manager,product manager,matched,Customer Success & Product Manager,1
Product Manager,product manager,matched,Product manager,1
Product Manager,product manager,unmatched,Associate Manager Product Growth,1
Product Manager,product manager,unmatched,Product Sales Manager - Supply Chain Finance (Channel Sales),1
Product Manager,product manager,unmatched,"Product Marketing Manager, Revenue suite",1
Product Manager,product manager,matched,Senior/Lead Product Manager - Professional Trading Tools & Experience,1
Product Manager,product manager,matched,"Group Product Manager, FinHub",1
Product Manager,product manager,matched,Product Manager - Market Data,1
Product Manager,product manager,unmatched,Product Partnerships Manager,1
Product Manager,product manager,matched,Product Manager - Core Product,1
Product Manager,product manager,matched,Product Manager - Strategic Intelligence,1
Product Manager,product manager,unmatched,"Manager, Product Management",1
Product Manager,product manager,unmatched,"Manager, Product Management (Operational Intelligence Commercialization / Specialized Sales )",1
Product Manager,product manager,matched,Senior Product Manager - Technical,1
Product Manager,product manager,matched,Lead Product Manager- Technical,1
Product Manager,product manager,matched,"Senior Product Manager, Amazon Now",1
Product Manager,product manager,unmatched,Sales Manager (Holographic Products),1
Product Manager,product manager,unmatched,Deputy Manager - Product Management & Marketing - Smartcomm Platform,1
Product Manager,product manager,matched,Product Manager - PMS/AIF,1
Product Manager,product manager,matched,"Product Manager, Patient Messaging",1
Product Manager,product manager,matched,Product Manager-HO & SUPPORT-HO House Hold,1
Product Manager,product manager,matched,"Sr. Technical Product Manager, Networking and Switches",1
Product Manager,product manager,unmatched,Digital Product Management - Associate,1
Product Manager,product manager,unmatched,Technical Manager-Product-Support-Housing Technical Department,1
Product Manager,product manager,matched,Lead Product Manager – Technical - Vadodara,1
Product Manager,product manager,unmatched,"Global Head of Cross-product Operations, Managing Director",1
Product Manager,product manager,matched,"Product Manager, SAP MDG",1
Product Manager,product manager,matched,Senior AI Product Manager,1
Product Manager,product manager,unmatched,Jr. Associate - Product Information Management,1
Product Manager,product manager,mapped:Project Manager,NPDI Project Manager Products and Solutions - Engineering Senior Analyst,1
Product Manager,product manager,unmatched,"Tech Lead Manager, Developer Productivity",1
Product Manager,product manager,matched,Senior Product Manager - Compliance,1
Product Manager,product manager,matched,Product Manager Compliance,1
Product Manager,product manager,matched,Senior Product Manager - Pro Onboarding,1
Product Manager,product manager,matched,Senior Product Manager - Agentic Payments,1
Product Manager,product manager,matched,Binance Accelerator Programm - Product Manager (meme),1
Product Manager,product manager,matched,Senior Tech Product Manager,1
Product Manager,product manager,unmatched,Manager - Product Marketing,1
Product Manager,product manager,unmatched,"Sr Associate, Technical Product Management",1
Product Manager,product manager,unmatched,Insurance Product Services Manager I,1
Product Manager,product manager,unmatched,PRODUCT SALES MANAGER FINTECH CHENNAI 01 OCT,1
Product Manager,product manager,unmatched,"Manager, IT Business & Product Management",1
Product Manager,product manager,matched,Senior Product Manager >,1
Product Manager,product manager,unmatched,Sr Product Management Specialist,1
Product Manager,product manager,matched,Applied AI Product Manager,1
Product Manager,product manager,matched,Product Manager II - AI,1
Product Manager,product manager,unmatched,Head Product Line Management Footwear & Apparel,1
Product Manager,product manager,matched,Senior Product Manager (Finance and Account Management),1
Product Manager,product manager,matched,Senior Data Product Owner – Wealth Management Participant Data Domain,1
Product Manager,product manager,unmatched,Product Sales Manager-NR-RETAIL NR-NRI Acquisition Centre,1
Product Manager,product manager,mapped:Project Manager,Program Manager- Complex Data Products,1
Product Manager,product manager,unmatched,Product Management - Transformation- Vice President,1
Product Manager,product manager,unmatched,"Manager, Product Sales (Spend SMB, NAMER)",1
Product Manager,product manager,unmatched,"Manager, Implementation - IT Product",1
Product Manager,product manager,matched,Product Manager (Core Platform and Infrastructure),1
Product Manager,product manager,matched,Lead Product Manager – Reservations,1
Product Manager,product manager,unmatched,Product Led Growth Manager,1
Product Manager,product manager,matched,Senior Product Manager (Ads),1
Product Manager,product manager,unmatched,Affiliate Manager (AI Product),1
Product Manager,product manager,unmatched,Sr. Product Design Manager – HRIS | India Design Site Lead,1
Product Manager,product manager,unmatched,Senior Manager Product Engineering,1
Product Manager,product manager,matched,Product Manager - AI/GenAI,1
Product Manager,product manager,mapped:Project Manager,Technical Product & Project Manager,1
Product Manager,product manager,unmatched,Product Management,1
Product Manager,product manager,matched,Sr Product Manager - Media Measurements,1
Product Manager,product manager,matched,"Staff Product Manager, Agentic Commerce",1
Product Manager,product manager,unmatched,Earn Product Operation Manager (Tradfi),1
Product Manager,product manager,matched,"Senior Product Manager, Token Listing",1
Product Manager,product manager,matched,"Senior Product Manager, Compliance & KYC",1
Product Manager,product manager,matched,Sr Product Manager - Growth Marketing Enablement,1
Product Manager,product manager,matched,Product Manager - Brokerage - EU,1
Product Manager,product manager,matched,"Senior Product Manager, Data",1
Product Manager,product manager,matched,"Senior Product Manager, IES - Emerging Stores",1
Product Manager,product manager,matched,Principal Product Manager - Business Onboarding Verification,1
Product Manager,product manager,unmatched,"Manager, Product Design: AI Products",1
Product Manager,product manager,unmatched,"Senior Manager, Software Engineering - Employee Productivity",1
Product Manager,product manager,unmatched,Digital Technology Senior Manager - Technical Product Management,1
Product Manager,product manager,matched,Senior Product Manager - Clinical Data,1
Product Manager,product manager,matched,Product Manager- DCN,1
Product Manager,product manager,matched,[IN] Product Manager,1
Product Manager,product manager,matched,"Senior Product Manager – Marketing OS, LeadGen",1
Product Manager,product manager,matched,"Senior Product Manager, Product Management",1
Product Manager,product manager,matched,Senior Product Manager (Forward Deployed),1
Product Manager,product manager,matched,Senior Product Manager (Fulfilment),1
Product Manager,product manager,unmatched,Specialist - Product Management,1
Product Manager,product manager,matched,"Staff Product Manager, Payments Intelligence",1
Product Manager,product manager,matched,Product Manager 2 (GenAI),1
Product Manager,product manager,matched,"Product Manager - Issuance, Bridge",1
Product Manager,product manager,matched,"Product Manager, Invest / Trade",1
Product Manager,product manager,matched,Data Product Manager,1
Product Manager,product manager,unmatched,Product Development Manager,1
Product Manager,product manager,unmatched,"Manager, Product Design: Application Observability",1
Product Manager,product manager,matched,PRODUCT MANAGER – NETWORK SERVICES,1
Product Manager,product manager,matched,PRODUCT MANAGER – BACKING SERVICES,1
Product Manager,product manager,matched,Technical Engineering Lead and Product Manager,1
Product Manager,product manager,matched,Product Manager-AFFLUENT-Investment Counselors,1
Product Manager,product manager,matched,Product Manager - Ruminant,1
Product Manager,product manager,matched,Group Product Manager (Device & RASP),1
Product Manager,product manager,unmatched,Manager - Products,1
Product Manager,product manager,unmatched,Product Management - Digital Transformation - Vice President,1
Product Manager,product manager,matched,Product Manager - Core HR,1
Product Manager,product manager,unmatched,Product Development Manager (FMCG),1
Product Manager,product manager,matched,"Product Manager, Customer Support API Platform",1
Product Manager,product manager,matched,"Senior Product Manager - Tech, Alexa Ads",1
Product Manager,product manager,matched,Group Product Manager,1
Product Manager,product manager,matched,Product Manager / Specialist,1
Product Manager,product manager,matched,Technical Product Manager – Healthcare (Australian Market),1
Product Manager,product manager,unmatched,Deputy Manager – Product Development,1
Product Manager,product manager,unmatched,Product Managers - AI Assistant Tool,1
Product Manager,product manager,matched,Product Manager - Vehicle,1
Product Manager,product manager,matched,Sr Product Manager EDR,1
Product Manager,product manager,matched,Product Manager - Unpause,1
Product Manager,product manager,matched,Senior Product manager - Unpause,1
Product Manager,product manager,matched,Senior Product Manager II,1
Product Manager,product manager,matched,Sr. Product Manager (Vertex Tax),1
Product Manager,product manager,unmatched,Marketing Manager – AI Products & Digital Growth,1
Product Manager,product manager,unmatched,Senior Product Marketing Manager - Platform & Data,1
Product Manager,product manager,unmatched,Senior Growth Manager - Lifecycle & Product,1
Product Manager,product manager,matched,Specialist Product Manager,1
Product Manager,product manager,unmatched,Oracle JDE World - Product Configuration (Functional) - SCM - Sales Order Management,1
Product Manager,product manager,matched,"Senior Product Manager (Hospitality), Bengaluru",1
Product Manager,product manager,matched,"Senior Data Product Owner, Advisor – Wealth Management (Data Products)",1
Product Manager,product manager,unmatched,"Senior Manager, Data Product Strategy & Analytics",1
Product Manager,product manager,matched,"Sr.Product Manager – Marketing OS, LeadGen",1
Product Manager,product manager,matched,Product Manager - Retail Assets| Mumbai,1
Product Manager,product manager,mapped:Project Manager,"Project Manager - New Product Development, Supply Chain",1
Product Manager,product manager,unmatched,"Senior Manager, Product Management",1
Product Manager,product manager,matched,Product Manager (Internal Applications Only),1
Product Manager,product manager,matched,Sr.Product Manager – Commerce Growth,1
Product Manager,product manager,mapped:Project Manager,NPDI Project Manager Products and Solutions - Engineering Specialist,1
Product Manager,product manager,matched,Senior Product Manager - Services,1
Product Manager,product manager,matched,Product Manager (Protocol),1
Product Manager,product manager,matched,Principal Technical Product Manager,1
Product Manager,product manager,matched,Product Manager - Payments,1
Product Manager,product manager,matched,Senior Product Manager (Hospitality),1
Product Manager,product manager,matched,Product Manager - Authorization Management,1
Product Manager,product manager,unmatched,Controller - Product Control (Valuations & Analytics) - Assistant Manager,1
Product Manager,product manager,unmatched,"Senior Manager 2, Product Development IT lead Hyd",1
Product Manager,product manager,matched,"Process Manager - Product Owner, MDM",1
Product Manager,product manager,matched,Product Manager – AI Security,1
Product Manager,product manager,unmatched,Senior Manager - Product Marketing,1
Product Manager,product manager,matched,"Senior Associate, Product Manager Loan Against Property , Consumer Banking Group",1
Product Manager,product manager,matched,Internal Product Manager 3 - Sales Performance Management,1
Product Manager,product manager,unmatched,Program Management (Business product) - DGM/GM- Lending EMI,1
Product Manager,product manager,matched,Sr Staff Technical Product Manager,1
Product Manager,product manager,matched,Product Manager-Loan Against Shares-Product Manager,1
Product Manager,product manager,matched,Technical Product Manager (Cognitive / Conversational Ai),1
Product Manager,product manager,unmatched,Senior Manager - Product Development,1
Product Manager,product manager,matched,"Product Manager, Selection Navigator Functional Lead",1
Product Manager,product manager,matched,Sr. Product Manager - Structured Trade- Mumbai,1
Product Manager,product manager,unmatched,Product Marketing Manager (Competitive Intelligence),1
Product Manager,product manager,matched,Staff Product Manager – Digital Assets,1
Product Manager,product manager,unmatched,"Product Engineering Manager, Salesforce",1
Product Manager,product manager,unmatched,"VP, Team Manager, P4, Product Support & Services ISG : Job Level - Vice President",1
Product Manager,product manager,unmatched,Walk in interview | Order Management and Product fulfillment | 19 Sep 26 || Gurgaon || Freshers only,1
Product Manager,product manager,matched,Sr Staff Inbound Product Manager,1
Product Manager,product manager,matched,Staff Product Manager - Prediction Markets,1
Product Manager,product manager,matched,Financial Product Manager 金融产品经理（传统金融资讯、行情方向）,1
Product Manager,product manager,matched,Product Manager - Derivatives,1
Product Manager,product manager,unmatched,Product Management Intern (Winter 2027),1
Product Manager,product manager,unmatched,Vice President - Product Management,1
Product Manager,product manager,matched,"Product Manager, Amazon Payment Services",1
Product Manager,product manager,matched,Product Manager (Founding Team),1
Product Manager,product manager,matched,Enterprise Product Manager - Bangalore,1
Product Manager,product manager,matched,"Product Manager – Silicon Strategy & Security (On-site. Bengaluru, India)",1
Product Manager,product manager,unmatched,"Senior Director, Product Management - India (Remote)",1
Product Manager,product manager,unmatched,Business Development Manager - Low Voltage Switchgear Product,1
Product Manager,product manager,unmatched,Manager - Product Surgical Product,1
Product Manager,product manager,matched,"Sr. Product Manager, Platform - Integrations Technology",1
Product Manager,product manager,unmatched,Software Product Management II-SUPPORT SERVICES-Data & Analytics - Support services,1
Product Manager,product manager,unmatched,Product Marketing Manager II,1
Product Manager,product manager,matched,"Senior Product Manager, AI-Native Healthcare Products (Hyderabad-Onsite role)",1
Product Manager,product manager,matched,Product Manager- Diagnostic Product,1
Product Manager,product manager,ambiguous_multi,Sky Branch - Business Analyst-Sky Channel-Product Manager,1
Product Manager,product manager,matched,AVP - Product Owner for Business Management Reporting,1
Product Manager,product manager,matched,Senior Product Manager - Platform - Integrations Technology -10448,1
Product Manager,product manager,matched,Senior Product Manager - Services Procurement- 10487,1
Product Manager,product manager,unmatched,Manager - Product Surgical Products,1
Product Manager,product manager,matched,"Cash Management Product Owner, Platforms, Director, Wealth Management",1
Product Manager,product manager,unmatched,"Product Management(Accounting Services), Vice President",1
Product Manager,product manager,matched,Agentic AI Product Manager - Bangalore,1
Product Manager,product manager,matched,"Product Manager, Grid-Tie / On-Grid Inverter",1
Product Manager,product manager,matched,Product Manager - Solar PV Module,1
Product Manager,product manager,matched,Product Manager - Energy Storage,1
Product Manager,product manager,unmatched,Business Development Manager - Medical Equipment & Healthcare Products,1
Product Manager,product manager,matched,Principal Product Manager - APAC Direct Payments,1
Product Manager,product manager,mapped:Business Analyst,Risk Analytics - Product Analyst - Manager,1
Product Manager,product manager,unmatched,Product Marketing Manager – GTM & Growth,1
Product Manager,product manager,matched,Digital Product Manager - Web Author,1
Product Manager,product manager,matched,Lead Product Manager - Technical,1
Product Manager,product manager,unmatched,"Senior Specialist, Product Management - Operational Intelligence Commercialisation",1
Product Manager,product manager,unmatched,"Director Product Management - Technical , AI transformation",1
Product Manager,product manager,unmatched,"Manager - Product Marketing, RLC & VRF",1
Product Manager,product manager,unmatched,Manager/ Sr Manager - Product development,1
Product Manager,product manager,matched,OpenShift-Product Manager,1
Product Manager,product manager,matched,SFS Product Manager,1
Product Manager,product manager,matched,eInvoicing & Indirect Tax Product Manager,1
Product Manager,product manager,matched,Product Manager — Finance & Accounting,1
Product Manager,product owner,matched,Product Owner,42
Product Manager,product owner,matched,Senior Product Owner,11
Product Manager,product owner,matched,Technical Product Owner,9
Product Manager,product owner,matched,"Vice President, POM Product Owner",6
Product Manager,product owner,matched,Sr Product Owner,4
Product Manager,product owner,matched,"Senior Specialist, POM Product Owner",4
Product Manager,product owner,matched,Lead Product Owner,4
Product Manager,product owner,matched,Product Owner II,4
Product Manager,product owner,matched,FBS Product Owner III- Guidewire,3
Product Manager,product owner,matched,Software Product Owner,3
Product Manager,product owner,matched,FBS Product Owner III,3
Product Manager,product owner,matched,Product owner with Security background,3
Product Manager,product owner,matched,"Product Owner, Integrations",2
Product Manager,product owner,matched,Product Owner - AI,2
Product Manager,product owner,matched,Technical Product Owner II,2
Product Manager,product owner,matched,Product Owner - Data Assets Platform,2
Product Manager,product owner,matched,Associate Product Owner - Digital Authoring Platform,2
Product Manager,product owner,matched,Senior Associate - Product Owner,2
Product Manager,product owner,matched,Platform Product Owner - Zendesk,2
Product Manager,product owner,matched,Product Owner III,2
Product Manager,product owner,matched,Senior Technical Product Owner,2
Product Manager,product owner,matched,Product Owner — Reference and Market Data,2
Product Manager,product owner,matched,"Technical Product Owner, Smart Factory Solutions",2
Product Manager,product owner,matched,Product Owner: Markets Repo and Securities Lending Platform (VP),2
Product Manager,product owner,matched,Sr Advanced Tech Product Owner,2
Product Manager,product owner,matched,Product Owner - ServiceNow HRSD AI,2
Product Manager,product owner,matched,Product Owner - Cubicles,2
Product Manager,product owner,matched,Product Owner - Digital Lab Platform,2
Product Manager,product owner,matched,Product Owner (SAP RTR),2
Product Manager,product owner,matched,Salesforce Platform Product Owner,2
Product Manager,product owner,matched,Architectural Service Management - Manager (Product Owner),2
Product Manager,product owner,matched,Lead Technical Product Owner,2
Product Manager,product owner,matched,Associate Product Owner,2
Product Manager,product owner,matched,"Product Owner, Electrical Engineering Software",2
Product Manager,product owner,matched,AI Automation Product Owner,2
Product Manager,product owner,matched,Staff Engineer - R&D Product Owner,2
Product Manager,product owner,matched,Agentic AI Platform Product Owner — Vice President,1
Product Manager,product owner,matched,Product Owner (Recommendation Systems),1
Product Manager,product owner,ambiguous_multi,SENIOR SALESFORCE BUSINESS ANALYST / PRODUCT OWNER,1
Product Manager,product owner,matched,Software Download OTA Product owner,1
Product Manager,product owner,matched,Software Lifecycle Product Owner,1
Product Manager,product owner,matched,Vice President - Technology Product Owner,1
Product Manager,product owner,matched,Sr Product Owner - AI & Analytics,1
Product Manager,product owner,matched,"HealthTech Product Owner (Part-time, Equity only)",1
Product Manager,product owner,matched,Software OTA Product owner,1
Product Manager,product owner,matched,MSAT Product Owner,1
Product Manager,product owner,matched,Cybersecurity Product Owner,1
Product Manager,product owner,matched,Data Product Owner (Marketing/MarTech),1
Product Manager,product owner,matched,FuSa SW Product Owner_ISO 26262,1
Product Manager,product owner,matched,"AVP – Product Owner, Enterprise Innovation Lab",1
Product Manager,product owner,matched,Technology Product Owner - Vice President,1
Product Manager,product owner,matched,Senior Product Owner - Google SecOps,1
Product Manager,product owner,matched,Network Design Data Product Owner,1
Product Manager,product owner,matched,Senior Data Product Owner – Wealth Management Participant Data Domain,1
Product Manager,product owner,matched,Account & SSI Platform - Product Owner - Vice President,1
Product Manager,product owner,matched,Product Owner- Steve,1
Product Manager,product owner,matched,Technical Product Owner - Sales Technology & AI,1
Product Manager,product owner,matched,"Product Owner, Sr",1
Product Manager,product owner,matched,Product Owner II - KYTP,1
Product Manager,product owner,matched,Product Owner - Design Automation,1
Product Manager,product owner,matched,Marketing Product Owner,1
Product Manager,product owner,matched,Product Owner (AEM Delivery) (100% Remote) (India & EMEA),1
Product Manager,product owner,matched,Sr Product Owner - MarTech Dev,1
Product Manager,product owner,matched,Product Owner / A.PO,1
Product Manager,product owner,matched,"Senior Data Product Owner, Advisor – Wealth Management (Data Products)",1
Product Manager,product owner,matched,Staff Engineer Product Owner,1
Product Manager,product owner,matched,IT Product Owner,1
Product Manager,product owner,matched,"Process Manager - Product Owner, MDM",1
Product Manager,product owner,matched,Sr Product Owner - MarTech Cloud Dev,1
Product Manager,product owner,matched,"Product Owner, Advanced",1
Product Manager,product owner,matched,Technical Product Owner - Salesforce Projects,1
Product Manager,product owner,matched,"Account Services, Product Owner, AVP",1
Product Manager,product owner,matched,AVP - Product Owner for Business Management Reporting,1
Product Manager,product owner,matched,Product Owner - Assistant Vice President,1
Product Manager,product owner,matched,"Cash Management Product Owner, Platforms, Director, Wealth Management",1
Product Manager,product owner,matched,Product Owner Global,1
Product Manager,product owner,matched,Product Owner Global - Observability Accelerators & AI,1
Product Manager,product owner,matched,AI Product Owner,1
Product Manager,product owner,matched,Senior Product Owner II _IHC242B,1
Product Manager,product owner,matched,Manager- Software Product Owner(SPO),1
Product Manager,product owner,matched,Cyber Resilience - Product Owner,1
Product Manager,product owner,matched,"Product Owner | Chennai, Tamil Nadu, INDIA",1
Product Manager,product owner,matched,Product Owner - Corporate & Individual US Taxation,1
Product Manager,product owner,matched,Lead Product Owner with AI IRC303427,1
Product Manager,product owner,matched,AVP- Product Owner- Issuer Services,1
Product Manager,product owner,matched,AES - Delivery - Technical Product Owner,1
Product Manager,product owner,matched,ITSM Product Owner,1
Product Manager,product owner,matched,Senior Product Owner - Service and Supervision (IVR),1
Product Manager,product owner,matched,Product Owner_103252,1
Product Manager,product owner,matched,Product Owner 2,1
Product Manager,product owner,matched,Sr Product Owner-Manhattan WMoS,1
Product Manager,product owner,matched,Product Owner - Manager,1
Product Manager,product owner,matched,Hiring For Product Owner,1
Product Manager,product owner,matched,Payment Product Owner,1
Product Manager,product owner,matched,Product Owner Affiliate Referral Program,1
Product Manager,product owner,matched,Product Owner Growth Conversion,1
Product Manager,product owner,matched,Product Owner In App Financial Services,1
Product Manager,product owner,matched,Product Owner Banking Rails Money Movement,1
Product Manager,product owner,matched,Product Owner Tangem Pay,1
Product Manager,product owner,matched,Product Owner Payment Cards 1,1
Product Manager,product owner,matched,Product Owner Trading Liquidity,1
Product Manager,product owner,matched,Product Owner Customer Lifecycle Growth,1
Product Manager,product owner,matched,Product Owner Payment Cards,1
Product Manager,product owner,matched,Product Owner Payment Solutionsbanking,1
Product Manager,product owner,matched,Senior Product Owner Crypto Wallet,1
Product Manager,product owner,matched,Product Owner (Crypto),1
Product Manager,product owner,unmatched,Cross-Product Platform Owner,1
Product Manager,product owner,matched,PMO Staff Product Owner (Monitoring & Observability),1
Product Manager,product owner,matched,ServiceNow Product Owner,1
Product Manager,product owner,matched,Product Owner/ Product Manager,1
Product Manager,product owner,matched,Senior Product Owner I,1
Product Manager,product owner,matched,Senior Product Owner (Figma and ROVO),1
Product Manager,product owner,ambiguous_multi,nCino Product Owner/Business Analyst - Lending - M/SM Level,1
Product Manager,product owner,ambiguous_multi,Senior Business Systems Analyst - Product Owner,1
Product Manager,product owner,matched,AI- Product Owner,1
Product Manager,product owner,matched,Enterprise - Technical Product Owner (with AI project experience),1
Product Manager,product owner,matched,Product Owner (PO),1
Product Manager,product owner,matched,"AVP Product Owner - Engagement, Commercial & Customer Interactions",1
Product Manager,product owner,matched,Product Owner - Data Science,1
Product Manager,product owner,matched,Associate Product Owner - HR Technology,1
Product Manager,product owner,matched,Senior Product Owner (PAM),1
Product Manager,product owner,matched,UL - Credit Cards AVP Product Owner,1
Product Manager,product owner,matched,Senior Product Owner II,1
Product Manager,product owner,matched,HashiCorp Vault Product Owner,1
Product Manager,product owner,matched,Senior Staff Product Owner,1
Product Manager,product owner,matched,R&D Product Owner ETRM - IDC,1
Product Manager,product owner,matched,"Senior Manager, Product Owner",1
Product Manager,product owner,matched,Lead Product Owner - Business Analysis,1
Product Manager,product owner,matched,Finance Product Owner Associate,1
Product Manager,product owner,matched,Online Product Owner,1
Product Manager,product owner,matched,"O2C Competitiveness Product Owner Senior SME, Castrol",1
Product Manager,product owner,matched,Data Product Owner - RWD,1
Product Manager,product owner,matched,Module lead - (Technical Product Owner),1
Product Manager,product owner,matched,Technical Product Owner - Career,1
Product Manager,product owner,matched,Lead Product Owner Waters Connect,1
Product Manager,product owner,matched,Product Owner - Veribranch,1
Product Manager,product owner,matched,Senior AI Data Product Owner,1
Product Manager,product owner,matched,Product Owner/Product Manager (AI/ML),1
Product Manager,product owner,matched,Workflow Technical Product Owner,1
Product Manager,product owner,matched,"Senior Product Owner - Product Lifecycle, Product Roadmap",1
Product Manager,product owner,matched,Hiring Product Owner,1
Product Manager,product owner,matched,"Data & Analytics Sales Product Owner, Analytics, Business Analytics",1
Product Manager,product owner,ambiguous_multi,Salesforce Business Analyst/Consultant (Product Owner),1
Product Manager,product owner,matched,Power BI product Owner Sahibzada Ajit Singh Nagar,1
Product Manager,product owner,ambiguous_multi,Hybrid Scrum Master & Product Owner,1
Product Manager,product owner,matched,Expert product owner,1
Product Manager,product owner,matched,R&D Digital Product Owner – Tendering & System Solutions- IDC,1
Product Manager,product owner,matched,Principal Product Owner IND,1
Product Manager,product owner,matched,Digital Product Owner – Retail Accounting,1
Product Manager,product owner,matched,Business Consultant - AEM Product Owner,1
Product Manager,product owner,matched,IT Technical Product Owner,1
Product Manager,product owner,matched,"Senior Vice President, POM Product Owner",1
Product Manager,product owner,matched,USCB GTA Technical Product Owner,1
Product Manager,product owner,matched,"Product Owner - SBL: Collateral/ self directed Digital LAL, Platforms, Associate, Wealth Management",1
Product Manager,product owner,matched,Staff Product Owner,1
Product Manager,product owner,matched,Agile Product Owner - Cigna International Health Delivery Services,1
Product Manager,product owner,matched,"Senior Product Owner - Agile, ADO, Dashboards",1
Product Manager,product owner,matched,"AVP, Data Product Owner, Advisor – Wealth Management (Data Products)",1
Product Manager,product owner,matched,"Manager, Commercial AI Product Owner",1
Product Manager,product owner,matched,"AVP, Data Product Owner – Wealth Management (Data Products)",1
Product Manager,product owner,matched,"AVP, Data Product Owner – Transactions, Positions & Books and Records (TBAR)",1
Product Manager,product owner,matched,Analytics Product Owner,1
Product Manager,product owner,matched,Sr. Product Owner,1
Product Manager,product owner,unmatched,Lakehouse Data Products Solution Owner,1
Product Manager,product owner,matched,Product Owner (AI & Enterprise Solution),1
Product Manager,product owner,matched,Diagnostic Group lead and Product owner,1
Product Manager,product owner,matched,Product Owner-Embedded Systems,1
Product Manager,product owner,matched,"Sr Product Owner, BI & Analytics",1
Product Manager,product owner,matched,Senior Tech Product Owner AVP,1
Product Manager,product owner,matched,Product Owner - TnC,1
Product Manager,product owner,matched,Senior Manager Data Science and AI Technical Product Owner Mumbai,1
Product Manager,product owner,matched,Senior BI Product Owner,1
Product Manager,product owner,matched,Acquisition & Onboarding - AVP Product Owner,1
Product Manager,product owner,matched,Acquisition & Onboarding - BA4 Product Owner,1
Product Manager,product owner,matched,"Product Owner - AUTOSAR, Embedded Systems",1
Product Manager,product owner,matched,Product Owner / Service Designer (Mid level) - 4.5 Months - Remote - Octopus,1
Product Manager,product owner,ambiguous_multi,Product Owner - SRE,1
Product Manager,product owner,matched,Data Product Owner IND,1
Product Manager,product owner,matched,Payments - AVP Product Owner,1
Product Manager,product owner,matched,UL - Loans AVP Product Owner,1
Product Manager,product owner,ambiguous_multi,nCino Product Owner/Business Analyst,1
Product Manager,product owner,matched,Product Owner/Product Manager,1
Product Manager,product owner,matched,Product Owner - Technology -VP,1
Product Manager,associate product manager,matched,Associate Product Manager,25
Product Manager,associate product manager,unmatched,"Sr Associate, Technical Product Management",3
Product Manager,associate product manager,unmatched,Associate-Digital Product Management,3
Product Manager,associate product manager,matched,"Principal Product Manager Technical, Associate Experience",3
Product Manager,associate product manager,unmatched,Senior Associate -Digital Product Management,2
Product Manager,associate product manager,unmatched,"Associate Product Marketing Manager, Surgical",2
Product Manager,associate product manager,unmatched,Associate Product Marketing Manager,2
Product Manager,associate product manager,unmatched,Associate Director - Product Management,2
Product Manager,associate product manager,unmatched,Agile Product Management Associate Advisor - HIH - Evernorth,2
Product Manager,associate product manager,matched,Associate Product Manager - Nek,2
Product Manager,associate product manager,matched,Associate Product Manager - B2B - SaaS Product,2
Product Manager,associate product manager,matched,"Post Trade Product Manager, Aladdin Product, Associate",1
Product Manager,associate product manager,matched,Associate Product Manager Intern - YMS,1
Product Manager,associate product manager,unmatched,Associate Manager - Sales - Speciality Products and Chemicals,1
Product Manager,associate product manager,unmatched,Associate Director (Deal management products- Salesforce/Oracle APEX),1
Product Manager,associate product manager,unmatched,Associate Manager Product Growth,1
Product Manager,associate product manager,unmatched,Digital Product Management - Associate,1
Product Manager,associate product manager,unmatched,Jr. Associate - Product Information Management,1
Product Manager,associate product manager,matched,"Senior Associate, Product Manager Loan Against Property , Consumer Banking Group",1
Product Manager,associate product manager,unmatched,"Sr. Associate, Product Management",1
Product Manager,associate product manager,unmatched,Associate Director Tech Product Management (DAM & MLR),1
Product Manager,associate product manager,matched,Associate Product Manager (New Grad),1
Product Manager,associate product manager,matched,Associate Product Manager - MSD Financial Systems and Transformation,1
Product Manager,associate product manager,unmatched,"Associate Manager, Data Product",1
Product Manager,associate product manager,unmatched,AWM Management- Product Management- Associate- Bengaluru,1
Product Manager,associate product manager,matched,Associate Product Manager (Matrimony),1
Product Manager,associate product manager,matched,Associate Product Manager Intern,1
Product Manager,associate product manager,matched,Associate Technical Product Manager,1
Product Manager,associate product manager,matched,Associate Product Manager - Power & Magnetics,1
Product Manager,associate product manager,matched,Associate Product Manager - RF & Antenna,1
Product Manager,associate product manager,unmatched,Associate Professional - Product Management,1
Product Manager,associate product manager,unmatched,"Associate Manager, Product Development-Dot Net, Azure",1
Product Manager,associate product manager,unmatched,Product Management Associate,1
Product Manager,associate product manager,unmatched,Associate Product Marketing Manager D2C,1
Product Manager,associate product manager,unmatched,"Associate Director, Product Management - AI and Agentic Platform",1
Product Manager,associate product manager,unmatched,Associate Manager Product Design (Design),1
Product Manager,associate product manager,unmatched,Product Management Associate Principal,1
Product Manager,associate product manager,matched,Associate Product Manager-TRANSACTION BANKING-GTS Trade,1
Product Manager,associate product manager,unmatched,Senior Product Associate - Product Management,1
Product Manager,associate product manager,unmatched,Associate Manager - Product Management,1
Product Manager,associate product manager,matched,Associate Product Manager (Beauty & Personal Care),1
Product Manager,associate product manager,unmatched,Associate Product Management / Fund Management,1
Product Manager,associate product manager,matched,Product Manager/Associate Product Manager,1
Product Manager,associate product manager,unmatched,"Associate Director, Cash Product Management",1
Product Manager,associate product manager,matched,"Associate Product Manager, Specialist",1
Product Manager,associate product manager,matched,Associate Product manager- Voice AI,1
Product Manager,associate product manager,unmatched,Associate Manager/ Manager- Product Marketing,1
Product Manager,associate product manager,unmatched,Corporate Planning & Management-Bengaluru-Associate-Product Management,1
Product Manager,associate product manager,matched,"Associate Product Manager (B2C Product company, AI Tier 1 IIT)",1
Product Manager,associate product manager,unmatched,Digital Engineering Product Lifecycle Management - Senior Associate,1
Product Manager,associate product manager,matched,Associate Principal Product Manager - Networks,1
Project Manager,project manager,matched,Project Manager,67
Project Manager,project manager,matched,Technical Project Manager,22
Project Manager,project manager,matched,Senior Project Manager,21
Project Manager,project manager,matched,Assistant Project Manager,12
Project Manager,project manager,matched,SAP Project Manager,6
Project Manager,project manager,unmatched,Program/Project Management Lead,5
Project Manager,project manager,unmatched,Territory Manager - Sales (Projects),5
Project Manager,project manager,unmatched,Assistant Consultant - Project Management,4
Project Manager,project manager,unmatched,Senior Account Manager (Project Operations & Client Relationships),3
Project Manager,project manager,unmatched,Principal Consultant - Project Management,3
Project Manager,project manager,unmatched,Specialist Project Management,3
Project Manager,project manager,unmatched,Senior Manager - Program & Project Management,3
Project Manager,project manager,matched,Senior Technical Project Manager,3
Project Manager,project manager,unmatched,"Senior Manager, Project Management",3
Project Manager,project manager,matched,Customer Project Manager | 11Years,3
Project Manager,project manager,matched,Sr Project Manager,3
Project Manager,project manager,matched,Project Manager Observability,2
Project Manager,project manager,matched,HR Project Manager,2
Project Manager,project manager,matched,Project Manager - India,2
Project Manager,project manager,matched,Product/Project Manager,2
Project Manager,project manager,unmatched,"Digital Customer Engagement Manager - SAP Basis, Project Management",2
Project Manager,project manager,matched,Salesforce Project Manager,2
Project Manager,project manager,unmatched,Project Management - CSM,2
Project Manager,project manager,matched,IT Project Manager,2
Project Manager,project manager,unmatched,Assistant Manager - Civil - Projects,2
Project Manager,project manager,excluded_by_rule,Project Manager - Pharmaceutical Manufacturing Construction,2
Project Manager,project manager,unmatched,Lead Project Management Specialist - Quality,2
Project Manager,project manager,excluded_by_rule,Project Manager - Civil Infrastructure - Water,2
Project Manager,project manager,matched,Project Manager - QA/QC,2
Project Manager,project manager,excluded_by_rule,Project Manager (MEP),2
Project Manager,project manager,matched,SAP Project/ Delivery Manager Sr,2
Project Manager,project manager,unmatched,Project Management Specialist 1 - Install & Construction,2
Project Manager,project manager,matched,Lead Engineer - Project Manager,2
Project Manager,project manager,matched,"Project Manager, PMO Operations",2
Project Manager,project manager,matched,Sr. Technology Project Manager,2
Project Manager,project manager,unmatched,Senior Manager Project - Jhagadia,2
Project Manager,project manager,unmatched,Head Project Management,2
Project Manager,project manager,unmatched,Assistant Manager - Projects,2
Project Manager,project manager,unmatched,Project Coordinator - General Management,2
Project Manager,project manager,unmatched,Manager Digital Project (Finance Transformation Manager - ITP),2
Project Manager,project manager,unmatched,Manager - Project Management,2
Project Manager,project manager,unmatched,Project Management Specialist - Project Mgmt,2
Project Manager,project manager,matched,Project Manager -Scrum Master - Assistant Vice President,2
Project Manager,project manager,matched,EMS - Technical Project Manager,2
Project Manager,project manager,matched,Project Manager - DCBU Enterprise & AI Datacenters,1
Project Manager,project manager,matched,Project Manager (Market Research - Survey Operations Experience Preferred),1
Project Manager,project manager,matched,Project Manager- HVAC,1
Project Manager,project manager,matched,Associate Clinical Project Manager,1
Project Manager,project manager,matched,Project Manager - AZAD,1
Project Manager,project manager,matched,Oracle Fusion Technical Project Manager,1
Project Manager,project manager,unmatched,Associate Manager - Civil - Projects,1
Project Manager,project manager,matched,Customer Project Manager,1
Project Manager,project manager,unmatched,"Specialist, Technical Project Management",1
Project Manager,project manager,unmatched,Assistant Manager Projects,1
Project Manager,project manager,unmatched,Sr. Manager - Projects,1
Project Manager,project manager,unmatched,Sr PM Client Project Management,1
Project Manager,project manager,unmatched,KGS-SAP-Professional Services- UK Geo-IVC CoE Project-Sell & Plan-Bangalore - Manager,1
Project Manager,project manager,unmatched,Senior Manager / General Manager | Greenfields Projects | Mumbai,1
Project Manager,project manager,matched,"Project Manager – CDR Projects, India",1
Project Manager,project manager,matched,Project Manager – Dynamics 365 F&O Implementation (Manufacturing),1
Project Manager,project manager,matched,AI/LLM DELIVERY PROJECT MANAGER (ZOOLOGY),1
Project Manager,project manager,matched,HVAC Project Manager - HVAC Company - West Mogappair,1
Project Manager,project manager,matched,Project Manager Observability MMH260923-15,1
Project Manager,project manager,unmatched,GBM - TxB - Project Management - Vice President - Bengaluru,1
Project Manager,project manager,unmatched,"Program, Project & Service Management - Project Control Services Practitioner",1
Project Manager,project manager,unmatched,Technical Program & Project Management Specialist,1
Project Manager,project manager,matched,Project Manager Services Manager,1
Project Manager,project manager,matched,PROJECT MANAGER - Project Management-Infrastructure,1
Project Manager,project manager,unmatched,AGN - Chief Manager - Business Excellence & Projects,1
Project Manager,project manager,matched,Technical Project/Program Manager I,1
Project Manager,project manager,mapped:Architect (contamination audit),Project Sales Manager – Architects & Projects,1
Project Manager,project manager,unmatched,Project Management & Research Intern,1
Project Manager,project manager,matched,Project Manager – MT Optimize Portfolio Management,1
Project Manager,project manager,matched,Technical Project Manager/Lead,1
Project Manager,project manager,matched,Senior Project Manager – AI Delivery,1
Project Manager,project manager,matched,Project Manager-Electrical Engineering,1
Project Manager,project manager,unmatched,Design Coordinator | Project Management | Mumbai,1
Project Manager,project manager,unmatched,Talent Acquisition Projects & Recruitment Manager,1
Project Manager,project manager,unmatched,Manager – Clinic Rollout & Projects,1
Project Manager,project manager,unmatched,Manager / Senior Manager Sales – Luxury Residential Project,1
Project Manager,project manager,matched,Senior Project Manager – Professional Services,1
Project Manager,project manager,matched,Senior Implementation Project Manager - BFSI,1
Project Manager,project manager,unmatched,Senior Project Quality & Compliance Manager –EV,1
Project Manager,project manager,matched,Millwork - Project Manager,1
Project Manager,project manager,matched,Project Manager-Implementation,1
Project Manager,project manager,unmatched,Dy. General Manager - Projects,1
Project Manager,project manager,matched,Principal Project Manager,1
Project Manager,project manager,matched,Technical Project Manager (BUSY Bar),1
Project Manager,project manager,unmatched,General Manager - Projects,1
Project Manager,project manager,matched,WFM Project Manager,1
Project Manager,project manager,matched,IT Infrastructure Project Manager,1
Project Manager,project manager,matched,Staff Technical Project Manager,1
Project Manager,project manager,unmatched,"Manager - Strategy, Project Management",1
Project Manager,project manager,matched,AI/LLM DELIVERY PROJECT MANAGER (Biogeography; Astrobiology),1
Project Manager,project manager,unmatched,Project Lead Project Management ArcGIS,1
Project Manager,project manager,matched,Project Manager - Flare Systems | Heavy Engineering | Oil & Gas | Pressure Vessels,1
Project Manager,project manager,matched,Project Manager - Finance,1
Project Manager,project manager,unmatched,Senior Engineering Manager – Technical & Projects,1
Project Manager,project manager,matched,Project Manager - Senior - Manufacturing,1
Project Manager,project manager,matched,Testing Project Manager,1
Project Manager,project manager,matched,Associate Project Manager - R01571707,1
Project Manager,project manager,unmatched,Transition Project Management Coordinator,1
Project Manager,project manager,unmatched,"Assistant Manager, Project Management",1
Project Manager,project manager,unmatched,"Project Management, Director, Portfolio & Change Management",1
Project Manager,project manager,matched,17703 — Senior Project Manager / Project Manager,1
Project Manager,project manager,matched,Project Manager – Firefighting Systems & Project Planning,1
Project Manager,project manager,unmatched,"Project Management Officer, Surat",1
Project Manager,project manager,matched,Technical Project Manager -AI,1
Project Manager,project manager,unmatched,Project Controls Manager (Data Center Construction),1
Project Manager,project manager,matched,"PMO Project Manager (Growth, Development, Power)",1
Project Manager,project manager,matched,Project Manager-Interiors,1
Project Manager,project manager,matched,Bilingual Project Manager,1
Project Manager,project manager,matched,Project Manager - Projects & Interiors,1
Project Manager,project manager,matched,Project Manager (Automation) || Bangalore || upto 30 LPA,1
Project Manager,project manager,matched,Project Manager – Vision AI / Video Analytics,1
Project Manager,project manager,matched,Project Manager - Data,1
Project Manager,project manager,unmatched,Team Lead - Programme & Project Management- PMU,1
Project Manager,project manager,matched,Project Manager / Project Engineer,1
Project Manager,project manager,matched,Sr. Project Manager,1
Project Manager,project manager,matched,Data Center Project Manager – Network Connectivity & Structured Cabling,1
Project Manager,project manager,unmatched,Project Management Specialist,1
Project Manager,project manager,matched,Project Manager / Scrum Master,1
Project Manager,project manager,matched,Part-Time Project Manager,1
Project Manager,project manager,excluded_by_rule,Project Manager - Interior Design,1
Project Manager,project manager,matched,AI/LLM DELIVERY PROJECT MANAGER (ZOOLOGY/ BOTANY/MICROBIOLOGY),1
Project Manager,project manager,excluded_by_rule,Project Manager for Commercial Real Estate - Moshi Location,1
Project Manager,project manager,unmatched,Manager Engineering Site Project Lead,1
Project Manager,project manager,unmatched,IN_Bosch Rexroth India_Executive / Assistant Manager_Project Purchasing,1
Project Manager,project manager,unmatched,"Manager – Strategy, Project Management",1
Project Manager,project manager,matched,Technical Cloud Project Manager,1
Project Manager,project manager,unmatched,Team Leader and Project Management Expert_BID Position,1
Project Manager,project manager,unmatched,Project Change & Configuration Manager,1
Project Manager,project manager,unmatched,Project Management Consultant,1
Project Manager,project manager,unmatched,Assistant Manager -Construction Civil - Projects,1
Project Manager,project manager,unmatched,IN_Manager_ Project Management_GCC_Advisory_Bangalore,1
Project Manager,project manager,unmatched,Assistant Manager - Projects & Testing (Pre-Acq),1
Project Manager,project manager,matched,Innovation Portfolio & Project Manager - IMEA,1
Project Manager,project manager,matched,Web Project Manager,1
Project Manager,project manager,matched,IN_Manager _ Project Manager _Enterprise Apps SAP Advisory_ Gurgaon,1
Project Manager,project manager,unmatched,Assistant Manager - Project,1
Project Manager,project manager,unmatched,Assistant Manager - Projects - ATGL - PNG,1
Project Manager,project manager,unmatched,Project Client Solutions Manager,1
Project Manager,project manager,unmatched,Project/Program Management - Strategic Transformation Consultant - Analyst,1
Project Manager,project manager,unmatched,Deputy Manager - Civil - Projects,1
Project Manager,project manager,unmatched,Associate Director - Project Management (Global PMO),1
Project Manager,project manager,unmatched,"Category Manager-Substation,Power Quality Projects",1
Project Manager,project manager,matched,Senior Technical Project Manager - Vadodara,1
Project Manager,project manager,matched,NPDI Project Manager Products and Solutions - Engineering Senior Analyst,1
Project Manager,project manager,unmatched,Regional Sales Project Development Manager (APAC) (Compression),1
Project Manager,project manager,matched,Project Manager – Sales Operations,1
Project Manager,project manager,matched,Technical Project Manager â AI & GenAI Delivery Job Description,1
Project Manager,project manager,matched,ServiceNow Project Manager,1
Project Manager,project manager,unmatched,Manager Project Management Office,1
Project Manager,project manager,unmatched,Apprentice Projects Manager,1
Project Manager,project manager,unmatched,Media Project Management Intern – Events & Campaigns | 6 Months,1
Project Manager,project manager,matched,Project Manager - Wind/ Solar,1
Project Manager,project manager,matched,SAP S/4 HANA Project Manager - PMO,1
Project Manager,project manager,matched,IT/OT Project Manager,1
Project Manager,project manager,unmatched,Manager - Business Development - Projects (Hyderabad),1
Project Manager,project manager,unmatched,Manager - Business Development - Projects (Bangalore),1
Project Manager,project manager,matched,Retail Project Manager,1
Project Manager,project manager,matched,Technical Project Manager (Remote),1
Project Manager,project manager,matched,Project Manager - Non IT,1
Project Manager,project manager,unmatched,Project Finance Manager (Clinical Trial Proposals),1
Project Manager,project manager,matched,Finance Integration Project Manager (Post Merger Integration),1
Project Manager,project manager,unmatched,Asst Manager - Projects & Automation Control,1
Project Manager,project manager,matched,Service Delivery Project Manager,1
Project Manager,project manager,matched,Strategic Project Manager,1
Project Manager,project manager,matched,PLM Senior Project Manager,1
Project Manager,project manager,matched,Project Manager - POS Deployment,1
Project Manager,project manager,unmatched,Senior Project Management,1
Project Manager,project manager,matched,MARKETING PROJECT MANAGER,1
Project Manager,project manager,matched,IT Project Manager - EA PMO,1
Project Manager,project manager,unmatched,Senior Consultant - Veeva Safety Project Management,1
Project Manager,project manager,matched,Supervisor Project Manager Services,1
Project Manager,project manager,unmatched,Program/Project Management Representativ,1
Project Manager,project manager,matched,Team Lead - Project Manager,1
Project Manager,project manager,matched,Project Manager - Noida,1
Project Manager,project manager,unmatched,"Alpha Third Party Outreach Project Management, Assistant Vice President",1
Project Manager,project manager,matched,Pur.Project Manager - Purchasing,1
Project Manager,project manager,matched,Associate Project Manager,1
Project Manager,project manager,unmatched,Head - Project Management,1
Project Manager,project manager,unmatched,Deputy Manager - Projects,1
Project Manager,project manager,unmatched,IN_Associate_Project Management_Automotive_Advisory_Pune,1
Project Manager,project manager,matched,SAP Project Manager (Tax Reform),1
Project Manager,project manager,matched,Assistant Project Manager - MEPF,1
Project Manager,project manager,unmatched,Assistant Vice President - Project Management (Spine),1
Project Manager,project manager,unmatched,Team Lead – Programme & Project Management- PMU,1
Project Manager,project manager,matched,Technical Product & Project Manager,1
Project Manager,project manager,matched,Project Manager - Technical,1
Project Manager,project manager,matched,Workplace Project Manager,1
Project Manager,project manager,matched,Junior Project Manager,1
Project Manager,project manager,matched,Project Manager – Customer Implementations,1
Project Manager,project manager,matched,"Technical Project Manager with AI Platforms & Enterprise Technology Projects ScrumMaster ( Azure, AWS,AI, DevOps, UI/ UX ) Location : Hyderabad / Remote (India)",1
Project Manager,project manager,matched,"Project Manager, PMO & OCM - Finance Continuous Improvement",1
Project Manager,project manager,excluded_by_rule,Construction Project Manager-Ghaziabad (Real Estate Plotted Development),1
Project Manager,project manager,unmatched,Design Buildings Expert (General Management services for railway projects),1
Project Manager,project manager,unmatched,Track Expert (General Management services for railway projects),1
Project Manager,project manager,unmatched,Senior Project Director- Civil(General Management Services for Railway Projects),1
Project Manager,project manager,unmatched,Chief Project Director- Civil (General Management Services for railway projects),1
Project Manager,project manager,unmatched,Senior Project Director- Electrical (General Management services for railways),1
Project Manager,project manager,unmatched,Project Director - Civil (General Management services for railway projects),1
Project Manager,project manager,unmatched,Design Buildings Expert (General Management Services for railway projects),1
Project Manager,project manager,unmatched,Project Director - Electrical (General Management Services for railway projects),1
Project Manager,project manager,unmatched,Chief Project Director- Civil (General Management services for railway projects),1
Project Manager,project manager,ambiguous_multi,Project Manager- BIM Architect,1
Project Manager,project manager,matched,Associate Project Manager - Implementations & Data Migration,1
Project Manager,project manager,matched,Technical Escalation Project Manager,1
Project Manager,project manager,matched,Program Manager – Capital Projects,1
Project Manager,project manager,matched,Project Manager – CAPA & Complaints,1
Project Manager,project manager,matched,"Sr Project Manager, Professional Services",1
Project Manager,project manager,matched,Project Manager- Warehouse Automation,1
Project Manager,project manager,unmatched,Manager - Project Planning,1
Project Manager,project manager,unmatched,Client Project Management Manager,1
Project Manager,project manager,matched,Project Manager - Managed Services,1
Project Manager,project manager,matched,Project Manager (Fire Fighting),1
Project Manager,project manager,matched,SEO Project Manager,1
Project Manager,project manager,ambiguous_multi,SAP Project Manager / Solution Architect (8 Month),1
Project Manager,project manager,matched,Associate Director-Project Manager,1
Project Manager,project manager,unmatched,Assistant General Manager Project,1
Project Manager,project manager,matched,VFX Project Manager - Senior,1
Project Manager,project manager,matched,R&D Project Manager,1
Project Manager,project manager,unmatched,Assistant Manager / Manager - Project Sales,1
Project Manager,project manager,matched,Campaign Project Manager,1
Project Manager,project manager,unmatched,"Manager, Industrial Project Management",1
Project Manager,project manager,matched,Project Manager-Architecture BIM,1
Project Manager,project manager,matched,Technical Project /Program Manager,1
Project Manager,project manager,unmatched,Territory Manager- Sales (Projects),1
Project Manager,project manager,unmatched,Assoc Pricing & Strategic Projects Manager,1
Project Manager,project manager,unmatched,Managing Principal -Project Program Portfolio Mgmt - Portfolio Manager,1
Project Manager,project manager,unmatched,Assistant Manager -Projects-Chemistry Commissioning Support,1
Project Manager,project manager,unmatched,Sr.Relationship Manager - Project & Structured Finance - Chennai,1
Project Manager,project manager,unmatched,IN_Senior Associate_Project Management_Strategy & Governance_Advisory_Bangalore,1
Project Manager,project manager,matched,Assistant Clinical Project Manager,1
Project Manager,project manager,matched,People Experience & Change Specialist (Associate Project Manager),1
Project Manager,project manager,matched,Integrated Project Manager,1
Project Manager,project manager,unmatched,Sr. BPA Manager - DD&IT Projects,1
Project Manager,project manager,unmatched,Relationship Manager - Project & Structured Finance - Mumbai,1
Project Manager,project manager,matched,Project Manager (Facility Mgt & Commercial fit-outs),1
Project Manager,project manager,ambiguous_multi,SAP Project Manager / Solution Architect,1
Project Manager,project manager,matched,Project Manager – eLearning Solutions (Corporate Learning) | Onsite-Noida | Open to India-based candidates only,1
Project Manager,project manager,matched,Senior Project Manager – Oil & Gas / Industrial Projects - Thane,1
Project Manager,project manager,unmatched,IN_Associate_ Project Management_ IGT-Social_ Advisory_ Gurgaon,1
Project Manager,project manager,excluded_by_rule,Sr.Project Manager-Interior fitout Noida,1
Project Manager,project manager,matched,Oracle Project Manager,1
Project Manager,project manager,matched,Marketing Project Manager Associate,1
Project Manager,project manager,matched,Assistant Project Manager – Electrical,1
Project Manager,project manager,matched,Solar Project Manager,1
Project Manager,project manager,unmatched,Sr Manager - Real Estate Project & Development,1
Project Manager,project manager,matched,Vice President- Project Manager,1
Project Manager,project manager,unmatched,"Release and Project Management, Consultant",1
Project Manager,project manager,unmatched,Deputy General Manager - Civil - Projects,1
Project Manager,project manager,matched,"Project Manager - New Product Development, Supply Chain",1
Project Manager,project manager,matched,Engineering Project Manager,1
Project Manager,project manager,unmatched,"Director, Project Management - Performance & Reporting",1
Project Manager,project manager,matched,"Senior Specialist Project Manager, Actimize",1
Project Manager,project manager,matched,"Senior Project Delivery Manager, NVIS",1
Project Manager,project manager,matched,Programme / Project Manager Role(Senior) | Offshore,1
Project Manager,project manager,matched,NPDI Project Manager Products and Solutions - Engineering Specialist,1
Project Manager,project manager,excluded_by_rule,Project Manager Civil- Kolkata,1
Project Manager,project manager,matched,Project Manager || WoodBasedPanels || Greenfield Particle Board Manufacturing Company,1
Project Manager,project manager,matched,Project Manager – DRI & Coal Washery,1
Project Manager,project manager,matched,Assistant Project Manager (LPG Commercial),1
Project Manager,project manager,matched,Technical Implementation Project Manager (B2B SaaS,1
Project Manager,project manager,mapped:Architect (contamination audit),Manager - Restaurant Project Architect,1
Project Manager,project manager,matched,Asst Project Delivery Manager,1
Project Manager,project manager,matched,"Project Manager, Client Connectivity",1
Project Manager,project manager,unmatched,Materials Project Management,1
Project Manager,project manager,matched,Project Manager - Life science (NASA),1
Project Manager,project manager,matched,PMO – Oracle ERP/HCM Project Manager,1
Project Manager,project manager,excluded_by_rule,"Project Manager Civil, SME cum Operations",1
Project Manager,project manager,excluded_by_rule,Assistant Project Manager - MEP,1
Project Manager,project manager,excluded_by_rule,Project Manager - MEP,1
Project Manager,project manager,excluded_by_rule,Assistant Project Manager- Civil,1
Project Manager,project manager,excluded_by_rule,Assistant Project Manager - Civil,1
Project Manager,project manager,matched,Assistant Project Manager- Guwahati,1
Project Manager,project manager,unmatched,Senior Specialist - Program & Project Management,1
Project Manager,project manager,excluded_by_rule,Project Manager (Construction),1
Project Manager,project manager,unmatched,Manager - Project Quality,1
Project Manager,project manager,matched,Project Manager Specialist III,1
Project Manager,project manager,unmatched,Deputy Manager - Business and Project Development (T&D),1
Project Manager,project manager,matched,Senior Project Manager - Data Center,1
Project Manager,project manager,unmatched,"Manager - Planning, Project coordinator, Industrial Project, PEB",1
Project Manager,project manager,excluded_by_rule,"Construction Manager / Project Manager, Industrial Project, PEB",1
Project Manager,project manager,matched,Associate Project Manager - Service,1
Project Manager,project manager,unmatched,Deputy General Manager - Project Management & Control,1
Project Manager,project manager,unmatched,Deputy Manager - Program Project Management - M/F/D,1
Project Manager,project manager,matched,Senior Project Manager (India),1
Project Manager,project manager,unmatched,IN_Senior Associate_Project Management_Strategy & Governance_Advisory_Pune,1
Project Manager,project manager,unmatched,"Specialist, Project and Program Management",1
Project Manager,project manager,matched,Sr. Project Manager 4D,1
Project Manager,project manager,matched,Professional Services Project Manager,1
Project Manager,project manager,excluded_by_rule,Interior Design Project Manager,1
Project Manager,project manager,matched,GCP Project Manager,1
Project Manager,project manager,unmatched,Associate Director - Project Management (Workspace) [T500-29463],1
Project Manager,project manager,matched,Project Manager - Sailpoint Identity Governance & Administration,1
Project Manager,project manager,matched,Project Manager-Survey Programmer (Decipher/Confirmit),1
Project Manager,project manager,matched,Technical Project Manager (.NET & Azure) Job,1
Project Manager,project manager,matched,Project Manager - SaT - GOV - SaT - TCF - Infrastructure Advisory - Ahmedabad,1
Project Manager,project manager,matched,"Project Manager - Strategic Initiatives, Facilities & Maintenance",1
Project Manager,project manager,matched,Lead Project Manager (Regulatory Reporting Analyst),1
Project Manager,project manager,matched,"Senior Associate Project Manager, Medical Operations",1
Project Manager,project manager,matched,Engineering Project Manager - Controls Cost Management,1
Project Manager,project manager,unmatched,Associate Principal - Program & Project Management,1
Project Manager,project manager,matched,Technical Project Manager - Data,1
Project Manager,project manager,unmatched,Project Leader/Manager - Patient Analytics  Predictive Modeling,1
Project Manager,project manager,unmatched,Senior Lead Project Management [T500-29372],1
Project Manager,project manager,unmatched,Technical Project/Program Management ll,1
Project Manager,project manager,unmatched,Special Projects - Manager,1
Project Manager,project manager,matched,IT Technical Project Manager - PLM Program,1
Project Manager,project manager,matched,Project Manager (Solar)-Lead end-to-end execution for Multiple Projects - Mumbai HO,1
Project Manager,project manager,matched,Project Manager (with Scrum Master skills),1
Project Manager,project manager,matched,Project Manager Medical Communications,1
Project Manager,project manager,unmatched,Territory Manager-Sales (Projects),1
Project Manager,project manager,unmatched,29734-Project Management L5 (9.1-12 years)-CHN,1
Project Manager,project manager,matched,CargoWise Project Manager,1
Project Manager,project manager,unmatched,Professional 2 Project Management,1
Project Manager,project manager,unmatched,Manager - Project,1
Project Manager,project manager,matched,Project Manager - Noora Health,1
Project Manager,project manager,matched,IN-SeniorManager_ Project Manager_IT Security_IFS_PAN India,1
Project Manager,project manager,unmatched,Manager - Project Planning & Controls,1
Project Manager,project manager,matched,Team Lead & Project Manager,1
Project Manager,program manager,matched,Program Manager,24
Project Manager,program manager,matched,Technical Program Manager,17
Project Manager,program manager,matched,Technical Program Manager ID89740,16
Project Manager,program manager,matched,Senior Technical Program Manager,9
Project Manager,program manager,matched,Lead Technical Program Manager,8
Project Manager,program manager,unmatched,Program/Project Management Lead,7
Project Manager,program manager,matched,Staff Technical Program Manager,6
Project Manager,program manager,matched,AI Program Manager,5
Project Manager,program manager,matched,Principal Program Manager,4
Project Manager,program manager,unmatched,"Manager II, Program Management, Fee integrity and seller Experience",4
Project Manager,program manager,matched,"Sr Program Manager, ASIN Localization",4
Project Manager,program manager,matched,Associate Program Manager,4
Project Manager,program manager,matched,"Program Manager I, WFM",4
Project Manager,program manager,matched,Sr. Technical Program Manager,4
Project Manager,program manager,matched,"Senior Technical Program Manager, ShipTech",4
Project Manager,program manager,matched,"QA Program Manager, Global Shared Services (GSS) Quality, Content & Learning (QCL)",3
Project Manager,program manager,matched,"Principal Program Manager, Ship With Amazon",3
Project Manager,program manager,matched,"Program Manager II, Flex SLS",3
Project Manager,program manager,matched,"Program Manager, GSF Last Mile Program Team",3
Project Manager,program manager,unmatched,Senior Manager - Program & Project Management,3
Project Manager,program manager,matched,Sr Principal Program Manager,3
Project Manager,program manager,matched,Lead Program Manager,3
Project Manager,program manager,matched,"Program Manager, Sustainability and fleet electrification, AMZL DSP",3
Project Manager,program manager,matched,"Program Manager-Control Tower- Netops, Control Tower",3
Project Manager,program manager,matched,"Program Manager III, Service Delivery Standard Work",3
Project Manager,program manager,matched,"Program Manager II, Service Delivery Standard Work",3
Project Manager,program manager,matched,"GenAI Planning Program Manager, AWS Supply Chain - IPS",3
Project Manager,program manager,matched,"Program Manager, GESI-IN",3
Project Manager,program manager,matched,"Program Manager I, INTL Physical Security Innovation Solutions",3
Project Manager,program manager,matched,"Sr. Technical Program Manager, Strategic programs, PRISM, Last Mile Delivery Tech",3
Project Manager,program manager,matched,Senior Program Manager,3
Project Manager,program manager,matched,"Technical Program Manager, Cloud Storage",3
Project Manager,program manager,matched,"Sr. Technical Program Manager, Amazon Device Troubleshooting Team",3
Project Manager,program manager,matched,"Senior Technical Program Manager, Amazon Now",3
Project Manager,program manager,matched,Engineering Program Manager,3
Project Manager,program manager,matched,"Program Manager II, Global Catalog Operations",3
Project Manager,program manager,matched,"Program Manager I, GTS Field",3
Project Manager,program manager,matched,"Senior Program Manager , Delivery Experience, IN DEX",3
Project Manager,program manager,matched,"Insights Program Manager, Audit and Insights",3
Project Manager,program manager,matched,"Sr. Technical Program Manager, Business Data Technologies",3
Project Manager,program manager,matched,"Program Manager, Inbound Supply Chain",3
Project Manager,program manager,matched,"Program Manager I, IN Easy Ship",3
Project Manager,program manager,matched,"Principal Technical Program Manager, Amazon Freight",3
Project Manager,program manager,unmatched,Manager Program Management,3
Project Manager,program manager,unmatched,"Director, Technical Program Management",3
Project Manager,program manager,matched,"Sr Program Manager - Heavy Bulky Network, IN - H&B",3
Project Manager,program manager,unmatched,Senior IT Program & Project Management Analyst,3
Project Manager,program manager,matched,"Program Manager I, FBA",3
Project Manager,program manager,matched,"Program Manager, Routing Insights and Analytics",3
Project Manager,program manager,matched,"Senior Program Manager, IPV Process OPS",3
Project Manager,program manager,matched,"Manager III, Program Manager, Seller Economics & Fees",3
Project Manager,program manager,unmatched,Associate Manager Managed Access Program,3
Project Manager,program manager,matched,"CAM Program Manager, Amazon Prime Video",2
Project Manager,program manager,matched,Program Manager PMU - Hyderabad,2
Project Manager,program manager,matched,"Technical Program Manager, GSRS, Physical Security",2
Project Manager,program manager,matched,"Senior Technical Program Manager, Multichannel Commerce and Fulfillment, Amazon Supply Chain Services",2
Project Manager,program manager,matched,"Program Manager, Operations",2
Project Manager,program manager,matched,Program Manager – Automotive Parts & Accessories,2
Project Manager,program manager,matched,"Technical Program Manager, Google Search Platforms",2
Project Manager,program manager,matched,"Senior Program Manager, Global Catalog Operations, Amazon",2
Project Manager,program manager,matched,Content Program Manager,2
Project Manager,program manager,matched,"Technical Program Manager, Solutions",2
Project Manager,program manager,matched,Legal Data Program Manager,2
Project Manager,program manager,matched,"Technical Program Manager, Google Global Networking",2
Project Manager,program manager,matched,"Technical Program Manager, Software Engineering",2
Project Manager,program manager,matched,"Sr. Program Manager, WW FBA",2
Project Manager,program manager,matched,Program Manager Non Tech 3,2
Project Manager,program manager,unmatched,Program Management Advisor - HIH - Evernorth,2
Project Manager,program manager,matched,Program Manager – Chip Design,2
Project Manager,program manager,matched,Staff Technology Program Manager,2
Project Manager,program manager,matched,"Technical Program Manager, AI Garage",2
Project Manager,program manager,matched,Senior Engineering Program Manager - Reliability Solutions,2
Project Manager,program manager,matched,"Senior Technical Program Manager, Google Cloud Business Platform",2
Project Manager,program manager,unmatched,"Senior Manager, IT Program Management",2
Project Manager,program manager,matched,"Program Manager II, Supply Chain",2
Project Manager,program manager,unmatched,Associate Principal - Program & Project Management,2
Project Manager,program manager,unmatched,"Manager II Program Management, Global Catalog Operations",2
Project Manager,program manager,matched,"Senior Program Manager, RBS : Cost to Serve",2
Project Manager,program manager,matched,Principal Technical Program Manager,2
Project Manager,program manager,matched,"Program Manager, EHS, Data Centers",2
Project Manager,program manager,matched,Program Manager - IFS Loops,2
Project Manager,program manager,matched,GSI Services Program Manager,2
Project Manager,program manager,matched,"Technical Program Manager, Amazon Freight",2
Project Manager,program manager,matched,"Program Manager – Data Governance, LMAQ",2
Project Manager,program manager,matched,"Technical Program Manager, Stores Application Security",2
Project Manager,program manager,matched,"Program Manager II, Transportation Long Term Capacity Planning",2
Project Manager,program manager,matched,"Program Manager III, Transportation Financial Systems (TFS)",2
Project Manager,program manager,matched,"Senior Program Manager, Refunds CX, WW Refunds Experience",2
Project Manager,program manager,matched,"Program Manager, Supply chain, JWO",2
Project Manager,program manager,matched,"Program Manager, Routing and Planning",2
Project Manager,program manager,matched,"Sr. Technical Program Manager, Value Added Services Tech",2
Project Manager,program manager,matched,Operation Program Manager,2
Project Manager,program manager,unmatched,"Analyst, Relationship Manager, Credit Program Small, Small Medium Enterprises",2
Project Manager,program manager,matched,Senior Release and Program Manager,1
Project Manager,program manager,matched,Release and Program Manager,1
Project Manager,program manager,matched,Capital Program Manager,1
Project Manager,program manager,matched,"Program Manager II, Global Catalog Operations, Amazon",1
Project Manager,program manager,unmatched,"Manager, Strategic Programs",1
Project Manager,program manager,matched,Technical Program Manager (TPM),1
Project Manager,program manager,matched,Program Manager – Client Engagement & Delivery,1
Project Manager,program manager,unmatched,Program Management Lead Analyst,1
Project Manager,program manager,unmatched,Lead Program Management - Analog/ASIC/SOC,1
Project Manager,program manager,matched,Technical Program Manager_8 yrs_Hyderabad (Hybrid),1
Project Manager,program manager,unmatched,"Program, Project & Service Management - Project Control Services Practitioner",1
Project Manager,program manager,unmatched,Technical Program & Project Management Specialist,1
Project Manager,program manager,unmatched,"Associate, Relationship Manager, Credit Program Small, Small Medium Enterprises",1
Project Manager,program manager,matched,Technical Project/Program Manager I,1
Project Manager,program manager,unmatched,Manager – Program Implementation & Partnerships,1
Project Manager,program manager,matched,"Security Program Manager, Infrastructure Physical Security",1
Project Manager,program manager,matched,Senior Cloud Partner Enablement Program Manager,1
Project Manager,program manager,matched,"Program Manager, Value Creation",1
Project Manager,program manager,matched,Program Manager - Aerospace & Defense,1
Project Manager,program manager,matched,Pedagogy and Program Manager – FLN,1
Project Manager,program manager,matched,"Principal, Technical Program Manager",1
Project Manager,program manager,matched,"PRINCIPAL, TECHNICAL PROGRAM MANAGER",1
Project Manager,program manager,unmatched,Manager - Software Engineering - .Net Programming,1
Project Manager,program manager,matched,Program Manager / General Manager,1
Project Manager,program manager,matched,Sales Program Manager,1
Project Manager,program manager,matched,"Sr. Program Manager, NPS",1
Project Manager,program manager,matched,Program Manager - Last Mile,1
Project Manager,program manager,matched,"Senior Technical Program Manager, Data",1
Project Manager,program manager,matched,"Program Manager, Business Practices",1
Project Manager,program manager,matched,"Customer Care, Program Manager",1
Project Manager,program manager,matched,"Staff Technical Program Manager, Brokerage",1
Project Manager,program manager,matched,Associate Program Manager – Customer Experience Initiatives,1
Project Manager,program manager,unmatched,"Manager, Technical Program Management",1
Project Manager,program manager,unmatched,Team Lead - Programme & Project Management- PMU,1
Project Manager,program manager,matched,Program Manager (Security Infrastructure),1
Project Manager,program manager,unmatched,Associate Manager Program Management,1
Project Manager,program manager,unmatched,"Manager, Program Management",1
Project Manager,program manager,matched,Program Manager (R-19935),1
Project Manager,program manager,matched,Supplier Development Program Manager,1
Project Manager,program manager,excluded_by_rule,Technical Program Manager - MEP,1
Project Manager,program manager,unmatched,Control Manager - Program - Controls Room – Program Management & Governance Vice President,1
Project Manager,program manager,unmatched,Digital Program Management-Digital Banking-Net & Mobile Banking HO Team,1
Project Manager,program manager,unmatched,Project/Program Management - Strategic Transformation Consultant - Analyst,1
Project Manager,program manager,mapped:Product Manager,Binance Accelerator Programm - Product Manager (meme),1
Project Manager,program manager,matched,District Program Manager,1
Project Manager,program manager,matched,Technical Program Manager – (Turkish/Turkic language proficiency),1
Project Manager,program manager,matched,"Program Manager II, Buyer Abuse",1
Project Manager,program manager,matched,Senior Program Manager - Telangana,1
Project Manager,program manager,matched,Risk & Compliance Program Manager,1
Project Manager,program manager,matched,Software Program Manager,1
Project Manager,program manager,matched,Staff Technical Program Manager - Electronics,1
Project Manager,program manager,matched,Program Manager/Program Coordinator,1
Project Manager,program manager,matched,"Senior Services Program Manager, Actimize (LMS Administrator)",1
Project Manager,program manager,unmatched,Program/Project Management Representativ,1
Project Manager,program manager,matched,Senior Program Delivery Manager,1
Project Manager,program manager,matched,Program Manager - Data Ops,1
Project Manager,program manager,matched,Program Manager- Complex Data Products,1
Project Manager,program manager,unmatched,"Manager, Clinical Programming",1
Project Manager,program manager,unmatched,Senior Analyst Program Management,1
Project Manager,program manager,matched,Technical Program Manager – Data Center Infrastructure,1
Project Manager,program manager,unmatched,Team Lead – Programme & Project Management- PMU,1
Project Manager,program manager,unmatched,"Associate Customer Success Manager, Programs",1
Project Manager,program manager,unmatched,"Senior Manager, Compliance Program & Governance",1
Project Manager,program manager,matched,Program Manager - Hardware,1
Project Manager,program manager,unmatched,Data Manager (Expert in Programming & developing EDC systems),1
Project Manager,program manager,matched,"Global Program Manager, ITO",1
Project Manager,program manager,matched,Program Manager – Capital Projects,1
Project Manager,program manager,matched,"Senior Program Manager, Strategic Initiatives - Start-ups & Ecosystem",1
Project Manager,program manager,unmatched,Manager- Student Life (Wellness Program),1
Project Manager,program manager,unmatched,Manager- B2B Sales- MDP Programmes,1
Project Manager,program manager,matched,Technical Program Manager - Internal Job,1
Project Manager,program manager,matched,Program Manager- P&C Insurance,1
Project Manager,program manager,matched,Technical Project /Program Manager,1
Project Manager,program manager,matched,Programme Manager - Transformation,1
Project Manager,program manager,unmatched,Managing Principal -Project Program Portfolio Mgmt - Portfolio Manager,1
Project Manager,program manager,unmatched,Program Management - Cell Manufacturing,1
Project Manager,program manager,matched,Program Manager – Retrofits,1
Project Manager,program manager,unmatched,Manager - Program Management,1
Project Manager,program manager,matched,Senior Technical Program Manager I,1
Project Manager,program manager,unmatched,Jr Executive - Program Management,1
Project Manager,program manager,matched,"Program Manager, Manufacturing & Supply AI Transformation",1
Project Manager,program manager,matched,Program Manager (Uttar Pradesh),1
Project Manager,program manager,mapped:Business Analyst,PCC Program Business Analyst - Assistant Manager,1
Project Manager,program manager,matched,Program Manager (Chhattisgarh),1
Project Manager,program manager,matched,Programme / Project Manager Role(Senior) | Offshore,1
Project Manager,program manager,matched,Program Manager - ACoE,1
Project Manager,program manager,unmatched,Sr. Manager-startup Programs,1
Project Manager,program manager,matched,"Senior Technical Program Manager, Data Science",1
Project Manager,program manager,matched,"Program Manager, Climate Operations",1
Project Manager,program manager,unmatched,Program Management Ld Analyst - Marketing - MUMBAI,1
Project Manager,program manager,unmatched,Manager- Presbyopia Program,1
Project Manager,program manager,unmatched,Senior Specialist - Program & Project Management,1
Project Manager,program manager,matched,Program Manager - Founder Branding,1
Project Manager,program manager,matched,SOC Program Manager,1
Project Manager,program manager,matched,Program Manager - M/F/D,1
Project Manager,program manager,unmatched,Program Management (Lender Management) - Senior Manager- Lending EMI,1
Project Manager,program manager,matched,Associate Customer Program Manager (EG),1
Project Manager,program manager,unmatched,Deputy Manager - Program Project Management - M/F/D,1
Project Manager,program manager,matched,"Principal Program Manager, Customer Success",1
Project Manager,program manager,unmatched,"Specialist, Project and Program Management",1
Project Manager,program manager,unmatched,Program Management (Business product) - DGM/GM- Lending EMI,1
Project Manager,program manager,matched,Manufacturing Program Manager,1
Project Manager,program manager,matched,Senior Integrated Marketing Program Manager,1
Project Manager,program manager,unmatched,Program Management (Scheme Management) - Senior Manager- Lending EMI,1
Project Manager,program manager,unmatched,Program Management Lead - WebOps - Shared (Transformational TPM),1
Project Manager,program manager,matched,Director - Program Manager [T500-29439],1
Project Manager,program manager,matched,Technical Program Manager – Physical Design,1
Project Manager,program manager,matched,"Program Manager, Account Management",1
Project Manager,program manager,matched,Program Manager - Enterprise (US Region),1
Project Manager,program manager,unmatched,Manager / Senior Manager - Strategy & Program Management,1
Project Manager,program manager,matched,"Program Manager, WHS CPT",1
Project Manager,program manager,matched,"SoC Program Manager, Director",1
Project Manager,program manager,matched,Staff Technical Program Manager — Multi-Entity Account Scale & Access Lifecycle,1
Project Manager,program manager,matched,"Technical Program Manager, Devices and Services FinTech, DaS FinTech",1
Project Manager,program manager,matched,"Program Manager, Customer Advocacy & Programs",1
Project Manager,program manager,unmatched,Growth Manager - Influencer Program,1
Project Manager,program manager,unmatched,Program Management Specialist,1
Project Manager,program manager,unmatched,Technical Project/Program Management ll,1
Project Manager,program manager,matched,IT Technical Project Manager - PLM Program,1
Project Manager,program manager,matched,"Program Manager, AI Data Ops",1
Project Manager,program manager,matched,SAP Program Manager,1
Project Manager,program manager,matched,Hardware Program Manager,1
Project Manager,program manager,matched,Senior Program Manager – Enterprise ERP / CRM / SAP,1
Project Manager,program manager,matched,Data Program Manager,1
Project Manager,program manager,unmatched,Center Manager & Academic Head/Program Coordinator,1
Project Manager,program manager,unmatched,Manager Programme North,1
Project Manager,program manager,unmatched,Program Governance Manager – Customer Experience,1
Project Manager,program manager,matched,Senior Technical Program Manager II,1
Project Manager,program manager,matched,"Program Manager- Legal Partnerships, Udaipur",1
Project Manager,program manager,matched,Senior Program Manager - Enterprise ERP / CRM / SAP,1
Project Manager,program manager,matched,Enterprise Change & Insights Manager (Senior Program Manager)-2,1
Project Manager,program manager,matched,"Sr. Program Manager, CAM GTM",1
Project Manager,program manager,unmatched,Security Risk & Compliance Program Manage - Confluent,1
Project Manager,program manager,matched,Program Manager - Forecast Science & Policy (India),1
Project Manager,program manager,matched,"Transformation Programme Manager, Procurement",1
Project Manager,program manager,matched,Technical Program Manager_ADAS/Driving features,1
Project Manager,program manager,matched,Intermediate Technical Program Manager,1
Project Manager,program manager,unmatched,Project & Program Management III,1
Project Manager,program manager,matched,Customer Program Manager,1
Project Manager,program manager,unmatched,Control Manager Program - Vice President - Finance Control Management,1
Project Manager,program manager,matched,Sr. Project Manager - Enterprise Programs 4D,1
Project Manager,program manager,unmatched,"Senior Associate, Relationship Manager, Credit Program Small, Small Medium Enterprises",1
Project Manager,program manager,matched,Program Manager - Salesforce-CPQ,1
Project Manager,program manager,matched,Technical Program Manager - Standards and Governance,1
Project Manager,program manager,matched,"Program Manager, Global Partnerships",1
Project Manager,program manager,matched,Technical Program Manager (PM),1
Project Manager,program manager,matched,Project/Program Manager,1
Project Manager,program manager,matched,Programme Manager - Bhumi Fellowship,1
Project Manager,program manager,matched,PMO Sr. Program Manager,1
Project Manager,program manager,matched,"Program Manager, DTG HRIT",1
Project Manager,program manager,matched,ERP Program Manager,1
Project Manager,program manager,unmatched,"Senior Associate, Relationship Manager, Credit Program Medium, Small Medium Enterprises",1
Project Manager,program manager,unmatched,Manager - New Initiatives & Programs,1
Project Manager,program manager,matched,"Benefits Program Manager, EMEA",1
Project Manager,program manager,matched,"Marketing Operations Program Manager, Events APAC",1
Project Manager,program manager,mapped:Business Analyst,PMO Director Program Operations Manager Senior Business Analyst,1
Project Manager,program manager,matched,Associate Strategic Program Manager,1
Project Manager,program manager,unmatched,Associate – Program Management (Regulatory Finance Data Strategy),1
Project Manager,program manager,matched,Program Manager - Medical Devices,1
Project Manager,program manager,matched,Program Manager - Certification Development,1
Project Manager,program manager,matched,Senior Program Manager – HIMS Implementation,1
Project Manager,program manager,matched,"Senior Program Manager, University & Apprenticeships Recruitment",1
Project Manager,program manager,matched,"Principal Program Manager, Enterprise AI Strategy & Governance",1
Project Manager,program manager,unmatched,"Program Management Specialist, Demand Generation",1
Project Manager,program manager,unmatched,"Manager - Programming Strategy and Insights (Quantitative), Hindi Movies",1
Project Manager,program manager,matched,Programme Manager,1
Project Manager,program manager,unmatched,Manager II - Program Management (Last Mile),1
Project Manager,program manager,matched,Program Manager- Software,1
Project Manager,program manager,matched,"Program Manager - Data Governance, LMAQ",1
Project Manager,program manager,unmatched,Projects and Programs Manager,1
Project Manager,program manager,matched,AI Automation & Analytics Program Manager,1
Project Manager,program manager,matched,Engineer Program Manager,1
Project Manager,program manager,matched,Program Manager - ITSM TAN,1
Project Manager,program manager,unmatched,Technical Account Manager (Program Management / Product Delivery),1
Project Manager,program manager,matched,"Program Manager - Operations, Andhra Pradesh",1
Project Manager,program manager,unmatched,"Amazon Travel and Events Transactions Analyst, Strategic Programs Management",1
Project Manager,program manager,matched,"Program Manager III, GCOI",1
Project Manager,program manager,matched,Program Manager (Customer Success),1
Project Manager,program manager,matched,Staff Security Technical Program Manager,1
Project Manager,program manager,matched,Test Technical Program Manager,1
Project Manager,program manager,matched,Sr. Portfolio Program Manager - R&D,1
Project Manager,program manager,matched,"Program Manager, EMEA and JAPAC Contingent Workforce",1
Project Manager,program manager,matched,Culture & Leadership Excellence Program Manager,1
Project Manager,program manager,unmatched,"Analyst, Relationship Manager, Credit Program Small, Small Medium enterprises",1
Project Manager,program manager,matched,"Compliance Program Manager II, Compliance Program Manager, Amazon Payments Europe S.C.A.",1
Project Manager,program manager,unmatched,Senior Executive - Program Management,1
Project Manager,program manager,matched,"Sr Technical Program Manager, Tablet Product Software",1
Project Manager,delivery manager,unmatched,Delivery Operations Associate Manager,30
Project Manager,delivery manager,matched,Delivery Manager,22
Project Manager,delivery manager,unmatched,Delivery Lead Manager,15
Project Manager,delivery manager,matched,Service Delivery Manager,14
Project Manager,delivery manager,unmatched,Delivery Lead Senior Manager,6
Project Manager,delivery manager,matched,Technical Delivery Manager,6
Project Manager,delivery manager,unmatched,"Manager, IT Delivery",5
Project Manager,delivery manager,mapped:Product Manager,"Senior Product Manager, Service Delivery Standard Work",4
Project Manager,delivery manager,matched,Oracle Service Delivery Manager,4
Project Manager,delivery manager,matched,"Program Manager III, Service Delivery Standard Work",3
Project Manager,delivery manager,matched,"Program Manager II, Service Delivery Standard Work",3
Project Manager,delivery manager,unmatched,Manager - Application Transformation Delivery,3
Project Manager,delivery manager,matched,"Senior Program Manager , Delivery Experience, IN DEX",3
Project Manager,delivery manager,matched,"Service Delivery Manager - HR Operations, including HCM AMS and Related Non-AMS Services",3
Project Manager,delivery manager,matched,"Service Delivery Manager - Payroll, Compensation & Benefits and Talent Management",3
Project Manager,delivery manager,matched,Service Delivery Manager - Talent Acquisition and Learning & Development,3
Project Manager,delivery manager,matched,Service Delivery Manager - F&A - R2R 4D,3
Project Manager,delivery manager,unmatched,Service Delivery Leader - Supply Chain Management 3,3
Project Manager,delivery manager,matched,Senior Delivery Manager - Cloud,3
Project Manager,delivery manager,matched,Technical delivery Manager,3
Project Manager,delivery manager,matched,"Sr. Program Manager - POD, Pay on Delivery",3
Project Manager,delivery manager,unmatched,"Commissioning Manager, Data Center Capacity Delivery Commissioning APJC",3
Project Manager,delivery manager,matched,Delivery Manager GCC,3
Project Manager,delivery manager,matched,Senior Configuration and Delivery Manager,3
Project Manager,delivery manager,matched,Client Delivery Manager,2
Project Manager,delivery manager,matched,Senior Delivery Manager / Delivery Lead,2
Project Manager,delivery manager,matched,AI Delivery Manager,2
Project Manager,delivery manager,unmatched,Talent Delivery & Recruitment Manager,2
Project Manager,delivery manager,unmatched,Delivery Operations Associate Manager - Voice,2
Project Manager,delivery manager,unmatched,Manager-Delivery Management,2
Project Manager,delivery manager,matched,"Service Delivery Manager, Sr",2
Project Manager,delivery manager,matched,SAP Project/ Delivery Manager Sr,2
Project Manager,delivery manager,matched,Senior Program Delivery Manager,2
Project Manager,delivery manager,matched,Account Delivery Manager,2
Project Manager,delivery manager,matched,Cybersec Delivery Manager - GCC,2
Project Manager,delivery manager,matched,Asst Project Delivery Manager,2
Project Manager,delivery manager,matched,ADMS Delivery Manager,2
Project Manager,delivery manager,unmatched,Technical Account Manager (Offshore Delivery & People Management),2
Project Manager,delivery manager,unmatched,Head of Identity and Access Management Service Delivery,2
Project Manager,delivery manager,matched,Delivery Manager (Enterprise Systems | AI‑First Delivery),2
Project Manager,delivery manager,matched,Senior Service Delivery Manager,2
Project Manager,delivery manager,matched,Delivery Manager - SyncOS,2
Project Manager,delivery manager,matched,DELIVERY MANAGER-HUMAN RESOURCES OPERATIONS,2
Project Manager,delivery manager,unmatched,"Manager, Delivery Management",2
Project Manager,delivery manager,matched,Senior Product Delivery Manager,2
Project Manager,delivery manager,matched,"Service Delivery Manager, gTech Ads Customer Experience",2
Project Manager,delivery manager,unmatched,Digital Core Asset Management Delivery Coordinator,2
Project Manager,delivery manager,matched,Professional Services Delivery Manager,2
Project Manager,delivery manager,matched,Service Delivery Manager - RDT Digital Operations and Reliability,2
Project Manager,delivery manager,ambiguous_multi,Senior Solution Architect / Delivery Manager,2
Project Manager,delivery manager,unmatched,courier Operation Manager,2
Project Manager,delivery manager,ambiguous_multi,Associate Delivery Manager - Data Engineer,2
Project Manager,delivery manager,unmatched,"Manager, Integrated Planning, Media Delivery and Operations",2
Project Manager,delivery manager,unmatched,IT Service Delivery Leader - Senior (SAP Service Management),2
Project Manager,delivery manager,matched,Service Delivery Manager - F&A - AP 4D,2
Project Manager,delivery manager,unmatched,Delivery Lead/Manager,2
Project Manager,delivery manager,matched,UI Technical Delivery Manager,2
Project Manager,delivery manager,unmatched,Manager - Veeva Service Delivery,2
Project Manager,delivery manager,unmatched,Manufacturing Technical Delivery Lead - Senior Manager - Operate - ICA,1
Project Manager,delivery manager,unmatched,Delivery Operations Associate Manager - INC,1
Project Manager,delivery manager,matched,Delivery Manager - IT Service Management 4D,1
Project Manager,delivery manager,matched,Salesforce Delivery Manager,1
Project Manager,delivery manager,matched,Delivery Manager - Business Data Services 4D,1
Project Manager,delivery manager,matched,Service Delivery Manager - Regulatory Affairs - Operations 4D,1
Project Manager,delivery manager,unmatched,Deputy Manager - Process Training (Training Management/ Training Delivery/ Process Trainer /TNA /TNI / Nesting ) - Hyderabad - REF113652U_2026278897,1
Project Manager,delivery manager,matched,Program Manager – Client Engagement & Delivery,1
Project Manager,delivery manager,matched,AI/LLM DELIVERY PROJECT MANAGER (ZOOLOGY),1
Project Manager,delivery manager,matched,Platform Product Delivery Manager - Compensation & Benefits,1
Project Manager,delivery manager,matched,Technical Service Delivery Manager,1
Project Manager,delivery manager,unmatched,IT - Assistant Manager -Technical Delivery - Core,1
Project Manager,delivery manager,unmatched,IT - Manager -Technical Delivery - Core,1
Project Manager,delivery manager,matched,Continuous Improvement & Delivery Manager,1
Project Manager,delivery manager,unmatched,Associate Manager - Technical Delivery,1
Project Manager,delivery manager,unmatched,IT - Deputy Manager -Technical Delivery - Core,1
Project Manager,delivery manager,unmatched,Sr. Manager – Business Process Services – Delivery Lead,1
Project Manager,delivery manager,matched,Senior Project Manager – AI Delivery,1
Project Manager,delivery manager,matched,AI/LLM DELIVERY PROJECT MANAGER (Biogeography; Astrobiology),1
Project Manager,delivery manager,unmatched,Delivery Lead Senior Manager - Voice,1
Project Manager,delivery manager,unmatched,Delivery Lead - Oracle Finance - Technical Senior Manager,1
Project Manager,delivery manager,matched,Vice President - Product Delivery Manager,1
Project Manager,delivery manager,unmatched,Service Delivery Engineer - Offer Optimization and Revenue Management,1
Project Manager,delivery manager,matched,Bus & Technology Delivery Manager,1
Project Manager,delivery manager,matched,AI/LLM DELIVERY PROJECT MANAGER (ZOOLOGY/ BOTANY/MICROBIOLOGY),1
Project Manager,delivery manager,matched,Delivery Manager - Service Desk N 4D,1
Project Manager,delivery manager,unmatched,Semiconductor Supplier Delivery Performance Management,1
Project Manager,delivery manager,unmatched,Delivery Lead Manager - Voice,1
Project Manager,delivery manager,matched,Technical Project Manager â AI & GenAI Delivery Job Description,1
Project Manager,delivery manager,matched,Senior Delivery Manager (HCM Platform),1
Project Manager,delivery manager,matched,AI/ML Delivery Manager,1
Project Manager,delivery manager,matched,Service Delivery Project Manager,1
Project Manager,delivery manager,mapped:Architect (contamination audit),Architect/Delivery Lead- Senior Manager,1
Project Manager,delivery manager,unmatched,"Senior Manager, SaaS Delivery",1
Project Manager,delivery manager,unmatched,"Manager, Local Lab Delivery",1
Project Manager,delivery manager,matched,Oracle Service Delivery Manager-10-15 Years Exp- Full time.,1
Project Manager,delivery manager,matched,"Engagement Manager / Delivery Manager (Offshore Delivery, EST Hours) - Hyderabad",1
Project Manager,delivery manager,matched,Engagement Manager / Delivery Manager,1
Project Manager,delivery manager,unmatched,Associate Manager Account Delivery,1
Project Manager,delivery manager,unmatched,"Operations Manager – Global Delivery & Financial Operations | Onsite, Noida | Open to India-based candidates only",1
Project Manager,delivery manager,unmatched,"Manager, O2C Delivery",1
Project Manager,delivery manager,matched,Buyer / Delivery Manager,1
Project Manager,delivery manager,matched,"Senior Project Delivery Manager, NVIS",1
Project Manager,delivery manager,matched,Emerging Talent Delivery Manager - APAC,1
Project Manager,delivery manager,unmatched,Technical Delivery Team Manager,1
Project Manager,delivery manager,matched,Service Delivery Manager - S&P - Sourcing 4C,1
Project Manager,delivery manager,unmatched,Delivery Release Manager/Senior,1
Project Manager,delivery manager,matched,Senior MDM Service Delivery Manager,1
Project Manager,delivery manager,unmatched,"Operations Manager, Stripe Delivery Centre",1
Project Manager,delivery manager,unmatched,"Manager, Applications Delivery",1
Project Manager,delivery manager,matched,TOT_Tax_ERP_Delivery - Manager,1
Project Manager,delivery manager,matched,Client Delivery Manager (CDM),1
Project Manager,delivery manager,unmatched,Delivery Data Manager (12Month Contract),1
Project Manager,delivery manager,matched,Service Delivery Manager – Oracle Application Managed Services (AMS),1
Project Manager,delivery manager,unmatched,Assistant Manager - Retail Environment & Delivery,1
Project Manager,delivery manager,matched,Client Delivery Manager JobID JC0015832,1
Project Manager,delivery manager,matched,Technical Project Manager-(CCAAS & Voice Bot Delivery),1
Project Manager,delivery manager,unmatched,Global Delivery Leader Technology Delivery Management,1
Project Manager,delivery manager,unmatched,Service Delivery Leader - HRO - Employee Lifecycle Management 3,1
Project Manager,delivery manager,matched,Technical delivery manager,1
Project Manager,delivery manager,ambiguous_multi,Data Engineer - Delivery Manager,1
Project Manager,delivery manager,matched,"Delivery Manager - BI, Reporting and Data Visualization 4D",1
Project Manager,delivery manager,matched,SAP Delivery Manager,1
Project Manager,delivery manager,matched,Assistant Director/Delivery Manager-Cosec,1
Project Manager,delivery manager,unmatched,Assistant Manager / Manager - Academic Delivery,1
Project Manager,delivery manager,matched,JDE Project Management/ JDE Delivery Manager,1
Project Manager,delivery manager,unmatched,Manager Consulting Delivery,1
Project Manager,delivery manager,matched,Project Manager (Value & Delivery) - Enterprise AI,1
Project Manager,delivery manager,matched,"ITSM Service Delivery Manager (Incident, Request & Queue Management)",1
Project Manager,delivery manager,matched,Service Delivery Manager - F&A - FP&A 4C,1
Project Manager,delivery manager,unmatched,Manager / Senior Analyst - Project Delivery Coordinator,1
Project Manager,delivery manager,matched,"Project Manager - Salesforce Process & Delivery, Officer",1
Project Manager,delivery manager,matched,Constraint & Delivery Manager (Thermal),1
Project Manager,delivery manager,unmatched,Technical Account Manager (Program Management / Product Delivery),1
Project Manager,delivery manager,unmatched,"Manager, Service Delivery",1
Project Manager,delivery manager,unmatched,Senior Manager - Delivery Assurance,1
Project Manager,delivery manager,unmatched,Assistant Manager – CQA (Design & Delivery),1
Project Manager,delivery manager,matched,Service Delivery Manager - Offshore,1
Project Manager,delivery manager,matched,Project Delivery Manager,1
Project Manager,delivery manager,matched,Delivery manager,1
Project Manager,delivery manager,matched,SAP - Technical Delivery Manager,1
Project Manager,delivery manager,unmatched,"Associate Manager, US Payroll Service Delivery",1
Project Manager,delivery manager,matched,Delivery Manager - Cost and Estimation,1
Project Manager,delivery manager,unmatched,"Sr. Project Construction Manager , Data Center Capacity Delivery",1
Project Manager,delivery manager,unmatched,Engagement Manager - Enterprise Analytics Delivery,1
Project Manager,delivery manager,unmatched,Delivery Engineer - Infrastructure & Managed Services,1
Project Manager,delivery manager,matched,Service Delivery Manager - F&A - R2R 4C,1
Project Manager,delivery manager,matched,RFP Delivery Manager,1
Project Manager,delivery manager,unmatched,Bus & Technology Delivery Senior Manager,1
Project Manager,delivery manager,matched,Operations Delivery Manager – Insurance Product Implementation,1
Project Manager,delivery manager,matched,Technology Service Delivery Manager,1
Project Manager,delivery manager,matched,Associate Delivery Manager - Enterprise Network,1
Project Manager,delivery manager,unmatched,"Asst Manager/Manager, Digital Data Delivery",1
Project Manager,delivery manager,matched,Delivery Manager (PL822),1
Project Manager,delivery manager,matched,Service Delivery Manager - Customer Care - Non - Voice 4C,1
Project Manager,delivery manager,unmatched,Assoc Manager Payroll Delivery,1
Project Manager,delivery manager,matched,Delivery Manager - Cloud,1
Project Manager,delivery manager,matched,Senior Delivery Manager - Gen AI,1
Project Manager,delivery manager,matched,Senior Service Delivery Manager - AMS,1
Project Manager,delivery manager,unmatched,Senior Delivery Management Leader - AI productivity solutions,1
Project Manager,delivery manager,matched,SAP Tech Delivery Manager,1
Project Manager,delivery manager,matched,Program and Delivery Manager - AI and Data Delivery,1
Project Manager,delivery manager,matched,Delivery Manager Cloud,1
Project Manager,delivery manager,matched,Senior Delivery Manager - .NET/Java,1
Project Manager,delivery manager,unmatched,Specialist Deputy Manager - Talent Development - Learning Delivery and Operations,1
Project Manager,delivery manager,matched,Delivery Manager – Software Development,1
Project Manager,delivery manager,unmatched,Sr. Manager for Enterprise Delivery & Professional Services,1
Project Manager,delivery manager,matched,Service Delivery Manager - HPC & ITIL/ITSM,1
Project Manager,delivery manager,unmatched,Assistant Manager – Courier Operations,1
Project Manager,delivery manager,matched,Service Delivery Manager (SDM),1
Project Manager,delivery manager,unmatched,CATT Technical Delivery - .Net Developer - Manager,1
Project Manager,delivery manager,unmatched,"Manager, Delivery Execution-Testing",1
Project Manager,delivery manager,matched,Associate Service Delivery Manager,1
Project Manager,delivery manager,matched,"Senior Enterprise Delivery Manager, Migrations",1
Project Manager,delivery manager,unmatched,DELIVERY ASSURANCE – SENIOR MANAGER,1
Project Manager,delivery manager,matched,Delivery Manager for S&P Ratings,1
Project Manager,delivery manager,matched,SAP Client Delivery Manager,1
Project Manager,delivery manager,mapped:Product Manager,Technical Product Manager Product Delivery Lead Yellore Vijayawada,1
Project Manager,delivery manager,unmatched,Service Deliver Manager,1
Project Manager,delivery manager,matched,Delivery Manager (Retail Planning),1
Project Manager,delivery manager,matched,Service Delivery Manager - F&A - AP 4C,1
Project Manager,delivery manager,matched,Campaign Delivery Manager,1
Project Manager,delivery manager,matched,Program Manager - Rapid Delivery Operations,1
Project Manager,delivery manager,matched,Technical Delivery Manager - WebOps - Core Maintenance,1
Project Manager,delivery manager,matched,Delivery / Project Manager,1
Project Manager,delivery manager,matched,Delivery Manager - Data & Analytics,1
Project Manager,delivery manager,matched,Delivery Manager US Staffing,1
Project Manager,delivery manager,unmatched,Delivery Lead Associate Manager,1
Project Manager,delivery manager,matched,"Delivery manager | Banaglore, India | JPMC",1
Project Manager,delivery manager,matched,Principal Enterprise Delivery Manager,1
Project Manager,delivery manager,matched,Salesforce Delivery Manager/Engineering Manager / Technical Manager / CRM Platform Manager,1
Project Manager,delivery manager,ambiguous_multi,Procurement Architect & Delivery Manager,1
Project Manager,delivery manager,unmatched,India AR Delivery Hub Manager,1
Project Manager,delivery manager,unmatched,Manager - Delivery Quality,1
Project Manager,delivery manager,matched,Regional HR Service Delivery Manager (APAC),1
Project Manager,delivery manager,matched,Senior Technical Project/Delivery Manager,1
Project Manager,delivery manager,unmatched,"Manager, Search, Media Delivery and Operations, India",1
Project Manager,delivery manager,unmatched,Client Delivery Senior Manager,1
Project Manager,delivery manager,unmatched,Operations Manager Customer Success and Delivery,1
Project Manager,delivery manager,mapped:Product Manager,Technical Product Manager Product Delivery Lead Yellore,1
Project Manager,delivery manager,matched,Service Delivery Manager - F&A - MDM 4D,1
Project Manager,delivery manager,matched,Subcontracts Delivery Manager - HVDC,1
Project Manager,delivery manager,matched,Subcontracts Delivery Manager,1
Project Manager,delivery manager,unmatched,"Associate Manager, Audits & Delivery Partnerships",1
Project Manager,delivery manager,matched,Product Delivery Manager,1
Project Manager,delivery manager,matched,Senior Delivery Lead/ Project Manager - Digital Transformation - (BFSI)[Shephali],1
Project Manager,delivery manager,matched,Delivery/ Project Manager - Digital Transformation - (BFSI) [Shephali],1
Project Manager,delivery manager,matched,Service Delivery Manager - BCM - Core Ops 4D,1
Project Manager,delivery manager,matched,Technical Program Manager - Core Network Delivery & MNO Onboarding,1
Project Manager,delivery manager,matched,Delivery/ Project Manager - Capital Markets & Trading - - (BFSI)[Shephali],1
Project Manager,delivery manager,matched,Principal - Service Delivery Manager,1
Project Manager,delivery manager,matched,Associate Technical Delivery Manager,1
Project Manager,delivery manager,matched,SAP Project/Program/Delivery Manager,1
Project Manager,delivery manager,unmatched,Manager Delivery Retail Automation Operations,1
Project Manager,delivery manager,matched,Claims Delivery Manager,1
Project Manager,delivery manager,matched,Director Delivery (Senior Program Manager - E-Commerce domain / Retai),1
Project Manager,delivery manager,mapped:Architect (contamination audit),Azure/AWS Architect/Delivery Lead-Banking - Senior Manager,1
Project Manager,delivery manager,matched,Delivery Manager Cloud & DevOps,1
Project Manager,delivery manager,unmatched,Endpoint Management and Delivery Lead,1
Project Manager,delivery manager,matched,Sr. Technical Program Manager - Enterprise Delivery,1
Project Manager,delivery manager,ambiguous_multi,Associate Delivery Manager - Data Architect,1
Project Manager,delivery manager,matched,AI Use Case & Delivery Manager — Claude,1
Project Manager,delivery manager,matched,Service Delivery Manager - F&A - R2R - External Reporting 4D,1
Project Manager,delivery manager,matched,Associate Lead - Delivery Manager,1
Project Manager,delivery manager,unmatched,"Scientific Communications Specialist, Document Delivery Management",1
Project Manager,delivery manager,unmatched,Supplier Account Manager - Chemical Delivery (CD),1
Project Manager,delivery manager,matched,Staff Program Delivery Manager,1
Project Manager,delivery manager,matched,Sr Workplace Service Delivery Manager,1
Project Manager,delivery manager,matched,Credit Analysis/ Review (Associate/ Sr. Associate/ Delivery Lead/ Delivery Manager),1
Project Manager,delivery manager,matched,Delivery Manager Operations,1
Project Manager,delivery manager,unmatched,Lead Service Management & Delivery Excellence,1
Project Manager,delivery manager,matched,Senior Associate/ Delivery Manager(US Shift)- Inside sales,1
Project Manager,delivery manager,matched,Practice / Delivery Manager – WMS,1
Project Manager,delivery manager,matched,ServiceNow HR Service Delivery Manager,1
Project Manager,delivery manager,matched,IT Service Delivery Manager,1
Project Manager,delivery manager,unmatched,Assistant General Manager – Delivery Lead (FMCG/ Retail),1
Project Manager,delivery manager,matched,Service Delivery Manager - F&A - I2C 4C,1
Project Manager,delivery manager,matched,Senior Scrum Master / Delivery Manager,1
Project Manager,delivery manager,unmatched,Helpdesk Manager - Account/Delivery Management,1
Project Manager,delivery manager,unmatched,Deputy Manager - Operations (Field & Delivery),1
Project Manager,delivery manager,matched,Agile Technical Delivery Lead/ Technical Project Manager,1
Project Manager,delivery manager,matched,Senior Project Manager – Telecom Product Delivery,1
Project Manager,delivery manager,unmatched,Delivery Lead - Oracle Finance - Senior Manager,1
Project Manager,delivery manager,unmatched,Delivery Operations Associate Manager-Messaging,1
Project Manager,delivery manager,unmatched,"Manager, Media Planning, Media Delivery and Operations",1
Project Manager,delivery manager,unmatched,"CRM Manager, IT Delivery",1
Project Manager,delivery manager,matched,P2-GP-SAP Service Delivery Manager,1
Project Manager,delivery manager,matched,IT Service Delivery Manager Job Details | Black & Veatch Family of Companies,1
Project Manager,delivery manager,matched,Delivery Manager - General Accounting,1
Project Manager,delivery manager,unmatched,"Sr Manager, Talent Management Delivery",1
Project Manager,delivery manager,unmatched,SAP Delivery ManagerSenior Manager,1
Project Manager,delivery manager,matched,Senior Delivery Manager – Data & Analytics Programs Banking Saudi,1
Project Manager,delivery manager,matched,Principal Delivery Manager (Head of Technology Delivery – Tax),1
Project Manager,delivery manager,matched,Salesforce Technical Delivery Manager,1
Project Manager,delivery manager,matched,Project Manager (Solution Delivery) - Enterprise AI,1
Project Manager,delivery manager,matched,Semiconductor Program Manager – SoC / ASIC Delivery,1
Project Manager,delivery manager,matched,Service Delivery Manager – ERP Operations,1
Project Manager,delivery manager,matched,Client Delivery Manager - CMS| Ahmedabad,1
Project Manager,delivery manager,matched,Service Delivery Manager-Enterprise Business,1
Project Manager,delivery manager,unmatched,Senior Manager – Business Operations & Delivery Control,1
Project Manager,delivery manager,unmatched,"Assistant Manager, Service Delivery, India",1
Project Manager,delivery manager,matched,Client Delivery Manager - CMS| New Delhi,1
Project Manager,delivery manager,matched,Senior Principal Delivery Manager,1
Project Manager,delivery manager,matched,Staff Delivery Manager,1
Project Manager,scrum master,matched,Scrum Master,38
Project Manager,scrum master,matched,Senior Scrum Master,8
Project Manager,scrum master,matched,FBS Scrum Master II,3
Project Manager,scrum master,matched,BA cum Scrum Master,3
Project Manager,scrum master,matched,Scrum Master 4B,2
Project Manager,scrum master,matched,Scrum Master {Functional},2
Project Manager,scrum master,matched,"Manager, Scrum Master",2
Project Manager,scrum master,matched,Project Manager -Scrum Master - Assistant Vice President,2
Project Manager,scrum master,matched,Manager & Scrum Master - Embedded Software Development,2
Project Manager,scrum master,matched,Technical Scrum Master,2
Project Manager,scrum master,matched,Scrum Master II,2
Project Manager,scrum master,matched,"Senior Scrum Master, Scrum Master",2
Project Manager,scrum master,matched,Project Manager - Scrum Master,2
Project Manager,scrum master,matched,Sr Associate Scrum Master,2
Project Manager,scrum master,matched,Specialist Scrum Master,2
Project Manager,scrum master,matched,Full Stack - Scrum Master Lead,1
Project Manager,scrum master,matched,Scrum Master 4C,1
Project Manager,scrum master,matched,Scrum Master 3 - India,1
Project Manager,scrum master,matched,"AVP, Scrum Master - EIS Initiatives (L11)",1
Project Manager,scrum master,matched,"Principal, Scrum Master",1
Project Manager,scrum master,matched,Scrum Master (Financial Services) - Senior Associate,1
Project Manager,scrum master,matched,Project Manager / Scrum Master,1
Project Manager,scrum master,matched,Technical Lead – Agile Delivery (Tech Lead  Scrum Master),1
Project Manager,scrum master,matched,Scrum Master – Agile & SAFe Methodology,1
Project Manager,scrum master,matched,Specialist Scrum Master - DTI Marketing,1
Project Manager,scrum master,matched,"AVP, Scrum Master (L10)",1
Project Manager,scrum master,matched,Hiring for Scrum Master with Wealth Management Trade Settlement- Trade Conciliation,1
Project Manager,scrum master,matched,Scrum Master || Pan India || Hybrid,1
Project Manager,scrum master,matched,Deloitte- Scrum Master,1
Project Manager,scrum master,matched,Scrum Master / BA__Gurgaon/Pune/Bangalore__Hybrid,1
Project Manager,scrum master,matched,Principal Scrum Master,1
Project Manager,scrum master,matched,IN_Manager_Scrum Master_GCC_Advisory_Hyderabad,1
Project Manager,scrum master,matched,Scrum Master Lead Analyst - Cigna Healthcare,1
Project Manager,scrum master,matched,Project Manager (with Scrum Master skills),1
Project Manager,scrum master,matched,IN_Manager_Scrum Master _GCC_Advisory_Hyderabad,1
Project Manager,scrum master,matched,Scrum Master Global - Observability Accelerators & AI,1
Project Manager,scrum master,matched,Scrum Master Global - DevOps Tooling & Pipelines,1
Project Manager,scrum master,matched,Scrum Master Female candidates only,1
Project Manager,scrum master,matched,Technical Project Manager with Scrum Master,1
Project Manager,scrum master,matched,Agile Scrum Master Senior Analyst- Cigna Healthcare,1
Project Manager,scrum master,matched,PMO Senior Staff Scrum Master ((Monitoring & Observability)),1
Project Manager,scrum master,matched,Technical Lead- DCOM Scrum Master,1
Project Manager,scrum master,matched,Scrum Master Senior Analyst - Cigna Healthcare,1
Project Manager,scrum master,ambiguous_multi,Software Engineer I - Scrum Master & Business Analyst,1
Project Manager,scrum master,matched,Program Manager/Scrum Master,1
Project Manager,scrum master,matched,SAFe Scrum Master,1
Project Manager,scrum master,matched,Scrum Master Senior Associate,1
Project Manager,scrum master,matched,Agile Scrum Master,1
Project Manager,scrum master,matched,Project manager/ Scrum master,1
Project Manager,scrum master,matched,IN_Sr Associate_Scrum Master_Data and Analytics_Advisory_Bangalore,1
Project Manager,scrum master,matched,Scrum Master - Associate,1
Project Manager,scrum master,matched,Project Manager /Scrum Master,1
Project Manager,scrum master,matched,Scrum of Scrum Master(SoS),1
Project Manager,scrum master,matched,Scrum Master – Enterprise Data & AI Solutions,1
Project Manager,scrum master,matched,"Scrum Master(Agile Methodology, Client Handling, Reporting)",1
Project Manager,scrum master,matched,Agile Consultant/Scrum Master,1
Project Manager,scrum master,matched,Scrum Master / Lead- Python/Iac,1
Project Manager,scrum master,ambiguous_multi,Hybrid Scrum Master & Product Owner,1
Project Manager,scrum master,matched,AVP Scrum Master Software Engineering Platform Modernization,1
Project Manager,scrum master,matched,Technical Lead-(Scrum Master)- DC Master,1
Project Manager,scrum master,matched,Scrum Master (Production Assistant),1
Project Manager,scrum master,matched,Identity and Access Management Scrum Master,1
Project Manager,scrum master,matched,Automotive SCRUM master - ADAS,1
Project Manager,scrum master,matched,Sr. Scrum Master,1
Project Manager,scrum master,matched,"Scrum Master, Global GBS - Analytics COE",1
Project Manager,scrum master,matched,Scrum Master-Classic Autosar,1
Project Manager,scrum master,matched,Advance Engineer - Scrum Master,1
Project Manager,scrum master,matched,Scrum Master (6-month Contract),1
Project Manager,scrum master,matched,Senior Scrum Master / Delivery Manager,1
Project Manager,scrum master,matched,"Sr Scrum Master I, BI & Analytics",1
Project Manager,scrum master,matched,Analyst III - Scrum Master,1
Project Manager,scrum master,matched,Agile Scrum Master - Integrations & Delivery,1
Project Manager,scrum master,matched,Scrum Master(3-6 Years)_Remote,1
Project Manager,scrum master,matched,scrum master,1
Digital Marketing,digital marketing,matched,Digital Marketing Executive,45
Digital Marketing,digital marketing,matched,Digital Marketing Manager,39
Digital Marketing,digital marketing,matched,Digital Marketing Specialist,20
Digital Marketing,digital marketing,matched,Digital Marketing Intern,15
Digital Marketing,digital marketing,matched,Digital Marketing,13
Digital Marketing,digital marketing,matched,Digital Marketing Internship,6
Digital Marketing,digital marketing,matched,Digital Marketing Trainer,6
Digital Marketing,digital marketing,matched,Digital Marketing Evangelist,5
Digital Marketing,digital marketing,matched,Digital Marketing Associate,4
Digital Marketing,digital marketing,matched,Assistant Manager - Digital Marketing,4
Digital Marketing,digital marketing,matched,Looking For Digital Marketing Executive,3
Digital Marketing,digital marketing,matched,Head Digital Marketing,3
Digital Marketing,digital marketing,matched,Manager - Digital Marketing,3
Digital Marketing,digital marketing,matched,Digital Marketing Lead,2
Digital Marketing,digital marketing,matched,Sr. Digital Marketing Executive,2
Digital Marketing,digital marketing,matched,AI Creative Lead — Digital Marketing (India),2
Digital Marketing,digital marketing,matched,Digital Marketing Executive Trainee,2
Digital Marketing,digital marketing,matched,Digital Marketing Team Lead,2
Digital Marketing,digital marketing,matched,AI & Marketing Associate – Digital Marketing & AI Tools,2
Digital Marketing,digital marketing,matched,Assistant Digital Marketing Manager,2
Digital Marketing,digital marketing,matched,Digital Marketing Expert,2
Digital Marketing,digital marketing,matched,Digital Marketing Assistant,2
Digital Marketing,digital marketing,matched,Specialist - S&M - Digital Marketing 4B,2
Digital Marketing,digital marketing,matched,"Specialist, Digital Marketing",2
Digital Marketing,digital marketing,matched,Digital Marketing Officer,2
Digital Marketing,digital marketing,matched,Digital Marketing Analyst,2
Digital Marketing,digital marketing,matched,Digital Marketing / SEO Executive,2
Digital Marketing,digital marketing,matched,Hiring Digital marketing executive,2
Digital Marketing,digital marketing,matched,Sr Digital Marketing Expert,2
Digital Marketing,digital marketing,matched,"Sr Digital Marketing Associate, Kindle SGX Ops",2
Digital Marketing,digital marketing,matched,Manager Digital Marketing Analytics,2
Digital Marketing,digital marketing,matched,Digital Marketing & Content Specialist,2
Digital Marketing,digital marketing,matched,Assistant Manager Digital Marketing,2
Digital Marketing,digital marketing,matched,"Digital Marketing Associate, Amazon",2
Digital Marketing,digital marketing,matched,Social Media & Digital Marketing Manager,2
Digital Marketing,digital marketing,unmatched,"Assistant Manager - Platform Marketing, Digital",2
Digital Marketing,digital marketing,matched,Director Digital Marketing,1
Digital Marketing,digital marketing,matched,"Digital marketing expert (Part-time, Equity only)",1
Digital Marketing,digital marketing,matched,Digital Marketing Executive / Senior Executive,1
Digital Marketing,digital marketing,matched,Digital Marketing Head (6 Years),1
Digital Marketing,digital marketing,matched,Specialist- Digital & Marketing Operations,1
Digital Marketing,digital marketing,matched,Digital Marketing Specialist - Institutes Only,1
Digital Marketing,digital marketing,matched,Associate Manager - Digital Marketing,1
Digital Marketing,digital marketing,matched,Senior Digital Marketing Specialist,1
Digital Marketing,digital marketing,matched,Digital Marketing - Content Creator,1
Digital Marketing,digital marketing,unmatched,"Senior Marketing Executive, Digital Channels",1
Digital Marketing,digital marketing,matched,Assistant Manager – Digital Marketing,1
Digital Marketing,digital marketing,matched,Digital Marketing Executive - Ahmedabad,1
Digital Marketing,digital marketing,matched,Digital Marketing Executive (Lead Generation & SEO),1
Digital Marketing,digital marketing,matched,Digital Marketing Praktikant,1
Digital Marketing,digital marketing,matched,Digital Marketing & WordPress Specialist,1
Digital Marketing,digital marketing,matched,Digital Marketing Fresher,1
Digital Marketing,digital marketing,matched,Senior Analyst - Digital Marketing,1
Digital Marketing,digital marketing,matched,Digital Marketing Intern | Remote | 6-Month Internship  PPO,1
Digital Marketing,digital marketing,unmatched,Marketing Manager – AI Products & Digital Growth,1
Digital Marketing,digital marketing,matched,Sr. Digital Marketing Analyst,1
Digital Marketing,digital marketing,matched,Digital marketing executive,1
Digital Marketing,digital marketing,matched,Sr. Digital Marketing Manager | Agency on Record for Alcobev Brand,1
Digital Marketing,digital marketing,matched,"Hiring Immediately Digital Marketing Executive For An Aviation Academy Located In Bengaluru, Karnataka 560015 - ( Job ID - 24270)",1
Digital Marketing,digital marketing,matched,Senior Executive – Digital Marketing,1
Digital Marketing,digital marketing,matched,Digital marketing Executive,1
Digital Marketing,digital marketing,matched,Digital Marketing intern,1
Digital Marketing,digital marketing,matched,Executive – B2B Digital Marketing,1
Digital Marketing,digital marketing,matched,Trainee- Digital marketing,1
Digital Marketing,digital marketing,matched,Deputy Manager -Digital Marketing (Marketing),1
Digital Marketing,digital marketing,matched,Digital Marketing Executive - SEO/Content,1
Digital Marketing,digital marketing,matched,Digital Marketing Executive – Influencer & Social Media,1
Digital Marketing,digital marketing,matched,Digital Marketing (Client Coordination) Executive,1
Digital Marketing,digital marketing,matched,"Urgent Job Opening for Digital Marketing, Ahmedabad",1
Digital Marketing,digital marketing,matched,Digital Marketing Executive (6-10 Years Experience) - Chennai | Up to 18 LPA,1
Digital Marketing,digital marketing,matched,Digital Marketing Specialist at Highadvocacy,1
Digital Marketing,digital marketing,matched,"Digital Marketing & Social Media Coordinator -Hebbal, Bengaluru",1
Digital Marketing,digital marketing,matched,Digital Marketing Sr Executive,1
Digital Marketing,digital marketing,matched,Digital Marketing Coordinator,1
Digital Marketing,digital marketing,matched,Senior Digital Marketing & SEO Lead,1
Digital Marketing,digital marketing,ambiguous_multi,Digital Marketing Project Manager - Intern,1
Digital Marketing,digital marketing,matched,Digital Marketing Account Manager - Intern,1
Digital Marketing,digital marketing,unmatched,Marketing Head Branding AND Digital,1
Digital Marketing,digital marketing,matched,Work From Home Social Media Manager Digital Marketing Sector Earn,1
Digital Marketing,digital marketing,matched,Digital Marketing Trainer Faculty,1
Digital Marketing,digital marketing,matched,Digital Marketing Executive Female Candidates Required,1
Digital Marketing,digital marketing,matched,Senior Digital Marketing Executive,1
Digital Marketing,digital marketing,matched,Digital Marketing Specialist Content Marketing India GDC Gurugram New Delhi,1
Digital Marketing,digital marketing,matched,We need urgent students for digital marketing,1
Digital Marketing,digital marketing,matched,Digital Marketing Trainee Fresher Part Time,1
Digital Marketing,digital marketing,matched,Social Media Manager (Fresher - with Digital Marketing Course),1
Digital Marketing,digital marketing,matched,Digital Marketing Internship (2 Months),1
Digital Marketing,digital marketing,ambiguous_multi,Senior Digital Marketing Data Analyst - Python and Pyspark,1
Digital Marketing,digital marketing,ambiguous_multi,Digital Marketing Data Analyst - Python and Pyspark,1
Digital Marketing,digital marketing,matched,Business Development Executive / Sales Closer – Digital Marketing,1
Digital Marketing,digital marketing,matched,SEO & Digital Marketing Specialist,1
Digital Marketing,digital marketing,matched,Digital Marketing Trainer (Full Time),1
Digital Marketing,digital marketing,matched,"Manager, Digital Marketing",1
Digital Marketing,digital marketing,matched,"Senior Specialist, Digital Marketing",1
Digital Marketing,digital marketing,matched,Digital Marketing Paid Media Specialist,1
Digital Marketing,digital marketing,matched,"Digital Marketing Associate, FireTV",1
Digital Marketing,digital marketing,matched,Master Digital Marketing Professional,1
Digital Marketing,digital marketing,matched,Digital Marketing Visiting Trainer,1
Digital Marketing,digital marketing,matched,Digital Marketing Operations Specialist,1
Digital Marketing,digital marketing,matched,Digital Marketing Manager — Paid Media & Digital Execution,1
Digital Marketing,digital marketing,matched,Assistant Manager Digital Marketing-Mumbai,1
Digital Marketing,digital marketing,matched,Digital Marketing Head / Digital Brand marketing manager,1
Digital Marketing,digital marketing,matched,Digital Marketing Manager - Marketing (Fintech),1
Digital Marketing,digital marketing,matched,Digital Marketing Consultant,1
Digital Marketing,digital marketing,unmatched,Marketing-Digital-Head/General Manager-Healthcare Organisation,1
Digital Marketing,digital marketing,matched,Digital Marketing Specialist (Multi-Industry) - remote from EMEA/APAC,1
Digital Marketing,digital marketing,matched,"Digital Marketing Intern (Ads, Analytics, Web)",1
Digital Marketing,digital marketing,matched,Senior Manager Digital Marketing,1
Digital Marketing,digital marketing,matched,"Digital Marketing Manager, Andheri",1
Digital Marketing,digital marketing,matched,Web Designer Specialist ( Digital Marketing),1
Digital Marketing,digital marketing,matched,AI/ML DIGITAL MARKETING INTERN,1
Digital Marketing,digital marketing,matched,Key Account Manager – Digital Marketing,1
Digital Marketing,digital marketing,matched,"VP-Digital Marketing,Mashreq NEO.Marketing and Cust Exp-Cust Insight and Exp",1
Digital Marketing,digital marketing,matched,Digital Marketing & Creative Operations Manager,1
Digital Marketing,digital marketing,matched,B2B Growth & Digital Marketing Executive,1
Digital Marketing,digital marketing,matched,Digital Marketing Executive( Fresher),1
Digital Marketing,digital marketing,matched,Sr. Executive / Assistant Manager - Digital Marketing,1
Digital Marketing,digital marketing,matched,SEO ( Digital Marketing )- Intern,1
Digital Marketing,digital marketing,matched,Digital Marketing role,1
Digital Marketing,digital marketing,matched,Assistant Professor - Digital Marketing & General Management,1
Digital Marketing,digital marketing,matched,Manager - Digital Marketing For Consumer Healthcare Business,1
Digital Marketing,digital marketing,matched,Digital Marketing Trainee,1
Digital Marketing,digital marketing,matched,Digital Marketing - Asst. Manager,1
Digital Marketing,digital marketing,matched,Looking For Digital Marketing/Marketing Analytics Professionals,1
Digital Marketing,digital marketing,matched,Digital Marketing / Performance Marketing Manager,1
Digital Marketing,digital marketing,matched,Digital Marketing Lead / Team Lead,1
Digital Marketing,digital marketing,matched,Digital Marketing Specialist - - Chennai - Working out of Office,1
Digital Marketing,digital marketing,unmatched,Digital and Content Marketing Specialist,1
Digital Marketing,digital marketing,matched,Digital Marketing executive,1
Digital Marketing,digital marketing,matched,Digital marketing (Intern),1
Digital Marketing,digital marketing,matched,Digital Marketing Associate / Intern,1
Digital Marketing,digital marketing,matched,EbizON : Fresher Digital Marketing || Dehradun,1
Digital Marketing,digital marketing,matched,Manager / AVP Digital Marketing,1
Digital Marketing,digital marketing,matched,SENIOR DIGITAL MARKETING EXECUTIVE,1
Digital Marketing,digital marketing,matched,Digital Marketing Executive Female,1
Digital Marketing,digital marketing,matched,Digital Marketing Intern Jaipur 1,1
Digital Marketing,digital marketing,matched,Vacancies For Digital Marketing Specialists Freshers,1
Digital Marketing,digital marketing,matched,Sales Executive Digital Marketing Services Mumbai,1
Digital Marketing,digital marketing,matched,Content and Creative Strategist Digital Marketing Agency D2C,1
Digital Marketing,digital marketing,matched,Brand Manager Client Servicing lead Digital Marketing Agency Bengaluru,1
Digital Marketing,digital marketing,matched,"Marketing Lead / Head of Growth – Marketplace, SEO & Digital Marketing | Gurgaon",1
Digital Marketing,digital marketing,matched,Senior Digital Marketing Associate,1
Digital Marketing,digital marketing,matched,Manager - Digital - Marketing - Mumbai - Lower Parel - JM,1
Digital Marketing,digital marketing,matched,Digital Marketing Professional,1
Digital Marketing,digital marketing,matched,Digital Marketing Senior Executive,1
Digital Marketing,digital marketing,matched,Digital Marketing Executive | SEO Executive - Digiversal,1
Digital Marketing,digital marketing,matched,Digital Marketing Trainee | SEO Trainee,1
Digital Marketing,digital marketing,matched,Digital marketing and content creation,1
Digital Marketing,digital marketing,matched,Assistant Manager- Digital Marketing,1
Digital Marketing,digital marketing,matched,Sr . Digital Marketing Specialist,1
Digital Marketing,digital marketing,ambiguous_multi,Data Analyst - Digital Marketing,1
Digital Marketing,digital marketing,matched,Digital Marketing - Real Estate,1
Digital Marketing,digital marketing,matched,Digital Marketing Specialist SEO Social Media Video Creator Intern,1
Digital Marketing,digital marketing,matched,Paid Digital Marketing Executive,1
Digital Marketing,digital marketing,matched,Digital marketing,1
Digital Marketing,digital marketing,ambiguous_multi,Software Engineer Intern Full Stack AI Digital Marketing,1
Digital Marketing,digital marketing,ambiguous_multi,Software Engineer Intern Full Stack AI Digital Marketing India,1
Digital Marketing,digital marketing,matched,CRM and DIGITAL MARKETING EXECUTIVE,1
Digital Marketing,digital marketing,matched,Digital Marketing Executive Female New Delhi,1
Digital Marketing,digital marketing,matched,Digital Marketing Executive Remote,1
Digital Marketing,digital marketing,matched,Business Development Manager Digital Marketing and Media,1
Digital Marketing,digital marketing,matched,Assistant Vice President in Digital Marketing Mumbai,1
Digital Marketing,digital marketing,matched,Digital Marketing Trainer Surat Gujarat based candidate only,1
Digital Marketing,digital marketing,matched,Digital Marketing Executive / Performance Marketing Specialist,1
Digital Marketing,digital marketing,matched,Seo And Digital Marketing Executive,1
Digital Marketing,digital marketing,matched,Digital Marketing Executive And Seo Analyst,1
Digital Marketing,digital marketing,matched,"Growth Manager (E-commerce, D2C & Digital Marketing)",1
Digital Marketing,digital marketing,matched,Content Writer ( Digital Marketing'),1
Digital Marketing,digital marketing,matched,Digital Marketing & Creative Associate - Hyderabad (0-1 Year),1
Digital Marketing,digital marketing,matched,Digital Marketing Growth & Community Lead,1
Digital Marketing,digital marketing,matched,Sales Executive - Digital marketing,1
Digital Marketing,digital marketing,matched,Digital Marketing - Sale Executive,1
Digital Marketing,digital marketing,matched,Senior Digital Marketing Manager,1
Digital Marketing,digital marketing,matched,Digital Marketing Intern at Pimpri in Pune,1
Digital Marketing,digital marketing,matched,Digital Marketing - Content Writer,1
Digital Marketing,digital marketing,matched,Digital marketing fresher,1
Digital Marketing,digital marketing,matched,Digital Marketing Executive Job in Noida,1
Digital Marketing,digital marketing,matched,digital marketing head,1
Digital Marketing,digital marketing,matched,Digital Marketing Manager |Social Media | SEO,1
Digital Marketing,digital marketing,matched,Digital Marketing Freshers,1
Digital Marketing,digital marketing,matched,Digital Marketing - SEM Specialist,1
Digital Marketing,digital marketing,matched,SEO Specialist- Digital Marketing,1
Digital Marketing,digital marketing,matched,"Digital Marketing Manager, Senior",1
Digital Marketing,digital marketing,matched,Looking for Digital Marketing Intern,1
Digital Marketing,digital marketing,matched,Video Editor (Digital Marketing),1
Digital Marketing,digital marketing,matched,Senior Performance Marketer / Digital Marketing Specialist,1
Digital Marketing,digital marketing,matched,Deputy Manager – Digital Marketing,1
Digital Marketing,digital marketing,matched,Lead Generation Specialist – IT Services & Digital Marketing,1
Digital Marketing,digital marketing,unmatched,Marketing Executive – Digital & Brand,1
Digital Marketing,digital marketing,matched,Digital Marketing Specialist â€“ Lead Generation,1
Digital Marketing,digital marketing,matched,Digital Marketing Faculty,1
Digital Marketing,digital marketing,matched,Deputy Manager - Digital Marketing,1
Digital Marketing,digital marketing,matched,"Manager - Digital Marketing, Digital",1
Digital Marketing,digital marketing,matched,"Account Manager- Digital Marketing, India",1
Digital Marketing,digital marketing,unmatched,Digital Content Producer CMS WordPress Affiliate Marketing Chennai 3to10Yr,1
Digital Marketing,digital marketing,matched,Digital Marketing Executive at Lower Parel Night Shift India,1
Digital Marketing,digital marketing,matched,Asst Manager Manager Digital Marketing,1
Digital Marketing,digital marketing,matched,Digital Marketing Analytics Analyst Mumbai,1
Digital Marketing,digital marketing,matched,Business Development Manager Digital Marketing Sales,1
Digital Marketing,digital marketing,matched,Digital Marketing Executive Immediate Joiners Preferred Chennai India,1
Digital Marketing,digital marketing,ambiguous_multi,Digital Marketing Project Manager DATA AI and SaaS 4 9 yrs,1
Digital Marketing,digital marketing,unmatched,"Manager - Platform Marketing, Digital",1
Digital Marketing,digital marketing,matched,"Manager - Digital & Performance Marketing, Digital",1
Digital Marketing,digital marketing,matched,"Assistant Manager - Digital Marketing, Digital",1
Digital Marketing,digital marketing,matched,Social Media & Digital Marketing Specialist,1
Digital Marketing,digital marketing,unmatched,Digital Media Marketing Specialist,1
Digital Marketing,digital marketing,matched,Digital Marketing (Intern),1
Digital Marketing,digital marketing,matched,Digital Marketing & Website Executive,1
Digital Marketing,digital marketing,matched,Digital Marketing Manager (Performance & SEO) (Real Estate),1
Digital Marketing,digital marketing,matched,We are hiring a Digital Marketing Manager in Ahmedabad.,1
Digital Marketing,digital marketing,ambiguous_multi,Project Manager - SEO/Digital Marketing,1
Digital Marketing,digital marketing,ambiguous_multi,Business Analyst-Digital Marketing,1
Digital Marketing,digital marketing,unmatched,Product Marketing (B2C Digital Products),1
Digital Marketing,digital marketing,matched,Digital Marketing – Technical Content Specialist,1
Digital Marketing,seo specialist,matched,SEO Specialist,16
Digital Marketing,seo specialist,unmatched,SEO Content Specialist,3
Digital Marketing,seo specialist,matched,Senior SEO Specialist,2
Digital Marketing,seo specialist,matched,Senior SEO Specialist (SEO  GEO),1
Digital Marketing,seo specialist,matched,SEO Specialist Intern,1
Digital Marketing,seo specialist,matched,SEO Specialist_104017,1
Digital Marketing,seo specialist,matched,WordPress Developer & SEO Specialist,1
Digital Marketing,seo specialist,matched,SEO Specialist - UAE & Saudi Markets,1
Digital Marketing,seo specialist,matched,Senior SEO Specialist (B2B Tech Agency),1
Digital Marketing,seo specialist,unmatched,SEO / AEO Specialist,1
Digital Marketing,seo specialist,unmatched,SEO and Growth Specialist,1
Digital Marketing,seo specialist,matched,SEO specialist,1
Digital Marketing,seo specialist,unmatched,Organic Growth Specialist (SEO & GEO),1
Digital Marketing,seo specialist,matched,SEO & Digital Marketing Specialist,1
Digital Marketing,seo specialist,matched,Off-Page SEO Specialist (Link Building),1
Digital Marketing,seo specialist,matched,SEO Specialist Course,1
Digital Marketing,seo specialist,matched,On-Page SEO Specialist,1
Digital Marketing,seo specialist,matched,SEO Specialist Jobs in Hyderabad at Swaasa,1
Digital Marketing,seo specialist,unmatched,SEO Content Writer Specialist,1
Digital Marketing,seo specialist,matched,SEO Specialist (Contract-to-Hire),1
Digital Marketing,seo specialist,unmatched,SEO Expert - Organic Growth Specialist,1
Digital Marketing,seo specialist,matched,SEO Specialist - Fully Remote,1
Digital Marketing,seo specialist,unmatched,SEO Outreach Specialist,1
Digital Marketing,seo specialist,matched,Sr . SEO Specialist,1
Digital Marketing,seo specialist,matched,Technical SEO Specialist (In-House) New Alipore,1
Digital Marketing,seo specialist,unmatched,SEO AEO GEO Specialist,1
Digital Marketing,seo specialist,matched,Sr Technical SEO Specialist,1
Digital Marketing,seo specialist,matched,Manager - SEO Specialist,1
Digital Marketing,seo specialist,matched,Digital Marketing Specialist SEO Social Media Video Creator Intern,1
Digital Marketing,seo specialist,matched,D2C SEO SPECIALIST (SKINCARE MUST),1
Digital Marketing,seo specialist,unmatched,AEO/SEO Content Specialist,1
Digital Marketing,seo specialist,unmatched,"Performance & Growth Marketing Specialist – SEO, AEO & GEO",1
Digital Marketing,seo specialist,matched,SEO Specialist- Digital Marketing,1
Digital Marketing,seo specialist,unmatched,SEO & Content Specialist,1
Digital Marketing,seo specialist,unmatched,SEO/AEO/GEO Specialist,1
Digital Marketing,seo specialist,unmatched,AEO/SEO & CRO Specialist,1
Digital Marketing,performance marketing,matched,Performance Marketing Manager,21
Digital Marketing,performance marketing,matched,Performance Marketing Specialist,11
Digital Marketing,performance marketing,matched,Performance Marketing Executive,11
Digital Marketing,performance marketing,matched,Performance Marketing Lead,9
Digital Marketing,performance marketing,matched,Performance Marketing,7
Digital Marketing,performance marketing,matched,Performance Marketing Intern,5
Digital Marketing,performance marketing,matched,Senior Performance Marketing Specialist,4
Digital Marketing,performance marketing,matched,Performance Marketing Associate,4
Digital Marketing,performance marketing,matched,"Outbound Marketing - Monetization, Monetization, Performance Marketing",3
Digital Marketing,performance marketing,matched,"Senior Performance Marketing Specialist, Paid Media",3
Digital Marketing,performance marketing,matched,Senior Performance Marketing Manager,3
Digital Marketing,performance marketing,matched,Senior Manager - Performance Marketing,3
Digital Marketing,performance marketing,matched,Performance Marketing Professional,3
Digital Marketing,performance marketing,matched,Performance Marketing & Growth Manager,2
Digital Marketing,performance marketing,matched,Graphics Designer - Performance Marketing,2
Digital Marketing,performance marketing,matched,Intern- Performance Marketing,2
Digital Marketing,performance marketing,matched,Performance Marketing - Senior Associate,2
Digital Marketing,performance marketing,matched,Manager - Performance Marketing,2
Digital Marketing,performance marketing,matched,Performance Marketing Intern - Google Ads,2
Digital Marketing,performance marketing,matched,Assistant Manager - Performance Marketing,2
Digital Marketing,performance marketing,matched,"Senior Executive, Performance Marketing",2
Digital Marketing,performance marketing,matched,Performance Marketing Executive - Content (Telugu)- Dostt,2
Digital Marketing,performance marketing,matched,"Manager, Performance Marketing",2
Digital Marketing,performance marketing,unmatched,Senior Manager - Marketing (Performance & Growth),2
Digital Marketing,performance marketing,matched,Performance Marketing Specialist - Dostt Supply,1
Digital Marketing,performance marketing,matched,"Analyst, Performance Marketing",1
Digital Marketing,performance marketing,matched,Content Strategist - Performance Marketing,1
Digital Marketing,performance marketing,matched,Content Creator Intern - Performance Marketing,1
Digital Marketing,performance marketing,matched,Performance Marketing Executive - Content (Eaze - Tamil),1
Digital Marketing,performance marketing,matched,GTM Engineer – Performance Marketing,1
Digital Marketing,performance marketing,matched,PERFORMANCE MARKETING MANAGER (M/W/D),1
Digital Marketing,performance marketing,matched,Copywriting Executive- Social/ Performance Marketing,1
Digital Marketing,performance marketing,matched,Deputy Manager - Search & Performance Marketing,1
Digital Marketing,performance marketing,matched,"Senior Marketing Executive, Performance Marketing",1
Digital Marketing,performance marketing,matched,Performance Marketing Expert – B2B Accounts,1
Digital Marketing,performance marketing,matched,Performance Marketing Executive (Leading Global Footwear Brand),1
Digital Marketing,performance marketing,matched,Performance Marketing & SDR Executive – Remote,1
Digital Marketing,performance marketing,matched,Performance Marketing Specialist (M-19985),1
Digital Marketing,performance marketing,matched,Performance Marketing Lead- Matrimony,1
Digital Marketing,performance marketing,matched,Senior Manager – Performance Marketing,1
Digital Marketing,performance marketing,matched,Senior Executive Performance Marketing,1
Digital Marketing,performance marketing,matched,Performance Marketing ( Meta & Google Ads ) & Tracking Specialist,1
Digital Marketing,performance marketing,matched,Senior Director - Performance Marketing (Remote),1
Digital Marketing,performance marketing,matched,Account Manager - Performance Marketing - Search Ads,1
Digital Marketing,performance marketing,ambiguous_multi,Sr. Creative Designer (Performance Marketing) - Static & Motion,1
Digital Marketing,performance marketing,ambiguous_multi,"Sr. Creative Designer, Performance Marketing - Kraken Consumer",1
Digital Marketing,performance marketing,matched,"Senior Performance Marketing Manager, Global Paid Social & Mobile UA",1
Digital Marketing,performance marketing,matched,"Senior Performance Marketing Manager - Meta Ads · Remote, India",1
Digital Marketing,performance marketing,matched,Senior Executive Performance Marketing JioCinema,1
Digital Marketing,performance marketing,matched,Performance Marketing Specialist PPC,1
Digital Marketing,performance marketing,matched,MOC Performance Marketing Sr Exec/Asst Mngr M/F 5-6YRS(7-11 LPA),1
Digital Marketing,performance marketing,matched,Intern - Performance Marketing,1
Digital Marketing,performance marketing,matched,Senior Executive - Performance Marketing,1
Digital Marketing,performance marketing,matched,Performance Marketing-Sr Associate,1
Digital Marketing,performance marketing,matched,Opening For Performance Marketing,1
Digital Marketing,performance marketing,matched,AVP - Performance Marketing (Paid Media),1
Digital Marketing,performance marketing,unmatched,Sr Performance & Growth Marketing Officer,1
Digital Marketing,performance marketing,matched,Performance Marketing Executive - Content(Tamil),1
Digital Marketing,performance marketing,matched,Performance Marketing Executive.,1
Digital Marketing,performance marketing,matched,Digital Marketing / Performance Marketing Manager,1
Digital Marketing,performance marketing,matched,Media & Performance Marketing Manager – (Google & Meta Ads),1
Digital Marketing,performance marketing,matched,Performance Marketing (Marketplaces),1
Digital Marketing,performance marketing,matched,Performance Marketing Specialist (Agri-Lokal),1
Digital Marketing,performance marketing,matched,Asst./Manager - Performance Marketing,1
Digital Marketing,performance marketing,matched,Client Servicing Manager Performance Marketing,1
Digital Marketing,performance marketing,matched,Performance Marketing (Amazon & Flipkart Ads),1
Digital Marketing,performance marketing,matched,Paid Ads / Performance Marketing Manager - Surat,1
Digital Marketing,performance marketing,matched,Performance Marketing Specialist (Fully Remote),1
Digital Marketing,performance marketing,matched,Performance Marketing Analyst,1
Digital Marketing,performance marketing,matched,Performance Marketing Executive - Content (Malayalam),1
Digital Marketing,performance marketing,matched,Growth Manager - Performance Marketing,1
Digital Marketing,performance marketing,matched,Assistant Manager - Performance Marketing (Google Ads),1
Digital Marketing,performance marketing,matched,Performance Marketing Executive - Content (Bengali),1
Digital Marketing,performance marketing,matched,Associate Manager - Performance Marketing (Marketplace),1
Digital Marketing,performance marketing,matched,Digital Marketing Executive / Performance Marketing Specialist,1
Digital Marketing,performance marketing,matched,Senior Associate - Performance Marketing,1
Digital Marketing,performance marketing,matched,Performance Marketing Specialist - Astro,1
Digital Marketing,performance marketing,matched,Senior Specialist- Performance Marketing,1
Digital Marketing,performance marketing,matched,Performance Marketing Executive (Meta & Google Ads),1
Digital Marketing,performance marketing,matched,Performance Marketing Specialist (Google & Meta Ads),1
Digital Marketing,performance marketing,matched,Performance Marketing Specialist - Lokal Jobs,1
Digital Marketing,performance marketing,matched,Growth & Performance Marketing Lead,1
Digital Marketing,performance marketing,matched,Performance Marketing Specialist - Eaze,1
Digital Marketing,performance marketing,matched,Content Manager – Performance Marketing,1
Digital Marketing,performance marketing,matched,Performance Marketing Associate/ Sr Associate,1
Digital Marketing,performance marketing,matched,PERFORMANCE MARKETING MANAGER,1
Digital Marketing,performance marketing,matched,Meta Ads - Content (Performance Marketing-Telugu),1
Digital Marketing,performance marketing,unmatched,"Performance & Growth Marketing Specialist – SEO, AEO & GEO",1
Digital Marketing,performance marketing,matched,Senior Performance Marketer / Digital Marketing Specialist,1
Digital Marketing,performance marketing,matched,Senior Manager- Performance Marketing,1
Digital Marketing,performance marketing,matched,Performance Marketing - Senior Manager,1
Digital Marketing,performance marketing,matched,Growth & Performance Marketing Manager (Core D2C),1
Digital Marketing,performance marketing,ambiguous_multi,Data Analyst Growth and Strategy Performance Marketing Internship in,1
Digital Marketing,performance marketing,matched,"Manager - Digital & Performance Marketing, Digital",1
Digital Marketing,performance marketing,matched,Digital Marketing Manager (Performance & SEO) (Real Estate),1
Digital Marketing,growth marketer,matched,Growth Marketer,4
Digital Marketing,growth marketer,matched,Founding Growth Marketer,2
Digital Marketing,growth marketer,unmatched,"Account Executive, Growth, Mid-Market",2
Digital Marketing,growth marketer,matched,Product Growth Marketer,1
Digital Marketing,growth marketer,unmatched,Head of SaaS Sales (Growth Stage / Mid-Market focus),1
Digital Marketing,growth marketer,matched,Senior Growth Marketer,1
Digital Marketing,growth marketer,matched,Growth Marketer at Highadvocacy,1
Digital Marketing,growth marketer,matched,Lead Brand & Growth Marketer- Executive Initiatives,1
Digital Marketing,growth marketer,unmatched,Growth & Market Research Intern,1
Digital Marketing,growth marketer,unmatched,Lead Assistant Manager-Market Growth,1
Mechanical Engineer,mechanical engineer,matched,Mechanical Engineer,50
Mechanical Engineer,mechanical engineer,matched,Mechanical Design Engineer,32
Mechanical Engineer,mechanical engineer,matched,Senior Mechanical Engineer,10
Mechanical Engineer,mechanical engineer,unmatched,Lead Engineer - Mechanical Component,10
Mechanical Engineer,mechanical engineer,unmatched,Engineer - Mechanical Component,9
Mechanical Engineer,mechanical engineer,matched,Sr. Mechanical Engineer,6
Mechanical Engineer,mechanical engineer,unmatched,Engineer Mechanical,5
Mechanical Engineer,mechanical engineer,unmatched,Mechanical Engineering,4
Mechanical Engineer,mechanical engineer,unmatched,Associate Engineer - Mechanical,4
Mechanical Engineer,mechanical engineer,matched,Mechanical Engineer III,4
Mechanical Engineer,mechanical engineer,unmatched,Principal Engineer- Rock mechanics,4
Mechanical Engineer,mechanical engineer,unmatched,Engineer - Mechanical,4
Mechanical Engineer,mechanical engineer,matched,Senior Mechanical Engineer - Water,4
Mechanical Engineer,mechanical engineer,unmatched,Mechanical Maintenance Engineer,3
Mechanical Engineer,mechanical engineer,unmatched,"Lead Professional, Mechanical Engineering",3
Mechanical Engineer,mechanical engineer,unmatched,Lead Engineer - Mechanical,3
Mechanical Engineer,mechanical engineer,matched,Mechanical Design Engineer I (Pressure vessel),3
Mechanical Engineer,mechanical engineer,matched,"Sr. Mechanical Design Engineer, APAC Mech DE",3
Mechanical Engineer,mechanical engineer,unmatched,Associate Engineer Mechanical,3
Mechanical Engineer,mechanical engineer,unmatched,Senior Mechanical Data Center Engineer,3
Mechanical Engineer,mechanical engineer,unmatched,Engineer Mechanical - Pumping Station,3
Mechanical Engineer,mechanical engineer,unmatched,Mechanical Innovation Engineer,3
Mechanical Engineer,mechanical engineer,unmatched,Senior Engineer- Mining/Rock Mechanics,3
Mechanical Engineer,mechanical engineer,unmatched,Design Engineer Mechanical,3
Mechanical Engineer,mechanical engineer,unmatched,IN_RBIC_Sr.Engineer/Asst.Manager_Design Engineer_ Mechanical for New Braking System,2
Mechanical Engineer,mechanical engineer,unmatched,Staff Engineer Mechanical,2
Mechanical Engineer,mechanical engineer,matched,Mechanical Engineer/Senior Mechanical Engineer,2
Mechanical Engineer,mechanical engineer,unmatched,Lead Engineer - Mechanical Component-1,2
Mechanical Engineer,mechanical engineer,unmatched,Lead Engineer - Mechanical Component 2,2
Mechanical Engineer,mechanical engineer,unmatched,Experienced Mechanical System Design & Analysis Engineer,2
Mechanical Engineer,mechanical engineer,matched,Mechanical Design Engineer II,2
Mechanical Engineer,mechanical engineer,matched,Mechanical Engineer III (Senior),2
Mechanical Engineer,mechanical engineer,unmatched,Engineer II Mechanical Engineering X,2
Mechanical Engineer,mechanical engineer,unmatched,Engineer/ Sr Engineer Mechanical (Water/Waste Water),2
Mechanical Engineer,mechanical engineer,unmatched,Engineer I Mechanical Engineering IX,2
Mechanical Engineer,mechanical engineer,unmatched,Junior Engineer Mechanical,2
Mechanical Engineer,mechanical engineer,matched,Mechanical Engineer Level I,2
Mechanical Engineer,mechanical engineer,unmatched,BIM Engineer - Mechanical (HVAC),2
Mechanical Engineer,mechanical engineer,unmatched,Senior Engineer Mechanical - Onsite Operations,2
Mechanical Engineer,mechanical engineer,unmatched,Site Engineer (Mechanical: Firefighting Systems),2
Mechanical Engineer,mechanical engineer,unmatched,Installed Base Engineer Mechanical Design,2
Mechanical Engineer,mechanical engineer,matched,"Mechanical Engineer, Senior",2
Mechanical Engineer,mechanical engineer,unmatched,Senior Engineer - Rock Mechanics,2
Mechanical Engineer,mechanical engineer,unmatched,"Engineer I, Mechanical",2
Mechanical Engineer,mechanical engineer,matched,Mechanical Engineer- Packages,2
Mechanical Engineer,mechanical engineer,unmatched,Engineer-Mechanical,2
Mechanical Engineer,mechanical engineer,matched,Mechanical Engineer design - Hydropower,2
Mechanical Engineer,mechanical engineer,matched,Mechanical Engineer- Static Equipment,2
Mechanical Engineer,mechanical engineer,matched,"Mechanical Engineer, Grade 10",2
Mechanical Engineer,mechanical engineer,unmatched,Manager - Mechanical Engineering,2
Mechanical Engineer,mechanical engineer,matched,Mechanical Engineer I,2
Mechanical Engineer,mechanical engineer,matched,Senior Mechanical Design Engineer,2
Mechanical Engineer,mechanical engineer,matched,Associate Sr. Mechanical Engineer,2
Mechanical Engineer,mechanical engineer,matched,GET Mechanical Engineer,2
Mechanical Engineer,mechanical engineer,unmatched,HV Battery System Engineer - Mechanical,2
Mechanical Engineer,mechanical engineer,unmatched,Staff Engineer - Mechanical Municipal Water HVAC & Plumbing Job Details | Black & Veatch Family of Companies,2
Mechanical Engineer,mechanical engineer,matched,Staff Engineer - Mechanical Engineer - Data Center HVAC & Plumbing Design Job Details | Black & Veatch Family of Companies,2
Mechanical Engineer,mechanical engineer,matched,Mechanical Engineer- Water,2
Mechanical Engineer,mechanical engineer,unmatched,Lead Engineer - Customer Application Engineering-Turbine Mechanical,2
Mechanical Engineer,mechanical engineer,matched,"Manager, Mechanical Engineer",2
Mechanical Engineer,mechanical engineer,unmatched,"Associate, Mechanical Engineering",2
Mechanical Engineer,mechanical engineer,unmatched,Design Engineer - Electro mechanical,2
Mechanical Engineer,mechanical engineer,unmatched,Mechanical Engineering Department Manager,2
Mechanical Engineer,mechanical engineer,matched,Mechanical Engineer - Fully Remote,2
Mechanical Engineer,mechanical engineer,unmatched,Mechanical Engineering Associate,2
Mechanical Engineer,mechanical engineer,unmatched,Mechanical Principal Engineer,2
Mechanical Engineer,mechanical engineer,matched,Senior Electro-Mechanical Engineer/Technician,2
Mechanical Engineer,mechanical engineer,unmatched,Manufacturing Engineer (Mechanical),2
Mechanical Engineer,mechanical engineer,unmatched,Senior Lead Engineer - Mechanical Design,1
Mechanical Engineer,mechanical engineer,unmatched,"Sr. Engineer, TSE-SIG, Mechanical",1
Mechanical Engineer,mechanical engineer,matched,Principle Mechanical Engineer – WCP (Well Completion Products),1
Mechanical Engineer,mechanical engineer,matched,Mechanical Engineer Level II,1
Mechanical Engineer,mechanical engineer,matched,Mechanical Engineer - Static Equipment,1
Mechanical Engineer,mechanical engineer,unmatched,Sr. Engineer – Mechanical Design,1
Mechanical Engineer,mechanical engineer,matched,MEP Mechanical Engineer,1
Mechanical Engineer,mechanical engineer,matched,Production Engineer (Mechanical Engineer),1
Mechanical Engineer,mechanical engineer,unmatched,Mechanical Engineering Lead,1
Mechanical Engineer,mechanical engineer,matched,Mechanical Engineer - Structural Specialist,1
Mechanical Engineer,mechanical engineer,matched,"Mechanical Design Engineer (Jigs and Fixtures, SPM, Static Structural Ansys)",1
Mechanical Engineer,mechanical engineer,matched,Urgent Opening For CAD Engineer – Mechanical - Ahmedabad,1
Mechanical Engineer,mechanical engineer,unmatched,Lead Engineer - Mechanical Testing,1
Mechanical Engineer,mechanical engineer,matched,Mechanical Design Engineer - IND,1
Mechanical Engineer,mechanical engineer,unmatched,Manager - Mechanical Engineering - Chennai Global Logistics Park,1
Mechanical Engineer,mechanical engineer,unmatched,Associate Engineer Mechanical Engineering VIII,1
Mechanical Engineer,mechanical engineer,matched,Mechanical Engineer IV (Staff Engineer),1
Mechanical Engineer,mechanical engineer,unmatched,Lead Engineer 2 - Mechanical Component,1
Mechanical Engineer,mechanical engineer,unmatched,Assistant Mechanical BIM Engineer/Modeller (MEP),1
Mechanical Engineer,mechanical engineer,matched,MECHANICAL DESIGN ENGINEER,1
Mechanical Engineer,mechanical engineer,unmatched,Engineer - Accessories Mechanical,1
Mechanical Engineer,mechanical engineer,unmatched,Mechanical Designer Engineer,1
Mechanical Engineer,mechanical engineer,matched,Mechanical Design Engineer - Data Center,1
Mechanical Engineer,mechanical engineer,matched,Lead Mechanical Engineer - Kolkata,1
Mechanical Engineer,mechanical engineer,unmatched,Mechanical BIM Engineer,1
Mechanical Engineer,mechanical engineer,matched,Senior Mechanical Engineer - Precision Design,1
Mechanical Engineer,mechanical engineer,matched,Plant & Machinery (P&M) Mechanical Engineer,1
Mechanical Engineer,mechanical engineer,unmatched,"Senior Executive, Mechanical Engineering",1
Mechanical Engineer,mechanical engineer,unmatched,Design Engineer - Mechanical,1
Mechanical Engineer,mechanical engineer,matched,Lead Mechanical Design Engineer - Data Center,1
Mechanical Engineer,mechanical engineer,unmatched,Integration (Electronic and Mechanical) Engineering - Entry Professional,1
Mechanical Engineer,mechanical engineer,matched,Mechanical Engineer - NSR,1
Mechanical Engineer,mechanical engineer,unmatched,Lead Engineer – Mechanical Testing,1
Mechanical Engineer,mechanical engineer,unmatched,Sr Principal Mechanical Integration Engineer – DCI Liquid Cooling,1
Mechanical Engineer,mechanical engineer,matched,Mechanical Engineer (3-5 years),1
Mechanical Engineer,mechanical engineer,matched,"Principal Mechanical Engineer – DCI Pipes, Frames and Structures",1
Mechanical Engineer,mechanical engineer,unmatched,Engineer – Accessories Mechanical,1
Mechanical Engineer,mechanical engineer,unmatched,Mechanical Engineering Experienced Professional,1
Mechanical Engineer,mechanical engineer,unmatched,Senior Design Engineer - Mechanical,1
Mechanical Engineer,mechanical engineer,matched,ETO Mechanical Engineer,1
Mechanical Engineer,mechanical engineer,unmatched,"CAD Design Engineer, Mechanical & Code-First Reverse Engineering",1
Mechanical Engineer,mechanical engineer,matched,Associate Mechanical Engineer ( Male),1
Mechanical Engineer,mechanical engineer,unmatched,Sr . Engineer Mechanical Maintenance,1
Mechanical Engineer,mechanical engineer,matched,Mechanical Design Engineer (Specialist) - Design of a Servo Motor for Industrial application,1
Mechanical Engineer,mechanical engineer,matched,R&D Mechanical Engineer - Traction Transformers,1
Mechanical Engineer,mechanical engineer,unmatched,Engineer/ Sr. Engineer-Mechanical & Utility,1
Mechanical Engineer,mechanical engineer,unmatched,"Senior Team Leader, Engineering Management - Mechanical",1
Mechanical Engineer,mechanical engineer,unmatched,Principal Engineer - Mechanical Engineering,1
Mechanical Engineer,mechanical engineer,matched,Mechanical Engineer-Systems Design,1
Mechanical Engineer,mechanical engineer,unmatched,"PhD Engineers (Mechanical, Electrical, Chemical, Civil)",1
Mechanical Engineer,mechanical engineer,unmatched,Senior Engineer- Mechanical Rotating,1
Mechanical Engineer,mechanical engineer,unmatched,Superintendent Engineer (Mechanical) / Senior Engineer 4 Stroke,1
Mechanical Engineer,mechanical engineer,unmatched,Sr Engineer-Mechanical Water process Job Details | Black & Veatch Family of Companies,1
Mechanical Engineer,mechanical engineer,ambiguous_multi,Mechanical Engineer - SDE/ACE,1
Mechanical Engineer,mechanical engineer,unmatched,Maintenance Engineer - Mechanical,1
Mechanical Engineer,mechanical engineer,unmatched,Senior Engineer_Systems Engineering (Steam Turbine_BOP Mechanical),1
Mechanical Engineer,mechanical engineer,unmatched,Senior Engineer - Mechanical (Material Handling),1
Mechanical Engineer,mechanical engineer,unmatched,Associate Lead Engineer - Mechanical,1
Mechanical Engineer,mechanical engineer,unmatched,Sr. Executive - Mechanical Maintenance Engineer for MNC company,1
Mechanical Engineer,mechanical engineer,unmatched,Lead Engineer - Electro Mechanical Component,1
Mechanical Engineer,mechanical engineer,matched,Senior Mechanical Engineer - Pump Design,1
Mechanical Engineer,mechanical engineer,unmatched,Maintenance Engineer-Mechanical (Maintenance Engineer-Mechanical),1
Mechanical Engineer,mechanical engineer,unmatched,Lead Engineer - Mechanical Component(Clearances),1
Mechanical Engineer,mechanical engineer,matched,Sr. Mechanical Design Engineer – STP,1
Mechanical Engineer,mechanical engineer,unmatched,Mechanical Engineers,1
Mechanical Engineer,mechanical engineer,matched,Senior Mechanical Engineer - HVAC,1
Mechanical Engineer,mechanical engineer,unmatched,Site Engineer – Mechanical,1
Mechanical Engineer,mechanical engineer,matched,Mechanical Engineer - CFD,1
Mechanical Engineer,mechanical engineer,unmatched,Principal Engineer – Mechanical Design,1
Mechanical Engineer,mechanical engineer,unmatched,Project Engineer (Mechanical),1
Mechanical Engineer,mechanical engineer,matched,Mechanical Engineer - Internship,1
Mechanical Engineer,mechanical engineer,unmatched,Lead Mechanical Commissioning Engineer - India,1
Mechanical Engineer,mechanical engineer,matched,Senior Application Mechanical Engineer / Designer,1
Mechanical Engineer,mechanical engineer,matched,R&D Mechanical Design Engineer,1
Mechanical Engineer,mechanical engineer,unmatched,Senior Engineer Mechanical,1
Mechanical Engineer,mechanical engineer,matched,Mechanical Design Engineer (Managed by Klenzaids Contamination Controls Pvt. Ltd.),1
Mechanical Engineer,mechanical engineer,matched,"Senior Mechanical Engineer (Data Center), Taiwan China",1
Mechanical Engineer,mechanical engineer,unmatched,"Staff Engineer, Mechanical",1
Mechanical Engineer,mechanical engineer,unmatched,"Engineer III, Mechanical",1
Mechanical Engineer,mechanical engineer,unmatched,Senior Plumbing Engineer Mechanical (MEP),1
Mechanical Engineer,mechanical engineer,unmatched,"Mechanical Engineering Technical Leader | Rack Server, Solid Modelling, Structural Simulation, System Thermal, People Manager",1
Mechanical Engineer,mechanical engineer,unmatched,Senior Mechanical Commissioning Engineer - Data Center,1
Mechanical Engineer,mechanical engineer,unmatched,Manager - Mechanical Engineering - Ports & Terminals - Nhava Sheva,1
Mechanical Engineer,mechanical engineer,unmatched,Mechanical System Installation Engineer - LG,1
Mechanical Engineer,mechanical engineer,unmatched,Senior Engineer - Mechanical,1
Mechanical Engineer,mechanical engineer,unmatched,Senior Engineer- Mechanical (LV Switchgear),1
Mechanical Engineer,mechanical engineer,matched,"Mechanical Engineer - Enclosures, Frames & Sheet Metal",1
Mechanical Engineer,mechanical engineer,unmatched,Mechanical Purchase Engineer,1
Mechanical Engineer,mechanical engineer,unmatched,Lead Engineer Mechanisms,1
Mechanical Engineer,mechanical engineer,matched,"Mechanical Engineer – Enclosures, Frames & Sheet Metal",1
Mechanical Engineer,mechanical engineer,mapped:Software Engineer,Software Engineer - Mechanical,1
Mechanical Engineer,mechanical engineer,matched,Lead Mechanical Design Engineer – CAD,1
Mechanical Engineer,mechanical engineer,matched,SPM Mechanical Design Engineer,1
Mechanical Engineer,mechanical engineer,matched,"Senior Mechanical Engineer, Mechanical Engineering Subject Expert",1
Mechanical Engineer,mechanical engineer,unmatched,Flight Mechanics V&V Engineer,1
Mechanical Engineer,mechanical engineer,matched,Mechanical Engineer-Pune,1
Mechanical Engineer,mechanical engineer,unmatched,Engineer - Mechanical / Electrical (VAVE),1
Mechanical Engineer,mechanical engineer,unmatched,"Mechanical Engineering Technical Leader || Electro-mechanical Packaging || CREO, FEA || DFM/DFA || ASIC System Integration || Exp - 11 years",1
Mechanical Engineer,mechanical engineer,matched,Senior Mechanical Engineer - Liquid Cooling,1
Mechanical Engineer,mechanical engineer,unmatched,Sr. Engineer Mechanical Engineering XI - Hydraulic Piping SME,1
Mechanical Engineer,mechanical engineer,unmatched,Senior Engineer (Mechanical),1
Mechanical Engineer,mechanical engineer,matched,Mechanical Engineer - HVAC,1
Mechanical Engineer,mechanical engineer,matched,"Mechanical Engineer - Kharghar, Navi Mumbai",1
Mechanical Engineer,mechanical engineer,unmatched,Production Engineer - Electrical / Mechanical,1
Mechanical Engineer,mechanical engineer,unmatched,Senior Mechanical and Industrial Design Engineer,1
Mechanical Engineer,mechanical engineer,unmatched,Associate Engineer - Mechanical Systems Engineer Job Details | Black & Veatch Family of Companies,1
Mechanical Engineer,mechanical engineer,unmatched,Inspection Engineer- Mechanical,1
Mechanical Engineer,mechanical engineer,mapped:Electrical Engineer,Mechanical & Electrical Engineer,1
Mechanical Engineer,mechanical engineer,matched,Senior Mechanical Design Engineer (4 -8 Years),1
Mechanical Engineer,mechanical engineer,unmatched,Powertrain Process Engineer (Electrical/Mechanical),1
Mechanical Engineer,mechanical engineer,unmatched,Proposal Engineering Professional - Mechanical BoP,1
Mechanical Engineer,mechanical engineer,unmatched,Graduate Engineer Trainee (GET) - Mechanical Engineering,1
Mechanical Engineer,mechanical engineer,matched,Mechanical Engineer - QC/ Production/ Design,1
Mechanical Engineer,mechanical engineer,unmatched,Mechanical Handling Design Engineer at Bangalore,1
Mechanical Engineer,mechanical engineer,unmatched,Assistant Manager- Engineering (Mechanical),1
Mechanical Engineer,mechanical engineer,unmatched,Valve Converter Mechanical Engineering Team Leader,1
Mechanical Engineer,mechanical engineer,unmatched,Mechanical Simulation Engineer,1
Mechanical Engineer,mechanical engineer,unmatched,"Estimation Engineer Mechanical For Fabrication Plant - Bhilai , Chhattisgarh",1
Mechanical Engineer,mechanical engineer,matched,SFP Mechanical Engineer,1
Mechanical Engineer,mechanical engineer,unmatched,Assistant Engineer - Maintenance- Mechanical,1
Mechanical Engineer,mechanical engineer,unmatched,Project Engineer - Mechanical,1
Mechanical Engineer,mechanical engineer,unmatched,Lead Engineer- Mechanical (Breakers),1
Mechanical Engineer,mechanical engineer,unmatched,Staff Engineer - Mechanical Static Equipment Job Details | Black & Veatch Family of Companies,1
Mechanical Engineer,mechanical engineer,unmatched,Staff Engineer-Mechanical Rotating Equipment & Packages Job Details | Black & Veatch Family of Companies,1
Mechanical Engineer,mechanical engineer,matched,Mechanical Engineer (E3) - Design for Manufacturing (DFM),1
Mechanical Engineer,mechanical engineer,matched,Mechanical Engineer (E3) - Design for Cost (DFC),1
Mechanical Engineer,mechanical engineer,matched,"Senior Mechanical Engineer (Bangalore,Kolkata,Ahmedabad)",1
Mechanical Engineer,mechanical engineer,matched,Mechanical Engineer (E3) – Design for Cost (DFC),1
Mechanical Engineer,mechanical engineer,matched,Mechanical Engineer - Mumbai,1
Mechanical Engineer,mechanical engineer,matched,Mechanical Engineer (E3) – Design for Manufacturing (DFM),1
Mechanical Engineer,mechanical engineer,unmatched,Lead Engineer – Mechanical Design,1
Mechanical Engineer,mechanical engineer,unmatched,Senior Lead Engineer - Mechanical,1
Mechanical Engineer,mechanical engineer,unmatched,Lead Engineer - Mechanical Design,1
Mechanical Engineer,mechanical engineer,matched,Mechanical Engineer Interior Integration,1
Mechanical Engineer,mechanical engineer,unmatched,Mechanical Calculation Engineer,1
Mechanical Engineer,mechanical engineer,unmatched,Mechanical Lead Engineer - Interiors and Cab,1
Mechanical Engineer,mechanical engineer,unmatched,Project Engineer Mechanical / Aerospace,1
Mechanical Engineer,mechanical engineer,unmatched,Flight Mechanics Engineer,1
Mechanical Engineer,mechanical engineer,matched,Mechanical Design Engineer / CAD Engineer,1
Mechanical Engineer,mechanical engineer,matched,Mechanical engineer ( Chandigarh),1
Mechanical Engineer,mechanical engineer,unmatched,Senior Engineer- Mechanical,1
Mechanical Engineer,mechanical engineer,unmatched,Production Engineer - Mechanical Assembly & Cable Assembly,1
Mechanical Engineer,mechanical engineer,unmatched,Team Lead-Mechanical Engineering,1
Mechanical Engineer,mechanical engineer,matched,Electrical & Mechanical Engineer,1
Mechanical Engineer,mechanical engineer,unmatched,R&D Mechanical Simulation Engineer - Bushings,1
Mechanical Engineer,mechanical engineer,unmatched,Maintenance Engineer Electrical Mechanical Engg at Umbergaon near VapiValsad,1
Mechanical Engineer,mechanical engineer,unmatched,Assistant Field Engineer Mechanical Maintenance,1
Mechanical Engineer,mechanical engineer,matched,Mechanical Engineer Commissioning,1
Mechanical Engineer,mechanical engineer,matched,Mechanical Engineer - Product Design,1
Mechanical Engineer,mechanical engineer,matched,Mechanical Engineer - Estimation,1
Mechanical Engineer,mechanical engineer,matched,Senior Mechanical Engineer - Robotics Hardware,1
Mechanical Engineer,mechanical engineer,unmatched,Lead EPC Mechanical (Static) Engineer,1
Mechanical Engineer,mechanical engineer,matched,Job Opening For Mechanical Engineer (Rotating Machines) - Product Engineering,1
Mechanical Engineer,mechanical engineer,unmatched,Sr. Engineer Mechanical Engineering XII,1
Mechanical Engineer,mechanical engineer,unmatched,Seismic / Structural - Mechanical Engineering,1
Mechanical Engineer,mechanical engineer,unmatched,Piping Engineer - Mechanical,1
Mechanical Engineer,mechanical engineer,unmatched,Assistant Manager in Mechanical Engineering formulation Dept.,1
Mechanical Engineer,mechanical engineer,unmatched,Sr. Manager Mechanical Engineering,1
Mechanical Engineer,mechanical engineer,unmatched,Senior Design Engineer- Mechanical,1
Mechanical Engineer,mechanical engineer,unmatched,Staff Engineer - R&D Mechanical,1
Mechanical Engineer,mechanical engineer,matched,Mechanical design engineer ( Rajkot),1
Mechanical Engineer,mechanical engineer,matched,Senior Mechanical Engineer – Static Equipment,1
Mechanical Engineer,mechanical engineer,unmatched,Mechanical Draughtsman Engineer,1
Mechanical Engineer,mechanical engineer,unmatched,Vendor Development Executive - Mechanical Engineering,1
Mechanical Engineer,mechanical engineer,matched,BIM Mechanical Engineer,1
Mechanical Engineer,mechanical engineer,unmatched,Hardware Validation Engineer (Mechanical),1
Mechanical Engineer,mechanical engineer,matched,Lead Mechanical Engineer - Structural,1
Mechanical Engineer,mechanical engineer,matched,Sr. Mechanical Engineer ORE,1
Mechanical Engineer,mechanical engineer,unmatched,"Assistant General Manager, Mechanical Engineering",1
Mechanical Engineer,mechanical engineer,unmatched,Mechanical Execution Engineer,1
Mechanical Engineer,mechanical engineer,unmatched,Mechanical Erection Engineer,1
Mechanical Engineer,mechanical engineer,matched,Hiring Freshers- Mechanical Engineer,1
Mechanical Engineer,mechanical engineer,unmatched,Mechanical Assembly Engineer,1
Mechanical Engineer,mechanical engineer,unmatched,Engineer (Mechanical) - Static Heat Transfer,1
Mechanical Engineer,mechanical engineer,matched,Mechanical Engineer Freshers,1
Mechanical Engineer,mechanical engineer,unmatched,Senior Engineer- Mechanical HVAC(Wastewater),1
Mechanical Engineer,mechanical engineer,unmatched,"Team Lead, Engineering, Mechanical Validation Lab",1
Mechanical Engineer,mechanical engineer,unmatched,Sr. Engineer Mechanical,1
Mechanical Engineer,mechanical engineer,matched,Mechanical Engineer NPD,1
Mechanical Engineer,mechanical engineer,unmatched,Senior Design Engineer - LV Switchgear (Mechanical),1
Mechanical Engineer,mechanical engineer,unmatched,Senior Hydroelectricity and Dams Engineer - Heavy Mechanical,1
Mechanical Engineer,mechanical engineer,matched,HVAC Mechanical Design Engineer,1
Mechanical Engineer,mechanical engineer,unmatched,"Sr. Engineer, Construction Quality- Mechanical",1
Mechanical Engineer,mechanical engineer,unmatched,Senior Engineer-Mechanical,1
Mechanical Engineer,mechanical engineer,unmatched,Design Engineer Mechanical MNC,1
Mechanical Engineer,mechanical engineer,unmatched,"Mechanical Engineering Technical Leader || Thermal Engineering || Electronics Cooling, Liquid cooling, Coldplates || Thermal validations || Exp 11 years",1
Mechanical Engineer,mechanical engineer,matched,Mechanical Engineer - PHE & HVAC (Project Supervision/Construction Management),1
Mechanical Engineer,mechanical engineer,unmatched,Mechanical Engineering Expert - F500,1
Mechanical Engineer,mechanical engineer,unmatched,Associate Engineering Technician - Mechanical(Water) - Contract Job Details | Black & Veatch Family of Companies,1
Mechanical Engineer,mechanical engineer,matched,Senior Mechanical Engineer- Industrial Water - HVAC & Plumbing Job Details | Black & Veatch Family of Companies,1
Mechanical Engineer,mechanical engineer,unmatched,Sr Engineer Mechanical Sourcing,1
Mechanical Engineer,mechanical engineer,matched,Sr. Staff Engineer Mechanical Engineer - Equipment,1
Mechanical Engineer,mechanical engineer,unmatched,Sr Engineer-Mechanical-Industrial Water - Mechanical Process Job Details | Black & Veatch Family of Companies,1
Mechanical Engineer,mechanical engineer,unmatched,Sr Engineer-Mechanical-Municipal Water - Mechanical Process Job Details | Black & Veatch Family of Companies,1
Mechanical Engineer,mechanical engineer,matched,R&D Mechanical Design Engineer (Edge Solutions) - IDC,1
Mechanical Engineer,mechanical engineer,unmatched,Engineer II Mechanical,1
Mechanical Engineer,mechanical engineer,unmatched,Mechanical Engineering PhD - Problem Author,1
Mechanical Engineer,mechanical engineer,unmatched,Staff Engineer - NPI (Mechanical ),1
Mechanical Engineer,mechanical engineer,mapped:Quality Engineer,In-Process Quality Engineer (Mechanical),1
Mechanical Engineer,mechanical engineer,matched,Manager Mechanical Engineer,1
Mechanical Engineer,mechanical engineer,matched,"Mechanical Engineer, Associate",1
Mechanical Engineer,mechanical engineer,unmatched,Mechanical Simulation Engineer – Advanced Packaging,1
Mechanical Engineer,mechanical engineer,matched,Mechanical Engineer - Data Center,1
Mechanical Engineer,mechanical engineer,unmatched,Engineer - Maintenance-Mechanical,1
Mechanical Engineer,mechanical engineer,unmatched,Staff Engineer – Mechanical Design,1
Mechanical Engineer,mechanical engineer,unmatched,Senior Mechanical Equipment Engineer,1
Mechanical Engineer,mechanical engineer,matched,Lead Mechanical Engineer,1
Mechanical Engineer,mechanical engineer,matched,Process Mechanical Design Engineer,1
Mechanical Engineer,mechanical engineer,unmatched,"Engineer, Mechanical I",1
Mechanical Engineer,mechanical engineer,unmatched,Lead Engineer - CMMS Maintenance (Mechanical / Electrical),1
Mechanical Engineer,mechanical engineer,unmatched,"Lead Engineer, Mechanical",1
Mechanical Engineer,mechanical engineer,unmatched,Sr Engineer/AM/DM - Civil/Mechanical (Water Supply Proj) Karnataka,1
Mechanical Engineer,mechanical engineer,unmatched,Mechanical maintenance engineer,1
Mechanical Engineer,mechanical engineer,matched,Mechanical Engineer - MEP - Substation & HVDC,1
Mechanical Engineer,mechanical engineer,unmatched,Mechanical Production Engineer,1
Mechanical Engineer,mechanical engineer,unmatched,Principal Engineer – Mechanical (Pump & Pipeline),1
Mechanical Engineer,mechanical engineer,unmatched,Mechanical draft engineer,1
Mechanical Engineer,mechanical engineer,matched,Mechanical Design Engineer (Field Deployment),1
Mechanical Engineer,mechanical engineer,unmatched,Principal Engineer - Mechanical,1
Mechanical Engineer,mechanical engineer,unmatched,Associate Engineer-Mechanical Thermal Job Details | Black & Veatch Family of Companies,1
Mechanical Engineer,mechanical engineer,matched,Principal Mechanical Engineer,1
Mechanical Engineer,mechanical engineer,matched,Senior Mechanical Engineer- Data Center CFD Lead Job Details | Black & Veatch Family of Companies,1
Mechanical Engineer,mechanical engineer,unmatched,Senior Mechanical Product Development Engineer / Lead Engineer,1
Mechanical Engineer,mechanical engineer,mapped:Architect (contamination audit),Mechanical Engineering Architect - Mechanical Design,1
Mechanical Engineer,mechanical engineer,unmatched,Engineer - Mechanical Engineering,1
Mechanical Engineer,mechanical engineer,unmatched,Senior Engineer- Mechanical (Packages),1
Mechanical Engineer,mechanical engineer,unmatched,Engineer - Mechanical (Package),1
Mechanical Engineer,mechanical engineer,unmatched,Field Service Engineer - Rotary Filling Machine - Mechanical,1
Mechanical Engineer,mechanical engineer,matched,Graduate Mechanical Engineer.,1
Mechanical Engineer,mechanical engineer,matched,BESS Mechanical Design Engineer,1
Mechanical Engineer,mechanical engineer,matched,"Mechanical Engineer For Textile Industry - Tirupur, Tamilnadu",1
Mechanical Engineer,mechanical engineer,unmatched,Mechanical Product Engineer,1
Mechanical Engineer,mechanical engineer,matched,Mechanical Engineer - O&M,1
Mechanical Engineer,mechanical design engineer,matched,Mechanical Design Engineer,36
Mechanical Engineer,mechanical design engineer,matched,Mechanical Design Engineer I (Pressure vessel),3
Mechanical Engineer,mechanical design engineer,matched,"Sr. Mechanical Design Engineer, APAC Mech DE",3
Mechanical Engineer,mechanical design engineer,unmatched,Design Engineer Mechanical,3
Mechanical Engineer,mechanical design engineer,matched,"Sr Mechanical Design Engineer - CFD, Mechanical DE",3
Mechanical Engineer,mechanical design engineer,unmatched,IN_RBIC_Sr.Engineer/Asst.Manager_Design Engineer_ Mechanical for New Braking System,2
Mechanical Engineer,mechanical design engineer,unmatched,Experienced Mechanical System Design & Analysis Engineer,2
Mechanical Engineer,mechanical design engineer,matched,Mechanical Design Engineer II,2
Mechanical Engineer,mechanical design engineer,unmatched,Installed Base Engineer Mechanical Design,2
Mechanical Engineer,mechanical design engineer,matched,Mechanical Engineer design - Hydropower,2
Mechanical Engineer,mechanical design engineer,matched,Senior Mechanical Design Engineer,2
Mechanical Engineer,mechanical design engineer,unmatched,Design Engineer - Electro mechanical,2
Mechanical Engineer,mechanical design engineer,matched,Senior Principal Mechanical Design Engineer,2
Mechanical Engineer,mechanical design engineer,unmatched,Senior Lead Engineer - Mechanical Design,1
Mechanical Engineer,mechanical design engineer,unmatched,Sr. Engineer – Mechanical Design,1
Mechanical Engineer,mechanical design engineer,matched,"Mechanical Design Engineer (Jigs and Fixtures, SPM, Static Structural Ansys)",1
Mechanical Engineer,mechanical design engineer,matched,Mechanical Design Engineer - IND,1
Mechanical Engineer,mechanical design engineer,matched,MECHANICAL DESIGN ENGINEER,1
Mechanical Engineer,mechanical design engineer,unmatched,Mechanical Designer Engineer,1
Mechanical Engineer,mechanical design engineer,matched,Mechanical Design Engineer - Data Center,1
Mechanical Engineer,mechanical design engineer,matched,Senior Mechanical Engineer - Precision Design,1
Mechanical Engineer,mechanical design engineer,unmatched,Design Engineer - Mechanical,1
Mechanical Engineer,mechanical design engineer,matched,Lead Mechanical Design Engineer - Data Center,1
Mechanical Engineer,mechanical design engineer,unmatched,Senior Design Engineer - Mechanical,1
Mechanical Engineer,mechanical design engineer,unmatched,"CAD Design Engineer, Mechanical & Code-First Reverse Engineering",1
Mechanical Engineer,mechanical design engineer,matched,Mechanical Design Engineer (Specialist) - Design of a Servo Motor for Industrial application,1
Mechanical Engineer,mechanical design engineer,matched,Mechanical Engineer-Systems Design,1
Mechanical Engineer,mechanical design engineer,matched,Senior Mechanical Engineer - Pump Design,1
Mechanical Engineer,mechanical design engineer,matched,Sr. Mechanical Design Engineer – STP,1
Mechanical Engineer,mechanical design engineer,unmatched,Principal Engineer – Mechanical Design,1
Mechanical Engineer,mechanical design engineer,matched,Senior Application Mechanical Engineer / Designer,1
Mechanical Engineer,mechanical design engineer,matched,R&D Mechanical Design Engineer,1
Mechanical Engineer,mechanical design engineer,matched,Mechanical Design Engineer (Managed by Klenzaids Contamination Controls Pvt. Ltd.),1
Mechanical Engineer,mechanical design engineer,matched,Lead Mechanical Design Engineer – CAD,1
Mechanical Engineer,mechanical design engineer,matched,SPM Mechanical Design Engineer,1
Mechanical Engineer,mechanical design engineer,unmatched,Senior Mechanical and Industrial Design Engineer,1
Mechanical Engineer,mechanical design engineer,matched,Senior Mechanical Design Engineer (4 -8 Years),1
Mechanical Engineer,mechanical design engineer,matched,Mechanical Engineer - QC/ Production/ Design,1
Mechanical Engineer,mechanical design engineer,unmatched,Mechanical Handling Design Engineer at Bangalore,1
Mechanical Engineer,mechanical design engineer,matched,Mechanical Engineer (E3) - Design for Manufacturing (DFM),1
Mechanical Engineer,mechanical design engineer,matched,Mechanical Engineer (E3) - Design for Cost (DFC),1
Mechanical Engineer,mechanical design engineer,matched,Mechanical Engineer (E3) – Design for Cost (DFC),1
Mechanical Engineer,mechanical design engineer,matched,Mechanical Engineer (E3) – Design for Manufacturing (DFM),1
Mechanical Engineer,mechanical design engineer,unmatched,Lead Engineer – Mechanical Design,1
Mechanical Engineer,mechanical design engineer,unmatched,Lead Engineer - Mechanical Design,1
Mechanical Engineer,mechanical design engineer,matched,Mechanical Design Engineer / CAD Engineer,1
Mechanical Engineer,mechanical design engineer,matched,Mechanical Engineer - Product Design,1
Mechanical Engineer,mechanical design engineer,unmatched,Senior Design Engineer- Mechanical,1
Mechanical Engineer,mechanical design engineer,matched,Mechanical design engineer ( Rajkot),1
Mechanical Engineer,mechanical design engineer,unmatched,Senior Design Engineer - LV Switchgear (Mechanical),1
Mechanical Engineer,mechanical design engineer,matched,HVAC Mechanical Design Engineer,1
Mechanical Engineer,mechanical design engineer,unmatched,Design Engineer Mechanical MNC,1
Mechanical Engineer,mechanical design engineer,matched,R&D Mechanical Design Engineer (Edge Solutions) - IDC,1
Mechanical Engineer,mechanical design engineer,unmatched,Staff Engineer – Mechanical Design,1
Mechanical Engineer,mechanical design engineer,matched,Process Mechanical Design Engineer,1
Mechanical Engineer,mechanical design engineer,matched,Mechanical Design Engineer (Field Deployment),1
Mechanical Engineer,mechanical design engineer,mapped:Architect (contamination audit),Mechanical Engineering Architect - Mechanical Design,1
Mechanical Engineer,mechanical design engineer,matched,BESS Mechanical Design Engineer,1
Mechanical Engineer,mechanical design engineer,matched,Mechanical Design Engineer at Navsari,1
Mechanical Engineer,mechanical design engineer,matched,R&D Mechanical Design engineer (High Voltage) - IDC,1
Mechanical Engineer,mechanical design engineer,matched,"Mechanical Design Engineer, Industrial and Mining",1
Mechanical Engineer,mechanical design engineer,unmatched,"Senior Engineer, Mechanical Design (PEG)",1
Mechanical Engineer,mechanical design engineer,unmatched,Engineer Mechanical Design,1
Mechanical Engineer,cad engineer,matched,CAD Engineer,10
Mechanical Engineer,cad engineer,matched,Senior CAD Engineer,6
Mechanical Engineer,cad engineer,unmatched,Technical Staff Engineer - CAD,3
Mechanical Engineer,cad engineer,unmatched,CAD Automation Engineer,3
Mechanical Engineer,cad engineer,unmatched,Senior Engineer - Verification CAD,2
Mechanical Engineer,cad engineer,matched,Principal CAD Engineer,2
Mechanical Engineer,cad engineer,unmatched,"Senior Staff Engineer, CAD & Methodology",2
Mechanical Engineer,cad engineer,matched,"Silicon Backend CAD Engineer III, Silicon",2
Mechanical Engineer,cad engineer,unmatched,CAD Layout Design Engineer,1
Mechanical Engineer,cad engineer,unmatched,"Sr. Staff Engineer, Front-End CAD / Design Automation",1
Mechanical Engineer,cad engineer,matched,Urgent Opening For CAD Engineer – Mechanical - Ahmedabad,1
Mechanical Engineer,cad engineer,matched,CAD Engineer - Interior and Proto CAD Modelling Support,1
Mechanical Engineer,cad engineer,unmatched,Engineer - Programmer (CAD/CAM),1
Mechanical Engineer,cad engineer,matched,CAD Engineer - Engine,1
Mechanical Engineer,cad engineer,matched,CAD Engineer - Plastic Design,1
Mechanical Engineer,cad engineer,matched,CAD Engineer - Sheetmetal Design,1
Mechanical Engineer,cad engineer,matched,CAD Engineer - Wiring Harness (E&E),1
Mechanical Engineer,cad engineer,matched,Lead CAD Engineer - Methods & Tools,1
Mechanical Engineer,cad engineer,matched,CPU STA CAD Engineer (Lead/Staff/Sr Staff),1
Mechanical Engineer,cad engineer,unmatched,"CAD Design Engineer, Mechanical & Code-First Reverse Engineering",1
Mechanical Engineer,cad engineer,matched,Synthesis CAD Engineer,1
Mechanical Engineer,cad engineer,matched,AV CAD Engineer,1
Mechanical Engineer,cad engineer,unmatched,"Staff Engineer, CAD",1
Mechanical Engineer,cad engineer,matched,Electrical CAD Engineer,1
Mechanical Engineer,cad engineer,unmatched,"Senior Engineer, CAD Physical Verification",1
Mechanical Engineer,cad engineer,matched,"Junior CAD Engineer, Grade II",1
Mechanical Engineer,cad engineer,unmatched,Cad Design Engineer,1
Mechanical Engineer,cad engineer,unmatched,Senior Engineer - Analog Simulation CAD,1
Mechanical Engineer,cad engineer,matched,PD CAD Engineer,1
Mechanical Engineer,cad engineer,matched,Lead Mechanical Design Engineer – CAD,1
Mechanical Engineer,cad engineer,unmatched,Senior Engineer II - CAD (Physical Verification),1
Mechanical Engineer,cad engineer,unmatched,MEP Engineer [Cad to BIM],1
Mechanical Engineer,cad engineer,matched,"ASIC CAD Engineer, Clocks Methodology",1
Mechanical Engineer,cad engineer,matched,CAD Engineer - 48V Low-voltage energy storage systems,1
Mechanical Engineer,cad engineer,unmatched,BIM Engineer [Scan & Cad],1
Mechanical Engineer,cad engineer,mapped:Software Engineer,"Software Engineer II, CAD/CAM, API and Cloud Integration",1
Mechanical Engineer,cad engineer,unmatched,Senior Engineer - EMIR CAD,1
Mechanical Engineer,cad engineer,mapped:Software Engineer,Senior CAD Software Engineer - IC design,1
Mechanical Engineer,cad engineer,matched,Mechanical Design Engineer / CAD Engineer,1
Mechanical Engineer,cad engineer,unmatched,CAD & ERP Engineer,1
Mechanical Engineer,cad engineer,unmatched,Engineer II CAD Wet Seal Sys,1
Mechanical Engineer,cad engineer,unmatched,Engineer I CAD Wet Seal,1
Mechanical Engineer,cad engineer,unmatched,Engineer I CAD Filtration Eng,1
Mechanical Engineer,cad engineer,matched,Sr CAD Engineer (Digital),1
Mechanical Engineer,cad engineer,matched,Principal CAD Engineer Digital Verification,1
Mechanical Engineer,cad engineer,unmatched,CAD Design Engineer,1
Mechanical Engineer,cad engineer,unmatched,DFX CAD Tools Development Engineer,1
Mechanical Engineer,cad engineer,unmatched,Design Engineer- Auto Cad,1
Mechanical Engineer,cad engineer,unmatched,CAD Draftsman - Manufacturing Engineering,1
Mechanical Engineer,cad engineer,unmatched,Junior Engineer / Engineer - CAD,1
Mechanical Engineer,cad engineer,unmatched,Staff / Senior Staff CAD & Methodology Engineer (Digital Implementation & Signoff),1
Mechanical Engineer,cad engineer,matched,CAD Engineer - Dynamic Sealing Parts,1
Mechanical Engineer,cad engineer,unmatched,Deputy Chief Engineer- Piping & CAD,1
Electrical Engineer,electrical engineer,matched,Electrical Engineer,47
Electrical Engineer,electrical engineer,matched,Senior Electrical Engineer,26
Electrical Engineer,electrical engineer,matched,Electrical Design Engineer,19
Electrical Engineer,electrical engineer,unmatched,Senior Engineer - Electrical,11
Electrical Engineer,electrical engineer,unmatched,Lead Engineer - Electrical Component,11
Electrical Engineer,electrical engineer,unmatched,Engineer - Electrical,9
Electrical Engineer,electrical engineer,unmatched,Principal Engineer - Electrical,9
Electrical Engineer,electrical engineer,unmatched,Electrical Maintenance Engineer,8
Electrical Engineer,electrical engineer,matched,Lead Electrical Engineer,8
Electrical Engineer,electrical engineer,matched,Electrical Engineer - Fully Remote,7
Electrical Engineer,electrical engineer,unmatched,Lead Engineer - Electrical Component-2,4
Electrical Engineer,electrical engineer,unmatched,Engineer - Electrical Engineering,3
Electrical Engineer,electrical engineer,matched,Electrical Engineer II,3
Electrical Engineer,electrical engineer,unmatched,Electrical Estimation Engineer,3
Electrical Engineer,electrical engineer,matched,"Sr. Electrical Design Engineer, APAC Data Center Design Engineering",3
Electrical Engineer,electrical engineer,unmatched,Engineer - Electrical Component,3
Electrical Engineer,electrical engineer,unmatched,Engineer I Electrical & Electronics Engineering IX,3
Electrical Engineer,electrical engineer,matched,Principal Electrical Engineer,3
Electrical Engineer,electrical engineer,unmatched,"Senior Data Center Engineer, Electrical Engineering",3
Electrical Engineer,electrical engineer,unmatched,Associate Senior Engineer - Electrical,2
Electrical Engineer,electrical engineer,matched,Senior - Electrical Engineer,2
Electrical Engineer,electrical engineer,unmatched,"Engineer II, Electrical Systems Design",2
Electrical Engineer,electrical engineer,unmatched,Associate Senior Lead Engineer - Electrical,2
Electrical Engineer,electrical engineer,unmatched,Senior Engineer- Electrical(MEP),2
Electrical Engineer,electrical engineer,unmatched,Sr . Engineer Electrical Maintenance,2
Electrical Engineer,electrical engineer,unmatched,Senior Engineer- Electrical,2
Electrical Engineer,electrical engineer,unmatched,Sr. Engineer Electrical,2
Electrical Engineer,electrical engineer,matched,Lead Electrical Engineer / Sr. Principal Engineer - Electrical,2
Electrical Engineer,electrical engineer,unmatched,Deputy Chief Engineer - Electrical,2
Electrical Engineer,electrical engineer,unmatched,Sr Engineer Electrical Maintenance,2
Electrical Engineer,electrical engineer,matched,"Lead, Electrical Engineer",2
Electrical Engineer,electrical engineer,unmatched,Engineer II Electrical & Electronics Engineering X,2
Electrical Engineer,electrical engineer,matched,LV Electrical Engineer (Rail),2
Electrical Engineer,electrical engineer,matched,Lead Electrical Design Engineer,2
Electrical Engineer,electrical engineer,unmatched,Site Engineer (Electrical),2
Electrical Engineer,electrical engineer,unmatched,Principal Engineer - Electrical (MEP),2
Electrical Engineer,electrical engineer,unmatched,Electrical Engineering I,2
Electrical Engineer,electrical engineer,matched,Electrical Engineer III,2
Electrical Engineer,electrical engineer,matched,Electrical Engineer-Substation,2
Electrical Engineer,electrical engineer,unmatched,Associate Engineer Electrical & Electronics Engineering VIII,2
Electrical Engineer,electrical engineer,unmatched,"Engineer, Electrical Design.",2
Electrical Engineer,electrical engineer,unmatched,Advanced Lead Engineer - Electric Drive Train Controls,2
Electrical Engineer,electrical engineer,unmatched,"Engineer, Electrical Systems",2
Electrical Engineer,electrical engineer,unmatched,Senior Engineer Electrical,2
Electrical Engineer,electrical engineer,unmatched,"Senior Silicon Electrical Validation Engineer, Google Cloud",2
Electrical Engineer,electrical engineer,unmatched,Electrical Test Automation Engineer,2
Electrical Engineer,electrical engineer,unmatched,Senior Engineer - Electrical (Oil & Gas),2
Electrical Engineer,electrical engineer,matched,"Electrical Engineer, Grade 10",2
Electrical Engineer,electrical engineer,matched,Electrical Engineer Level I,2
Electrical Engineer,electrical engineer,unmatched,"Senior Hardware Project Engineer, Electrical Engineering",2
Electrical Engineer,electrical engineer,unmatched,Engineer - Electrical Maintenance,2
Electrical Engineer,electrical engineer,matched,Electrical Engineer Level II,2
Electrical Engineer,electrical engineer,unmatched,Lead Electrical & Instrumentation Engineer,2
Electrical Engineer,electrical engineer,matched,Deputy Director - Electrical Engineer,2
Electrical Engineer,electrical engineer,matched,Manager - Electrical Engineer,2
Electrical Engineer,electrical engineer,matched,Sr. Electrical Engineer,2
Electrical Engineer,electrical engineer,unmatched,Lead Engineer 2 - Electrical Component,2
Electrical Engineer,electrical engineer,unmatched,Supplier Engineer - Electrical/Quality,2
Electrical Engineer,electrical engineer,mapped:Product Manager,"Product Owner, Electrical Engineering Software",2
Electrical Engineer,electrical engineer,unmatched,Electrical Site Engineer,2
Electrical Engineer,electrical engineer,unmatched,Electrical - New Product Manufacturing Engineer,2
Electrical Engineer,electrical engineer,unmatched,Engineer - Electrical Plant Layout & Cable Trays,2
Electrical Engineer,electrical engineer,matched,Substation Electrical Engineer (Energy),2
Electrical Engineer,electrical engineer,unmatched,NPQ Engineer- Electrical,2
Electrical Engineer,electrical engineer,unmatched,Project Lead Engineer - Electrical(Capacitor Bank),1
Electrical Engineer,electrical engineer,unmatched,Senior Electrical/ Instrumentation & Control Engineer,1
Electrical Engineer,electrical engineer,unmatched,Principal Engineer - Electrical Design,1
Electrical Engineer,electrical engineer,matched,MEP Electrical Engineer,1
Electrical Engineer,electrical engineer,matched,Advanced Electrical Engineer,1
Electrical Engineer,electrical engineer,mapped:Project Manager,Project Manager-Electrical Engineering,1
Electrical Engineer,electrical engineer,unmatched,"Design Engineer, Electrical",1
Electrical Engineer,electrical engineer,unmatched,Junior Engineering Technician-Electrical Revit Job Details | Black & Veatch Family of Companies,1
Electrical Engineer,electrical engineer,matched,Shift Electrical Engineer,1
Electrical Engineer,electrical engineer,unmatched,Deputy Manager - Electrical Systems Design Engineer,1
Electrical Engineer,electrical engineer,matched,Semiconductor Package Electrical Engineer,1
Electrical Engineer,electrical engineer,unmatched,Diploma Engineer Trainee - Electrical (2026 passout),1
Electrical Engineer,electrical engineer,unmatched,Diploma Engineer Trainee - Electrical (2026 passouts),1
Electrical Engineer,electrical engineer,matched,Electrical Engineer/Senior Electrical Engineer,1
Electrical Engineer,electrical engineer,matched,Electrical Engineer - Mission Critical - GFS,1
Electrical Engineer,electrical engineer,matched,Electrical Design Engineer(Substation) | Mumbai,1
Electrical Engineer,electrical engineer,matched,Senior Electrical Engineer ( Primary),1
Electrical Engineer,electrical engineer,unmatched,Sr. Principal Electrical Integration Engineer,1
Electrical Engineer,electrical engineer,unmatched,Associate Director - Data Center Electrical Engineering & Innovation,1
Electrical Engineer,electrical engineer,unmatched,Maintenance Engineer - Electrical & Mechatronics,1
Electrical Engineer,electrical engineer,unmatched,Senior Electrical System Integration Engineer,1
Electrical Engineer,electrical engineer,unmatched,"Senior Engineer II, Electrical Systems Design",1
Electrical Engineer,electrical engineer,unmatched,Design Engineer/Sr Design Engineer - Electrical/Instrumentation,1
Electrical Engineer,electrical engineer,unmatched,Electrical Engineering Innovation Lead - (Exp with Data Center Only),1
Electrical Engineer,electrical engineer,unmatched,Senior Electrical Systems Engineer,1
Electrical Engineer,electrical engineer,unmatched,Lead Electrical & Instrumentation Engineer - Industrial project execution,1
Electrical Engineer,electrical engineer,unmatched,Engineering Associate - Electrician,1
Electrical Engineer,electrical engineer,unmatched,BIM Engineer - Electrical BIM,1
Electrical Engineer,electrical engineer,unmatched,"PhD Engineers (Mechanical, Electrical, Chemical, Civil)",1
Electrical Engineer,electrical engineer,unmatched,BIM Engineer (Electrical),1
Electrical Engineer,electrical engineer,unmatched,Project Engineer - Electrical,1
Electrical Engineer,electrical engineer,unmatched,Sales Engineer ( In-house -Electrical),1
Electrical Engineer,electrical engineer,unmatched,Project/Site Engineer – Electrical,1
Electrical Engineer,electrical engineer,unmatched,Estimation & Costing Engineer – Electrical,1
Electrical Engineer,electrical engineer,unmatched,Apprentice- Electrical Engineering,1
Electrical Engineer,electrical engineer,unmatched,Engineer (Electrical)- Maintenance - Solar Cable,1
Electrical Engineer,electrical engineer,unmatched,Lead Engineer - Electrical components,1
Electrical Engineer,electrical engineer,unmatched,Electrical Design & Estimation Engineer,1
Electrical Engineer,electrical engineer,unmatched,"Engineer, Sig Electrical Design",1
Electrical Engineer,electrical engineer,mapped:Mechanical Engineer,Electrical CAD Engineer,1
Electrical Engineer,electrical engineer,unmatched,Senior Principal Engineer - Electrical,1
Electrical Engineer,electrical engineer,matched,DCN Electrical Engineer,1
Electrical Engineer,electrical engineer,matched,Power Station Electrical Engineer,1
Electrical Engineer,electrical engineer,matched,Chief Electrical Engineer,1
Electrical Engineer,electrical engineer,unmatched,Lead Electrical Commissioning Engineer - India,1
Electrical Engineer,electrical engineer,unmatched,Project Engineer (Electrical),1
Electrical Engineer,electrical engineer,unmatched,"Engineer I, Electrical Systems Design",1
Electrical Engineer,electrical engineer,matched,Electrical Engineer - National Contract,1
Electrical Engineer,electrical engineer,unmatched,PSE-Electrical Engineering,1
Electrical Engineer,electrical engineer,matched,Electrical Engineer - Substation PMC,1
Electrical Engineer,electrical engineer,matched,Electrical Engineer- Bhatiya,1
Electrical Engineer,electrical engineer,matched,BIM Electrical Engineer,1
Electrical Engineer,electrical engineer,matched,Senior Electrical Engineer- India,1
Electrical Engineer,electrical engineer,matched,Electrical Engineer – Substation PMC,1
Electrical Engineer,electrical engineer,unmatched,Project Engineer (Electrical & Automation),1
Electrical Engineer,electrical engineer,unmatched,Senior Manager - Electrical Engineering - Ports & Terminals - Nhava Sheva,1
Electrical Engineer,electrical engineer,matched,Senior Electrical Design Engineer,1
Electrical Engineer,electrical engineer,unmatched,Senior Electrical Commissioning Engineer - Data Centre,1
Electrical Engineer,electrical engineer,unmatched,Senior Engineer- Electrical (Process & Piping),1
Electrical Engineer,electrical engineer,unmatched,Principal Engineer- Electrical (Process & Piping),1
Electrical Engineer,electrical engineer,matched,Edrc Electrical Design Engineer,1
Electrical Engineer,electrical engineer,unmatched,Edrc Electrical Design - Lead Engineering Manager,1
Electrical Engineer,electrical engineer,unmatched,Electrical Engineering Professor (Remote),1
Electrical Engineer,electrical engineer,unmatched,Associate Engineering Technician - Electrical Job Details | Black & Veatch Family of Companies,1
Electrical Engineer,electrical engineer,unmatched,Staff Engineering Technician - Electrical Job Details | Black & Veatch Family of Companies,1
Electrical Engineer,electrical engineer,unmatched,Senior Engineering Technician - Electrical Job Details | Black & Veatch Family of Companies,1
Electrical Engineer,electrical engineer,unmatched,Electrical and Instrumentation Engineer,1
Electrical Engineer,electrical engineer,matched,Electrical Engineer Level II (Protection & Control / Secondary Engineering),1
Electrical Engineer,electrical engineer,matched,Electrical Engineer – Estimation,1
Electrical Engineer,electrical engineer,matched,Associate Electrical Engineer-1,1
Electrical Engineer,electrical engineer,matched,Electrical Engineer-Pune,1
Electrical Engineer,electrical engineer,unmatched,Engineer - Mechanical / Electrical (VAVE),1
Electrical Engineer,electrical engineer,unmatched,Sr. Engineer Electrical & Electronics Engineering XII,1
Electrical Engineer,electrical engineer,unmatched,Engineer Electrical & Electronics,1
Electrical Engineer,electrical engineer,unmatched,"Sr Manager, Electrical Engineering – PCBA Center of Excellence",1
Electrical Engineer,electrical engineer,matched,Electrical Engineer - TSI,1
Electrical Engineer,electrical engineer,unmatched,Site Engineer - Electrical - HYD123,1
Electrical Engineer,electrical engineer,unmatched,Senior Engineer Electrical & Electronics,1
Electrical Engineer,electrical engineer,matched,Electrical Engineer (Proposal),1
Electrical Engineer,electrical engineer,unmatched,Production Engineer - Electrical / Mechanical,1
Electrical Engineer,electrical engineer,unmatched,"Sr Manager, Electrical Engineering - PCBA Center of Excellence",1
Electrical Engineer,electrical engineer,matched,Mechanical & Electrical Engineer,1
Electrical Engineer,electrical engineer,matched,Senior Principal Electrical Engineer,1
Electrical Engineer,electrical engineer,unmatched,Powertrain Process Engineer (Electrical/Mechanical),1
Electrical Engineer,electrical engineer,unmatched,Graduate Engineer Trainee (GET) - Electrical/Electronics Engineer,1
Electrical Engineer,electrical engineer,unmatched,Design Engineer (Primary) - Substation (Electrical),1
Electrical Engineer,electrical engineer,matched,Electrical Engineer - AAC Blocks,1
Electrical Engineer,electrical engineer,unmatched,Lead Engineer - Hardware Electrical & Electronics Design,1
Electrical Engineer,electrical engineer,unmatched,"Sr Principal Engineer, Electrical",1
Electrical Engineer,electrical engineer,unmatched,Electrician Engineer (SF),1
Electrical Engineer,electrical engineer,unmatched,Engineer-Electrical,1
Electrical Engineer,electrical engineer,matched,Hiring || Electrical Engineer – Water & Wastewater Treatment,1
Electrical Engineer,electrical engineer,matched,Electrical Design Engineer (Solar),1
Electrical Engineer,electrical engineer,unmatched,Design Engineer – Electrical Wiring Harness,1
Electrical Engineer,electrical engineer,unmatched,Electrical Maintenance Engineer /Male/HPS/202686 HPS/2026/680/4,1
Electrical Engineer,electrical engineer,unmatched,Senior Manager – Electrical Systems Engineering,1
Electrical Engineer,electrical engineer,unmatched,Electrical Project Engineer for Leading MNC Pharma Company,1
Electrical Engineer,electrical engineer,matched,We are hiring Assistant Senior Electrical Design Engineer for an MNC Pharmaceutical in Mumbai,1
Electrical Engineer,electrical engineer,unmatched,"Shift Engineer Electrical For Power Plant - Bilaspur , Chhattisgarh",1
Electrical Engineer,electrical engineer,matched,Hardware Electrical Design Engineer - Automotive,1
Electrical Engineer,electrical engineer,unmatched,Engineer - Electrical Design,1
Electrical Engineer,electrical engineer,unmatched,Electrical/Electronics Design Engineer,1
Electrical Engineer,electrical engineer,unmatched,"Engineer, Electrical",1
Electrical Engineer,electrical engineer,unmatched,PLC / Electrical Maintenance Engineer - M/F/D,1
Electrical Engineer,electrical engineer,unmatched,Lead Engineer - Generator & Electrical Systems Product Service Engineering,1
Electrical Engineer,electrical engineer,unmatched,Assistant Engineer Electrical,1
Electrical Engineer,electrical engineer,unmatched,Junior Engineer Electrical,1
Electrical Engineer,electrical engineer,matched,Electrical Engineer - Mumbai,1
Electrical Engineer,electrical engineer,unmatched,Field Engineer (Electrical),1
Electrical Engineer,electrical engineer,unmatched,"Principal Engineer - Electrical, Lightning Protection & Ice Mitigation",1
Electrical Engineer,electrical engineer,unmatched,Electrical and Communication Engineer,1
Electrical Engineer,electrical engineer,unmatched,"Senior Project Engineer, Electrical Cost Modeler",1
Electrical Engineer,electrical engineer,unmatched,"Project Engineer - Aviation | Civil/Structural/Electrical/MEP/Airport Systems | Trivandrum, Mangalore & Ahmedabad",1
Electrical Engineer,electrical engineer,unmatched,"Jr. QA/QC Engineer - Aviation | Civil/Structural/Electrical/MEP/Airport Systems | Trivandrum, Mangalore & Ahmedabad",1
Electrical Engineer,electrical engineer,unmatched,Manager - Electrical QA/QC Engineer (Construction),1
Electrical Engineer,electrical engineer,unmatched,Senior Engineer - Electrical & Instrumentation,1
Electrical Engineer,electrical engineer,matched,Electrical Engineer Level II (Physical Engineer),1
Electrical Engineer,electrical engineer,unmatched,"Staff Engineer, Product Design and Engineering - Electrical",1
Electrical Engineer,electrical engineer,unmatched,Electrical Lead Engineer,1
Electrical Engineer,electrical engineer,unmatched,"Electrical Instrument Engineer For Rollingmill - Raipur , Chhattisgarh",1
Electrical Engineer,electrical engineer,mapped:Mechanical Engineer,Electrical & Mechanical Engineer,1
Electrical Engineer,electrical engineer,unmatched,System Engineer / Electrical Developer – MV Switchgear Engineering,1
Electrical Engineer,electrical engineer,unmatched,Program Director – Electrical & Electronics Engineering (EEE),1
Electrical Engineer,electrical engineer,unmatched,Crane DC Electrical Maintenance Engineer,1
Electrical Engineer,electrical engineer,unmatched,Site Engineer Electrical,1
Electrical Engineer,electrical engineer,unmatched,Electrical Hardware Engineer,1
Electrical Engineer,electrical engineer,matched,Electrical Engineer Freshers,1
Electrical Engineer,electrical engineer,unmatched,Maintenance Engineer Electrical Mechanical Engg at Umbergaon near VapiValsad,1
Electrical Engineer,electrical engineer,matched,Fresher Electrical Engineer,1
Electrical Engineer,electrical engineer,unmatched,Electrical Schematic Design Engineer,1
Electrical Engineer,electrical engineer,unmatched,"Jr. Billing & Costing Engineer - Aviation (Civil/Electrical/MEP/Airport Systems) | Ahmedabad, Trivandrum & Mangalore",1
Electrical Engineer,electrical engineer,unmatched,"Project Engineer - Electrical (AGL/Airside) | Trivandrum, Mangalore & Ahmedabad",1
Electrical Engineer,electrical engineer,unmatched,Electrical Integration Engineer,1
Electrical Engineer,electrical engineer,unmatched,Electrical proposal engineer,1
Electrical Engineer,electrical engineer,matched,Electrical Engineer (Versa Valves) - Product Engineering,1
Electrical Engineer,electrical engineer,matched,Job Opening For Electrical Engineer - Product Engineering,1
Electrical Engineer,electrical engineer,unmatched,Sr.Engineer - Instrumentation & Electrical,1
Electrical Engineer,electrical engineer,matched,Instrumentation & Electrical Engineer,1
Electrical Engineer,electrical engineer,mapped:Quality Engineer,Supplier Quality Engineer - Electrical,1
Electrical Engineer,electrical engineer,unmatched,Colliery Engineer (Electrical),1
Electrical Engineer,electrical engineer,unmatched,Electrical Designer - Engineering & Technical Support,1
Electrical Engineer,electrical engineer,unmatched,Senior Electrical Project Engineer,1
Electrical Engineer,electrical engineer,unmatched,Sr. Engineer Electrical & Electronics Engineering XI,1
Electrical Engineer,electrical engineer,unmatched,Senior Project Engineer - Electrical,1
Electrical Engineer,electrical engineer,matched,Electrical Engineer (Revit) - WTR,1
Electrical Engineer,electrical engineer,unmatched,Senior Engineer- Electrical (Water) Job Details | Black & Veatch Family of Companies,1
Electrical Engineer,electrical engineer,unmatched,"Senior Engineer, Electrical Systems & Integration",1
Electrical Engineer,electrical engineer,unmatched,Electrical Equipment Engineer,1
Electrical Engineer,electrical engineer,unmatched,Electrical Layout Engineer,1
Electrical Engineer,electrical engineer,unmatched,Installation & Commissioning Engineer (Electrical),1
Electrical Engineer,electrical engineer,matched,Electrical Design Engineer - Vadodara (POR),1
Electrical Engineer,electrical engineer,unmatched,Associate Engineering Technician - Electrical Water(Contract) Job Details | Black & Veatch Family of Companies,1
Electrical Engineer,electrical engineer,unmatched,Associate Engineering Technician-Electrical APG Job Details | Black & Veatch Family of Companies,1
Electrical Engineer,electrical engineer,unmatched,Senior Engineering Technician - Electrical Oil & Gas Job Details | Black & Veatch Family of Companies,1
Electrical Engineer,electrical engineer,unmatched,Associate Engineering Technician - Electrical Water Job Details | Black & Veatch Family of Companies,1
Electrical Engineer,electrical engineer,unmatched,Engineer / Executive - Electrical,1
Electrical Engineer,electrical engineer,unmatched,"Engineer III, Electrical",1
Electrical Engineer,electrical engineer,matched,Electrical Engineer 8-12 yrs,1
Electrical Engineer,electrical engineer,unmatched,Electrical & Instrumentation ( E&I ) Engineer,1
Electrical Engineer,electrical engineer,unmatched,Lead - Electrical Engineering,1
Electrical Engineer,electrical engineer,matched,BESS Electrical Design Engineer Lead,1
Electrical Engineer,electrical engineer,unmatched,Engineer-Electrical Maintenance,1
Electrical Engineer,electrical engineer,unmatched,Product SME/Engineer - Electrical & Instrumentation,1
Electrical Engineer,electrical engineer,unmatched,Senior Engineer - Purchase (Electrical & Automation),1
Electrical Engineer,electrical engineer,unmatched,"Sr.Engineer, Electrical",1
Electrical Engineer,electrical engineer,unmatched,Senior Engineer-Electrical,1
Electrical Engineer,electrical engineer,matched,Electrical Engineer (Design),1
Electrical Engineer,electrical engineer,unmatched,Consultancy Engineer - Electrical (Transmission Line & Substation),1
Electrical Engineer,electrical engineer,unmatched,Electrical Maintenance Engineer-Machine Shop,1
Electrical Engineer,electrical engineer,unmatched,"Senior Hardware Engineer, Electrical Engineering",1
Electrical Engineer,electrical engineer,unmatched,Staff Engineer Electrical- APG Job Details | Black & Veatch Family of Companies,1
Electrical Engineer,electrical engineer,unmatched,Associate Engineer-Electrical Substation Job Details | Black & Veatch Family of Companies,1
Electrical Engineer,electrical engineer,matched,Sr. Electrical Design Engineer,1
Electrical Engineer,electrical engineer,unmatched,MEP Engineer - Electrical,1
Electrical Engineer,electrical engineer,unmatched,Repair Engineer - Electrical,1
Electrical Engineer,electrical engineer,matched,Senior Electrical Engineer - Water (Mumbai),1
Electrical Engineer,electrical engineer,matched,Electrical Design Engineer MEP,1
Electrical Engineer,electrical engineer,unmatched,Engineer - Electrical Maintenance Casting (Mandal),1
Electrical Engineer,electrical engineer,unmatched,Staff Engineer Electrical Design,1
Electrical Engineer,electrical engineer,unmatched,"Sr. Engineer, Construction Quality- Electrical & ELV",1
Electrical Engineer,electrical engineer,matched,Electrical Design Engineer – Power Transformer,1
Electrical Engineer,electrical engineer,unmatched,Electrical Site Engineer Nadiad India,1
Electrical Engineer,electrical engineer,matched,Sr Electrical Design Engineer EPC Thermal Power Plant,1
Electrical Engineer,electrical engineer,unmatched,Electrical Shift Engineer – Facilities Operations,1
Electrical Engineer,electrical engineer,unmatched,Electrical System Engineer,1
Electrical Engineer,electrical engineer,unmatched,Assistant Engineer-Electrical,1
Electrical Engineer,electrical engineer,unmatched,Electrical Engineering Expert - F500,1
Electrical Engineer,electrical engineer,matched,Electrical Engineer (Annex Building),1
Electrical Engineer,electrical engineer,unmatched,PROJECT ENGINEER - Electrical Design,1
Electrical Engineer,electrical engineer,unmatched,Lead Engineering manager ( Electrical designer),1
Electrical Engineer,electrical engineer,matched,"Civil Engineer, Electrical Engineer",1
Electrical Engineer,electrical engineer,unmatched,Sr Engineer Electrical Sourcing,1
Electrical Engineer,electrical engineer,unmatched,Associate Engineer-Electrical Power Gen Job Details | Black & Veatch Family of Companies,1
Electrical Engineer,electrical engineer,matched,"Computer Operator,Civil Engineer,Electrical Engineer,Supervisor",1
Electrical Engineer,electrical engineer,unmatched,Lead Engineer Electrical & Electronics,1
Electrical Engineer,electrical engineer,unmatched,Electrical Systems Engineer- E3,1
Electrical Engineer,electrical engineer,unmatched,Hiring Electrical Maintenance Engineer for MNC company,1
Electrical Engineer,electrical engineer,unmatched,Electrical Systems Engineer - E2,1
Electrical Engineer,electrical engineer,unmatched,Advance Indus (Methods) Engineer – Electrical,1
Electrical Engineer,electrical engineer,mapped:Quality Engineer,Incoming Quality Engineer (Electrical),1
Electrical Engineer,electrical engineer,unmatched,"Engineer, Electrical Design",1
Electrical Engineer,electrical engineer,unmatched,R&D Engineer - Electrical,1
Electrical Engineer,electrical engineer,unmatched,Staff Engineer Electrical- Data Center Job Details | Black & Veatch Family of Companies,1
Electrical Engineer,electrical engineer,unmatched,Associate Engineer Electrical- Data Center Job Details | Black & Veatch Family of Companies,1
Electrical Engineer,electrical engineer,unmatched,Senior Engineer Electrical - Data Center Job Details | Black & Veatch Family of Companies,1
Electrical Engineer,electrical engineer,matched,Sr Electrical Engineer,1
Electrical Engineer,electrical engineer,matched,Electrical Engineer - I,1
Electrical Engineer,electrical engineer,matched,Electrical Design Engineer (LV Control Panel),1
Electrical Engineer,electrical engineer,unmatched,Engineer Electrical,1
Electrical Engineer,electrical engineer,unmatched,Lead Engineer - CMMS Maintenance (Mechanical / Electrical),1
Electrical Engineer,electrical engineer,matched,Quality Electrical Engineer - Solar,1
Electrical Engineer,electrical engineer,matched,Electrical Engineer (Airfield Ground Lighting),1
Electrical Engineer,electrical engineer,matched,Resident Engineer / Electrical Engineer,1
Electrical Engineer,electrical engineer,unmatched,Electrical Field Engineer - Substation & HVDC,1
Electrical Engineer,electrical engineer,matched,Electrical Engineer (Hydropower & Pumped Storage Projects),1
Electrical Engineer,electrical engineer,matched,Senior Electrical Engineer - Data Centers,1
Electrical Engineer,electrical engineer,unmatched,Principal Engineer I - Electrical,1
Electrical Engineer,electrical engineer,unmatched,Senior Engineer - Electrical ( Detail Engineering),1
Electrical Engineer,electrical engineer,matched,Electrical Engineer Fresher,1
Electrical Engineer,electrical engineer,unmatched,Electrical Engineering Lead,1
Electrical Engineer,electrical engineer,unmatched,Engineering Technical Leader - Electric Drives Controls,1
Electrical Engineer,electrical engineer,unmatched,Lead Engineer – Electrical Component,1
Electrical Engineer,electrical engineer,unmatched,Model Based System Engineer – Electric Motor Design Method and Tools Engineer,1
Electrical Engineer,electrical engineer,matched,Sr.Electrical Design Engineer,1
Electrical Engineer,electrical engineer,unmatched,Senior Electrical Engineering,1
Electrical Engineer,electrical engineer,unmatched,Senior Engineer - Electrical (Industrial Water) Job Details | Black & Veatch Family of Companies,1
Electrical Engineer,electrical engineer,unmatched,Assistant Chief Engineer -Electrical,1
Electrical Engineer,electrical design engineer,matched,Electrical Design Engineer,23
Electrical Engineer,electrical design engineer,matched,"Sr. Electrical Design Engineer, APAC Data Center Design Engineering",5
Electrical Engineer,electrical design engineer,unmatched,"Engineer II, Electrical Systems Design",2
Electrical Engineer,electrical design engineer,matched,Lead Electrical Design Engineer,2
Electrical Engineer,electrical design engineer,unmatched,"Engineer, Electrical Design.",2
Electrical Engineer,electrical design engineer,matched,Servo Drives development - Electrical Design Engineer,2
Electrical Engineer,electrical design engineer,unmatched,Principal Engineer - Electrical Design,1
Electrical Engineer,electrical design engineer,unmatched,"Design Engineer, Electrical",1
Electrical Engineer,electrical design engineer,unmatched,Deputy Manager - Electrical Systems Design Engineer,1
Electrical Engineer,electrical design engineer,matched,Electrical Design Engineer(Substation) | Mumbai,1
Electrical Engineer,electrical design engineer,unmatched,"Senior Engineer II, Electrical Systems Design",1
Electrical Engineer,electrical design engineer,unmatched,Design Engineer/Sr Design Engineer - Electrical/Instrumentation,1
Electrical Engineer,electrical design engineer,unmatched,Electrical Design & Estimation Engineer,1
Electrical Engineer,electrical design engineer,unmatched,"Engineer, Sig Electrical Design",1
Electrical Engineer,electrical design engineer,unmatched,"Engineer I, Electrical Systems Design",1
Electrical Engineer,electrical design engineer,matched,Senior Electrical Design Engineer,1
Electrical Engineer,electrical design engineer,matched,Edrc Electrical Design Engineer,1
Electrical Engineer,electrical design engineer,unmatched,Edrc Electrical Design - Lead Engineering Manager,1
Electrical Engineer,electrical design engineer,unmatched,Design Engineer (Primary) - Substation (Electrical),1
Electrical Engineer,electrical design engineer,unmatched,Lead Engineer - Hardware Electrical & Electronics Design,1
Electrical Engineer,electrical design engineer,matched,Electrical Design Engineer (Solar),1
Electrical Engineer,electrical design engineer,unmatched,Design Engineer – Electrical Wiring Harness,1
Electrical Engineer,electrical design engineer,matched,We are hiring Assistant Senior Electrical Design Engineer for an MNC Pharmaceutical in Mumbai,1
Electrical Engineer,electrical design engineer,matched,Hardware Electrical Design Engineer - Automotive,1
Electrical Engineer,electrical design engineer,unmatched,Engineer - Electrical Design,1
Electrical Engineer,electrical design engineer,unmatched,Electrical/Electronics Design Engineer,1
Electrical Engineer,electrical design engineer,unmatched,"Staff Engineer, Product Design and Engineering - Electrical",1
Electrical Engineer,electrical design engineer,unmatched,Electrical Schematic Design Engineer,1
Electrical Engineer,electrical design engineer,unmatched,Electrical Designer - Engineering & Technical Support,1
Electrical Engineer,electrical design engineer,matched,Electrical Design Engineer - Vadodara (POR),1
Electrical Engineer,electrical design engineer,matched,BESS Electrical Design Engineer Lead,1
Electrical Engineer,electrical design engineer,matched,Electrical Engineer (Design),1
Electrical Engineer,electrical design engineer,matched,Sr. Electrical Design Engineer,1
Electrical Engineer,electrical design engineer,matched,Electrical Design Engineer MEP,1
Electrical Engineer,electrical design engineer,unmatched,Staff Engineer Electrical Design,1
Electrical Engineer,electrical design engineer,matched,Electrical Design Engineer – Power Transformer,1
Electrical Engineer,electrical design engineer,matched,Sr Electrical Design Engineer EPC Thermal Power Plant,1
Electrical Engineer,electrical design engineer,unmatched,PROJECT ENGINEER - Electrical Design,1
Electrical Engineer,electrical design engineer,unmatched,Lead Engineering manager ( Electrical designer),1
Electrical Engineer,electrical design engineer,unmatched,"Engineer, Electrical Design",1
Electrical Engineer,electrical design engineer,matched,Electrical Design Engineer (LV Control Panel),1
Electrical Engineer,electrical design engineer,unmatched,Model Based System Engineer – Electric Motor Design Method and Tools Engineer,1
Electrical Engineer,electrical design engineer,matched,Sr.Electrical Design Engineer,1
Electrical Engineer,electrical design engineer,unmatched,Design Engineer - Solar (Electrical AC),1
Electrical Engineer,electrical design engineer,unmatched,Electric design Engineer,1
Electrical Engineer,electrical design engineer,unmatched,EICA Engineer – Electrical Control Panel Design,1
Electrical Engineer,electrical design engineer,unmatched,Design Engineer - Electrical,1
Quality Engineer,quality engineer,matched,Quality Engineer,39
Quality Engineer,quality engineer,matched,Senior Quality Engineer,18
Quality Engineer,quality engineer,unmatched,Quality Engineering Lead,15
Quality Engineer,quality engineer,unmatched,Quality Assurance Automation Engineer,12
Quality Engineer,quality engineer,matched,Supplier Quality Engineer,10
Quality Engineer,quality engineer,unmatched,Quality Assurance Engineer,9
Quality Engineer,quality engineer,unmatched,Senior Quality Assurance Engineer,9
Quality Engineer,quality engineer,unmatched,Senior Quality Test Engineer II,8
Quality Engineer,quality engineer,unmatched,Quality Assurance Engineering Specialist,6
Quality Engineer,quality engineer,unmatched,Senior Quality Assurance Automation Engineer,6
Quality Engineer,quality engineer,unmatched,Quality Assurance Engineer III,6
Quality Engineer,quality engineer,matched,Quality Engineer II,5
Quality Engineer,quality engineer,unmatched,Quality Control Engineer,5
Quality Engineer,quality engineer,unmatched,"Quality Assurance Engineer 1, QRE",5
Quality Engineer,quality engineer,unmatched,Quality Assurance Engineer Specialist,4
Quality Engineer,quality engineer,matched,Lead Quality Engineer,4
Quality Engineer,quality engineer,unmatched,Junior Engineer - Field Quality (SEB),4
Quality Engineer,quality engineer,unmatched,Senior Manager Quality Engineering,4
Quality Engineer,quality engineer,unmatched,Software Quality Assurance Engineer,4
Quality Engineer,quality engineer,matched,Sr Quality Engineer,4
Quality Engineer,quality engineer,unmatched,Quality Assurance Engineer - Test Automation,4
Quality Engineer,quality engineer,mapped:Data Scientist,"Machine Learning Engineer, Amazon Music - Catalog Quality",3
Quality Engineer,quality engineer,unmatched,"Sr. Software Quality Assurance Engineer - Audio, Edge Technology",3
Quality Engineer,quality engineer,excluded_by_rule,Software Quality Engineer,3
Quality Engineer,quality engineer,unmatched,"Quality Assurance Engineer, Amazon Search Relevance Measurement",3
Quality Engineer,quality engineer,excluded_by_rule,"Quality Engineer (Tester, Manual)",3
Quality Engineer,quality engineer,unmatched,"Quality Assurance Engineer, Alexa Connect Kit, Alexa Smart Home",3
Quality Engineer,quality engineer,unmatched,"Manager, Quality Engineering",3
Quality Engineer,quality engineer,unmatched,Senior Quality Test Engineer I,3
Quality Engineer,quality engineer,excluded_by_rule,Senior Software Quality Engineer,3
Quality Engineer,quality engineer,unmatched,Software Quality Assurance Engineer - Manual QA,2
Quality Engineer,quality engineer,matched,E&I Supplier Quality Engineer,2
Quality Engineer,quality engineer,unmatched,"Senior Quality Assurance Engineer, Digital Products",2
Quality Engineer,quality engineer,excluded_by_rule,Senior Software Engineer (Quality) - CONSUMER EXPERIENCE ENGINEERING,2
Quality Engineer,quality engineer,unmatched,Engineer - Quality,2
Quality Engineer,quality engineer,matched,Quality engineer M/F,2
Quality Engineer,quality engineer,unmatched,"AI Engineer, Agentic Systems (Quality Engineering)",2
Quality Engineer,quality engineer,unmatched,"Quality Assurance Engineer, Prime Video Sports",2
Quality Engineer,quality engineer,unmatched,Project Engineer (Product quality control),2
Quality Engineer,quality engineer,unmatched,Senior Software Quality Assurance Engineer - Manual QA,2
Quality Engineer,quality engineer,matched,Senior Quality Engineer - Complaints Handling,2
Quality Engineer,quality engineer,unmatched,Quality Assurance Engineer / Tester (Analyst / Senior Analyst / Associate),2
Quality Engineer,quality engineer,matched,Performance Quality Engineer (Senior Analyst),2
Quality Engineer,quality engineer,matched,Quality Engineer III,2
Quality Engineer,quality engineer,matched,Design/Launch Quality Engineer,2
Quality Engineer,quality engineer,matched,Quality Engineer - VPI,2
Quality Engineer,quality engineer,excluded_by_rule,Associate Software Quality Engineer,2
Quality Engineer,quality engineer,unmatched,Specialist - Quality Engineering,2
Quality Engineer,quality engineer,unmatched,"Quality Assurance Engineer , Associate",2
Quality Engineer,quality engineer,matched,Quality Engineer I,2
Quality Engineer,quality engineer,matched,Sr. Quality Engineer,2
Quality Engineer,quality engineer,matched,Associate Quality Engineer,2
Quality Engineer,quality engineer,matched,Intermediate Quality Engineer,2
Quality Engineer,quality engineer,matched,Plant Quality Engineer,2
Quality Engineer,quality engineer,unmatched,"Quality Assurance Engineer I, Amazon Payment Services",2
Quality Engineer,quality engineer,excluded_by_rule,"Senior Staff Software Engineer, Workspace Search Quality",2
Quality Engineer,quality engineer,unmatched,Quality Engineering Specialist,2
Quality Engineer,quality engineer,excluded_by_rule,Quality Engineer-Automation,2
Quality Engineer,quality engineer,matched,Fullstack AI Quality Engineer – Applied & Agentic AI Systems,2
Quality Engineer,quality engineer,unmatched,Lead Quality Assurance Engineer,2
Quality Engineer,quality engineer,unmatched,SENIOR QUALITY CUM MATERIAL ENGINEER,2
Quality Engineer,quality engineer,unmatched,Quality Engineering Practice Head,2
Quality Engineer,quality engineer,excluded_by_rule,Intermediate Quality Engineer - Automation,2
Quality Engineer,quality engineer,unmatched,"Engineer, Quality",2
Quality Engineer,quality engineer,matched,Lead Supplier Quality Engineer,2
Quality Engineer,quality engineer,matched,Supplier Quality Engineer: EME (Castings & Castings Machining,2
Quality Engineer,quality engineer,matched,Senior Material Quality Engineer,2
Quality Engineer,quality engineer,unmatched,"Quality Assurance Engineer, Digital Products",1
Quality Engineer,quality engineer,unmatched,"Senior Engineer, Quality and Release Management",1
Quality Engineer,quality engineer,unmatched,Engineer 1 - Embedded SW Quality Test,1
Quality Engineer,quality engineer,unmatched,"Engineer, Quality and Release Management",1
Quality Engineer,quality engineer,unmatched,Reliability Quality Integration Engineer,1
Quality Engineer,quality engineer,matched,In-Process Quality Engineer- Small & Medium Power Transformer,1
Quality Engineer,quality engineer,unmatched,Quality Assurance Engineer- Automation Testing,1
Quality Engineer,quality engineer,matched,Senior quality Engineer,1
Quality Engineer,quality engineer,matched,Intermediate Quality Engineer Performance,1
Quality Engineer,quality engineer,unmatched,Advanced Engineer Quality,1
Quality Engineer,quality engineer,matched,Senior AIT Quality Engineer,1
Quality Engineer,quality engineer,unmatched,Sr Engineer - Quality Assurance,1
Quality Engineer,quality engineer,unmatched,Senior Quality and Training Engineer,1
Quality Engineer,quality engineer,unmatched,Global Quality FrontEnd Central Quality Assurance Engineer,1
Quality Engineer,quality engineer,unmatched,Sr. Engineer - Quality - QLT,1
Quality Engineer,quality engineer,unmatched,Quality Inspector & Supplier Coordinator Engineer,1
Quality Engineer,quality engineer,unmatched,Reflections Info Systems - Quality Assurance Automation Engineer - AI/ML Testing,1
Quality Engineer,quality engineer,matched,QUALITY ENGINEER - EV Motor,1
Quality Engineer,quality engineer,matched,Lead Quality Engineer - R01571704,1
Quality Engineer,quality engineer,unmatched,"Manager, Quality Engineering (TCF)",1
Quality Engineer,quality engineer,matched,Senior Lead Quality Engineer - R01571335,1
Quality Engineer,quality engineer,unmatched,Sr Sourcing Manager - Supplier Quality Engineering,1
Quality Engineer,quality engineer,unmatched,Quality Senior Engineer,1
Quality Engineer,quality engineer,unmatched,Senior Associate - Quality Assurance Engineer - Cypress,1
Quality Engineer,quality engineer,matched,Staff Quality Engineer,1
Quality Engineer,quality engineer,matched,Industrial Quality Engineer,1
Quality Engineer,quality engineer,unmatched,Software Test Engineer / Quality Analyst,1
Quality Engineer,quality engineer,matched,Generative AI Quality Engineer - Assistant Vice President,1
Quality Engineer,quality engineer,matched,Senior Quality Engineer I,1
Quality Engineer,quality engineer,unmatched,Senior Specialist - Quality Engineering,1
Quality Engineer,quality engineer,unmatched,Quality Engineering Lead - Automated Testing,1
Quality Engineer,quality engineer,unmatched,Quality Engineering Lead - Selenium,1
Quality Engineer,quality engineer,unmatched,InfoBeans Technologies - ETL Quality Assurance Engineer - Databricks/Python,1
Quality Engineer,quality engineer,excluded_by_rule,ASPICE TESTING / QUALITY ENGINEER-SDET,1
Quality Engineer,quality engineer,unmatched,Quality Test Engineer II - Salesforce,1
Quality Engineer,quality engineer,unmatched,Staff Engineer - Quality & Reliability,1
Quality Engineer,quality engineer,excluded_by_rule,Senior Data & AI Quality Engineer (Ingestion Â· Evaluation Â· Testing),1
Quality Engineer,quality engineer,matched,Senior Data Quality Engineer,1
Quality Engineer,quality engineer,unmatched,Quality Test Engineer II,1
Quality Engineer,quality engineer,matched,Quality Engineer - 2026_1796,1
Quality Engineer,quality engineer,unmatched,Engineering Manager - Quality,1
Quality Engineer,quality engineer,excluded_by_rule,Quality Engineer - Manual Game Tester,1
Quality Engineer,quality engineer,matched,"Consultant, Quality Engineer",1
Quality Engineer,quality engineer,matched,"Specialist, Quality Engineer - India",1
Quality Engineer,quality engineer,mapped:Data Engineer,Healthcare Data Engineer - HEDIS & Quality (India),1
Quality Engineer,quality engineer,unmatched,Quality Engineering Arch Manager,1
Quality Engineer,quality engineer,unmatched,Quality Assistant Engineer / Trainee Engineer (Sheet Metal),1
Quality Engineer,quality engineer,matched,Supplier Quality Engineer - Casting & Machining,1
Quality Engineer,quality engineer,matched,Manufacturing Quality Engineer - Chennai,1
Quality Engineer,quality engineer,matched,Supplier Quality Engineer M/F,1
Quality Engineer,quality engineer,excluded_by_rule,Salesforce Automation Quality Engineer [T500-29535],1
Quality Engineer,quality engineer,unmatched,Sr. Manager Supplier Quality Engineering,1
Quality Engineer,quality engineer,unmatched,Manager Supplier Quality Engineering,1
Quality Engineer,quality engineer,unmatched,Lead Engineer Automation Quality,1
Quality Engineer,quality engineer,excluded_by_rule,"Quality Engineer III - Web Automation (Java, Playwright)",1
Quality Engineer,quality engineer,unmatched,Quality Jr. Engineer I,1
Quality Engineer,quality engineer,matched,India - Quality Engineer (6 Months Contract),1
Quality Engineer,quality engineer,matched,SW Quality Engineer 3-1,1
Quality Engineer,quality engineer,unmatched,Senior Engineer - In process Quality,1
Quality Engineer,quality engineer,unmatched,Quality Control Engineer - Morbi Trading Plant,1
Quality Engineer,quality engineer,excluded_by_rule,Staff Software Quality Engineer I,1
Quality Engineer,quality engineer,unmatched,IN_RBIN_ Senior Engineer Quality Management Process,1
Quality Engineer,quality engineer,unmatched,Junior Engineer-Quality,1
Quality Engineer,quality engineer,excluded_by_rule,Salesforce Automation Quality Engineer,1
Quality Engineer,quality engineer,matched,Power Quality Engineer,1
Quality Engineer,quality engineer,unmatched,AI Quality Automation Engineer – Life Sciences,1
Quality Engineer,quality engineer,matched,Quality Engineer – Incoming Inspection,1
Quality Engineer,quality engineer,unmatched,"Engineer II, Quality",1
Quality Engineer,quality engineer,matched,Quality - Engineer,1
Quality Engineer,quality engineer,unmatched,"Engineer 2, Quality Assurance",1
Quality Engineer,quality engineer,unmatched,Senior Engineer - Code Quality & Developer Enablement - Assistant Vice President,1
Quality Engineer,quality engineer,excluded_by_rule,Software Engineer - Quality,1
Quality Engineer,quality engineer,unmatched,Quality Inward Engineer,1
Quality Engineer,quality engineer,unmatched,Software Engineering Senior Associate - Data Quality,1
Quality Engineer,quality engineer,unmatched,Quality PTM - Engineer / Sr. Engineer - M/F/D,1
Quality Engineer,quality engineer,unmatched,Engineer / Sr. Engineer - Quality,1
Quality Engineer,quality engineer,unmatched,Jr. Engineer / Engineer - Quality,1
Quality Engineer,quality engineer,unmatched,Quality Engineering Manager - FlashArray,1
Quality Engineer,quality engineer,matched,"Sr. Quality Engineer 1, Digital Features",1
Quality Engineer,quality engineer,unmatched,Engineer / Sr. Engineer Quality,1
Quality Engineer,quality engineer,unmatched,Staff Engineer (Quality/Test Automation Engineer),1
Quality Engineer,quality engineer,matched,Quality Engineer Technical Lead,1
Quality Engineer,quality engineer,excluded_by_rule,Software Methods and Quality Engineer,1
Quality Engineer,quality engineer,unmatched,"Quality Engineering, QA Expert, Commissioning & Qualification Audit and Inspection Support",1
Quality Engineer,quality engineer,unmatched,Senior Engineer / Lead - Quality Engineering,1
Quality Engineer,quality engineer,matched,Quality Engineer - Manufacturing process,1
Quality Engineer,quality engineer,matched,"Quality Engineer (Galvanizing Plant) needed for a Fabrication and galvanizing manufacturing Unit in Mahemdavad, Kheda (Gujarat)-387110 - ( Job ID - 24252)",1
Quality Engineer,quality engineer,unmatched,Director - Quality Engineering,1
Quality Engineer,quality engineer,unmatched,"Founding member, Quality Assurance Engineer",1
Quality Engineer,quality engineer,unmatched,Quality Engineering - Professional 3 (DEX & Horizon Interoperability),1
Quality Engineer,quality engineer,unmatched,Engineer- Quality I IND,1
Quality Engineer,quality engineer,matched,Material Product Quality Engineer,1
Quality Engineer,quality engineer,unmatched,VP AI Quality Software Engineering Remote,1
Quality Engineer,quality engineer,unmatched,Senior AI Engineer – Test & Quality Enablement,1
Quality Engineer,quality engineer,unmatched,Quality Assurance Engineer-1,1
Quality Engineer,quality engineer,matched,Senior Staff Quality Engineer,1
Quality Engineer,quality engineer,unmatched,Quality Control Manager – Heavy Civil Engineering,1
Quality Engineer,quality engineer,unmatched,"Quality Engineering Lead, Enterprise System [T500-29276]",1
Quality Engineer,quality engineer,unmatched,Staff Engineer-Supplier Quality,1
Quality Engineer,quality engineer,matched,Manufacturing Quality Engineer,1
Quality Engineer,quality engineer,unmatched,Associate Quality Assurance Engineer - Intern,1
Quality Engineer,quality engineer,matched,Senior Quality Engineer II [T500-29357],1
Quality Engineer,quality engineer,excluded_by_rule,Quality Engineer I - Automation Testing,1
Quality Engineer,quality engineer,unmatched,Production & Quality - Engineers / Assistants / Supervisors,1
Quality Engineer,quality engineer,unmatched,Quality Assurance Engineering Manager,1
Quality Engineer,quality engineer,matched,Digital Quality Engineer,1
Quality Engineer,quality engineer,matched,Member of Technical Staff- Quality Engineer,1
Quality Engineer,quality engineer,unmatched,"Senior Director – Software Engineering, Quality & Innovation",1
Quality Engineer,quality engineer,unmatched,Engineer 3 - Global Supplier Quality,1
Quality Engineer,quality engineer,matched,Product Quality Engineer,1
Quality Engineer,quality engineer,matched,Fullstack AI Quality Engineer - Applied & Agentic AI Systems,1
Quality Engineer,quality engineer,unmatched,Staff Quality Assurance Engineer,1
Quality Engineer,quality engineer,matched,Senior Quality Engineer II _ 2026_1543,1
Quality Engineer,quality engineer,matched,Senior Quality Engineer II- IHC445,1
Quality Engineer,quality engineer,matched,Sr Quality Engineer - Performance,1
Quality Engineer,quality engineer,unmatched,Quality Assurance & UAT Engineer – Dialer,1
Quality Engineer,quality engineer,matched,Senior Quality Engineer - Salesforce,1
Quality Engineer,quality engineer,matched,Senior Quality Engineer - India,1
Quality Engineer,quality engineer,unmatched,Junior Engineer - Field Quality (NBS),1
Quality Engineer,quality engineer,matched,Senior Quality Engineer (Cybersecurity Platform),1
Quality Engineer,quality engineer,excluded_by_rule,Software Engineer - AI Quality & Test Automation | Security - Python | Golang | Test Automation | AI/ML Testing | Agentic Workflows (4 - 8 Years),1
Quality Engineer,quality engineer,unmatched,Senior Technical Quality Assurance Engineer,1
Quality Engineer,quality engineer,unmatched,Lead Technical Quality Assurance Engineer,1
Quality Engineer,quality engineer,unmatched,Quality Assurance Test Engineer,1
Quality Engineer,quality engineer,matched,Quality Engineer - PPAP,1
Quality Engineer,quality engineer,unmatched,Engineer - Process Quality,1
Quality Engineer,quality engineer,matched,Python Data Quality Engineer,1
Quality Engineer,quality engineer,unmatched,Engineer - Supplier Quality Mech,1
Quality Engineer,quality engineer,matched,Supplier Quality Engineer - Vadodara (Savli),1
Quality Engineer,quality engineer,unmatched,Quality Assurance Engineer - Design Quality,1
Quality Engineer,quality engineer,unmatched,Software Quality Automation Engineer - Python & Playwright,1
Quality Engineer,quality engineer,unmatched,Software Quality Assurance / Testing Engineer: ServiceNow,1
Quality Engineer,quality engineer,unmatched,"Quality Engineering Lead, Enterprise System (E2E)",1
Quality Engineer,quality engineer,unmatched,Senior Engineer Quality,1
Quality Engineer,quality engineer,unmatched,Quality Engineering Lead (US Healthcare Revenue Cycle Management (RCM),1
Quality Engineer,quality engineer,excluded_by_rule,Software Engineer II (Quality) - Core Commerce Platform,1
Quality Engineer,quality engineer,unmatched,Software Quality Automation Engineer – Python & Playwright,1
Quality Engineer,quality engineer,unmatched,Sr. Engineer - Quality,1
Quality Engineer,quality engineer,matched,Quality Engineer 2,1
Quality Engineer,quality engineer,unmatched,Senior Software Quality Assurance Engineer - Manual,1
Quality Engineer,quality engineer,excluded_by_rule,Senior Software Engineer - AI Quality & Test Automation | Security - Python | Golang | Test Automation | AI/ML Testing | Performance Testing | Security Testing | LLM APIs | Agentic Workflows | LangCha,1
Quality Engineer,quality engineer,excluded_by_rule,Principal Software Quality Engineer,1
Quality Engineer,quality engineer,unmatched,Software Quality Assurance Engineer - Automation QA,1
Quality Engineer,quality engineer,excluded_by_rule,Software Quality Engineer II (V&V),1
Quality Engineer,quality engineer,excluded_by_rule,Intermediate Quality Engineer - UI Automation,1
Quality Engineer,quality engineer,unmatched,"Diploma Engineer Trainee, Quality",1
Quality Engineer,quality engineer,unmatched,Sr. Software Quality Automation Engineer,1
Quality Engineer,quality engineer,unmatched,Quality and Automation Engineer 2,1
Quality Engineer,quality engineer,matched,Quality Engineer Consultant,1
Quality Engineer,quality engineer,unmatched,Quality Assurance Engineer- Bigquery,1
Quality Engineer,quality engineer,unmatched,Engineer Automation Quality,1
Quality Engineer,quality engineer,unmatched,Quality Assurance Engineer(Hardware Manufacturing),1
Quality Engineer,quality engineer,unmatched,Engineer / Sr. Engineer - Supplier Quality,1
Quality Engineer,quality engineer,unmatched,Quality Assurance Automation Engineer - Playwright  AI,1
Quality Engineer,quality engineer,matched,Senior Quality Engineer II - 2026_1803,1
Quality Engineer,quality engineer,unmatched,Sr. Manager Quality Engineering,1
Quality Engineer,quality engineer,unmatched,Quality Control Engineer - K2,1
Quality Engineer,quality engineer,matched,In-process Quality engineer,1
Quality Engineer,quality engineer,unmatched,AI Engineer - Quality system,1
Quality Engineer,quality engineer,unmatched,"Sr Engineer, R&D Software Quality (Playwright Automation)",1
Quality Engineer,quality engineer,excluded_by_rule,Senior Quality Engineer(SDET),1
Quality Engineer,quality engineer,unmatched,Secondary Design Engineer - Power Quality Solutions,1
Quality Engineer,quality engineer,unmatched,Quality Assurance Engineer M/F,1
Quality Engineer,quality engineer,matched,Quality Engineer (Tester),1
Quality Engineer,quality engineer,matched,Quality Engineer - Telecom,1
Quality Engineer,quality engineer,excluded_by_rule,Automation Quality Engineer,1
Quality Engineer,quality engineer,unmatched,System Design Engineer- Power Quality,1
Quality Engineer,quality engineer,unmatched,Engineer II - Quality Assurance,1
Quality Engineer,quality engineer,matched,Quality Engineer Pulveriser,1
Quality Engineer,quality engineer,excluded_by_rule,Software Quality Engineer I (SDET),1
Quality Engineer,quality engineer,excluded_by_rule,Software Quality Engineer - Conversational AI / LLM Testing,1
Quality Engineer,quality engineer,matched,ORACLE ARGUS QUALITY ENGINEER,1
Quality Engineer,quality engineer,matched,Data Quality Engineer,1
Quality Engineer,quality engineer,unmatched,"Hiring for Presales Solutioning Quality Engineering (QE), AI",1
Quality Engineer,quality engineer,unmatched,Product-Aligned Agentic Quality Engineering Lead (Automation & Agentic AI),1
Quality Engineer,quality engineer,unmatched,Engineer - Quality (Chennai),1
Quality Engineer,quality engineer,matched,Quality Engineer - Pune,1
Quality Engineer,quality engineer,excluded_by_rule,Senior Software Engineer (Quality) - Core Commerce Platform,1
Quality Engineer,quality engineer,excluded_by_rule,Senior Software Engineer (Quality) - Consumer Intelligence & Engagement,1
Quality Engineer,quality engineer,unmatched,Quality Analyst Engineer- HLS Domain Expert,1
Quality Engineer,quality engineer,matched,Quality Engineer - SAP,1
Quality Engineer,quality engineer,unmatched,Telecom Quality Assurance Engineer,1
Quality Engineer,quality engineer,unmatched,Quality Assurance Engineer Test Automation,1
Quality Engineer,quality engineer,excluded_by_rule,"Software Quality Engineer, Process and Task Mining",1
Quality Engineer,quality engineer,unmatched,"Technical Engineer( Production ,Quality -AAC Block, Panels)s",1
Quality Engineer,quality engineer,unmatched,Quality Control Engineer - Mech,1
Quality Engineer,quality engineer,unmatched,Sr. Engineer - Testing & Quality Assurance N 4B,1
Quality Engineer,quality engineer,excluded_by_rule,"Manager I - Senior Software Engineer, SAP Quality Management",1
Quality Engineer,quality engineer,unmatched,Lead Engineer (Quality) - CONSUMER EXPERIENCE ENGINEERING,1
Quality Engineer,quality engineer,matched,NPI / NPD Quality Engineer,1
Quality Engineer,quality engineer,excluded_by_rule,"API Testing, Playwright, AI Usage_Software Quality Engineer",1
Quality Engineer,quality engineer,excluded_by_rule,"API Testing, Playwright, AI Usage_Quality Engineer Analyst",1
Quality Engineer,quality engineer,matched,Quality Engineer - Process Equipment Division,1
Quality Engineer,quality engineer,unmatched,Engineer/Sr. Engineer-Quality,1
Quality Engineer,quality engineer,unmatched,Software Quality Principal Engineer,1
Quality Engineer,quality engineer,unmatched,"Lead Engineer, Software Quality Assurance (Network Operating System)",1
Quality Engineer,quality engineer,excluded_by_rule,Software Quality Engineer 5,1
Quality Engineer,quality engineer,unmatched,NVMQRA Solid State Drive (SSD) Quality and Reliability Engineer,1
Quality Engineer,quality engineer,unmatched,Lead Quality Assurance Engineer(2PM-12AM IST),1
Quality Engineer,quality engineer,matched,Lead Quality Engineer - R01568881,1
Quality Engineer,quality engineer,matched,Quality Engineer | NPI(New Product Introduction) exp,1
Quality Engineer,quality engineer,matched,AI Quality Engineer (Contract),1
Quality Engineer,quality engineer,unmatched,"Software Quality Assurance Engineer (Teradyne, India)",1
Quality Engineer,quality engineer,unmatched,Quality Engineering-Automation Lead,1
Quality Engineer,quality engineer,excluded_by_rule,Intermediate Quality Engineer-Automation Frontend,1
Quality Engineer,quality engineer,unmatched,Customer Quality(PWT) Engineer,1
Quality Engineer,quality engineer,unmatched,Senior Quality Assurance Engineer 1,1
Quality Engineer,quality engineer,matched,Automotive Quality Engineer,1
Quality Engineer,quality engineer,unmatched,Quality Assurance Engineer- Automation,1
Quality Engineer,quality engineer,unmatched,Quality Automation Engineer (SDET) - Intermediate,1
Quality Engineer,quality engineer,matched,Supplier Quality Engineer - Electrical,1
Quality Engineer,quality engineer,unmatched,"Junior Engineer II, Process quality",1
Quality Engineer,quality engineer,matched,Quality Engineer - Vadodara (Karjan),1
Quality Engineer,quality engineer,unmatched,Senior Engineer - Quality,1
Quality Engineer,quality engineer,unmatched,ITP Engineer-Quality Assurance,1
Quality Engineer,quality engineer,excluded_by_rule,Senior Software Engineer - Quality,1
Quality Engineer,quality engineer,excluded_by_rule,Quality Engineer (SAP Automation),1
Quality Engineer,quality engineer,unmatched,Quality Control Engineer (Transformers Testing),1
Quality Engineer,quality assurance engineer,unmatched,Quality Assurance Engineer,17
Quality Engineer,quality assurance engineer,unmatched,Senior Quality Assurance Engineer,17
Quality Engineer,quality assurance engineer,unmatched,Quality Assurance Automation Engineer,13
Quality Engineer,quality assurance engineer,unmatched,Quality Assurance Engineering Specialist,6
Quality Engineer,quality assurance engineer,unmatched,Senior Quality Assurance Automation Engineer,6
Quality Engineer,quality assurance engineer,unmatched,Quality Assurance Engineer III,6
Quality Engineer,quality assurance engineer,unmatched,Software Quality Assurance Engineer,6
Quality Engineer,quality assurance engineer,unmatched,"Quality Assurance Engineer 1, QRE",6
Quality Engineer,quality assurance engineer,unmatched,Quality Assurance Engineer Specialist,4
Quality Engineer,quality assurance engineer,unmatched,Quality Assurance Engineer - Test Automation,4
Quality Engineer,quality assurance engineer,unmatched,"Sr. Software Quality Assurance Engineer - Audio, Edge Technology",3
Quality Engineer,quality assurance engineer,unmatched,"Quality Assurance Engineer, Amazon Search Relevance Measurement",3
Quality Engineer,quality assurance engineer,unmatched,"Quality Assurance Engineer, Alexa Connect Kit, Alexa Smart Home",3
Quality Engineer,quality assurance engineer,unmatched,Software Quality Assurance Engineer - Manual QA,2
Quality Engineer,quality assurance engineer,unmatched,"Senior Quality Assurance Engineer, Digital Products",2
Quality Engineer,quality assurance engineer,unmatched,"Quality Assurance Engineer, Prime Video Sports",2
Quality Engineer,quality assurance engineer,unmatched,Senior Software Quality Assurance Engineer - Manual QA,2
Quality Engineer,quality assurance engineer,unmatched,Quality Assurance Engineer / Tester (Analyst / Senior Analyst / Associate),2
Quality Engineer,quality assurance engineer,unmatched,"Quality Assurance Engineer , Associate",2
Quality Engineer,quality assurance engineer,unmatched,"Quality Assurance Engineer I, Amazon Payment Services",2
Quality Engineer,quality assurance engineer,unmatched,Lead Quality Assurance Engineer,2
Quality Engineer,quality assurance engineer,unmatched,Quality Assurance Engineer M/F,2
Quality Engineer,quality assurance engineer,unmatched,Sr. Engineer - Testing & Quality Assurance N 4B,2
Quality Engineer,quality assurance engineer,unmatched,ITP Engineer-Quality Assurance,2
Quality Engineer,quality assurance engineer,unmatched,Quality Assurance (QA) Engineer,2
Quality Engineer,quality assurance engineer,unmatched,Senior Quality Assurance Engineer - Playwright & WebdriverIO,2
Quality Engineer,quality assurance engineer,unmatched,"Quality Assurance Engineer, Digital Products",1
Quality Engineer,quality assurance engineer,unmatched,Quality Assurance Engineer- Automation Testing,1
Quality Engineer,quality assurance engineer,unmatched,Sr Engineer - Quality Assurance,1
Quality Engineer,quality assurance engineer,unmatched,Global Quality FrontEnd Central Quality Assurance Engineer,1
Quality Engineer,quality assurance engineer,unmatched,Reflections Info Systems - Quality Assurance Automation Engineer - AI/ML Testing,1
Quality Engineer,quality assurance engineer,unmatched,Senior Associate - Quality Assurance Engineer - Cypress,1
Quality Engineer,quality assurance engineer,unmatched,InfoBeans Technologies - ETL Quality Assurance Engineer - Databricks/Python,1
Quality Engineer,quality assurance engineer,unmatched,"Engineer 2, Quality Assurance",1
Quality Engineer,quality assurance engineer,unmatched,"Founding member, Quality Assurance Engineer",1
Quality Engineer,quality assurance engineer,unmatched,Quality Assurance Engineer-1,1
Quality Engineer,quality assurance engineer,unmatched,Associate Quality Assurance Engineer - Intern,1
Quality Engineer,quality assurance engineer,unmatched,Quality Assurance Engineering Manager,1
Quality Engineer,quality assurance engineer,unmatched,Staff Quality Assurance Engineer,1
Quality Engineer,quality assurance engineer,unmatched,Quality Assurance & UAT Engineer – Dialer,1
Quality Engineer,quality assurance engineer,unmatched,Senior Technical Quality Assurance Engineer,1
Quality Engineer,quality assurance engineer,unmatched,Lead Technical Quality Assurance Engineer,1
Quality Engineer,quality assurance engineer,unmatched,Quality Assurance Test Engineer,1
Quality Engineer,quality assurance engineer,unmatched,Quality Assurance Engineer - Design Quality,1
Quality Engineer,quality assurance engineer,unmatched,Software Quality Assurance / Testing Engineer: ServiceNow,1
Quality Engineer,quality assurance engineer,unmatched,Senior Software Quality Assurance Engineer - Manual,1
Quality Engineer,quality assurance engineer,unmatched,Software Quality Assurance Engineer - Automation QA,1
Quality Engineer,quality assurance engineer,unmatched,Quality Assurance Engineer- Bigquery,1
Quality Engineer,quality assurance engineer,unmatched,Quality Assurance Engineer(Hardware Manufacturing),1
Quality Engineer,quality assurance engineer,unmatched,Quality Assurance Automation Engineer - Playwright  AI,1
Quality Engineer,quality assurance engineer,unmatched,Engineer II - Quality Assurance,1
Quality Engineer,quality assurance engineer,unmatched,Telecom Quality Assurance Engineer,1
Quality Engineer,quality assurance engineer,unmatched,Quality Assurance Engineer Test Automation,1
Quality Engineer,quality assurance engineer,unmatched,"Lead Engineer, Software Quality Assurance (Network Operating System)",1
Quality Engineer,quality assurance engineer,unmatched,Lead Quality Assurance Engineer(2PM-12AM IST),1
Quality Engineer,quality assurance engineer,unmatched,"Software Quality Assurance Engineer (Teradyne, India)",1
Quality Engineer,quality assurance engineer,unmatched,Senior Quality Assurance Engineer 1,1
Quality Engineer,quality assurance engineer,unmatched,Quality Assurance Engineer- Automation,1
Quality Engineer,quality assurance engineer,unmatched,Sr. Engineer - Testing & Quality Assurance P 4B,1
Quality Engineer,quality assurance engineer,unmatched,Data Center Quality Assurance Engineer,1
Quality Engineer,quality assurance engineer,unmatched,"Engineer, Quality Assurance Automation",1
Quality Engineer,quality assurance engineer,unmatched,Quality Assurance- Engineer,1
Quality Engineer,quality assurance engineer,unmatched,Quality Assurance Engineering,1
Quality Engineer,quality assurance engineer,unmatched,Supplier Quality Assurance Engineer - Independent After Market,1
Quality Engineer,quality assurance engineer,unmatched,Senior Product Quality Assurance Engineer,1
Quality Engineer,quality assurance engineer,unmatched,Advisory Quality Assurance Engineer,1
Quality Engineer,quality assurance engineer,unmatched,Quality Assurance Engineer II,1
Quality Engineer,quality assurance engineer,unmatched,"Quality Assurance Engineer II, Amazon Search Relevance Measurement",1
Quality Engineer,quality assurance engineer,unmatched,Quality Assurance Engineer(Automation Testing),1
Quality Engineer,quality assurance engineer,unmatched,Supplier Quality Assurance Engineer,1
Quality Engineer,quality assurance engineer,unmatched,On Job Monitoring - Quality Assurance Engineer M/F,1
Quality Engineer,quality assurance engineer,unmatched,Senior Software Quality Assurance (SQA) Engineer,1
Quality Engineer,quality assurance engineer,unmatched,Global Quality Front-End Central Quality Assurance Engineer/Sr Engineer – (GQ FECTQA MOI),1
Quality Engineer,quality assurance engineer,unmatched,Lead Quality Assurance Engineer (Automation),1
Quality Engineer,quality assurance engineer,excluded_by_rule,Senior Software Quality Engineer- Karate / Rest Assured,1
Quality Engineer,quality assurance engineer,unmatched,"Quality Assurance Engineer (Automation, Manual and Mobile testing)",1
Quality Engineer,quality assurance engineer,unmatched,Engineer - Quality Assurance,1
Quality Engineer,quality assurance engineer,unmatched,"Senior Engineer, IT Quality Assurance",1
Quality Engineer,quality assurance engineer,unmatched,"Lead Engineer, Quality Assurance",1
Quality Engineer,quality assurance engineer,unmatched,Senior Quality & Reliability Assurance Engineer,1
Quality Engineer,quality assurance engineer,unmatched,Principal Quality Assurance Engineer,1
Quality Engineer,quality assurance engineer,unmatched,Senior AI-Powered Quality Assurance Engineer,1
Quality Engineer,quality assurance engineer,unmatched,Software Quality Assurance Engineer IV,1
Quality Engineer,quality assurance engineer,unmatched,Jr.Engineer Quality Assurance,1
UX Designer,ux designer,matched,UI/UX Designer,27
UX Designer,ux designer,matched,UX Designer,21
UX Designer,ux designer,matched,Lead UX Designer,11
UX Designer,ux designer,matched,Senior UX Designer,9
UX Designer,ux designer,unmatched,Principal UX CX Designer,6
UX Designer,ux designer,matched,Senior UI/UX Designer,5
UX Designer,ux designer,matched,UX/UI Designer,5
UX Designer,ux designer,matched,Sr UX Designer II,4
UX Designer,ux designer,matched,"Senior UX designer, RBS",3
UX Designer,ux designer,matched,UI UX Designer,3
UX Designer,ux designer,unmatched,Sr UX/CX Designer,3
UX Designer,ux designer,matched,UI / UX Designer,3
UX Designer,ux designer,matched,"Senior UX Designer, International Emerging Stores (IES)",3
UX Designer,ux designer,matched,Product ( UX ) Designer,3
UX Designer,ux designer,matched,Staff UX Designer,2
UX Designer,ux designer,matched,Senior UX Product Designer,2
UX Designer,ux designer,matched,Product/ UX Designer,2
UX Designer,ux designer,matched,"UX Designer, YouTube Creator Support",2
UX Designer,ux designer,matched,UX Designer - Fully Remote,2
UX Designer,ux designer,unmatched,Fullstack UX/UI Researchers/Designer - Applied & Agentic AI Systems,2
UX Designer,ux designer,matched,Senior UX Designer - India,2
UX Designer,ux designer,matched,Product Designer (UI/UX),2
UX Designer,ux designer,unmatched,Senior UX Interaction Designer,2
UX Designer,ux designer,matched,Sr UX Designer,2
UX Designer,ux designer,matched,UI/UX designer,2
UX Designer,ux designer,mapped:Graphic Designer,Ui / Ux Graphic Designer,2
UX Designer,ux designer,matched,"Sr. UX Designer, Amazon Customer Service",2
UX Designer,ux designer,matched,UI/UX Designer Intern,2
UX Designer,ux designer,matched,Ux Designer,2
UX Designer,ux designer,matched,Sr. UX Designer,1
UX Designer,ux designer,matched,Sr. UI UX Designer,1
UX Designer,ux designer,matched,Sr. UX/UI Designer,1
UX Designer,ux designer,matched,Senior Product UI/UX Designer | Remote,1
UX Designer,ux designer,matched,UX - Designer - Insurance (LY-CR01),1
UX Designer,ux designer,matched,Senior UI / UX Designer - AI Hub,1
UX Designer,ux designer,mapped:Architect (contamination audit),UX Design Architect - MERN Stack,1
UX Designer,ux designer,matched,UX Designer 2,1
UX Designer,ux designer,matched,Business Consultant - UX Designer,1
UX Designer,ux designer,matched,UX Product Designer (Networking),1
UX Designer,ux designer,mapped:Graphic Designer,Associate UI/UX & Graphic Designer (B2B SaaS),1
UX Designer,ux designer,matched,Senior UI-UX Designer,1
UX Designer,ux designer,unmatched,Designer- UI-UX,1
UX Designer,ux designer,unmatched,UX/UI Design Intern,1
UX Designer,ux designer,matched,AI Experience (UX) Designer,1
UX Designer,ux designer,mapped:Graphic Designer,Performance Creative Designer (UI / UX),1
UX Designer,ux designer,unmatched,Lead Design Analyst - User Experience (UX),1
UX Designer,ux designer,mapped:Graphic Designer,"Junior Creative Designer (UI/UX, Graphics & Video Editing)",1
UX Designer,ux designer,matched,Freelance UI/UX Designer,1
UX Designer,ux designer,unmatched,UX Design Engineer 4,1
UX Designer,ux designer,matched,UX/UI Designer – SCG India,1
UX Designer,ux designer,matched,"UX Designer, AVP",1
UX Designer,ux designer,matched,Ux/Ui Designer,1
UX Designer,ux designer,unmatched,Senior UX Motion & 3D Designer,1
UX Designer,ux designer,matched,UI UX designer,1
UX Designer,ux designer,matched,L4 - Team Leader - UI/UX Designer,1
UX Designer,ux designer,matched,Lead UI/UX Designer,1
UX Designer,ux designer,matched,Mid-Level UI/UX Designer,1
UX Designer,ux designer,matched,UI/UX Designer(Freelancer),1
UX Designer,ux designer,matched,UI/UX Designer with Video Editing,1
UX Designer,ux designer,matched,Advance Power-Point & UI/UX Designer,1
UX Designer,ux designer,matched,Sr. UX Designer - 10375,1
UX Designer,ux designer,matched,Sr. UX Designer - 10374,1
UX Designer,ux designer,matched,UI/UX designer/developer,1
UX Designer,ux designer,matched,PRODUCT /UI-UX Designer,1
UX Designer,ux designer,unmatched,UI/UX Design Internship(Fresher),1
UX Designer,ux designer,mapped:Graphic Designer,UI/UX & Visual Designer Engineer,1
UX Designer,ux designer,unmatched,Figma Designer - UX Specialist,1
UX Designer,ux designer,unmatched,UX/UI Design Intern | Global AI-Native Talent Intelligence Venture (Fully Remote),1
UX Designer,ux designer,unmatched,Web Design UX/UI Advisor,1
UX Designer,ux designer,matched,UI / UX designer,1
UX Designer,ux designer,matched,Director UI/UX Designer,1
UX Designer,ux designer,matched,UX/UI Designer (Remote),1
UX Designer,ux designer,matched,UX Designer (Remote),1
UX Designer,ux designer,matched,UI/UX DESIGNER,1
UX Designer,ux designer,matched,Senior UX Designer (Freelance / Part-Time),1
UX Designer,ux designer,matched,UX Designer (2 to 4 years),1
UX Designer,ux designer,unmatched,Senior UI/UX Application Designer,1
UX Designer,ux designer,matched,UI/ UX Designer -US Bank,1
UX Designer,ux designer,unmatched,Senior UX or CX Designer,1
UX Designer,ux designer,matched,Product UX Designer,1
UX Designer,ux designer,matched,"UX Designer I, EU INTech Partner Growth Experience",1
UX Designer,ux designer,matched,Lead UX Designer - UI Lead Designer,1
UX Designer,ux designer,matched,Sr. Associate - UX Designer - Design Systems-DS,1
UX Designer,ux designer,unmatched,UI/UX Design Intern,1
UX Designer,ux designer,matched,Senior Product Designer (UI/UX),1
UX Designer,ux designer,unmatched,UX and UI Designer Technical Solutions,1
UX Designer,ux designer,matched,UX Designer- Insurance,1
UX Designer,ux designer,matched,Product UX Designer - Interaction Design,1
UX Designer,ux designer,matched,UI/UX Designer - Trainee,1
UX Designer,ux designer,matched,Sr UX Designer - Advanced AI,1
UX Designer,ux designer,matched,Junior UI/UX Designer,1
UX Designer,ux designer,matched,UX-UI Designer,1
UX Designer,ux designer,matched,UX Designer - C3 - CXP,1
UX Designer,ux designer,matched,Manager -UI/UX Designer,1
UX Designer,ux designer,matched,Sr. UI/UX Designer,1
UX Designer,ux designer,matched,UX Designer I,1
UX Designer,ux designer,unmatched,Web Designers UI UX,1
UX Designer,ux designer,unmatched,Product Design Expert - UX Specialist,1
UX Designer,ux designer,matched,Senior Product Designer(UI/UX and AI Innovation),1
UX Designer,ux designer,unmatched,UX / Design Engineer - Senior Associate,1
UX Designer,ux designer,unmatched,UI/UX Design Expert - Evaluator,1
UX Designer,ux designer,unmatched,UX_UI Designers,1
UX Designer,ux designer,unmatched,Head of Product Design (UI/UX),1
UX Designer,ux designer,matched,Sr . Graphics UI / UX Designer,1
UX Designer,ux designer,unmatched,UI / UX - Figma Designer,1
UX Designer,ux designer,unmatched,UI/UX- Figma Designer,1
UX Designer,ux designer,unmatched,Product Design Lead UX,1
UX Designer,ux designer,matched,"UX Designer ( Product Company, Tier-1 Design Degree",1
UX Designer,ux designer,matched,Senior UX designer,1
UX Designer,ux designer,mapped:Graphic Designer,UX/UI Graphic Designer - Chandigarh,1
UX Designer,ux designer,unmatched,UI/UX Designers & Developers,1
UX Designer,ux designer,matched,"Senior UX Designer, Amazon Customer Service",1
UX Designer,ux designer,matched,"Sr. UX Designer | Amazon Now, Amazon Now",1
UX Designer,ux designer,matched,Sr. UI/UX Designer (DES-2-082026),1
UX Designer,ux designer,unmatched,UX/UI Design Specialist - Fully Remote,1
UX Designer,ux designer,unmatched,Senior Experiential Designer - UI/UX,1
UX Designer,ux designer,unmatched,"Business Development Manager (Software, UX Design services),",1
UX Designer,ux designer,matched,Ui Ux Designer,1
UX Designer,ux designer,unmatched,Senior UI/UX Application Designer and Video Generation Expert,1
UX Designer,ux designer,unmatched,UI/UX Design Lead,1
UX Designer,ux designer,unmatched,Associate Professor UI UX Design,1
UX Designer,ux designer,matched,Ui UX Designer,1
UX Designer,ux designer,mapped:Graphic Designer,Creative Designer – UI/UX & Multimedia,1
UX Designer,ux designer,matched,Hiring || Senior UX Designer - Mumbai,1
UX Designer,ux designer,ambiguous_multi,UI/UX Designer & Graphic Designer,1
UX Designer,ux designer,matched,UI/UX Designer - Gurgaon,1
UX Designer,ux designer,unmatched,"Senior Digital Designer (Web, UX & Social Design Focus)",1
UX Designer,ux designer,unmatched,UX Design Intern,1
UX Designer,ux designer,unmatched,Web Artist / Web Designer / Digital Artist / UI/UX - REMOTE,1
UX Designer,ux designer,matched,Sr. Associate – UX Designer – Design Systems-DS,1
UX Designer,ux designer,matched,UX UI Designer,1
UX Designer,product designer,matched,Senior Product Designer,40
UX Designer,product designer,matched,Product Designer,35
UX Designer,product designer,matched,Lead Product Designer,11
UX Designer,product designer,matched,Staff Product Designer,10
UX Designer,product designer,unmatched,Product Design Engineer,8
UX Designer,product designer,matched,Product Designer II,5
UX Designer,product designer,matched,"Product Designer, Amazon Pay India",4
UX Designer,product designer,matched,Principal Product Designer,4
UX Designer,product designer,unmatched,"Manager, Product Design",4
UX Designer,product designer,unmatched,Product Design Intern,3
UX Designer,product designer,matched,Sr. Product Designer,3
UX Designer,product designer,matched,Product ( UX ) Designer,3
UX Designer,product designer,unmatched,"Product Design Lead, HRIS",2
UX Designer,product designer,unmatched,"Product Design Lead, Platform Tools",2
UX Designer,product designer,matched,Digital Product Designer,2
UX Designer,product designer,unmatched,Senior Associate - Product Design,2
UX Designer,product designer,unmatched,Engineer II Product Design,2
UX Designer,product designer,matched,Senior UX Product Designer,2
UX Designer,product designer,matched,Product/ UX Designer,2
UX Designer,product designer,matched,Sr Product Designer,2
UX Designer,product designer,unmatched,Engineer I Product Design,2
UX Designer,product designer,matched,Senior Product Designer _Q227,2
UX Designer,product designer,matched,"Senior Product Designer, Core",2
UX Designer,product designer,unmatched,Lead System Designer & Product Security Representative,2
UX Designer,product designer,unmatched,Airside Product Design Specialist,2
UX Designer,product designer,unmatched,Product Design Manager,2
UX Designer,product designer,matched,Product Designer (UI/UX),2
UX Designer,product designer,unmatched,"Product Design Lead (Design Systems, Usability, B2C)",2
UX Designer,product designer,unmatched,Product Design Expert - Vibecoding,2
UX Designer,product designer,unmatched,Associate : Product Design,2
UX Designer,product designer,unmatched,Senior Manager - Product Design,2
UX Designer,product designer,unmatched,"Director,Product Design",2
UX Designer,product designer,unmatched,Product Systems Design Engineer,2
UX Designer,product designer,unmatched,Director - Product Design,2
UX Designer,product designer,matched,Product Designer Intern,1
UX Designer,product designer,matched,"Staff/Principal Product Designer, Partnerships",1
UX Designer,product designer,matched,Senior Product Designer - B2C,1
UX Designer,product designer,unmatched,Seat Design – Product Engineer,1
UX Designer,product designer,unmatched,"Sr. Associate I, Research & Development Process & Product Design",1
UX Designer,product designer,unmatched,Physical Product Design Lead,1
UX Designer,product designer,matched,Senior Product UI/UX Designer | Remote,1
UX Designer,product designer,unmatched,Associate – Industrial Design – Food Products & Packaging,1
UX Designer,product designer,matched,Principle Product Designer | Early-Stage Beauty Q-Comm Portfolio Company,1
UX Designer,product designer,matched,"Product Designer, AI Experiences",1
UX Designer,product designer,unmatched,"Engineer I, Multi-technology Product Design",1
UX Designer,product designer,matched,UX Product Designer (Networking),1
UX Designer,product designer,matched,Senior product designer Tier 1 design institute only B2C,1
UX Designer,product designer,matched,Product Designer | Early-Stage MusicTech Portfolio Company,1
UX Designer,product designer,matched,Product Designer (Remote | $90–$150/hr),1
UX Designer,product designer,unmatched,Senior Product Design Engineer,1
UX Designer,product designer,unmatched,"Head of Design, Product Design",1
UX Designer,product designer,unmatched,Sr. Product Design Engineer,1
UX Designer,product designer,unmatched,"Senior Engineer I, Multi-technology Product Design",1
UX Designer,product designer,mapped:Product Manager,Network Design Data Product Owner,1
UX Designer,product designer,matched,Junior Product Designer,1
UX Designer,product designer,unmatched,Sr. Product Design Manager – HRIS | India Design Site Lead,1
UX Designer,product designer,unmatched,Eng.Product Design Technician - Level I,1
UX Designer,product designer,matched,Lead Product Designer Tier 1 design institute only B2C experience,1
UX Designer,product designer,matched,"Product Designer, Design Systems",1
UX Designer,product designer,unmatched,"Manager, Product Design: AI Products",1
UX Designer,product designer,matched,Product Designer- Design systems,1
UX Designer,product designer,matched,Product Designer - Fi Admin,1
UX Designer,product designer,unmatched,Engineer - Technical Product Design,1
UX Designer,product designer,unmatched,"Manager, Product Design: Application Observability",1
UX Designer,product designer,mapped:Product Manager,Product Owner - Design Automation,1
UX Designer,product designer,unmatched,Product Design Consultant,1
UX Designer,product designer,unmatched,"Senior Product Design Engineer (Design, Frontend",1
UX Designer,product designer,unmatched,Product Design Quality Sr III,1
UX Designer,product designer,unmatched,Product Design Quality Sr II,1
UX Designer,product designer,matched,"Staff Product Designer, DeFi",1
UX Designer,product designer,matched,AI Product Designer,1
UX Designer,product designer,unmatched,Head of Product Design (Founding Team),1
UX Designer,product designer,matched,Product Designer - 10372,1
UX Designer,product designer,matched,PRODUCT /UI-UX Designer,1
UX Designer,product designer,unmatched,Executive - Product Design,1
UX Designer,product designer,matched,"Senior Product Designer, Sportsbook",1
UX Designer,product designer,matched,Lead Product Designer (For Pooling),1
UX Designer,product designer,matched,Fractional Senior Product Designer,1
UX Designer,product designer,mapped:Graphic Designer,Product Visual Designer,1
UX Designer,product designer,matched,Lead - Product Designer,1
UX Designer,product designer,matched,Product Designer 3,1
UX Designer,product designer,matched,Product Designer - Modular Interior,1
UX Designer,product designer,matched,"Senior Product Designer, Operations Tools",1
UX Designer,product designer,unmatched,Product Design INTERN,1
UX Designer,product designer,matched,Senior Product Designer- Web Design,1
UX Designer,product designer,matched,Principal Product Designer - Platform Design,1
UX Designer,product designer,matched,"Senior Product Designer, Global Exchange",1
UX Designer,product designer,matched,Interactive Product Designer,1
UX Designer,product designer,unmatched,Sr Designer Product Design Engineering,1
UX Designer,product designer,matched,Product UX Designer,1
UX Designer,product designer,unmatched,"Senior Manager, Product Design",1
UX Designer,product designer,matched,"Senior Product Designer, Web3",1
UX Designer,product designer,matched,"Product Designer, Social",1
UX Designer,product designer,matched,[제품부문] 프로덕트 디자이너(Product Designer),1
UX Designer,product designer,unmatched,Design for Environment - Regulatory Product/ Material Compliance Engineer,1
UX Designer,product designer,matched,Senior Product Designer (UI/UX),1
UX Designer,product designer,unmatched,"Product & Graphic Design Intern (CAD, Packaging, UI)",1
UX Designer,product designer,unmatched,"Leader, Hardware Engineering - 10 years of proven experience as Product/Design Engineer with expertise in electronic product design and architecture.",1
UX Designer,product designer,unmatched,"Vice President, Product Design",1
UX Designer,product designer,matched,Product UX Designer - Interaction Design,1
UX Designer,product designer,matched,Staff Product Designer - Analytics,1
UX Designer,product designer,matched,4476- Senior Product Designer,1
UX Designer,product designer,unmatched,"Staff Engineer, Product Design and Engineering - Electrical",1
UX Designer,product designer,matched,Product Designer 1 / Associate Product Designer,1
UX Designer,product designer,mapped:Mechanical Engineer,Mechanical Engineer - Product Design,1
UX Designer,product designer,matched,Senior Product Designer - Design System,1
UX Designer,product designer,matched,Product Designer Top B2c product company tier 1 design institute,1
UX Designer,product designer,matched,Lead Product Designer Tier 1 Design college only,1
UX Designer,product designer,unmatched,Engineer - Design - On Order Product Development,1
UX Designer,product designer,unmatched,Engineer - Design - New Product Development,1
UX Designer,product designer,matched,Senior Product Designer (Priv Controls),1
UX Designer,product designer,unmatched,Associate Manager Product Design (Design),1
UX Designer,product designer,matched,Senior Product Designer (Secrets Manager),1
UX Designer,product designer,matched,Senior Product designer Top b2c product company Design Degree,1
UX Designer,product designer,unmatched,Product Design Expert - UX Specialist,1
UX Designer,product designer,matched,Product Designer_JL5_Q2 27,1
UX Designer,product designer,matched,AI Product Designer_ Q2 27,1
UX Designer,product designer,matched,Product Designer_ Q2 27,1
UX Designer,product designer,unmatched,Digital Product and Service Design Consultant,1
UX Designer,product designer,matched,Senior Product Designer(UI/UX and AI Innovation),1
UX Designer,product designer,unmatched,Product Design Lead B2C Tier 1 design institute only,1
UX Designer,product designer,unmatched,Associate Vice President - Product Design,1
UX Designer,product designer,matched,Product Designer - 3,1
UX Designer,product designer,matched,Senior Product Designer Tier 1 design institute only,1
UX Designer,product designer,matched,Product Designer Top b2c product Tier 1 college only,1
UX Designer,product designer,matched,Product Designer Tier 1 design institute only,1
UX Designer,product designer,unmatched,Product Design Specialist - Fully Remote,1
UX Designer,product designer,unmatched,Head of Product Design (UI/UX),1
UX Designer,product designer,unmatched,Product Design Lead UX,1
UX Designer,product designer,matched,Consultant - Product Designer,1
UX Designer,product designer,matched,"UX Designer ( Product Company, Tier-1 Design Degree",1
UX Designer,product designer,unmatched,"Product Design Engineer Data Center, Power and Telecom Rack",1
UX Designer,product designer,unmatched,Member of Technical Staff - Product Design Engineer,1
UX Designer,product designer,matched,Product/User Experience Designer,1
UX Designer,product designer,matched,Lead Product Designer - Builder,1
UX Designer,product designer,unmatched,Product Design Engineer Intern (Freshers),1
UX Designer,product designer,matched,Product designer,1
UX Designer,product designer,mapped:Graphic Designer,"Senior Graphic Designer (B2C/D2C/Consumer product,",1
UX Designer,product designer,matched,Product Designer - Money Management,1
UX Designer,product designer,matched,Product Designer 2 / 3 - Design Systems,1
UX Designer,product designer,matched,Associate Product Designer,1
UX Designer,product designer,unmatched,"Senior Vice President, Product Design",1
UX Designer,product designer,unmatched,Spatial & Product - Oriented Graphic Design,1
UX Designer,product designer,matched,Product Designer Top b2c product company onlyDesign Degrees preferred,1
UX Designer,product designer,unmatched,Easybuy-Product Development and Technical Design-Corporate Office Easy Buy-Assistant Manager,1
UX Designer,product designer,unmatched,"Director of Product Design, Partnerships",1
UX Designer,product designer,matched,AI-Native Product Designer,1
UX Designer,product designer,unmatched,Product Design Quality Sr Specialist I,1
UX Designer,product designer,mapped:Product Manager,Product Owner / Service Designer (Mid level) - 4.5 Months - Remote - Octopus,1
UX Designer,product designer,unmatched,"Vice President, Product Design - Pipeline Requisition",1
UX Designer,product designer,unmatched,"Director, Product Design_ Pipeline Requisition",1
UX Designer,product designer,unmatched,Senior Product/Conversational Designer,1
UX Designer,product designer,matched,Product Designer & Manager,1
UX Designer,user experience designer,matched,User Experience Designer,8
UX Designer,user experience designer,unmatched,"Staff Engineer, User Experience & Design - Mobile",2
UX Designer,user experience designer,matched,Sr User Experience Designer,2
UX Designer,user experience designer,unmatched,Specialist User Experience Design,2
UX Designer,user experience designer,matched,Senior User Experience Designer,1
UX Designer,user experience designer,unmatched,Lead Design Analyst - User Experience (UX),1
UX Designer,user experience designer,mapped:Graphic Designer,User Experience / User Interaction Graphic Designer,1
UX Designer,user experience designer,matched,User Experience Designer II,1
UX Designer,user experience designer,matched,Product/User Experience Designer,1
Graphic Designer,graphic designer,matched,Graphic Designer,164
Graphic Designer,graphic designer,matched,Motion Graphic Designer,28
Graphic Designer,graphic designer,matched,Senior Graphic Designer,22
Graphic Designer,graphic designer,unmatched,Graphic Design Intern,13
Graphic Designer,graphic designer,matched,Graphic Designer & Video Editor,10
Graphic Designer,graphic designer,matched,Freelance Graphic Designer,8
Graphic Designer,graphic designer,matched,Junior Graphic Designer,7
Graphic Designer,graphic designer,unmatched,Media & Graphics Design Senior Analyst,5
Graphic Designer,graphic designer,unmatched,Media & Graphics Design Analyst,5
Graphic Designer,graphic designer,matched,Creative Graphic Designer,4
Graphic Designer,graphic designer,matched,Graphic Designer Intern,4
Graphic Designer,graphic designer,matched,Sr. Graphic Designer,4
Graphic Designer,graphic designer,matched,Graphic designer,4
Graphic Designer,graphic designer,unmatched,Graphics Designer,3
Graphic Designer,graphic designer,unmatched,Digital Design - Media and Graphics Designer,3
Graphic Designer,graphic designer,matched,Jr. Graphic Designer,3
Graphic Designer,graphic designer,unmatched,Motion Graphics Designer,3
Graphic Designer,graphic designer,matched,Lead Graphic Designer,3
Graphic Designer,graphic designer,matched,Graphic Designer (Elearning)- Senior Associate,3
Graphic Designer,graphic designer,matched,B&P Writer and Graphic Designer,3
Graphic Designer,graphic designer,unmatched,Media & Graphics Design Associate,3
Graphic Designer,graphic designer,unmatched,Graphics designer,3
Graphic Designer,graphic designer,unmatched,Coordinator- Graphic Design,3
Graphic Designer,graphic designer,matched,Graphic Designer for a fashion Brand,2
Graphic Designer,graphic designer,matched,Architectural Graphic Designer,2
Graphic Designer,graphic designer,mapped:Digital Marketing,Graphics Designer - Performance Marketing,2
Graphic Designer,graphic designer,matched,Bid Co-ordinator and Graphic Designer,2
Graphic Designer,graphic designer,unmatched,TGT Arts and Graphic Design,2
Graphic Designer,graphic designer,matched,Video Editor and Graphic Designer,2
Graphic Designer,graphic designer,unmatched,Graphic Designers,2
Graphic Designer,graphic designer,matched,AI Graphic Designer,2
Graphic Designer,graphic designer,matched,Entry Graphic Designer,2
Graphic Designer,graphic designer,matched,Intermediate Graphic Designer,2
Graphic Designer,graphic designer,matched,Ui / Ux Graphic Designer,2
Graphic Designer,graphic designer,matched,Graphic designer Internship,2
Graphic Designer,graphic designer,matched,Marketing Graphic Designer,1
Graphic Designer,graphic designer,matched,Sr. Graphic Designer - Brand Designer,1
Graphic Designer,graphic designer,unmatched,Design Lead - Graphic Design,1
Graphic Designer,graphic designer,unmatched,Graphic & Motion designer,1
Graphic Designer,graphic designer,matched,Graphic Designer and Video Editor,1
Graphic Designer,graphic designer,matched,Jr.Graphic Designer,1
Graphic Designer,graphic designer,matched,Experienced Graphic Designer,1
Graphic Designer,graphic designer,matched,Graphic Designer (Social Media & Motion Graphics),1
Graphic Designer,graphic designer,unmatched,VFX Motion Graphics Designer,1
Graphic Designer,graphic designer,unmatched,"Consultant, Graphic Design",1
Graphic Designer,graphic designer,matched,Associate UI/UX & Graphic Designer (B2B SaaS),1
Graphic Designer,graphic designer,matched,Junior AI Specialist - Graphic Designer,1
Graphic Designer,graphic designer,unmatched,Video & Motion Graphics Designer,1
Graphic Designer,graphic designer,unmatched,Graphic & Motion Designer,1
Graphic Designer,graphic designer,matched,Graphic Designer (Political),1
Graphic Designer,graphic designer,matched,GRAPHIC DESIGNER,1
Graphic Designer,graphic designer,matched,GRAPHIC DESIGNER D2C Ad Creatives Specialist,1
Graphic Designer,graphic designer,matched,Graphic Designer - Motion Graphics,1
Graphic Designer,graphic designer,matched,Creative Graphic Designer Intern,1
Graphic Designer,graphic designer,unmatched,AMS Offshore Graphics Designer,1
Graphic Designer,graphic designer,matched,Graphic Designer.,1
Graphic Designer,graphic designer,unmatched,Motion Graphics Designer & Video Editor,1
Graphic Designer,graphic designer,matched,Graphic Designer - Report Layouts and Visual Direction,1
Graphic Designer,graphic designer,matched,Senior Graphic Designer – Video  Static,1
Graphic Designer,graphic designer,matched,Graphic Designer - E-Commerce/Fashion/ Reels,1
Graphic Designer,graphic designer,matched,Creative Designer (Graphics & Video),1
Graphic Designer,graphic designer,matched,Environmental Graphic Designer - Wall Graphics,1
Graphic Designer,graphic designer,matched,Multimedia Graphic Designer,1
Graphic Designer,graphic designer,matched,Senior Motion Graphic Designer,1
Graphic Designer,graphic designer,matched,"Senior Graphic Designer (Brand Identity, Illustration & Social Media)",1
Graphic Designer,graphic designer,matched,"Junior Creative Designer (UI/UX, Graphics & Video Editing)",1
Graphic Designer,graphic designer,unmatched,Intern Graphic Design,1
Graphic Designer,graphic designer,unmatched,Graphics Designer intern & Video Editor Intern,1
Graphic Designer,graphic designer,matched,Graphic Designer- Remote,1
Graphic Designer,graphic designer,matched,Motion Graphic Designer Intern,1
Graphic Designer,graphic designer,matched,We are hiring a Graphic Designer in Ahmedabad.,1
Graphic Designer,graphic designer,matched,corporate Graphic Designer,1
Graphic Designer,graphic designer,matched,Motion Graphic Designer  Video Editor,1
Graphic Designer,graphic designer,matched,Graphic Designer and Multimedia Specialist,1
Graphic Designer,graphic designer,unmatched,Video Editor & Motion Graphics Designer,1
Graphic Designer,graphic designer,matched,Graphic Designer - Brand & Digital,1
Graphic Designer,graphic designer,unmatched,Marketing & Graphic Design Specialist,1
Graphic Designer,graphic designer,matched,Graphic Designer  Video Editor,1
Graphic Designer,graphic designer,matched,Graphic Designer & Video Editor (Fashion Brand),1
Graphic Designer,graphic designer,matched,Analyst Graphic Designer VM,1
Graphic Designer,graphic designer,matched,Graphic Designer (InDesign Expert),1
Graphic Designer,graphic designer,matched,AI Graphic Designer  Video Editor,1
Graphic Designer,graphic designer,matched,Mid-Level Graphic Designer,1
Graphic Designer,graphic designer,matched,Graphic Designer - Real Estate,1
Graphic Designer,graphic designer,matched,Graphic Designer / Sr. Graphic Designer,1
Graphic Designer,graphic designer,unmatched,Manager - Graphics Design,1
Graphic Designer,graphic designer,matched,Graphic Designer - Creative,1
Graphic Designer,graphic designer,unmatched,CPB - Graphic Design Intern,1
Graphic Designer,graphic designer,unmatched,Manager – Graphics Design,1
Graphic Designer,graphic designer,matched,Graphic Designer & Video editor,1
Graphic Designer,graphic designer,matched,Video Editor & Graphic Designer,1
Graphic Designer,graphic designer,matched,Graphic Designer – Corporate Communications,1
Graphic Designer,graphic designer,matched,Graduate Trainee- Graphic Designer,1
Graphic Designer,graphic designer,matched,Graphic Designer Intern – CorelDRAW,1
Graphic Designer,graphic designer,unmatched,Graphics Designer & Video Editor,1
Graphic Designer,graphic designer,unmatched,Graphic Design Specialist - WebOps,1
Graphic Designer,graphic designer,unmatched,Graphic Design Intern — Brand & Visual Communication,1
Graphic Designer,graphic designer,matched,Art Director/ Graphic Designer- Creative Advertising Agency- Andheri East Mumbai,1
Graphic Designer,graphic designer,matched,Graphic Designer Executive,1
Graphic Designer,graphic designer,unmatched,Graphic Design Contractor,1
Graphic Designer,graphic designer,matched,"Graphic Designer, Andheri East",1
Graphic Designer,graphic designer,unmatched,Video Editor & Graphics Designer,1
Graphic Designer,graphic designer,matched,"Managing Consultant, Graphic Designer",1
Graphic Designer,graphic designer,matched,Senior Graphic designer,1
Graphic Designer,graphic designer,matched,Graphic Designer (Marketing),1
Graphic Designer,graphic designer,matched,"Hiring Immediately Graphic Designer For An Aviation Academy Located In Bengaluru, Karnataka 560015 - ( Job ID - 24268)",1
Graphic Designer,graphic designer,matched,Sr. Graphic Designer || Skadoosh (Mumbai),1
Graphic Designer,graphic designer,matched,Graphic Designer for Web Design & Social Media,1
Graphic Designer,graphic designer,matched,ASIGN - Graphic Designer,1
Graphic Designer,graphic designer,unmatched,Marketing & Brand Graphics Designer,1
Graphic Designer,graphic designer,unmatched,Motion Graphics Designer (Remote),1
Graphic Designer,graphic designer,matched,Graphic Designer -Indesign & Coreldraw (Rohini),1
Graphic Designer,graphic designer,matched,Graphic Designer - Fully Remote,1
Graphic Designer,graphic designer,matched,Graphic Designer (Apparel/Clothing) - Part-Time,1
Graphic Designer,graphic designer,matched,"Graphic Designer, Motion Graphics & Video Editor – Interns",1
Graphic Designer,graphic designer,matched,Sr. Graphic Designer | Wellness Brand,1
Graphic Designer,graphic designer,unmatched,Media & Graphics Design Assoc Manager,1
Graphic Designer,graphic designer,unmatched,Media & Graphics Design Manager,1
Graphic Designer,graphic designer,unmatched,Media & Graphics Design Specialist,1
Graphic Designer,graphic designer,unmatched,Graphic Design Intern- Founder’s Office,1
Graphic Designer,graphic designer,matched,Lead/Senior Graphic Designer,1
Graphic Designer,graphic designer,matched,"Junior Graphic Designer - NIFT, NID and Design school graduates",1
Graphic Designer,graphic designer,unmatched,Social Media - Graphic Designers,1
Graphic Designer,graphic designer,matched,Amazon Listings Graphic Designer,1
Graphic Designer,graphic designer,matched,Graphic Designer- Resolve Events,1
Graphic Designer,graphic designer,matched,Graphic designer-Packaging,1
Graphic Designer,graphic designer,matched,Graphic Designer - Goregaon - 4.2 LPA,1
Graphic Designer,graphic designer,matched,Motion Graphic Designer & Video Editor,1
Graphic Designer,graphic designer,matched,Graphic Designer - Intern,1
Graphic Designer,graphic designer,matched,Visual / Graphic Designer,1
Graphic Designer,graphic designer,matched,Creative Designer (Motion Graphics),1
Graphic Designer,graphic designer,unmatched,Senior Executive - Graphic Design,1
Graphic Designer,graphic designer,matched,Senior Graphic & Visual Designer,1
Graphic Designer,graphic designer,unmatched,Senior Motion Graphics Designer - India,1
Graphic Designer,graphic designer,unmatched,Graphics Design Intern,1
Graphic Designer,graphic designer,matched,Fashion & Graphic Designer,1
Graphic Designer,graphic designer,matched,Senior Analyst Graphic Designer - Val,1
Graphic Designer,graphic designer,matched,Mid-Senior Graphic Designer,1
Graphic Designer,graphic designer,matched,Graphic Designer - Digital,1
Graphic Designer,graphic designer,matched,Graphic Designer Multitasking Wizard,1
Graphic Designer,graphic designer,matched,Environmental Graphic Designer,1
Graphic Designer,graphic designer,matched,Graphic Designer - Associate,1
Graphic Designer,graphic designer,unmatched,Graphic and Pitch Deck Designer,1
Graphic Designer,graphic designer,matched,Executive- Graphic Designer,1
Graphic Designer,graphic designer,matched,Senior Graphic Designer (Remote),1
Graphic Designer,graphic designer,unmatched,Associate Director - Digital Media & Graphic Design,1
Graphic Designer,graphic designer,unmatched,"Associate-Brand, Marketing & Communication- Graphic Design",1
Graphic Designer,graphic designer,unmatched,"Product & Graphic Design Intern (CAD, Packaging, UI)",1
Graphic Designer,graphic designer,matched,Senior Executive/ Assistant Manager - Graphic Designer,1
Graphic Designer,graphic designer,unmatched,Graphics & Figma Designer,1
Graphic Designer,graphic designer,matched,Graphic Designer-Garment/sportswear industry,1
Graphic Designer,graphic designer,matched,Graphic Designer- Mumbai,1
Graphic Designer,graphic designer,matched,Graphic Designer-Artwork & Packaging Designer,1
Graphic Designer,graphic designer,unmatched,"Motion Graphics Designer (2D, 3D & Video)",1
Graphic Designer,graphic designer,unmatched,"Specialist - Brand, Marketing & Communication- Graphic Design",1
Graphic Designer,graphic designer,matched,GRAPHIC DESIGNER/ART DIRECTOR,1
Graphic Designer,graphic designer,matched,GRAPHIC DESIGNER - Remote,1
Graphic Designer,graphic designer,unmatched,Video Editer & Motion Graphics Designer,1
Graphic Designer,graphic designer,matched,Graphic Designer - Freelancer,1
Graphic Designer,graphic designer,matched,Analyst Graphic Designer - Val,1
Graphic Designer,graphic designer,matched,Associate Graphic Designer,1
Graphic Designer,graphic designer,unmatched,Freelance Graphic Web Designer,1
Graphic Designer,graphic designer,matched,GRAPHIC DESIGNER  VIDEO EDITOR INTERN,1
Graphic Designer,graphic designer,matched,Graphic Designer — Volunteer,1
Graphic Designer,graphic designer,unmatched,Sr . Graphics Designer,1
Graphic Designer,graphic designer,matched,Graphic Designer for Social Media,1
Graphic Designer,graphic designer,matched,"Graphic Designer – Brand, Packaging & Social Media",1
Graphic Designer,graphic designer,matched,2D Graphic Designer,1
Graphic Designer,graphic designer,matched,Web Graphic Designer,1
Graphic Designer,graphic designer,matched,"Urgent Job Opening for Graphic Designer, Surat",1
Graphic Designer,graphic designer,matched,Graphic Designer / Illustrator,1
Graphic Designer,graphic designer,matched,Web and Graphic Designer,1
Graphic Designer,graphic designer,matched,Team Lead Graphic Designer,1
Graphic Designer,graphic designer,matched,Executive Graphic Designer,1
Graphic Designer,graphic designer,matched,We Are Hiring Graphic Designer Cum Branding Executive,1
Graphic Designer,graphic designer,matched,Video Editor cum Graphic Designer,1
Graphic Designer,graphic designer,matched,User Experience / User Interaction Graphic Designer,1
Graphic Designer,graphic designer,unmatched,Instructional/Graphic Design Management Consultant,1
Graphic Designer,graphic designer,matched,Graphic Designer Marketing and Design,1
Graphic Designer,graphic designer,matched,Visual Designer (Graphic Design  Photo Retoucher),1
Graphic Designer,graphic designer,matched,Marketing Content & Graphic Designer,1
Graphic Designer,graphic designer,unmatched,Senior Business Execution Consultant - Graphic Design,1
Graphic Designer,graphic designer,matched,Lead - Graphic Designer (Static),1
Graphic Designer,graphic designer,unmatched,Lead- graphics Design || ACT Fibernet,1
Graphic Designer,graphic designer,matched,Sr Graphic Designer,1
Graphic Designer,graphic designer,matched,Graphic Designer / Video Editor,1
Graphic Designer,graphic designer,mapped:UX Designer,Sr . Graphics UI / UX Designer,1
Graphic Designer,graphic designer,unmatched,Team Manager - Graphics Designing (Reprography),1
Graphic Designer,graphic designer,matched,Graphic Designer - Real Estate Industry,1
Graphic Designer,graphic designer,matched,Graphic Designer – Fashion Industry,1
Graphic Designer,graphic designer,matched,UX/UI Graphic Designer - Chandigarh,1
Graphic Designer,graphic designer,matched,Graphic Designer – Motion Graphics & Video Editing,1
Graphic Designer,graphic designer,matched,Graphic Designer/ Brand identity,1
Graphic Designer,graphic designer,unmatched,Graphic Design Specialist,1
Graphic Designer,graphic designer,matched,Graphic Designer / 3D Visualizer / Video Editor,1
Graphic Designer,graphic designer,matched,Graphic Designer II,1
Graphic Designer,graphic designer,unmatched,Graphics designer And video editor,1
Graphic Designer,graphic designer,unmatched,Senior Graphic & Digital Designer,1
Graphic Designer,graphic designer,matched,"Senior Graphic Designer (B2C/D2C/Consumer product,",1
Graphic Designer,graphic designer,matched,Creative Designer (Graphic Design and Video Editing),1
Graphic Designer,graphic designer,matched,Graphic Designer - 1/2,1
Graphic Designer,graphic designer,matched,Associate Principal Graphic Designer,1
Graphic Designer,graphic designer,unmatched,Graphic Design Intern — D2C,1
Graphic Designer,visual designer,matched,Visual Designer,14
Graphic Designer,visual designer,matched,"Visual Designer Key Art Dev, GSS Creative Studio",4
Graphic Designer,visual designer,unmatched,Visual Design Associate,3
Graphic Designer,visual designer,unmatched,Visual Communication Designer,3
Graphic Designer,visual designer,matched,Senior Visual Designer,3
Graphic Designer,visual designer,matched,"Visual Designer, Display Creative Services",3
Graphic Designer,visual designer,unmatched,Principal Designer - AI & Visualization,3
Graphic Designer,visual designer,unmatched,Visual Design Senior Analyst,2
Graphic Designer,visual designer,unmatched,Visual Design Analyst,2
Graphic Designer,visual designer,unmatched,Senior Visual Communication Designer,2
Graphic Designer,visual designer,unmatched,"Visual Design Associate, Amazon Autos",2
Graphic Designer,visual designer,unmatched,Visual Merchandiser Designer,2
Graphic Designer,visual designer,unmatched,"Visual Design Associate, Optimus Design",2
Graphic Designer,visual designer,unmatched,Visual Media Designer -Lokal Jobs,1
Graphic Designer,visual designer,unmatched,Audio Visual Design Engineer,1
Graphic Designer,visual designer,matched,Lead Visual Designer,1
Graphic Designer,visual designer,matched,Graphic Designer - Report Layouts and Visual Direction,1
Graphic Designer,visual designer,matched,AI Visual Designer,1
Graphic Designer,visual designer,unmatched,Graphic Design Intern — Brand & Visual Communication,1
Graphic Designer,visual designer,matched,Brand Visual Designer,1
Graphic Designer,visual designer,matched,Brand Advertising & Visual Designer,1
Graphic Designer,visual designer,matched,Sr Visual Designer,1
Graphic Designer,visual designer,unmatched,Sr. Designer - Visual Design 4B,1
Graphic Designer,visual designer,matched,UI/UX & Visual Designer Engineer,1
Graphic Designer,visual designer,matched,Product Visual Designer,1
Graphic Designer,visual designer,matched,Visual Designer (2-4 years),1
Graphic Designer,visual designer,unmatched,Visual design Associate,1
Graphic Designer,visual designer,matched,Visual / Graphic Designer,1
Graphic Designer,visual designer,matched,Senior Graphic & Visual Designer,1
Graphic Designer,visual designer,unmatched,Visualization Designer,1
Graphic Designer,visual designer,unmatched,Senior Experiential Designer & Visualizer,1
Graphic Designer,visual designer,matched,Visual Designer - Platform,1
Graphic Designer,visual designer,matched,Visual Designer (Graphic Design  Photo Retoucher),1
Graphic Designer,visual designer,unmatched,Visual and Multimedia Designer,1
Graphic Designer,visual designer,matched,Graphic Designer / 3D Visualizer / Video Editor,1
Graphic Designer,visual designer,unmatched,Design Visualization Lead,1
Graphic Designer,visual designer,unmatched,Principal Designer – AI & Visualization,1
Graphic Designer,visual designer,matched,Lead Digital Visual Designer,1
Graphic Designer,visual designer,matched,Senior Marketing Visual Designer,1
Graphic Designer,visual designer,unmatched,"GTM Support - Content, Design & Visualization",1
Graphic Designer,visual designer,matched,Sr. Visual Designer,1
Graphic Designer,creative designer,matched,Creative Designer,9
Graphic Designer,creative designer,matched,Creative Graphic Designer,4
Graphic Designer,creative designer,unmatched,"Design Executive , Prime Video : Creative Marketing",3
Graphic Designer,creative designer,matched,"Visual Designer, Display Creative Services",3
Graphic Designer,creative designer,unmatched,Creative Design Director,2
Graphic Designer,creative designer,unmatched,Designer - Creative Design 4A,2
Graphic Designer,creative designer,unmatched,Creative Marketing Designer,2
Graphic Designer,creative designer,matched,Senior Creative Designer,2
Graphic Designer,creative designer,unmatched,Creative Video Designer,2
Graphic Designer,creative designer,unmatched,Sr Mgr Creative Production Design,1
Graphic Designer,creative designer,unmatched,Design Manager – AI & Creative,1
Graphic Designer,creative designer,unmatched,Creative Design Partner,1
Graphic Designer,creative designer,matched,"Growth Creative Designer, International",1
Graphic Designer,creative designer,matched,GRAPHIC DESIGNER D2C Ad Creatives Specialist,1
Graphic Designer,creative designer,matched,Creative Graphic Designer Intern,1
Graphic Designer,creative designer,unmatched,Sr. Designer - Creative Design 4B,1
Graphic Designer,creative designer,matched,Performance Creative Designer (UI / UX),1
Graphic Designer,creative designer,matched,Creative Designer (Graphics & Video),1
Graphic Designer,creative designer,unmatched,Senior Associate Creative Design O&O Ecommerce,1
Graphic Designer,creative designer,matched,Creative designer,1
Graphic Designer,creative designer,matched,"Junior Creative Designer (UI/UX, Graphics & Video Editing)",1
Graphic Designer,creative designer,matched,Assistant Manager - Creative Designer,1
Graphic Designer,creative designer,matched,Creative Designer – Marketing & Brand,1
Graphic Designer,creative designer,unmatched,Senior Creative Partner- Design,1
Graphic Designer,creative designer,matched,Graphic Designer - Creative,1
Graphic Designer,creative designer,matched,Senior Brand & Creative Designer,1
Graphic Designer,creative designer,matched,Art Director/ Graphic Designer- Creative Advertising Agency- Andheri East Mumbai,1
Graphic Designer,creative designer,unmatched,Intern - Creative Design,1
Graphic Designer,creative designer,ambiguous_multi,Sr. Creative Designer (Performance Marketing) - Static & Motion,1
Graphic Designer,creative designer,ambiguous_multi,"Sr. Creative Designer, Performance Marketing - Kraken Consumer",1
Graphic Designer,creative designer,unmatched,Senior Creative Design / Pursuit Design opportunity,1
Graphic Designer,creative designer,unmatched,Designer (Creative Support)- 2D,1
Graphic Designer,creative designer,unmatched,"Creative Experience Designer (Events & Brand Experience), Location: Kolkata",1
Graphic Designer,creative designer,matched,Creative Designer and Sr. Creative Designer (Night Shift),1
Graphic Designer,creative designer,unmatched,2D Designer (Creative Support),1
Graphic Designer,creative designer,matched,Junior Creative Designer,1
Graphic Designer,creative designer,matched,AI Creative Designer,1
Graphic Designer,creative designer,matched,Creative Designer (Motion Graphics),1
Graphic Designer,creative designer,unmatched,Creative Design Strategist,1
Graphic Designer,creative designer,matched,Creative Designer Growth,1
Graphic Designer,creative designer,matched,Video Editor/Creative Designer,1
Graphic Designer,creative designer,unmatched,Creative Content Designer,1
Graphic Designer,creative designer,unmatched,Creative Interactive Designer,1
Graphic Designer,creative designer,unmatched,WeblineIndia - Creative Web Designer,1
Graphic Designer,creative designer,unmatched,Creative Design Intern,1
Graphic Designer,creative designer,unmatched,Manager-Creative Design & Content,1
Graphic Designer,creative designer,unmatched,Creative Director (Creative Design Leadership),1
Graphic Designer,creative designer,matched,Creative Designer (Graphic Design and Video Editing),1
Graphic Designer,creative designer,unmatched,Creative Design Lead,1
Graphic Designer,creative designer,unmatched,Associate Creative Director - Design,1
Graphic Designer,creative designer,unmatched,"Ecommerce / Digital Designer (Beauty Brands, Creatives)",1
Graphic Designer,creative designer,unmatched,"Ecommerce / DIgital Designer (Beauty Brands, Creatives",1
Graphic Designer,creative designer,matched,Creative Designer – UI/UX & Multimedia,1
Graphic Designer,creative designer,matched,Senior Creative Designer/Design Strategist,1
Architect (contamination audit),architect,matched,Architect,12
Architect (contamination audit),architect,matched,Enterprise Architect,8
Architect (contamination audit),architect,matched,Security Architect,8
Architect (contamination audit),architect,matched,Technology Architect,6
Architect (contamination audit),architect,matched,Senior Architect,6
Architect (contamination audit),architect,matched,AI Architect,6
Architect (contamination audit),architect,matched,Junior Architect,5
Architect (contamination audit),architect,matched,Data Architect,5
Architect (contamination audit),architect,matched,Business Architect,4
Architect (contamination audit),architect,matched,Application Architect-Microsoft Business Applications,4
Architect (contamination audit),architect,matched,OCP Networking Architect,4
Architect (contamination audit),architect,matched,Business Solution Architect,3
Architect (contamination audit),architect,matched,AI Infrastructure Architect,3
Architect (contamination audit),architect,matched,Solution Architect,3
Architect (contamination audit),architect,matched,"Principal Solutions Architect, State and Local Government, Public Sector, India",3
Architect (contamination audit),architect,matched,Principal Digital Architect,3
Architect (contamination audit),architect,matched,Cybersecurity Architect,3
Architect (contamination audit),architect,matched,UI Architect,3
Architect (contamination audit),architect,matched,"Principal Architect, Data Architecture & Design",3
Architect (contamination audit),architect,matched,Principal Architect,3
Architect (contamination audit),architect,matched,BIM Architect,3
Architect (contamination audit),architect,matched,Enterprise Application Architect,3
Architect (contamination audit),architect,matched,Technical Architect,3
Architect (contamination audit),architect,matched,Data Architect - Data Engineering 4D,3
Architect (contamination audit),architect,matched,"Solutions Acceleration Architect, Google Cloud",3
Architect (contamination audit),architect,matched,Cloud Architect,2
Architect (contamination audit),architect,matched,Sr. Cloud Architect,2
Architect (contamination audit),architect,ambiguous_multi,Staff Software Engineer/ Solution Architect,2
Architect (contamination audit),architect,matched,AI/ML Architect,2
Architect (contamination audit),architect,matched,Principal Architect - Payments & Ledger,2
Architect (contamination audit),architect,matched,eCommerce Sr. Front End Architect,2
Architect (contamination audit),architect,matched,Large Language Model Architect,2
Architect (contamination audit),architect,matched,Data Platform Architect,2
Architect (contamination audit),architect,matched,Lead Data and AI Architect,2
Architect (contamination audit),architect,matched,Performance Engineering Architect,2
Architect (contamination audit),architect,matched,BPM Architect and Analyst,2
Architect (contamination audit),architect,matched,Architect (India Office),2
Architect (contamination audit),architect,matched,"Solutions Architect, IT Services",2
Architect (contamination audit),architect,matched,"Solutions Architect - GFS, AWS Industries India",2
Architect (contamination audit),architect,matched,Staff Enterprise Solutions Architect,2
Architect (contamination audit),architect,matched,Enterprise Technology Architect,2
Architect (contamination audit),architect,matched,Staff Data Architect,2
Architect (contamination audit),architect,matched,"Senior Solutions Architect – FSI Fintech, FSI SA",2
Architect (contamination audit),architect,matched,Data Architect III,2
Architect (contamination audit),architect,matched,AI Platform Architect,2
Architect (contamination audit),architect,matched,Senior Manager - SnowFlake Architect,2
Architect (contamination audit),architect,matched,Cloud Solution Architect - Power Platform,2
Architect (contamination audit),architect,matched,Sr. Cloud Solution Architect - Cloud & AI,2
Architect (contamination audit),architect,matched,ServiceNow Architect,2
Architect (contamination audit),architect,matched,Business Process Architect,2
Architect (contamination audit),architect,matched,Architect - Enterprise Application - SAP N 4D,2
Architect (contamination audit),architect,matched,Principal Solutions Architect – Data and Advanced Analytics,2
Architect (contamination audit),architect,matched,Principal SW Architect,2
Architect (contamination audit),architect,matched,Sr. Architect - Enterprise Application SAP S 3,2
Architect (contamination audit),architect,matched,Platform Integration:MuleSoft Architect / Administrator,2
Architect (contamination audit),architect,matched,Enterprise Infrastructure Architect,2
Architect (contamination audit),architect,matched,Staff Software Architect,2
Architect (contamination audit),architect,matched,Solution Architect / Platform Solution Architect,2
Architect (contamination audit),architect,matched,"Solution Architect, WMS",2
Architect (contamination audit),architect,ambiguous_multi,Data Architect - Staff Software Engineer,2
Architect (contamination audit),architect,matched,Architect - AI Business Solutions,2
Architect (contamination audit),architect,matched,Technical AI Architect / Principal AI Architect,2
Architect (contamination audit),architect,matched,AI Architect Senior Advisor,2
Architect (contamination audit),architect,matched,Teamcenter Architect,2
Architect (contamination audit),architect,matched,"Mgr, Solutions Architect",2
Architect (contamination audit),architect,matched,Sr Network Architect,2
Architect (contamination audit),architect,matched,"Sr. Solution Architect, Startups",2
Architect (contamination audit),architect,matched,Sr. Architect,2
Architect (contamination audit),architect,matched,"Customer Delivery Architect | 10 years exp, SP routing platforms, architectural and validation expertise",2
Architect (contamination audit),architect,matched,Data Architect I,1
Architect (contamination audit),architect,matched,"Associate Distinguished Engineer (AI Architect, Palantir)",1
Architect (contamination audit),architect,matched,Windchill Security Architect,1
Architect (contamination audit),architect,matched,Lead Enterprise Architect (Salesforce Architect),1
Architect (contamination audit),architect,matched,Netapp Architect,1
Architect (contamination audit),architect,matched,Azure Architect,1
Architect (contamination audit),architect,matched,Solution Architect – VP,1
Architect (contamination audit),architect,matched,Technical Architect - ServiceNow,1
Architect (contamination audit),architect,matched,Security Architect II - Weekend Shift,1
Architect (contamination audit),architect,matched,Solution Architect - Data and Analytics 4D,1
Architect (contamination audit),architect,matched,Technical Architect 4C,1
Architect (contamination audit),architect,matched,Solutions Architect (Managed Services),1
Architect (contamination audit),architect,matched,Principal Architect-UI Platforms,1
Architect (contamination audit),architect,matched,AI Engineering - Solutions Architect,1
Architect (contamination audit),architect,matched,Staff Data & Information Architect,1
Architect (contamination audit),architect,matched,SAP S/4HANA SD - Solution Architect,1
Architect (contamination audit),architect,matched,"Staff Consulting Architect - Virtualization, Automation",1
Architect (contamination audit),architect,matched,"Senior Solutions Architect, Agentic AI - Public Sector",1
Architect (contamination audit),architect,matched,Prin IT Architect - Azure & GCP,1
Architect (contamination audit),architect,matched,Lead Functional Architect,1
Architect (contamination audit),architect,matched,Lead Agentic & Automation Architect,1
Architect (contamination audit),architect,matched,Solutions Architect II - IAM,1
Architect (contamination audit),architect,matched,"Principal Engineer, SoC Architect",1
Architect (contamination audit),architect,matched,TECHNOLOGY ARCHITECT L1,1
Architect (contamination audit),architect,matched,AWS Solutions Architect,1
Architect (contamination audit),architect,matched,MicroStrategy Technical Architect / Administrator,1
Architect (contamination audit),architect,matched,Senior SAO Orchestration Architect â Cisco NSO,1
Architect (contamination audit),architect,matched,Data Architect - Supply Chain,1
Architect (contamination audit),architect,matched,AI Solutions Architect - CRM & AI Integration,1
Architect (contamination audit),architect,matched,Principal Architect- Architecture,1
Architect (contamination audit),architect,matched,Architect- Jr position /Assistant architect,1
Architect (contamination audit),architect,matched,SAP Data Platform Architect,1
Architect (contamination audit),architect,matched,Essbase Techno Functional Lead / Manager / Architect,1
Architect (contamination audit),architect,matched,Junior Architect - Architect Firm - T Nagar,1
Architect (contamination audit),architect,matched,AI Architect -Remote,1
Architect (contamination audit),architect,matched,SAP Data & Analytics Architect,1
Architect (contamination audit),architect,matched,AEP Technology Architect (8 yrs),1
Architect (contamination audit),architect,matched,Identity Threat & Exposure (ITDR / ISPM) Service Architect,1
Architect (contamination audit),architect,matched,Lead System Architect - Pega LSA,1
Architect (contamination audit),architect,matched,CPU Verification Infrastructure Tools Architect,1
Architect (contamination audit),architect,matched,GPU Performance Modelling Architect,1
Architect (contamination audit),architect,matched,Machine Identity Service Architect,1
Architect (contamination audit),architect,matched,Principal Analog & Mixed-Signal (AMS) Architect | Silicon Design Lead,1
Architect (contamination audit),architect,matched,Senior Interior Designer/Interior Architect,1
Architect (contamination audit),architect,matched,Data Architect-Pan India,1
Architect (contamination audit),architect,matched,4407- Associate Director - Solution Architect,1
Architect (contamination audit),architect,matched,IT HCM Solution Architect,1
Architect (contamination audit),architect,matched,PRODUCT ARCHITECT L1,1
Architect (contamination audit),architect,matched,PRINCIPAL ARCHITECT - Enterprise Architecture,1
Architect (contamination audit),architect,matched,Solution Architect - Infrastructure Consulting,1
Architect (contamination audit),architect,matched,Servicenow solution architect,1
Architect (contamination audit),architect,matched,Application Architect-Java-Associate Architect,1
Architect (contamination audit),architect,matched,"Solution Architect, ISV, AGS-APJ-India-ISV-SA",1
Architect (contamination audit),architect,matched,Solution Architect 4C,1
Architect (contamination audit),architect,matched,Project Sales Manager – Architects & Projects,1
Architect (contamination audit),architect,matched,Principal Data Engineering Architect,1
Architect (contamination audit),architect,matched,Senior Data Architect - Fully Remote Opportunity,1
Architect (contamination audit),architect,matched,Resident solution architect,1
Architect (contamination audit),architect,matched,Tech Architect/Lead â Node.js ( React & Angular) (Full Stack),1
Architect (contamination audit),architect,matched,Service Delivery Automation Architect,1
Architect (contamination audit),architect,matched,Lead System Architect,1
Architect (contamination audit),architect,matched,Section Engineer-Architect-1,1
Architect (contamination audit),architect,matched,INFRASTRUCTURE AND PLATFORM ARCHITECT L2,1
Architect (contamination audit),architect,matched,AI ML Solution Architect,1
Architect (contamination audit),architect,matched,Senior Security Architect,1
Architect (contamination audit),architect,matched,SYSTEMS HARDWARE ARCHITECT L2,1
Architect (contamination audit),architect,matched,"Senior Solutions Architect - FSI Fintech, FSI SA",1
Architect (contamination audit),architect,matched,Lead Landscape Architect,1
Architect (contamination audit),architect,matched,Principal Landscape Architect - Architecture,1
Architect (contamination audit),architect,matched,Senior Solution Architect – Global DTC Technology,1
Architect (contamination audit),architect,matched,BIM Architect. Iconic project in Mumbai.,1
Architect (contamination audit),architect,matched,Building Architect/ Draftsman,1
Architect (contamination audit),architect,matched,LeanIx Technical Architect,1
Architect (contamination audit),architect,matched,Saviynt Architect / Principal Tech Consultant,1
Architect (contamination audit),architect,matched,Lead Security Solution Architect for Banking,1
Architect (contamination audit),architect,matched,Interesting Job Opportunity: Technical Architect - Java/Spring Boot,1
Architect (contamination audit),architect,matched,Solution Architect - JAVA,1
Architect (contamination audit),architect,matched,AWS Data Architect,1
Architect (contamination audit),architect,matched,Sr Solution Architect,1
Architect (contamination audit),architect,matched,Salesforce Developer –Salesforce Architect,1
Architect (contamination audit),architect,matched,"Assistant Vice President, Specialist, Architect, Technology and Operations",1
Architect (contamination audit),architect,matched,Data Archiving Architect,1
Architect (contamination audit),architect,matched,Senior Partner Solutions Architect,1
Architect (contamination audit),architect,matched,D365 Technical Architect - Manager,1
Architect (contamination audit),architect,matched,Sr. Partner Solutions Architect,1
Architect (contamination audit),architect,matched,Cloud Solution Architect - Azure Infra,1
Architect (contamination audit),architect,matched,RIS Song Solution Architect Associate Director,1
Architect (contamination audit),architect,matched,RIS SAP Solution Architect Manager,1
Architect (contamination audit),architect,matched,Sr. Data Architect (Databricks),1
Architect (contamination audit),architect,matched,Sr Architect,1
Architect (contamination audit),architect,matched,SharePoint Architect,1
Architect (contamination audit),architect,matched,Network Architect,1
Architect (contamination audit),architect,matched,Architect / Architectural Designer,1
Architect (contamination audit),architect,matched,Senior Enterprise Architect,1
Architect (contamination audit),architect,matched,"Gen AI GCP Architect - Senior Manager- Bangalore, Gurgaon, Hyderabad",1
Architect (contamination audit),architect,matched,UX Design Architect - MERN Stack,1
Architect (contamination audit),architect,matched,Data Architect - Systems Integration Senior Specialist,1
Architect (contamination audit),architect,matched,Solution Architect-Data Platforms,1
Architect (contamination audit),architect,matched,Application Architect-SAP Enterprise Integration,1
Architect (contamination audit),architect,matched,Sr Staff AI Architect - Strategic Programs,1
Architect (contamination audit),architect,matched,"Solutions Architect, ISV",1
Architect (contamination audit),architect,matched,Assistant Landscape Architect - Architecture,1
Architect (contamination audit),architect,matched,AI Tech Architect,1
Architect (contamination audit),architect,matched,Infrastructure Architect,1
Architect (contamination audit),architect,matched,Junior Architect Bangalore,1
Architect (contamination audit),architect,matched,Platform Architect,1
Architect (contamination audit),architect,matched,Wayfinding Architect,1
Architect (contamination audit),architect,matched,"Principal I, Advance IT Analysis (Gen AI Architect/Lead AI Engineer)",1
Architect (contamination audit),architect,matched,"Associate Solutions Architect, IT Services",1
Architect (contamination audit),architect,matched,GSC Intelligence Senior Data Architect,1
Architect (contamination audit),architect,matched,Architect - NCR,1
Architect (contamination audit),architect,matched,Senior lead Mainframe/ Solution Architect 10-12 Yrs,1
Architect (contamination audit),architect,matched,Ccm Solution Architect,1
Architect (contamination audit),architect,matched,Principal Systems Architect (Medical Devices - Hardware),1
Architect (contamination audit),architect,matched,RIS Solution Architect Senior Manager,1
Architect (contamination audit),architect,matched,Solutions Architect - Data Engineering,1
Architect (contamination audit),architect,matched,"SAP Technical Architect - ABAP Developer, specialization in SAP eWM & TM",1
Architect (contamination audit),architect,matched,Azure Cloud Architect,1
Architect (contamination audit),architect,matched,Private Cloud AI Solutions Architect,1
Architect (contamination audit),architect,matched,"Application Security Architect, Cybersecurity",1
Architect (contamination audit),architect,matched,Architect - R01571684,1
Architect (contamination audit),architect,matched,"AD, Azure AD and PKI Architect",1
Architect (contamination audit),architect,matched,Data Modernization Solution Architect Manager,1
Architect (contamination audit),architect,matched,Software Download OTA Architect,1
Architect (contamination audit),architect,matched,Architect - Traffic and Security,1
Architect (contamination audit),architect,matched,Architect - R01571675,1
Architect (contamination audit),architect,matched,Architect - Chennai,1
Architect (contamination audit),architect,matched,IN_Director_Enterprise Transformation Architect _DA-Central_Advisory_Bangalore,1
Architect (contamination audit),architect,matched,SAP Solution Architect,1
Architect (contamination audit),architect,matched,Java Solution Architect,1
Architect (contamination audit),architect,matched,Principal Architect - Chromium,1
Architect (contamination audit),architect,matched,Cloud Solution Architect – Enterprise AI Infrastructure & FinOps,1
Architect (contamination audit),architect,matched,Principal Oracle Health Integration Architect,1
Architect (contamination audit),architect,matched,Research Architect - Yocto,1
Architect (contamination audit),architect,matched,Test Architect,1
Architect (contamination audit),architect,matched,Senior PHP Laravel Backend Engineer / ERP Architect – Scalable ERP & Microservices,1
Architect (contamination audit),architect,matched,BIM Architect -Fire & Life Safety,1
Architect (contamination audit),architect,matched,"Sr.Solution Architect, D&T ,SAP BODS",1
Architect (contamination audit),architect,matched,"Advanced Specialist, Enterprise Architect - (AI Systems & Distributed Engineering)",1
Architect (contamination audit),architect,matched,Braze Solution Architect,1
Architect (contamination audit),architect,matched,"Lead Network Architect (Cisco, F5, Palo Alto)",1
Architect (contamination audit),architect,matched,"Sr. Solutions Architect, Edwin AI",1
Architect (contamination audit),architect,matched,Application Architect-AWS Cloud Migration,1
Architect (contamination audit),architect,matched,Sr Staff Cyber Security Architect,1
Architect (contamination audit),architect,matched,Solution Architect - Mainframe modernization -SM /AD Level,1
Architect (contamination audit),architect,matched,"ARCHITECT – PLANNING, DEVELOPMENT CONTROL & STATUTORY APPROVALS",1
Architect (contamination audit),architect,matched,GCP Solution Architect role,1
Architect (contamination audit),architect,matched,Deputy General Manager - Principal Innovation Architect,1
Architect (contamination audit),architect,matched,Data Architect- Snowflake,1
Architect (contamination audit),architect,matched,Lead ServiceNow Architect,1
Architect (contamination audit),architect,matched,Network Platform Architect & Product Engineer,1
Architect (contamination audit),architect,matched,Architect – Commercial & Retail Projects,1
Architect (contamination audit),architect,matched,Cloud Architect (AWS & GCP)- CCOE,1
Architect (contamination audit),architect,matched,SAP Analytics Architect - BOLD Program,1
Architect (contamination audit),architect,matched,Five9 Contact Center Solutions Architect,1
Architect (contamination audit),architect,matched,Java Architect,1
Architect (contamination audit),architect,matched,Historian Technical Architect | Pharma Manufacturing,1
Architect (contamination audit),architect,matched,SAP ABAP SENIOR TECHNOLOGY ARCHITECT,1
Architect (contamination audit),architect,matched,Lead Solution Architect - Veeva Vault PromoMats,1
Architect (contamination audit),architect,matched,Pre-Sales Solution Architect,1
Architect (contamination audit),architect,matched,Digital Solution Architect,1
Architect (contamination audit),architect,matched,"Architect, Apps & AI",1
Architect (contamination audit),architect,matched,Cloud Solution Architect - Data & AI,1
Architect (contamination audit),architect,matched,Senior Lead - Software Architect,1
Architect (contamination audit),architect,matched,Global Senior Enterprise Architect,1
Architect (contamination audit),architect,matched,Architect - Cloud Technologies N 4D,1
Architect (contamination audit),architect,matched,Dynamics 365 Architect,1
Architect (contamination audit),architect,matched,Solution Architect Manager,1
Architect (contamination audit),architect,matched,Architect - Data & AI,1
Architect (contamination audit),architect,matched,Project Architect,1
Architect (contamination audit),architect,matched,Java Solution Architect - Vadodara,1
Architect (contamination audit),architect,ambiguous_multi,Data Architect / Senior Business Analyst/Architect,1
Architect (contamination audit),architect,matched,Sr Staff AI Architect – Strategic Programs,1
Architect (contamination audit),architect,matched,Software Architect (TCF),1
Architect (contamination audit),architect,matched,FuSa SW Architect_ISO 26262,1
Architect (contamination audit),architect,matched,ESM Architect,1
Architect (contamination audit),architect,matched,Principal Security Architect,1
Architect (contamination audit),architect,matched,Architect - R01571518,1
Architect (contamination audit),architect,matched,Solutions Architect (Mumbai or Bengaluru),1
Architect (contamination audit),architect,matched,QA Architect,1
Architect (contamination audit),architect,matched,Application Architect,1
Architect (contamination audit),architect,matched,Insurance Product Solution Architect,1
Architect (contamination audit),architect,matched,Workday SCM Architect,1
Architect (contamination audit),architect,matched,Architect Data Architecture,1
Architect (contamination audit),architect,matched,Solutions Architect - Azure Delivery,1
Architect (contamination audit),architect,matched,Cloud - Architect,1
Architect (contamination audit),architect,matched,Lead SAP Technology Architect (all genders) - India,1
Architect (contamination audit),architect,matched,Digital Architect Manager,1
Architect (contamination audit),architect,matched,Solutions Architect-3,1
Architect (contamination audit),architect,matched,Technical Solution Architect – IoT,1
Architect (contamination audit),architect,matched,EY - GDS Consulting - AI And DATA - Azure Data Architect - Manager,1
Architect (contamination audit),architect,matched,Solution Architect – AWS,1
Architect (contamination audit),architect,matched,APPLICATION ARCHITECT L1,1
Architect (contamination audit),architect,matched,AI Solutions Architect,1
Architect (contamination audit),architect,matched,Java Architect / Technical Architect,1
Architect (contamination audit),architect,matched,EUC - Digital Workplace Architect – DEX,1
Architect (contamination audit),architect,matched,Adobe Enterprise Architect,1
Architect (contamination audit),architect,matched,Cloud Infrastructure Architect - CI/CD & Platform Engineering,1
Architect (contamination audit),architect,matched,Enterprise Security Architect - Agentic AI Platform Security,1
Architect (contamination audit),architect,matched,AI Architect Lead Advisor,1
Architect (contamination audit),architect,matched,Cloud Solution Architect - Security,1
Architect (contamination audit),architect,matched,AWS - Data Architect - LS - CWR,1
Architect (contamination audit),architect,matched,Architect 2,1
Architect (contamination audit),architect,matched,Sr Associate SAP Architect - Warehouse Management,1
Architect (contamination audit),architect,matched,"Architect,Salesforce",1
Architect (contamination audit),architect,matched,Senior Solution Architect – Google SecOps,1
Architect (contamination audit),architect,matched,Senior Design Manager /Architect in Bangalore,1
Architect (contamination audit),architect,matched,Associate Project Architect,1
Architect (contamination audit),architect,matched,Senior Technical Architect-Java,1
Architect (contamination audit),architect,matched,Network Solution Architect,1
Architect (contamination audit),architect,matched,Senior Technical Architect,1
Architect (contamination audit),architect,matched,Gen AI Architect,1
Architect (contamination audit),architect,matched,System Architect,1
Architect (contamination audit),architect,matched,Sr. Business Process Architect,1
Architect (contamination audit),architect,matched,EY - GDS Consulting - AI and DATA - Azure Data Architect - Manager,1
Architect (contamination audit),architect,matched,Mainframe Infrastructure Solution Architect,1
Architect (contamination audit),architect,matched,Enterprise Architect - Java,1
Architect (contamination audit),architect,matched,Commercial Service Architect - Order to Cash,1
Architect (contamination audit),architect,matched,Architect – Azure DR -Lead,1
Architect (contamination audit),architect,matched,Solution Architect – Data and Artificial Intelligence,1
Architect (contamination audit),architect,matched,Enterprise Data Architect,1
Architect (contamination audit),architect,matched,z/OS System Programmer / Architect,1
Architect (contamination audit),architect,matched,RTL Design Leads/Architect | 9-12yrs,1
Architect (contamination audit),architect,matched,SAP PP/QM - Functional Sr/Lead/Architect - BLR/HYD/PUN,1
Architect (contamination audit),architect,matched,SAP S/4 HANA Solution Architect,1
Architect (contamination audit),architect,matched,Pega Senior System Architect,1
Architect (contamination audit),architect,matched,Amazon Robotics||Teamcenter||Teamcenter Integration Solution Architect,1
Architect (contamination audit),architect,matched,Caterpillar_Architect_CAD And Visualization_C2,1
Architect (contamination audit),architect,matched,Caterpillar_TC Architect 1_C2,1
Architect (contamination audit),architect,matched,Windchill Architect,1
Architect (contamination audit),architect,matched,OpenLink Endur Front Office Solution Architect,1
Architect (contamination audit),architect,matched,Solution Architect SCPO Enterprise Supply Planning(ESP)/IO supply,1
Architect (contamination audit),architect,matched,Business Intelligence (BI) Team Lead & Architect,1
Architect (contamination audit),architect,matched,Fullstack Software Architect,1
Architect (contamination audit),architect,matched,Application Architect .Net -Lead Architect,1
Architect (contamination audit),architect,matched,PCIe design Architect,1
Architect (contamination audit),architect,matched,Lead Architect - BSA,1
Architect (contamination audit),architect,matched,Associate Director - HPC Infrastructure Architect,1
Architect (contamination audit),architect,matched,Lead Solution Architect - F&A,1
Architect (contamination audit),architect,matched,Principal Compiler Architect,1
Architect (contamination audit),architect,matched,SAP Basis Architect (SAP RISE) - Senior Manager,1
Architect (contamination audit),architect,matched,SAP Manufacturing and Quality Solution Architect,1
Architect (contamination audit),architect,matched,Enterprise Architect - VP,1
Architect (contamination audit),architect,matched,SAP Finance and Controlling Solution Architect,1
Architect (contamination audit),architect,matched,Architect & Estimation Excellence - Manager,1
Architect (contamination audit),architect,matched,Architect - System Performance Verification and Analysis,1
Architect (contamination audit),architect,matched,Architect/Delivery Lead- Senior Manager,1
Architect (contamination audit),architect,matched,Headless CMS Solutions Architect,1
Architect (contamination audit),architect,matched,Security Domain Architect: Identity and Access Management,1
Architect (contamination audit),architect,matched,IN_Senior Associate _IRM Architect_ GCC_ Advisory_Pune,1
Architect (contamination audit),architect,matched,"Senior Architect, Fusion (India)",1
Architect (contamination audit),architect,matched,Principal Presales Solution Architect - ServiceNow ESM,1
Architect (contamination audit),architect,matched,Senior Staff Security Architect,1
Architect (contamination audit),architect,matched,Senior Principal Architect : Ads Trust & Safety AI Platform,1
Architect (contamination audit),architect,ambiguous_multi,Azure Data Engineer - Manager/Architect,1
Architect (contamination audit),architect,matched,Lead Architect: Product Engineer,1
Architect (contamination audit),architect,matched,Associate Consultant / Manager Consulting Expert - DevOps Architect,1
Architect (contamination audit),architect,matched,IN_Manager _IRM Architect_Cyber Defense & Engineering_ Advisory_Mumbai,1
Architect (contamination audit),architect,matched,Staff Cloud Network Architect,1
Architect (contamination audit),architect,matched,Architect - Enterprise Application - Oracle N 4D,1
Architect (contamination audit),architect,matched,CLOUD AMAZE - Sr. DW Architect (Practice),1
Architect (contamination audit),architect,matched,Associate Director - AI Infrastructure Architect (AI Factory),1
Architect (contamination audit),architect,matched,Cloud & Infrastructure Security Architect,1
Architect (contamination audit),architect,matched,"Technical Lead Architect – Core Information Software (C++, Embedded Linux)",1
Architect (contamination audit),architect,matched,MCU Architect,1
Architect (contamination audit),architect,matched,Senior Solution Architect,1
Architect (contamination audit),architect,matched,Advisor/Senior Advisor - Systems Architect - Lilly USA Commercial Tech,1
Architect (contamination audit),architect,matched,Architect - R01571617,1
Architect (contamination audit),architect,matched,Solutions Architect – ERP (Finance),1
Architect (contamination audit),architect,matched,Presales Architect,1
Architect (contamination audit),architect,matched,Solutions Architect - Presales,1
Architect (contamination audit),architect,matched,Pega Technical Architect,1
Architect (contamination audit),architect,matched,ServiceNow Architect -SOMT-Manger,1
Architect (contamination audit),architect,matched,ServiceNow - TNI Architect - Manger 3,1
Architect (contamination audit),architect,matched,Senior Manager - Security Architect,1
Architect (contamination audit),architect,matched,TEST ARCHITECT L2,1
Architect (contamination audit),architect,matched,AI Solution Architect with Azure REQ_69,1
Architect (contamination audit),architect,matched,Shopify Architect,1
Architect (contamination audit),architect,matched,Staff Software Test Architect,1
Architect (contamination audit),architect,matched,"Solution Architect, Validation & Testing",1
Architect (contamination audit),architect,matched,"Sr Solution Architect,D&T, Validation & Testing",1
Architect (contamination audit),architect,matched,Principal Platform Architect,1
Architect (contamination audit),architect,matched,"Manager, B2B CDP Solution Architect",1
Architect (contamination audit),architect,matched,"Technical Lead Architect - Core Information Software (C++, Embedded Linux)",1
Architect (contamination audit),architect,matched,Lead Architect- Data Center,1
Architect (contamination audit),architect,matched,SW Test Architect,1
Architect (contamination audit),architect,matched,System Test Architect,1
Architect (contamination audit),architect,matched,MuleSoft Technical Architect,1
Architect (contamination audit),architect,matched,Microsoft Dynamics 365 F&O Solution Architect,1
Architect (contamination audit),architect,matched,ServiceNow Certified Technical Architect (CTA),1
Architect (contamination audit),architect,matched,RAG Architect,1
Architect (contamination audit),architect,matched,Workday Security Architect / Administrator,1
Architect (contamination audit),architect,matched,Microsoft Dynamics 365 Customer Insights (Data Cloud) Architect,1
Architect (contamination audit),architect,matched,Cloud Security Architect (AWS / Azure / GCP),1
Architect (contamination audit),architect,matched,Cloud Infrastructure Architect (AWS / Azure / GCP),1
Architect (contamination audit),architect,matched,SAP Solution Architect (S/4HANA),1
Architect (contamination audit),architect,matched,SAP BTP (Business Technology Platform) Architect,1
Architect (contamination audit),architect,matched,Salesforce Technical Architect (TA),1
Architect (contamination audit),architect,matched,CLOUD SOLUTIONS ARCHITECT,1
Architect (contamination audit),architect,matched,Salesforce Solution Architect,1
Architect (contamination audit),architect,matched,Enterprise Architect - Gen AI,1
Architect (contamination audit),architect,matched,Solution Architect - EAE,1
